Time_sec,Waypoint_Index,X,Y
0.0,0,1.5436031719073708,-1.325054149078824
0.0,1,1.544546149970902,-1.324135115721129
0.0,2,1.5454891280344327,-1.3232160823634336
0.0,3,1.5464321060979638,-1.3222970490057386
0.0,4,1.5473750841614946,-1.3213780156480435
0.0,5,1.5483180622250257,-1.3204589822903485
0.0,6,1.5492610402885567,-1.3195399489326534
0.0,7,1.5502040183520878,-1.3186209155749582
0.0,8,1.5511469964156186,-1.3177018822172633
0.0,9,1.5520899744791496,-1.3167828488595683
0.0,10,1.5530329525426807,-1.315863815501873
0.0,11,1.5539759306062115,-1.314944782144178
0.0,12,1.5549189086697426,-1.314025748786483
0.0,13,1.5558618867332734,-1.3131067154287879
0.0,14,1.5568048647968045,-1.3121876820710927
0.0,15,1.5577478428603353,-1.3112686487133975
0.0,16,1.5586908209238663,-1.3103496153557026
0.0,17,1.5596337989873974,-1.3094305819980077
0.0,18,1.5605767770509285,-1.3085115486403123
0.0,19,1.5615197551144595,-1.3075925152826173
0.0,20,1.5624627331779903,-1.3066734819249222
0.0,21,1.5634057112415214,-1.3057544485672272
0.0,22,1.5643486893050522,-1.304835415209532
0.0,23,1.5652916673685833,-1.303916381851837
0.0,24,1.566234645432114,-1.302997348494142
0.0,25,1.5671776234956452,-1.302078315136447
0.0,26,1.5681206015591762,-1.3011592817787516
0.0,27,1.569063579622707,-1.3002402484210567
0.0,28,1.570006557686238,-1.2993212150633617
0.0,29,1.570949535749769,-1.2984021817056666
0.0,30,1.5718925138133002,-1.2974831483479714
0.0,31,1.572835491876831,-1.2965641149902762
0.0,32,1.573778469940362,-1.2956450816325813
0.0,33,1.574721448003893,-1.2947260482748864
0.0,34,1.575664426067424,-1.293807014917191
0.0,35,1.576607404130955,-1.292887981559496
0.0,36,1.5775503821944858,-1.291968948201801
0.0,37,1.5784933602580171,-1.291049914844106
0.0,38,1.579436338321548,-1.290130881486411
0.0,39,1.580379316385079,-1.2892118481287158
0.0,40,1.5813222944486098,-1.2882928147710209
0.0,41,1.5822652725121409,-1.2873737814133257
0.0,42,1.583208250575672,-1.2864547480556305
0.0,43,1.5841512286392028,-1.2855357146979356
0.0,44,1.585094206702734,-1.2846166813402404
0.0,45,1.5860371847662649,-1.2836976479825453
0.0,46,1.586980162829796,-1.2827786146248503
0.0,47,1.5879231408933268,-1.2818595812671552
0.0,48,1.5888661189568578,-1.2809405479094602
0.0,49,1.5898090970203889,-1.280021514551765
0.0,50,1.5907520750839197,-1.2791024811940699
0.0,51,1.5916950531474507,-1.278183447836375
0.0,52,1.5926380312109816,-1.27726441447868
0.0,53,1.5935810092745126,-1.2763453811209846
0.0,54,1.5945239873380435,-1.2754263477632897
0.0,55,1.5954669654015745,-1.2745073144055945
0.0,56,1.5964099434651056,-1.2735882810478996
0.0,57,1.5973529215286366,-1.2726692476902044
0.0,58,1.5982958995921677,-1.2717502143325092
0.0,59,1.5992388776556985,-1.2708311809748143
0.0,60,1.6001818557192293,-1.2699121476171191
0.0,61,1.6011248337827604,-1.268993114259424
0.0,62,1.6020678118462914,-1.268074080901729
0.0,63,1.6030107899098223,-1.2671550475440339
0.0,64,1.6039537679733533,-1.2662360141863387
0.0,65,1.6048967460368844,-1.2653169808286437
0.0,66,1.6058397241004152,-1.2643979474709486
0.0,67,1.6067827021639465,-1.2634789141132536
0.0,68,1.6077256802274773,-1.2625598807555585
0.0,69,1.6086686582910084,-1.2616408473978633
0.0,70,1.6096116363545392,-1.2607218140401684
0.0,71,1.6105546144180702,-1.2598027806824732
0.0,72,1.611497592481601,-1.258883747324778
0.0,73,1.6124405705451321,-1.257964713967083
0.0,74,1.613383548608663,-1.257045680609388
0.0,75,1.614326526672194,-1.256126647251693
0.0,76,1.6152695047357248,-1.2552076138939978
0.0,77,1.616212482799256,-1.2542885805363027
0.0,78,1.617155460862787,-1.2533695471786077
0.0,79,1.618098438926318,-1.2524505138209125
0.0,80,1.619041416989849,-1.2515314804632174
0.0,81,1.6199843950533799,-1.2506124471055224
0.0,82,1.620927373116911,-1.2496934137478273
0.0,83,1.621870351180442,-1.2487743803901323
0.0,84,1.6228133292439728,-1.247855347032437
0.0,85,1.6237563073075039,-1.246936313674742
0.0,86,1.6246992853710347,-1.246017280317047
0.0,87,1.6256422634345657,-1.245098246959352
0.0,88,1.6265852414980968,-1.244179213601657
0.0,89,1.6275282195616279,-1.243260180243962
0.0,90,1.6284711976251587,-1.2423411468862668
0.0,91,1.6294141756886897,-1.2414221135285717
0.0,92,1.6303571537522208,-1.2405030801708765
0.0,93,1.6313001318157518,-1.2395840468131816
0.0,94,1.632243109879283,-1.2386650134554866
0.0,95,1.6331860879428137,-1.2377459800977912
0.0,96,1.6341290660063448,-1.2368269467400963
0.0,97,1.6350720440698756,-1.2359079133824014
0.0,98,1.6360150221334067,-1.2349888800247062
0.0,99,1.6369580001969375,-1.234069846667011
0.0,100,1.6379009782604685,-1.233150813309316
0.0,101,1.6388439563239996,-1.232231779951621
0.0,102,1.6397869343875304,-1.231312746593926
0.0,103,1.6407299124510615,-1.2303937132362308
0.0,104,1.6416728905145925,-1.2294746798785356
0.0,105,1.6426158685781236,-1.2285556465208407
0.0,106,1.6435588466416544,-1.2276366131631455
0.0,107,1.6445018247051855,-1.2267175798054504
0.0,108,1.6454448027687163,-1.2257985464477552
0.0,109,1.6463877808322473,-1.2248795130900603
0.0,110,1.6473307588957784,-1.2239604797323653
0.0,111,1.6482737369593092,-1.22304144637467
0.0,112,1.6492167150228403,-1.222122413016975
0.0,113,1.6501596930863711,-1.22120337965928
0.0,114,1.6511026711499022,-1.2202843463015849
0.0,115,1.652045649213433,-1.2193653129438897
0.0,116,1.652988627276964,-1.2184462795861948
0.0,117,1.6539316053404953,-1.2175272462284996
0.0,118,1.6548745834040262,-1.2166082128708047
0.0,119,1.6558175614675572,-1.2156891795131095
0.0,120,1.656760539531088,-1.2147701461554143
0.0,121,1.657703517594619,-1.2138511127977194
0.0,122,1.65864649565815,-1.2129320794400242
0.0,123,1.659589473721681,-1.212013046082329
0.0,124,1.6605324517852118,-1.211094012724634
0.0,125,1.6614754298487429,-1.210174979366939
0.0,126,1.662418407912274,-1.2092559460092438
0.0,127,1.6633613859758047,-1.2083369126515486
0.0,128,1.664304364039336,-1.2074178792938537
0.0,129,1.6652473421028668,-1.2064988459361585
0.0,130,1.666190320166398,-1.2055798125784636
0.0,131,1.667133298229929,-1.2046607792207684
0.0,132,1.6680762762934598,-1.2037417458630735
0.0,133,1.6690192543569906,-1.2028227125053783
0.0,134,1.6699622324205217,-1.2019036791476831
0.0,135,1.6709052104840527,-1.2009846457899882
0.0,136,1.6718481885475835,-1.200065612432293
0.0,137,1.6727911666111146,-1.1991465790745979
0.0,138,1.6737341446746457,-1.198227545716903
0.0,139,1.6746771227381765,-1.1973085123592078
0.0,140,1.6756201008017078,-1.1963894790015128
0.0,141,1.6765630788652386,-1.1954704456438177
0.0,142,1.6775060569287696,-1.1945514122861225
0.0,143,1.6784490349923007,-1.1936323789284273
0.0,144,1.6793920130558315,-1.1927133455707324
0.0,145,1.6803349911193624,-1.1917943122130372
0.0,146,1.6812779691828932,-1.1908752788553423
0.0,147,1.6822209472464242,-1.1899562454976471
0.0,148,1.6831639253099553,-1.1890372121399522
0.0,149,1.6841069033734861,-1.1881181787822568
0.0,150,1.6850498814370172,-1.1871991454245618
0.0,151,1.6859928595005482,-1.1862801120668667
0.0,152,1.6869358375640793,-1.1853610787091717
0.0,153,1.6878788156276103,-1.1844420453514766
0.0,154,1.6888217936911412,-1.1835230119937816
0.0,155,1.6897647717546722,-1.1826039786360865
0.0,156,1.6907077498182033,-1.1816849452783913
0.0,157,1.691650727881734,-1.1807659119206964
0.0,158,1.692593705945265,-1.1798468785630012
0.0,159,1.693536684008796,-1.178927845205306
0.0,160,1.694479662072327,-1.178008811847611
0.0,161,1.6954226401358579,-1.177089778489916
0.0,162,1.696365618199389,-1.176170745132221
0.0,163,1.69730859626292,-1.1752517117745258
0.0,164,1.698251574326451,-1.1743326784168309
0.0,165,1.699194552389982,-1.1734136450591357
0.0,166,1.700137530453513,-1.1724946117014405
0.0,167,1.7010805085170437,-1.1715755783437456
0.0,168,1.702023486580575,-1.1706565449860504
0.0,169,1.7029664646441058,-1.1697375116283553
0.0,170,1.7039094427076367,-1.1688184782706603
0.0,171,1.7048524207711677,-1.1678994449129652
0.0,172,1.7057953988346988,-1.16698041155527
0.0,173,1.7067383768982296,-1.166061378197575
0.0,174,1.7076813549617604,-1.1651423448398799
0.0,175,1.7086243330252917,-1.1642233114821847
0.0,176,1.7095673110888225,-1.1633042781244898
0.0,177,1.7105102891523538,-1.1623852447667948
0.0,178,1.7114532672158846,-1.1614662114090997
0.0,179,1.7123962452794155,-1.1605471780514047
0.0,180,1.7133392233429465,-1.1596281446937096
0.0,181,1.7142822014064776,-1.1587091113360146
0.0,182,1.7152251794700086,-1.1577900779783195
0.0,183,1.7161681575335397,-1.1568710446206243
0.0,184,1.7171111355970705,-1.1559520112629293
0.0,185,1.7180541136606013,-1.1550329779052342
0.0,186,1.7189970917241324,-1.154113944547539
0.0,187,1.7199400697876635,-1.153194911189844
0.0,188,1.7208830478511945,-1.152275877832149
0.0,189,1.7218260259147256,-1.1513568444744537
0.0,190,1.7227690039782564,-1.1504378111167588
0.0,191,1.7237119820417872,-1.1495187777590636
0.0,192,1.7246549601053185,-1.1485997444013685
0.0,193,1.7255979381688493,-1.1476807110436735
0.0,194,1.7265409162323802,-1.1467616776859784
0.0,195,1.7274838942959114,-1.1458426443282832
0.0,196,1.7284268723594423,-1.1449236109705883
0.0,197,1.729369850422973,-1.144004577612893
0.0,198,1.7303128284865044,-1.1430855442551981
0.0,199,1.7312558065500352,-1.142166510897503
0.0,200,1.732198784613566,-1.141247477539808
0.0,201,1.7331417626770973,-1.1403284441821129
0.0,202,1.7340847407406281,-1.1394094108244177
0.0,203,1.735027718804159,-1.1384903774667228
0.0,204,1.7359706968676902,-1.1375713441090276
0.0,205,1.736913674931221,-1.1366523107513324
0.0,206,1.737856652994752,-1.1357332773936375
0.0,207,1.738799631058283,-1.1348142440359423
0.0,208,1.739742609121814,-1.1338952106782474
0.0,209,1.740685587185345,-1.1329761773205522
0.0,210,1.741628565248876,-1.1320571439628573
0.0,211,1.742571543312407,-1.1311381106051621
0.0,212,1.7435145213759378,-1.130219077247467
0.0,213,1.744457499439469,-1.129300043889772
0.0,214,1.7454004775029999,-1.1283810105320768
0.0,215,1.746343455566531,-1.127461977174382
0.0,216,1.747286433630062,-1.1265429438166867
0.0,217,1.7482294116935928,-1.1256239104589918
0.0,218,1.7491723897571239,-1.1247048771012966
0.0,219,1.750115367820655,-1.1237858437436015
0.0,220,1.7510583458841857,-1.1228668103859065
0.0,221,1.7520013239477168,-1.1219477770282114
0.0,222,1.7529443020112478,-1.1210287436705162
0.0,223,1.7538872800747787,-1.1201097103128212
0.0,224,1.7548302581383097,-1.119190676955126
0.0,225,1.7557732362018408,-1.1182716435974311
0.0,226,1.7567162142653716,-1.117352610239736
0.0,227,1.7576591923289027,-1.116433576882041
0.0,228,1.7586021703924337,-1.1155145435243456
0.0,229,1.7595451484559645,-1.1145955101666507
0.0,230,1.7604881265194956,-1.1136764768089555
0.0,231,1.7614311045830267,-1.1127574434512606
0.0,232,1.7623740826465575,-1.1118384100935654
0.0,233,1.7633170607100883,-1.1109193767358705
0.0,234,1.7642600387736196,-1.1100003433781753
0.0,235,1.7652030168371504,-1.1090813100204802
0.0,236,1.7661459949006815,-1.1081622766627852
0.0,237,1.7670889729642125,-1.10724324330509
0.0,238,1.7680319510277434,-1.1063242099473949
0.0,239,1.7689749290912742,-1.1054051765897
0.0,240,1.769917907154805,-1.1044861432320048
0.0,241,1.7708608852183363,-1.1035671098743096
0.0,242,1.7718038632818671,-1.1026480765166147
0.0,243,1.7727468413453982,-1.1017290431589195
0.0,244,1.7736898194089292,-1.1008100098012243
0.0,245,1.77463279747246,-1.0998909764435294
0.0,246,1.7755757755359909,-1.0989719430858342
0.0,247,1.7765187535995222,-1.0980529097281393
0.0,248,1.777461731663053,-1.0971338763704441
0.0,249,1.7784047097265838,-1.0962148430127492
0.0,250,1.779347687790115,-1.095295809655054
0.0,251,1.780290665853646,-1.0943767762973589
0.0,252,1.7812336439171768,-1.093457742939664
0.0,253,1.782176621980708,-1.0925387095819687
0.0,254,1.7831196000442389,-1.0916196762242736
0.0,255,1.78406257810777,-1.0907006428665786
0.0,256,1.7850055561713007,-1.0897816095088835
0.0,257,1.7859485342348318,-1.0888625761511883
0.0,258,1.7868915122983628,-1.0879435427934934
0.0,259,1.787834490361894,-1.0870245094357982
0.0,260,1.7887774684254247,-1.086105476078103
0.0,261,1.7897204464889556,-1.085186442720408
0.0,262,1.7906634245524868,-1.084267409362713
0.0,263,1.7916064026160177,-1.0833483760050178
0.0,264,1.7925493806795485,-1.0824293426473228
0.0,265,1.7934923587430798,-1.0815103092896277
0.0,266,1.7944353368066106,-1.0805912759319327
0.0,267,1.7953783148701417,-1.0796722425742376
0.0,268,1.7963212929336725,-1.0787532092165426
0.0,269,1.7972642709972035,-1.0778341758588474
0.0,270,1.7982072490607346,-1.0769151425011523
0.0,271,1.7991502271242656,-1.0759961091434573
0.0,272,1.8000932051877965,-1.0750770757857622
0.0,273,1.8010361832513273,-1.074158042428067
0.0,274,1.8019791613148586,-1.073239009070372
0.0,275,1.8029221393783894,-1.072319975712677
0.0,276,1.8038651174419202,-1.071400942354982
0.0,277,1.8048080955054515,-1.0704819089972868
0.0,278,1.8057510735689823,-1.0695628756395918
0.0,279,1.8066940516325134,-1.0686438422818965
0.0,280,1.8076370296960442,-1.0677248089242015
0.0,281,1.8085800077595753,-1.0668057755665064
0.0,282,1.8095229858231061,-1.0658867422088114
0.0,283,1.8104659638866374,-1.0649677088511162
0.0,284,1.8114089419501682,-1.0640486754934213
0.0,285,1.812351920013699,-1.0631296421357261
0.0,286,1.8132948980772303,-1.062210608778031
0.0,287,1.8142378761407612,-1.061291575420336
0.0,288,1.8151808542042922,-1.0603725420626409
0.0,289,1.8161238322678228,-1.059453508704946
0.0,290,1.817066810331354,-1.0585344753472508
0.0,291,1.8180097883948851,-1.0576154419895558
0.0,292,1.818952766458416,-1.0566964086318607
0.0,293,1.819895744521947,-1.0557773752741655
0.0,294,1.8208387225854779,-1.0548583419164705
0.0,295,1.821781700649009,-1.0539393085587756
0.0,296,1.8227246787125397,-1.0530202752010802
0.0,297,1.8236676567760708,-1.0521012418433853
0.0,298,1.824610634839602,-1.05118220848569
0.0,299,1.825553612903133,-1.0502631751279952
0.0,300,1.8264965909666637,-1.0493441417703
0.0,301,1.8274395690301946,-1.048425108412605
0.0,302,1.8283825470937258,-1.0475060750549097
0.0,303,1.8293255251572569,-1.0465870416972147
0.0,304,1.8302685032207877,-1.0456680083395198
0.0,305,1.8312114812843188,-1.0447489749818246
0.0,306,1.8321544593478496,-1.0438299416241295
0.0,307,1.8330974374113806,-1.0429109082664345
0.0,308,1.8340404154749115,-1.0419918749087393
0.0,309,1.8349833935384425,-1.0410728415510442
0.0,310,1.8359263716019738,-1.0401538081933492
0.0,311,1.8368693496655046,-1.0392347748356543
0.0,312,1.8378123277290355,-1.038315741477959
0.0,313,1.8387553057925663,-1.037396708120264
0.0,314,1.8396982838560976,-1.036477674762569
0.0,315,1.8406412619196284,-1.0355586414048739
0.0,316,1.8415842399831595,-1.0346396080471787
0.0,317,1.8425272180466905,-1.0337205746894835
0.0,318,1.8434701961102213,-1.0328015413317886
0.0,319,1.8444131741737524,-1.0318825079740934
0.0,320,1.8453561522372834,-1.0309634746163985
0.0,321,1.8462991303008143,-1.0300444412587033
0.0,322,1.847242108364345,-1.0291254079010081
0.0,323,1.8481850864278764,-1.0282063745433132
0.0,324,1.8491280644914072,-1.027287341185618
0.0,325,1.850071042554938,-1.0263683078279229
0.0,326,1.8510140206184693,-1.025449274470228
0.0,327,1.8519569986820001,-1.0245302411125328
0.0,328,1.8528999767455312,-1.0236112077548376
0.0,329,1.8538429548090622,-1.0226921743971427
0.0,330,1.854785932872593,-1.0217731410394477
0.0,331,1.8557289109361241,-1.0208541076817526
0.0,332,1.8566718889996552,-1.0199350743240574
0.0,333,1.857614867063186,-1.0190160409663624
0.0,334,1.8585578451267168,-1.0180970076086673
0.0,335,1.8595008231902481,-1.0171779742509721
0.0,336,1.860443801253779,-1.0162589408932772
0.0,337,1.8613867793173098,-1.015339907535582
0.0,338,1.862329757380841,-1.0144208741778868
0.0,339,1.8632727354443719,-1.013501840820192
0.0,340,1.864215713507903,-1.0125828074624967
0.0,341,1.8651586915714338,-1.0116637741048018
0.0,342,1.8661016696349648,-1.0107447407471066
0.0,343,1.8670446476984959,-1.0098257073894115
0.0,344,1.8679876257620267,-1.0089066740317163
0.0,345,1.8689306038255578,-1.0079876406740214
0.0,346,1.8698735818890886,-1.0070686073163264
0.0,347,1.8708165599526199,-1.0061495739586312
0.0,348,1.8717595380161507,-1.005230540600936
0.0,349,1.8727025160796817,-1.0043115072432411
0.0,350,1.8736454941432128,-1.003392473885546
0.0,351,1.8745884722067436,-1.0024734405278508
0.0,352,1.8755314502702747,-1.0015544071701559
0.0,353,1.8764744283338055,-1.0006353738124607
0.0,354,1.8774174063973366,-0.9997163404547657
0.0,355,1.8783603844608674,-0.9987973070970706
0.0,356,1.8793033625243984,-0.9978782737393755
0.0,357,1.8802463405879295,-0.9969592403816805
0.0,358,1.8811893186514603,-0.9960402070239853
0.0,359,1.8821322967149916,-0.9951211736662904
0.0,360,1.8830752747785224,-0.9942021403085952
0.0,361,1.8840182528420533,-0.9932831069509
0.0,362,1.8849612309055845,-0.992364073593205
0.0,363,1.8859042089691154,-0.99144504023551
0.0,364,1.8868471870326464,-0.9905260068778149
0.0,365,1.8877901650961773,-0.9896069735201198
0.0,366,1.8887331431597083,-0.9886879401624247
0.0,367,1.8896761212232391,-0.9877689068047297
0.0,368,1.8906190992867702,-0.9868498734470346
0.0,369,1.8915620773503012,-0.9859308400893394
0.0,370,1.892505055413832,-0.9850118067316443
0.0,371,1.8934480334773633,-0.9840927733739493
0.0,372,1.8943910115408942,-0.9831737400162542
0.0,373,1.895333989604425,-0.9822547066585592
0.0,374,1.896276967667956,-0.981335673300864
0.0,375,1.8972199457314871,-0.9804166399431691
0.0,376,1.8981629237950182,-0.9794976065854739
0.0,377,1.899105901858549,-0.9785785732277787
0.0,378,1.90004887992208,-0.9776595398700838
0.0,379,1.9009918579856109,-0.9767405065123886
0.0,380,1.901934836049142,-0.9758214731546936
0.0,381,1.9028778141126728,-0.9749024397969985
0.0,382,1.9038207921762038,-0.9739834064393035
0.0,383,1.904763770239735,-0.9730643730816084
0.0,384,1.905706748303266,-0.9721453397239133
0.0,385,1.9066497263667967,-0.9712263063662181
0.0,386,1.9075927044303278,-0.9703072730085232
0.0,387,1.9085356824938589,-0.969388239650828
0.0,388,1.9094786605573897,-0.9684692062931329
0.0,389,1.9104216386209207,-0.9675501729354379
0.0,390,1.9113646166844518,-0.9666311395777428
0.0,391,1.9123075947479826,-0.9657121062200478
0.0,392,1.9132505728115137,-0.9647930728623526
0.0,393,1.9141935508750445,-0.9638740395046574
0.0,394,1.9151365289385756,-0.9629550061469625
0.0,395,1.9160795070021068,-0.9620359727892673
0.0,396,1.9170224850656377,-0.9611169394315723
0.0,397,1.9179654631291687,-0.9601979060738772
0.0,398,1.9189084411926995,-0.9592788727161822
0.0,399,1.9198514192562306,-0.9583598393584871
0.0,400,1.9207943973197614,-0.957440806000792
0.0,401,1.9217373753832925,-0.956521772643097
0.0,402,1.9226803534468235,-0.9556027392854018
0.0,403,1.9236233315103544,-0.9546837059277067
0.0,404,1.9245663095738854,-0.9537646725700116
0.0,405,1.9255092876374162,-0.9528456392123166
0.0,406,1.9264522657009473,-0.9519266058546215
0.0,407,1.9273952437644781,-0.9510075724969264
0.0,408,1.9283382218280094,-0.9500885391392313
0.0,409,1.9292811998915405,-0.9491695057815362
0.0,410,1.9302241779550713,-0.9482504724238412
0.0,411,1.9311671560186023,-0.947331439066146
0.0,412,1.9321101340821332,-0.9464124057084511
0.0,413,1.9330531121456642,-0.9454933723507559
0.0,414,1.933996090209195,-0.9445743389930609
0.0,415,1.934939068272726,-0.9436553056353657
0.0,416,1.9358820463362572,-0.9427362722776708
0.0,417,1.936825024399788,-0.9418172389199757
0.0,418,1.937768002463319,-0.9408982055622805
0.0,419,1.9387109805268499,-0.9399791722045854
0.0,420,1.939653958590381,-0.9390601388468904
0.0,421,1.940596936653912,-0.9381411054891953
0.0,422,1.9415399147174428,-0.9372220721315002
0.0,423,1.942482892780974,-0.9363030387738052
0.0,424,1.943425870844505,-0.9353840054161101
0.0,425,1.944368848908036,-0.934464972058415
0.0,426,1.9453118269715668,-0.9335459387007199
0.0,427,1.9462548050350978,-0.932626905343025
0.0,428,1.947197783098629,-0.9317078719853298
0.0,429,1.9481407611621597,-0.9307888386276346
0.0,430,1.9490837392256908,-0.9298698052699396
0.0,431,1.9500267172892216,-0.9289507719122445
0.0,432,1.9509696953527527,-0.9280317385545495
0.0,433,1.9519126734162837,-0.9271127051968544
0.0,434,1.9528556514798148,-0.9261936718391592
0.0,435,1.9537986295433458,-0.9252746384814643
0.0,436,1.9547416076068767,-0.9243556051237691
0.0,437,1.9556845856704077,-0.923436571766074
0.0,438,1.9566275637339385,-0.922517538408379
0.0,439,1.9575705417974696,-0.9215985050506839
0.0,440,1.9585135198610004,-0.9206794716929888
0.0,441,1.9594564979245315,-0.9197604383352938
0.0,442,1.9603994759880625,-0.9188414049775987
0.0,443,1.9613424540515934,-0.9179223716199036
0.0,444,1.9622854321151244,-0.9170033382622085
0.0,445,1.9632284101786555,-0.9160843049045133
0.0,446,1.9641713882421865,-0.9151652715468184
0.0,447,1.9651143663057173,-0.9142462381891232
0.0,448,1.9660573443692484,-0.9133272048314282
0.0,449,1.9670003224327794,-0.9124081714737331
0.0,450,1.9679433004963103,-0.911489138116038
0.0,451,1.9688862785598413,-0.910570104758343
0.0,452,1.9698292566233722,-0.9096510714006478
0.0,453,1.9707722346869032,-0.9087320380429527
0.0,454,1.9717152127504343,-0.9078130046852577
0.0,455,1.972658190813965,-0.9068939713275626
0.0,456,1.9736011688774964,-0.9059749379698675
0.0,457,1.9745441469410272,-0.9050559046121724
0.0,458,1.9754871250045583,-0.9041368712544774
0.0,459,1.976430103068089,-0.9032178378967822
0.0,460,1.9773730811316201,-0.9022988045390872
0.0,461,1.9783160591951512,-0.9013797711813921
0.0,462,1.979259037258682,-0.9004607378236971
0.0,463,1.980202015322213,-0.8995417044660019
0.0,464,1.981144993385744,-0.8986226711083068
0.0,465,1.982087971449275,-0.8977036377506118
0.0,466,1.9830309495128058,-0.8967846043929167
0.0,467,1.9839739275763368,-0.8958655710352216
0.0,468,1.9849169056398681,-0.8949465376775265
0.0,469,1.985859883703399,-0.8940275043198315
0.0,470,1.98680286176693,-0.8931084709621364
0.0,471,1.9877458398304608,-0.8921894376044412
0.0,472,1.9886888178939919,-0.8912704042467462
0.0,473,1.9896317959575227,-0.8903513708890511
0.0,474,1.9905747740210538,-0.8894323375313561
0.0,475,1.9915177520845848,-0.8885133041736609
0.0,476,1.9924607301481156,-0.887594270815966
0.0,477,1.9934037082116467,-0.8866752374582708
0.0,478,1.9943466862751775,-0.8857562041005758
0.0,479,1.9952896643387086,-0.8848371707428806
0.0,480,1.9962326424022394,-0.8839181373851857
0.0,481,1.9971756204657705,-0.8829991040274906
0.0,482,1.9981185985293015,-0.8820800706697954
0.0,483,1.9990615765928326,-0.8811610373121005
0.0,484,2.0000045546563636,-0.8802420039544053
0.0,485,2.0009475327198945,-0.8793229705967103
0.0,486,2.0018905107834253,-0.8784039372390151
0.0,487,2.0028334888469566,-0.8774849038813202
0.0,488,2.0037764669104874,-0.876565870523625
0.0,489,2.0047194449740187,-0.87564683716593
0.0,490,2.0056624230375495,-0.8747278038082348
0.0,491,2.0066054011010803,-0.8738087704505398
0.0,492,2.007548379164611,-0.8728897370928447
0.0,493,2.0084913572281424,-0.8719707037351496
0.0,494,2.0094343352916733,-0.8710516703774545
0.0,495,2.010377313355204,-0.8701326370197595
0.0,496,2.0113202914187354,-0.8692136036620643
0.0,497,2.012263269482266,-0.8682945703043693
0.0,498,2.013206247545797,-0.8673755369466741
0.0,499,2.0141492256093283,-0.8664565035889792
0.0,500,2.015092203672859,-0.865537470231284
0.0,501,2.015092203672859,-0.865537470231284
0.0,502,2.016978073843821,-0.8637000415825914
0.0,503,2.018863772102582,-0.8618638890672937
0.0,504,2.020749298449143,-0.8600290126853911
0.0,505,2.0226346528835033,-0.8581954124368835
0.0,506,2.0245198354056626,-0.8563630883217709
0.0,507,2.0264048460156223,-0.8545320403400535
0.0,508,2.028289684713381,-0.8527022684917307
0.0,509,2.030174351498939,-0.8508737727768033
0.0,510,2.0320588463722973,-0.8490465531952708
0.0,511,2.033943169333454,-0.8472206097471332
0.0,512,2.035827320382412,-0.8453959424323908
0.0,513,2.0377112995191675,-0.8435725512510434
0.0,514,2.039595106743724,-0.8417504362030909
0.0,515,2.0414787420560794,-0.8399295972885336
0.0,516,2.0433622054562344,-0.8381100345073711
0.0,517,2.0452454969441893,-0.8362917478596037
0.0,518,2.0471286165199425,-0.8344747373452314
0.0,519,2.0490115641834965,-0.832659002964254
0.0,520,2.0508943399348496,-0.8308445447166716
0.0,521,2.052776943774002,-0.8290313626024842
0.0,522,2.0546593757009544,-0.8272194566216919
0.0,523,2.056541635715706,-0.8254088267742947
0.0,524,2.058423723818257,-0.8235994730602925
0.0,525,2.0603056400086075,-0.8217913954796852
0.0,526,2.0621873842867577,-0.8199845940324729
0.0,527,2.0640689566527075,-0.8181790687186558
0.0,528,2.065950357106457,-0.8163748195382335
0.0,529,2.0678315856480056,-0.8145718464912064
0.0,530,2.0697126422773535,-0.8127701495775741
0.0,531,2.071593526994502,-0.8109697287973371
0.0,532,2.073474239799449,-0.8091705841504948
0.0,533,2.0753547806921957,-0.8073727156370477
0.0,534,2.077235149672742,-0.8055761232569957
0.0,535,2.079115346741088,-0.8037808070103386
0.0,536,2.0809953718972336,-0.8019867668970766
0.0,537,2.082875225141178,-0.8001940029172095
0.0,538,2.084754906472923,-0.7984025150707378
0.0,539,2.086634415892467,-0.7966123033576606
0.0,540,2.0885137533998104,-0.7948233677779787
0.0,541,2.0903929189949535,-0.7930357083316917
0.0,542,2.092271912677896,-0.7912493250187997
0.0,543,2.094150734448638,-0.7894642178393029
0.0,544,2.0960293843071796,-0.787680386793201
0.0,545,2.0979078622535208,-0.7858978318804941
0.0,546,2.099786168287661,-0.7841165531011821
0.0,547,2.1016643024096013,-0.7823365504552653
0.0,548,2.103542264619341,-0.7805578239427433
0.0,549,2.1054200549168804,-0.7787803735636166
0.0,550,2.107297673302219,-0.7770041993178848
0.0,551,2.109175119775357,-0.775229301205548
0.0,552,2.111052394336295,-0.7734556792266062
0.0,553,2.112929496985032,-0.7716833333810595
0.0,554,2.1148064277215695,-0.7699122636689077
0.0,555,2.116683186545905,-0.768142470090151
0.0,556,2.118559773458041,-0.7663739526447892
0.0,557,2.120436188457976,-0.7646067113328225
0.0,558,2.122312431545711,-0.762840746154251
0.0,559,2.1241885027212457,-0.7610760571090742
0.0,560,2.126064401984579,-0.7593126441972927
0.0,561,2.127940129335713,-0.7575505074189061
0.0,562,2.1298156847746457,-0.7557896467739145
0.0,563,2.1316910683013783,-0.7540300622623177
0.0,564,2.13356627991591,-0.7522717538841163
0.0,565,2.1354413196182414,-0.7505147216393098
0.0,566,2.137316187408373,-0.7487589655278981
0.0,567,2.1391908832863034,-0.7470044855498816
0.0,568,2.141065407252033,-0.7452512817052601
0.0,569,2.142939759305563,-0.7434993539940336
0.0,570,2.144813939446892,-0.7417487024162023
0.0,571,2.1466879476760203,-0.7399993269717657
0.0,572,2.1485617839929487,-0.7382512276607244
0.0,573,2.1504354483976766,-0.736504404483078
0.0,574,2.1523089408902036,-0.7347588574388265
0.0,575,2.15418226147053,-0.7330145865279702
0.0,576,2.156055410138656,-0.7312715917505087
0.0,577,2.157928386894582,-0.7295298731064425
0.0,578,2.159801191738307,-0.7277894305957712
0.0,579,2.161673824669832,-0.7260502642184948
0.0,580,2.163546285689156,-0.7243123739746135
0.0,581,2.1654185747962797,-0.7225757598641273
0.0,582,2.167290691991203,-0.720840421887036
0.0,583,2.169162637273926,-0.7191063600433399
0.0,584,2.171034410644449,-0.7173735743330386
0.0,585,2.1729060121027706,-0.7156420647561325
0.0,586,2.1747774416488923,-0.7139118313126213
0.0,587,2.1766486992828127,-0.712182874002505
0.0,588,2.178519785004533,-0.710455192825784
0.0,589,2.180390698814054,-0.708728787782458
0.0,590,2.182261440711373,-0.7070036588725269
0.0,591,2.1841320106964925,-0.7052798060959908
0.0,592,2.1860024087694105,-0.7035572294528496
0.0,593,2.1878726349301285,-0.7018359289431036
0.0,594,2.1897426891786465,-0.7001159045667527
0.0,595,2.1916125715149635,-0.6983971563237965
0.0,596,2.19348228193908,-0.6966796842142355
0.0,597,2.195351820450996,-0.6949634882380696
0.0,598,2.1972211870507117,-0.6932485683952986
0.0,599,2.199090381738227,-0.6915349246859227
0.0,600,2.200959404513542,-0.6898225571099418
0.0,601,2.202828255376656,-0.6881114656673559
0.0,602,2.2046969343275697,-0.6864016503581649
0.0,603,2.206565441366283,-0.6846931111823691
0.0,604,2.208433776492796,-0.6829858481399681
0.0,605,2.210301939707108,-0.6812798612309623
0.0,606,2.2121699310092198,-0.6795751504553517
0.0,607,2.214037750399131,-0.6778717158131358
0.0,608,2.2159053978768415,-0.6761695573043149
0.0,609,2.2177728734423523,-0.6744686749288892
0.0,610,2.219640177095662,-0.6727690686868584
0.0,611,2.2215073088367716,-0.6710707385782225
0.0,612,2.2233742686656806,-0.6693736846029819
0.0,613,2.225241056582389,-0.667677906761136
0.0,614,2.227107672586897,-0.6659834050526855
0.0,615,2.2289741166792045,-0.6642901794776298
0.0,616,2.230840388859311,-0.6625982300359691
0.0,617,2.232706489127218,-0.6609075567277034
0.0,618,2.2345724174829242,-0.6592181595528329
0.0,619,2.23643817392643,-0.6575300385113572
0.0,620,2.238303758457735,-0.6558431936032767
0.0,621,2.2401691710768397,-0.6541576248285911
0.0,622,2.2420344117837434,-0.6524733321873005
0.0,623,2.243899480578447,-0.650790315679405
0.0,624,2.2457643774609504,-0.6491085753049045
0.0,625,2.247629102431253,-0.647428111063799
0.0,626,2.2494936554893554,-0.6457489229560885
0.0,627,2.251358036635257,-0.6440710109817731
0.0,628,2.2532222458689586,-0.6423943751408527
0.0,629,2.255086283190459,-0.6407190154333272
0.0,630,2.2569501485997594,-0.6390449318591968
0.0,631,2.258813842096859,-0.6373721244184615
0.0,632,2.2606773636817588,-0.635700593111121
0.0,633,2.2625407133544573,-0.6340303379371757
0.0,634,2.2644038911149558,-0.6323613588966255
0.0,635,2.266266896963254,-0.6306936559894701
0.0,636,2.2681297308993513,-0.6290272292157096
0.0,637,2.2699923929232484,-0.6273620785753445
0.0,638,2.2718548830349445,-0.6256982040683742
0.0,639,2.27371720123444,-0.624035605694799
0.0,640,2.2755793475217363,-0.6223742834546186
0.0,641,2.277441321896831,-0.6207142373478335
0.0,642,2.2793031243597257,-0.6190554673744433
0.0,643,2.28116475491042,-0.6173979735344481
0.0,644,2.283026213548913,-0.615741755827848
0.0,645,2.2848875002752065,-0.6140868142546428
0.0,646,2.286748615089299,-0.6124331488148327
0.0,647,2.2886095579911907,-0.6107807595084175
0.0,648,2.2904703289808825,-0.6091296463353975
0.0,649,2.292330928058374,-0.6074798092957724
0.0,650,2.294191355223665,-0.6058312483895424
0.0,651,2.2960516104767548,-0.6041839636167072
0.0,652,2.2979116938176443,-0.6025379549772673
0.0,653,2.2997716052463337,-0.6008932224712222
0.0,654,2.3016313447628223,-0.5992497660985723
0.0,655,2.3034909123671112,-0.5976075858593173
0.0,656,2.3053503080591984,-0.5959666817534574
0.0,657,2.3072095318390864,-0.5943270537809924
0.0,658,2.309068583706773,-0.5926887019419225
0.0,659,2.310927463662259,-0.5910516262362475
0.0,660,2.3127861717055453,-0.5894158266639677
0.0,661,2.314644707836631,-0.5877813032250828
0.0,662,2.316503072055516,-0.586148055919593
0.0,663,2.3183612643622,-0.5845160847474982
0.0,664,2.3202192847566843,-0.5828853897087983
0.0,665,2.3220771332389676,-0.5812559708034936
0.0,666,2.323934809809051,-0.5796278280315837
0.0,667,2.3257923144669332,-0.578000961393069
0.0,668,2.3276496472126156,-0.5763753708879492
0.0,669,2.329506808046097,-0.5747510565162245
0.0,670,2.331363796967378,-0.5731280182778948
0.0,671,2.3332206139764584,-0.5715062561729601
0.0,672,2.335077259073339,-0.5698857702014205
0.0,673,2.336933732258019,-0.5682665603632758
0.0,674,2.338790033530498,-0.5666486266585262
0.0,675,2.3406461628907764,-0.5650319690871715
0.0,676,2.3425021203388545,-0.563416587649212
0.0,677,2.3443579058747326,-0.5618024823446475
0.0,678,2.3462135194984097,-0.5601896531734779
0.0,679,2.348068961209887,-0.5585781001357034
0.0,680,2.349924231009163,-0.5569678232313239
0.0,681,2.3517793288962388,-0.5553588224603394
0.0,682,2.3536342548711144,-0.5537510978227499
0.0,683,2.355489008933789,-0.5521446493185553
0.0,684,2.3573435910842635,-0.5505394769477558
0.0,685,2.3591980013225378,-0.5489355807103514
0.0,686,2.361052239648611,-0.5473329606063421
0.0,687,2.362906306062484,-0.5457316166357276
0.0,688,2.3647602005641564,-0.5441315487985082
0.0,689,2.3666139231536287,-0.542532757094684
0.0,690,2.3684674738309,-0.5409352415242545
0.0,691,2.370320852595971,-0.5393390020872202
0.0,692,2.3721740594488416,-0.5377440387835809
0.0,693,2.3740270943895116,-0.5361503516133366
0.0,694,2.375879957417981,-0.5345579405764873
0.0,695,2.3777326485342503,-0.532966805673033
0.0,696,2.379585167738319,-0.5313769469029738
0.0,697,2.381437515030187,-0.5297883642663095
0.0,698,2.383289690409855,-0.5282010577630403
0.0,699,2.3851416938773222,-0.5266150273931661
0.0,700,2.386993525432589,-0.5250302731566868
0.0,701,2.388845185075655,-0.5234467950536028
0.0,702,2.390696672806521,-0.5218645930839136
0.0,703,2.392547988625186,-0.5202836672476195
0.0,704,2.394399132531651,-0.5187040175447204
0.0,705,2.3962501045259152,-0.5171256439752162
0.0,706,2.398100904607979,-0.5155485465391072
0.0,707,2.3999515327778425,-0.5139727252363931
0.0,708,2.4018019890355053,-0.5123981800670742
0.0,709,2.4036522733809678,-0.51082491103115
0.0,710,2.4055023858142297,-0.5092529181286213
0.0,711,2.4073523263352916,-0.5076822013594872
0.0,712,2.4092020949441526,-0.5061127607237482
0.0,713,2.411051691640813,-0.5045445962214042
0.0,714,2.4129011164252727,-0.5029777078524553
0.0,715,2.4147503692975327,-0.5014120956169014
0.0,716,2.4165994502575914,-0.4998477595147425
0.0,717,2.41844835930545,-0.49828469954597865
0.0,718,2.420297096441108,-0.4967229157106097
0.0,719,2.422145661664566,-0.4951624080086359
0.0,720,2.423994054975823,-0.4936031764400571
0.0,721,2.4258422763748797,-0.49204522100487325
0.0,722,2.427690325861736,-0.4904885417030845
0.0,723,2.4295382034363917,-0.4889331385346907
0.0,724,2.4313859090988466,-0.487379011499692
0.0,725,2.4332334428491014,-0.4858261605980882
0.0,726,2.4350808046871557,-0.4842745858298795
0.0,727,2.4369279946130096,-0.48272428719506577
0.0,728,2.438775012626663,-0.4811752646936471
0.0,729,2.4406218587281154,-0.4796275183256234
0.0,730,2.442468532917368,-0.4780810480909947
0.0,731,2.4443150351944194,-0.47653585398976106
0.0,732,2.4461613655592713,-0.4749919360219225
0.0,733,2.448007524011922,-0.47344929418747894
0.0,734,2.449853510552372,-0.4719079284864303
0.0,735,2.4516993251806225,-0.47036783891877676
0.0,736,2.4535449678966716,-0.4688290254845182
0.0,737,2.4553904387005208,-0.4672914881836547
0.0,738,2.4572357375921694,-0.4657552270161861
0.0,739,2.459080864571617,-0.46422024198211265
0.0,740,2.460925819638865,-0.46268653308143415
0.0,741,2.4627706027939116,-0.46115410031415066
0.0,742,2.4646152140367583,-0.45962294368026224
0.0,743,2.466459653367404,-0.4580930631797688
0.0,744,2.46830392078585,-0.4565644588126703
0.0,745,2.470148016292095,-0.455037130578967
0.0,746,2.4719919398861396,-0.4535110784786586
0.0,747,2.4738356915679836,-0.4519863025117453
0.0,748,2.4756792713376274,-0.4504628026782269
0.0,749,2.477522679195071,-0.44894057897810363
0.0,750,2.4793659151403133,-0.44741963141137525
0.0,751,2.481208979173356,-0.445899959978042
0.0,752,2.4830518712941974,-0.4443815646781038
0.0,753,2.484894591502839,-0.4428644455115605
0.0,754,2.4867371397992795,-0.4413486024784123
0.0,755,2.48857951618352,-0.4398340355786591
0.0,756,2.49042172065556,-0.4383207448123009
0.0,757,2.4922637532153993,-0.4368087301793377
0.0,758,2.494105613863038,-0.4352979916797695
0.0,759,2.4959473025984766,-0.43378852931359635
0.0,760,2.4977888194217144,-0.4322803430808182
0.0,761,2.499630164332752,-0.4307734329814351
0.0,762,2.501471337331589,-0.42926779901544704
0.0,763,2.5033123384182256,-0.427763441182854
0.0,764,2.5051531675926615,-0.42626035948365587
0.0,765,2.506993824854897,-0.4247585539178529
0.0,766,2.508834310204932,-0.4232580244854448
0.0,767,2.5106746236427666,-0.4217587711864318
0.0,768,2.512514765168401,-0.42026079402081384
0.0,769,2.5143547347818345,-0.41876409298859085
0.0,770,2.516194532483068,-0.41726866808976293
0.0,771,2.5180341582721004,-0.41577451932432996
0.0,772,2.5198736121489325,-0.41428164669229206
0.0,773,2.5217128941135645,-0.4127900501936491
0.0,774,2.5235520041659956,-0.41129972982840124
0.0,775,2.5253909423062266,-0.4098106855965484
0.0,776,2.5272297085342563,-0.4083229174980906
0.0,777,2.529068302850086,-0.4068364255330277
0.0,778,2.5309067252537156,-0.4053512097013599
0.0,779,2.5327449757451443,-0.4038672700030871
0.0,780,2.534583054324373,-0.4023846064382094
0.0,781,2.536420960991401,-0.40090321900672654
0.0,782,2.538258695746228,-0.3994231077086388
0.0,783,2.5400962585888545,-0.3979442725439461
0.0,784,2.5419336495192812,-0.3964667135126484
0.0,785,2.543770868537507,-0.39499043061474576
0.0,786,2.545607915643533,-0.393515423850238
0.0,787,2.547444790837358,-0.3920416932191254
0.0,788,2.5492814941189827,-0.39056923872140775
0.0,789,2.5511180254884063,-0.3890980603570851
0.0,790,2.5529543849456298,-0.3876281581261576
0.0,791,2.554790572490653,-0.386159532028625
0.0,792,2.5566265881234753,-0.38469218206448746
0.0,793,2.558462431844098,-0.38322610823374487
0.0,794,2.560298103652519,-0.3817613105363974
0.0,795,2.56213360354874,-0.3802977889724448
0.0,796,2.563968931532761,-0.3788355435418874
0.0,797,2.5658040876045813,-0.37737457424472487
0.0,798,2.5676390717642006,-0.3759148810809574
0.0,799,2.5694738840116202,-0.37445646405058497
0.0,800,2.571308524346839,-0.37299932315360756
0.0,801,2.5731429927698573,-0.3715434583900251
0.0,802,2.574977289280675,-0.37008886975983774
0.0,803,2.5768114138792924,-0.36863555726304537
0.0,804,2.578645366565709,-0.367183520899648
0.0,805,2.5804791473399256,-0.36573276066964566
0.0,806,2.582312756201941,-0.3642832765730383
0.0,807,2.584146193151757,-0.36283506860982606
0.0,808,2.585979458189372,-0.36138813678000875
0.0,809,2.5878125513147863,-0.3599424810835865
0.0,810,2.5896454725280003,-0.3584981015205592
0.0,811,2.5914782218290138,-0.357054998090927
0.0,812,2.593310799217827,-0.3556131707946898
0.0,813,2.5951432046944394,-0.3541726196318476
0.0,814,2.596975438258851,-0.3527333446024004
0.0,815,2.5988074999110626,-0.35129534570634824
0.0,816,2.600639389651074,-0.34985862294369113
0.0,817,2.6024711074788844,-0.348423176314429
0.0,818,2.6043026533944946,-0.34698900581856185
0.0,819,2.6061340273979043,-0.3455561114560897
0.0,820,2.607965229489113,-0.34412449322701266
0.0,821,2.609796259668122,-0.3426941511313306
0.0,822,2.6116271179349306,-0.3412650851690435
0.0,823,2.613457804289538,-0.3398372953401515
0.0,824,2.615288318731945,-0.33841078164465455
0.0,825,2.617118661262152,-0.33698554408255255
0.0,826,2.618948831880158,-0.33556158265384556
0.0,827,2.620778830585964,-0.33413889735853364
0.0,828,2.622608657379569,-0.33271748819661673
0.0,829,2.624438312260974,-0.3312973551680948
0.0,830,2.6262677952301785,-0.3298784982729679
0.0,831,2.628097106287182,-0.32846091751123596
0.0,832,2.629926245431986,-0.32704461288289915
0.0,833,2.6317552126645887,-0.3256295843879573
0.0,834,2.6335840079849913,-0.3242158320264104
0.0,835,2.6354126313931934,-0.32280335579825864
0.0,836,2.6372410828891946,-0.3213921557035019
0.0,837,2.6390693624729953,-0.31998223174214
0.0,838,2.640897470144596,-0.3185735839141733
0.0,839,2.642725405903996,-0.3171662122196015
0.0,840,2.6445531697511955,-0.31576011665842485
0.0,841,2.646380761686195,-0.3143552972306431
0.0,842,2.648208181708994,-0.3129517539362564
0.0,843,2.6500354298195914,-0.31154948677526473
0.0,844,2.6518625060179892,-0.3101484957476681
0.0,845,2.6536894103041866,-0.30874878085346646
0.0,846,2.655516142678183,-0.3073503420926598
0.0,847,2.657342703139979,-0.3059531794652482
0.0,848,2.6591690916895745,-0.30455729297123163
0.0,849,2.6609953083269704,-0.3031626826106101
0.0,850,2.6628213530521654,-0.3017693483833835
0.0,851,2.6646472258651595,-0.30037729028955196
0.0,852,2.666472926765953,-0.29898650832911544
0.0,853,2.668298455754546,-0.29759700250207405
0.0,854,2.6701238128309392,-0.29620877280842756
0.0,855,2.6719489979951314,-0.2948218192481761
0.0,856,2.673774011247124,-0.29343614182131966
0.0,857,2.6755988525869148,-0.29205174052785826
0.0,858,2.6774235220145055,-0.2906686153677918
0.0,859,2.6792480195298967,-0.28928676634112044
0.0,860,2.681072345133086,-0.28790619344784407
0.0,861,2.6828964988240758,-0.2865268966879627
0.0,862,2.6847204806028646,-0.2851488760614763
0.0,863,2.6865442904694534,-0.28377213156838504
0.0,864,2.6883679284238413,-0.2823966632086887
0.0,865,2.690191394466029,-0.2810224709823874
0.0,866,2.692014688596016,-0.2796495548894811
0.0,867,2.6938378108138026,-0.27827791492996995
0.0,868,2.695660761119389,-0.2769075511038537
0.0,869,2.697483539512774,-0.2755384634111325
0.0,870,2.69930614599396,-0.2741706518518062
0.0,871,2.701128580562944,-0.2728041164258751
0.0,872,2.7029508432197282,-0.2714388571333389
0.0,873,2.7047729339643123,-0.27007487397419777
0.0,874,2.7065948527966954,-0.2687121669484517
0.0,875,2.7084165997168785,-0.26735073605610055
0.0,876,2.7102381747248607,-0.2659905812971444
0.0,877,2.712059577820642,-0.26463170267158337
0.0,878,2.713880809004224,-0.2632741001794173
0.0,879,2.7157018682756044,-0.26191777382064624
0.0,880,2.7175227556347847,-0.2605627235952702
0.0,881,2.719343471081765,-0.2592089495032892
0.0,882,2.7211640146165443,-0.2578564515447032
0.0,883,2.722984386239123,-0.2565052297195123
0.0,884,2.724804585949502,-0.2551552840277163
0.0,885,2.7266246137476795,-0.25380661446931535
0.0,886,2.728444469633657,-0.25245922104430946
0.0,887,2.7302641536074344,-0.2511131037526985
0.0,888,2.732083665669011,-0.24976826259448268
0.0,889,2.733903005818387,-0.2484246975696618
0.0,890,2.7357221740555624,-0.24708240867823594
0.0,891,2.7375411703805375,-0.2457413959202051
0.0,892,2.739359994793312,-0.2444016592955693
0.0,893,2.7411786472938866,-0.24306319880432853
0.0,894,2.74299712788226,-0.24172601444648273
0.0,895,2.744815436558433,-0.240390106222032
0.0,896,2.746633573322406,-0.23905547413097625
0.0,897,2.748451538174178,-0.2377221181733155
0.0,898,2.75026933111375,-0.23639003834904976
0.0,899,2.752086952141121,-0.2350592346581791
0.0,900,2.7539044012562917,-0.2337297071007034
0.0,901,2.7557216784592624,-0.2324014556766228
0.0,902,2.7575387837500323,-0.23107448038593714
0.0,903,2.759355717128601,-0.2297487812286465
0.0,904,2.76117247859497,-0.2284243582047509
0.0,905,2.7629890681491385,-0.2271012113142503
0.0,906,2.764805485791107,-0.22577934055714471
0.0,907,2.766621731520874,-0.22445874593343418
0.0,908,2.768437805338441,-0.22313942744311865
0.0,909,2.7702537072438074,-0.22182138508619814
0.0,910,2.772069437236973,-0.22050461886267264
0.0,911,2.7738849953179385,-0.21918912877254215
0.0,912,2.7757003814867036,-0.21787491481580668
0.0,913,2.7775155957432682,-0.21656197699246627
0.0,914,2.7793306380876324,-0.2152503153025208
0.0,915,2.781145508519796,-0.21393992974597043
0.0,916,2.782960207039759,-0.212630820322815
0.0,917,2.784774733647522,-0.21132298703305463
0.0,918,2.786589088343084,-0.21001642987668934
0.0,919,2.7884032711264455,-0.208711148853719
0.0,920,2.7902172819976068,-0.20740714396414367
0.0,921,2.792031120956567,-0.20610441520796338
0.0,922,2.7938447880033275,-0.2048029625851781
0.0,923,2.795658283137888,-0.20350278609578784
0.0,924,2.7974716063602467,-0.20220388573979253
0.0,925,2.7992847576704056,-0.20090626151719232
0.0,926,2.8010977370683636,-0.1996099134279871
0.0,927,2.8029105445541216,-0.19831484147217693
0.0,928,2.804723180127679,-0.19702104564976175
0.0,929,2.8065356437890356,-0.19572852596074156
0.0,930,2.808347935538192,-0.1944372824051164
0.0,931,2.810160055375148,-0.1931473149828863
0.0,932,2.8119720032999034,-0.19185862369405116
0.0,933,2.8137837793124585,-0.1905712085386111
0.0,934,2.8155953834128127,-0.18928506951656598
0.0,935,2.817406815600967,-0.18800020662791594
0.0,936,2.8192180758769205,-0.1867166198726609
0.0,937,2.8210291642406733,-0.18543430925080087
0.0,938,2.822840080692226,-0.18415327476233584
0.0,939,2.824650825231578,-0.18287351640726585
0.0,940,2.8264613978587296,-0.1815950341855909
0.0,941,2.8282717985736805,-0.18031782809731095
0.0,942,2.8300820273764318,-0.17904189814242602
0.0,943,2.8318920842669817,-0.1777672443209361
0.0,944,2.8337019692453316,-0.1764938666328412
0.0,945,2.8355116823114805,-0.1752217650781413
0.0,946,2.837321223465429,-0.17395093965683645
0.0,947,2.8391305927071775,-0.1726813903689266
0.0,948,2.8409397900367255,-0.17141311721441174
0.0,949,2.842748815454073,-0.17014612019329195
0.0,950,2.844557668959219,-0.1688803993055671
0.0,951,2.8463663505521657,-0.16761595455123737
0.0,952,2.848174860232911,-0.16635278593030256
0.0,953,2.849983198001457,-0.16509089344276284
0.0,954,2.8517913638578016,-0.16383027708861814
0.0,955,2.853599357801946,-0.16257093686786842
0.0,956,2.85540717983389,-0.1613128727805137
0.0,957,2.8572148299536333,-0.16005608482655403
0.0,958,2.8590223081611765,-0.15880057300598938
0.0,959,2.860829614456519,-0.15754633731881973
0.0,960,2.8626367488396607,-0.1562933777650451
0.0,961,2.864443711310602,-0.15504169434466553
0.0,962,2.8662505018693434,-0.15379128705768091
0.0,963,2.8680571205158842,-0.15254215590409137
0.0,964,2.869863567250224,-0.1512943008838968
0.0,965,2.871669842072363,-0.15004772199709726
0.0,966,2.873475944982303,-0.14880241924369278
0.0,967,2.875281875980041,-0.14755839262368325
0.0,968,2.8770876350655796,-0.14631564213706877
0.0,969,2.878893222238917,-0.14507416778384932
0.0,970,2.8806986375000543,-0.14383396956402486
0.0,971,2.8825038808489913,-0.14259504747759544
0.0,972,2.8843089522857275,-0.14135740152456103
0.0,973,2.886113851810263,-0.14012103170492163
0.0,974,2.8879185794225988,-0.13888593801867727
0.0,975,2.8897231351227335,-0.1376521204658279
0.0,976,2.8915275189106673,-0.13641957904637356
0.0,977,2.8933317307864015,-0.13518831376031423
0.0,978,2.8951357707499352,-0.13395832460764992
0.0,979,2.896939638801268,-0.13272961158838065
0.0,980,2.8987433349404,-0.13150217470250636
0.0,981,2.9005468591673322,-0.1302760139500272
0.0,982,2.902350211482063,-0.12905112933094295
0.0,983,2.9041533918845945,-0.12782752084525373
0.0,984,2.905956400374925,-0.12660518849295954
0.0,985,2.907759236953055,-0.12538413227406034
0.0,986,2.9095619016189844,-0.12416435218855618
0.0,987,2.9113643943727134,-0.12294584823644703
0.0,988,2.913166715214242,-0.12172862041773289
0.0,989,2.9149688641435705,-0.12051266873241379
0.0,990,2.916770841160698,-0.1192979931804897
0.0,991,2.9185726462656247,-0.1180845937619606
0.0,992,2.9203742794583514,-0.11687247047682654
0.0,993,2.9221757407388775,-0.1156616233250875
0.0,994,2.9239770301072032,-0.11445205230674346
0.0,995,2.9257781475633284,-0.11324375742179446
0.0,996,2.927579093107253,-0.11203673867024047
0.0,997,2.9293798667389774,-0.1108309960520815
0.0,998,2.9311804684585017,-0.10962652956731754
0.0,999,2.932980898265825,-0.10842333921594861
0.0,1000,2.9347811561609474,-0.10722142499797468
0.0,1001,2.9365812421438697,-0.10602078691339578
0.0,1002,2.9365812421438697,-0.10602078691339578
0.0,1003,2.9383805421706817,-0.10482088689551587
0.0,1004,2.9401784421974724,-0.10362118687763895
0.0,1005,2.9419749422242423,-0.10242168685976502
0.0,1006,2.9437700422509914,-0.10122238684189405
0.0,1007,2.9455637422777197,-0.10002328682402607
0.0,1008,2.9473560423044267,-0.09882438680616107
0.0,1009,2.949146942331113,-0.09762568678829903
0.0,1010,2.950936442357779,-0.09642718677044
0.0,1011,2.9527245423844235,-0.09522888675258394
0.0,1012,2.9545112424110473,-0.09403078673473085
0.0,1013,2.956296542437651,-0.09283288671688077
0.0,1014,2.958080442464233,-0.09163518669903364
0.0,1015,2.959862942490794,-0.09043768668118948
0.0,1016,2.9616440425173347,-0.08924038666334833
0.0,1017,2.963423742543854,-0.08804328664551014
0.0,1018,2.9652020425703527,-0.08684638662767497
0.0,1019,2.9669789425968305,-0.08564968660984273
0.0,1020,2.9687544426232875,-0.0844531865920135
0.0,1021,2.9705285426497237,-0.08325688657418724
0.0,1022,2.972301242676139,-0.08206078655636395
0.0,1023,2.9740725427025336,-0.08086488653854365
0.0,1024,2.975842442728907,-0.07966918652072634
0.0,1025,2.9776109427552595,-0.078473686502912
0.0,1026,2.9793780427815917,-0.07727838648510063
0.0,1027,2.9811437428079026,-0.07608328646729227
0.0,1028,2.9829080428341928,-0.07488838644948687
0.0,1029,2.984670942860462,-0.07369368643168445
0.0,1030,2.98643244288671,-0.07249918641388502
0.0,1031,2.9881925429129375,-0.07130488639608855
0.0,1032,2.989951242939145,-0.07011078637829508
0.0,1033,2.9917085429653305,-0.06891688636050458
0.0,1034,2.9934644429914954,-0.06772318634271707
0.0,1035,2.995218943017639,-0.06652968632493253
0.0,1036,2.9969720430437623,-0.06533638630715097
0.0,1037,2.998723743069865,-0.06414328628937238
0.0,1038,3.0004740430959465,-0.06295038627159678
0.0,1039,3.0022229431220073,-0.061757686253824204
0.0,1040,3.0039704431480474,-0.06056518623605457
0.0,1041,3.0057165431740667,-0.05937288621828791
0.0,1042,3.0074612432000642,-0.058180786200524234
0.0,1043,3.0092045432260415,-0.05698888618276352
0.0,1044,3.0109464432519983,-0.05579718616500582
0.0,1045,3.0126869432779335,-0.054605686147251094
0.0,1046,3.0144260433038474,-0.05341438612949935
0.0,1047,3.0161637433297415,-0.052223286111750575
0.0,1048,3.0179000433556142,-0.05103238609400479
0.0,1049,3.0196349433814667,-0.04984168607626195
0.0,1050,3.0213684434072974,-0.04865118605852213
0.0,1051,3.0231005434331077,-0.04746088604078527
0.0,1052,3.0248312434588973,-0.0462707860230514
0.0,1053,3.026560543484666,-0.045080886005320495
0.0,1054,3.028288443510414,-0.04389118598759259
0.0,1055,3.0300149435361408,-0.04270168596986767
0.0,1056,3.0317400435618467,-0.04151238595214572
0.0,1057,3.0334637435875313,-0.04032328593442675
0.0,1058,3.0351860436131957,-0.03913438591671075
0.0,1059,3.036906943638839,-0.03794568589899774
0.0,1060,3.038626443664462,-0.036757185881287714
0.0,1061,3.0403445436900634,-0.03556888586358066
0.0,1062,3.042061243715644,-0.03438078584587659
0.0,1063,3.043776543741204,-0.03319288582817549
0.0,1064,3.045490443766743,-0.03200518581047739
0.0,1065,3.047202943792262,-0.03081768579278226
0.0,1066,3.048914043817759,-0.02963038577509011
0.0,1067,3.0506237438432353,-0.02844328575740094
0.0,1068,3.052332043868691,-0.027256385739714752
0.0,1069,3.0540389438941262,-0.02606968572203154
0.0,1070,3.05574444391954,-0.02488318570435132
0.0,1071,3.0574485439449326,-0.023696885686674066
0.0,1072,3.059151243970305,-0.02251078566899979
0.0,1073,3.060852543995656,-0.021324885651328503
0.0,1074,3.062552444020987,-0.020139185633660208
0.0,1075,3.064250944046296,-0.018953685615994892
0.0,1076,3.065948044071585,-0.017768385598332548
0.0,1077,3.067643744096853,-0.016583285580673165
0.0,1078,3.0693380441221003,-0.015398385563016792
0.0,1079,3.071030944147326,-0.014213685545363374
0.0,1080,3.072722444172532,-0.01302918552771295
0.0,1081,3.074412544197716,-0.011844885510065505
0.0,1082,3.0761012442228792,-0.010660785492421037
0.0,1083,3.077788544248022,-0.009476885474779564
0.0,1084,3.0794744442731443,-0.008293185457141052
0.0,1085,3.081158944298245,-0.007109685439505527
0.0,1086,3.0828420443233253,-0.005926385421872982
0.0,1087,3.0845237443483846,-0.004743285404243427
0.0,1088,3.086204044373423,-0.0035603853866168246
0.0,1089,3.087882944398441,-0.0023776853689932154
0.0,1090,3.0895604444234377,-0.0011951853513726372
0.0,1091,3.091236544448414,-1.2885333754977454e-05
0.0,1092,3.0929112444733686,0.0011692146838596772
0.0,1093,3.0945845444983027,0.0023511147014713667
0.0,1094,3.096256444523216,0.0035328147190800616
0.0,1095,3.0979269445481084,0.0047143147366857895
0.0,1096,3.0995960445729795,0.005895614754288535
0.0,1097,3.1012637445978304,0.007076714771888287
0.0,1098,3.1029300446226604,0.008257614789485081
0.0,1099,3.104594944647469,0.009438314807078865
0.0,1100,3.1062584446722576,0.010618814824669698
0.0,1101,3.107920544697025,0.011799114842257537
0.0,1102,3.1095812447217708,0.012979214859842405
0.0,1103,3.1112405447464964,0.014159114877424293
0.0,1104,3.1128984447712016,0.015338814895003182
0.0,1105,3.114554944795885,0.016518314912579095
0.0,1106,3.116210044820548,0.017697614930152056
0.0,1107,3.11786374484519,0.018876714947721987
0.0,1108,3.119516044869811,0.020055614965288963
0.0,1109,3.1211669448944113,0.021234314982852973
0.0,1110,3.122816444918991,0.022412815000413977
0.0,1111,3.124464544943549,0.02359111501797203
0.0,1112,3.1261112449680866,0.02476921503552708
0.0,1113,3.127756544992604,0.025947115053079162
0.0,1114,3.1294004450171,0.027124815070628267
0.0,1115,3.131042945041575,0.028302315088174376
0.0,1116,3.1326840450660294,0.02947961510571751
0.0,1117,3.1343237450904624,0.030656715123257676
0.0,1118,3.1359620451148746,0.03183361514079485
0.0,1119,3.137598945139267,0.03301031515832906
0.0,1120,3.139234445163638,0.03418681517586028
0.0,1121,3.1408685451879883,0.03536311519338851
0.0,1122,3.142501245212317,0.03653921521091376
0.0,1123,3.144132545236625,0.03771511522843604
0.0,1124,3.1457624452609125,0.03889081524595532
0.0,1125,3.1473909452851787,0.04006631526347165
0.0,1126,3.1490180453094245,0.04124161528098497
0.0,1127,3.1506437453336495,0.04241671529849533
0.0,1128,3.1522680453578538,0.0435916153160027
0.0,1129,3.1538909453820363,0.04476631533350711
0.0,1130,3.155512445406199,0.04594081535100851
0.0,1131,3.1571325454303403,0.047115115368506946
0.0,1132,3.1587512454544604,0.04828921538600242
0.0,1133,3.1603685454785606,0.049463115403494885
0.0,1134,3.1619844455026387,0.05063681542098438
0.0,1135,3.163598945526697,0.051810315438470894
0.0,1136,3.1652120455507338,0.05298361545595443
0.0,1137,3.16682374557475,0.05415671547343498
0.0,1138,3.1684340455987456,0.05532961549091254
0.0,1139,3.17004294562272,0.05650231550838715
0.0,1140,3.171650445646674,0.05767481552585874
0.0,1141,3.1732565456706068,0.05884711554332739
0.0,1142,3.174861245694518,0.06001921556079303
0.0,1143,3.1764645457184097,0.06119111557825572
0.0,1144,3.17806644574228,0.06236281559571541
0.0,1145,3.179666945766129,0.06353431561317212
0.0,1146,3.1812660457899575,0.06470561563062585
0.0,1147,3.1828637458137647,0.06587671564807657
0.0,1148,3.184460045837551,0.06704761566552433
0.0,1149,3.1860549458613168,0.06821831568296913
0.0,1150,3.1876484458850625,0.06938881570041094
0.0,1151,3.1892405459087865,0.07055911571784976
0.0,1152,3.1908312459324897,0.07172921573528562
0.0,1153,3.192420545956172,0.07289911575271849
0.0,1154,3.1940084459798337,0.07406881577014837
0.0,1155,3.1955949460034745,0.07523831578757528
0.0,1156,3.197180046027094,0.07640761580499922
0.0,1157,3.198763746050693,0.07757671582242016
0.0,1158,3.200346046074271,0.07874561583983813
0.0,1159,3.2019269460978284,0.07991431585725312
0.0,1160,3.203506446121365,0.08108281587466512
0.0,1161,3.2050845461448803,0.08225111589207415
0.0,1162,3.2066612461683754,0.0834192159094802
0.0,1163,3.208236546191849,0.08458711592688328
0.0,1164,3.209810446215302,0.08575481594428334
0.0,1165,3.211382946238734,0.08692231596168046
0.0,1166,3.212954046262145,0.08808961597907458
0.0,1167,3.2145237462855354,0.08925671599646574
0.0,1168,3.216092046308905,0.0904236160138539
0.0,1169,3.2176589463322536,0.09159031603123907
0.0,1170,3.219224446355581,0.0927568160486213
0.0,1171,3.220788546378888,0.09392311606600051
0.0,1172,3.222351246402174,0.09508921608337678
0.0,1173,3.223912546425439,0.09625511610075002
0.0,1174,3.225472446448684,0.09742081611812031
0.0,1175,3.227030946471907,0.0985863161354876
0.0,1176,3.2285880464951093,0.09975161615285194
0.0,1177,3.230143746518291,0.10091671617021328
0.0,1178,3.231698046541453,0.10208161618757161
0.0,1179,3.233250946564593,0.103246316204927
0.0,1180,3.234802446587712,0.1044108162222794
0.0,1181,3.23635254661081,0.10557511623962881
0.0,1182,3.237901246633888,0.10673921625697527
0.0,1183,3.239448546656944,0.10790311627431873
0.0,1184,3.24099444667998,0.10906681629165921
0.0,1185,3.242538946702995,0.11023031630899671
0.0,1186,3.244082046725988,0.11139361632633124
0.0,1187,3.245623746748962,0.11255671634366277
0.0,1188,3.2471640467719136,0.11371961636099134
0.0,1189,3.248702946794846,0.11488231637831692
0.0,1190,3.250240446817756,0.11604481639563953
0.0,1191,3.2517765468406457,0.11720711641295914
0.0,1192,3.2533112468635146,0.11836921643027579
0.0,1193,3.2548445468863627,0.11953111644758943
0.0,1194,3.25637644690919,0.12069281646490011
0.0,1195,3.2579069469319957,0.12185431648220782
0.0,1196,3.259436046954781,0.12301561649951254
0.0,1197,3.2609637469775454,0.12417671651681428
0.0,1198,3.2624900470002896,0.12533761653411304
0.0,1199,3.2640149470230124,0.1264983165514088
0.0,1200,3.2655384470457145,0.12765881656870162
0.0,1201,3.267060547068395,0.12881911658599143
0.0,1202,3.2685812470910554,0.12997921660327827
0.0,1203,3.2701005471136946,0.13113911662056213
0.0,1204,3.271618447136313,0.13229881663784301
0.0,1205,3.2731349471589106,0.13345831665512092
0.0,1206,3.2746500471814874,0.13461761667239583
0.0,1207,3.276163747204043,0.13577671668966776
0.0,1208,3.2776760472265782,0.1369356167069367
0.0,1209,3.2791869472490927,0.1380943167242027
0.0,1210,3.280696447271586,0.1392528167414657
0.0,1211,3.2822045472940586,0.14041111675872567
0.0,1212,3.28371124731651,0.14156921677598272
0.0,1213,3.285216547338941,0.14272711679323677
0.0,1214,3.286720447361351,0.14388481681048784
0.0,1215,3.2882229473837397,0.14504231682773594
0.0,1216,3.289724047406108,0.14619961684498106
0.0,1217,3.2912237474284547,0.14735671686222318
0.0,1218,3.2927220474507815,0.14851361687946232
0.0,1219,3.2942189474730874,0.14967031689669852
0.0,1220,3.2957144474953717,0.15082681691393168
0.0,1221,3.2972085475176356,0.1519831169311619
0.0,1222,3.2987012475398787,0.15313921694838917
0.0,1223,3.3001925475621006,0.1542951169656134
0.0,1224,3.3016824475843016,0.1554508169828347
0.0,1225,3.3031709476064823,0.15660631700005298
0.0,1226,3.3046580476286413,0.15776161701726832
0.0,1227,3.306143747650781,0.15891671703448063
0.0,1228,3.3076280476728983,0.16007161705168999
0.0,1229,3.309110947694995,0.16122631706889634
0.0,1230,3.310592447717071,0.16238081708609975
0.0,1231,3.3120725477391266,0.16353511710330015
0.0,1232,3.313551247761161,0.16468921712049758
0.0,1233,3.3150285477831747,0.16584311713769204
0.0,1234,3.3165044478051673,0.1669968171548835
0.0,1235,3.3179789478271386,0.168150317172072
0.0,1236,3.3194520478490896,0.16930361718925752
0.0,1237,3.32092374787102,0.17045671720644004
0.0,1238,3.322394047892929,0.1716096172236196
0.0,1239,3.323862947914817,0.17276231724079616
0.0,1240,3.325330447936685,0.17391481725796976
0.0,1241,3.3267965479585313,0.17506711727514035
0.0,1242,3.328261247980356,0.17621921729230794
0.0,1243,3.3297245480021616,0.17737111730947258
0.0,1244,3.3311864480239453,0.17852281732663428
0.0,1245,3.3326469480457086,0.17967431734379297
0.0,1246,3.334106048067451,0.18082561736094865
0.0,1247,3.3355637480891724,0.1819767173781014
0.0,1248,3.3370200481108725,0.18312761739525113
0.0,1249,3.3384749481325526,0.18427831741239792
0.0,1250,3.3399284481542115,0.1854288174295417
0.0,1251,3.341380548175849,0.18657911744668249
0.0,1252,3.3428312481974665,0.18772921746382032
0.0,1253,3.3442805482190625,0.18887911748095515
0.0,1254,3.345728448240638,0.19002881749808703
0.0,1255,3.3471749482621926,0.1911783175152159
0.0,1256,3.3486200482837263,0.19232761753234184
0.0,1257,3.350063748305239,0.19347671754946477
0.0,1258,3.351506048326731,0.1946256175665847
0.0,1259,3.352946948348202,0.19577431758370167
0.0,1260,3.3543864483696524,0.19692281760081562
0.0,1261,3.3558245483910816,0.19807111761792665
0.0,1262,3.3572612484124904,0.1992192176350347
0.0,1263,3.358696548433878,0.20036711765213971
0.0,1264,3.3601304484552452,0.20151481766924179
0.0,1265,3.3615629484765908,0.20266231768634085
0.0,1266,3.3629940484979155,0.20380961770343697
0.0,1267,3.36442374851922,0.2049567177205301
0.0,1268,3.3658520485405035,0.20610361773762026
0.0,1269,3.367278948561766,0.2072503177547074
0.0,1270,3.3687044485830073,0.2083968177717916
0.0,1271,3.370128548604228,0.20954311778887277
0.0,1272,3.371551248625428,0.21068921780595098
0.0,1273,3.372972548646607,0.21183511782302625
0.0,1274,3.3743924486677654,0.2129808178400985
0.0,1275,3.3758109486889025,0.2141263178571678
0.0,1276,3.377228048710019,0.21527161787423407
0.0,1277,3.378643748731114,0.2164167178912974
0.0,1278,3.380058048752189,0.2175616179083577
0.0,1279,3.3814709487732433,0.21870631792541512
0.0,1280,3.382882448794276,0.21985081794246947
0.0,1281,3.384292548815288,0.2209951179595209
0.0,1282,3.385701248836279,0.22213921797656927
0.0,1283,3.38710854885725,0.22328311799361475
0.0,1284,3.3885144488781993,0.22442681801065723
0.0,1285,3.389918948899128,0.2255703180276967
0.0,1286,3.3913220489200357,0.22671361804473317
0.0,1287,3.3927237489409228,0.22785671806176672
0.0,1288,3.394124048961789,0.22899961807879726
0.0,1289,3.3955229489826344,0.2301423180958248
0.0,1290,3.396920449003458,0.23128481811284937
0.0,1291,3.398316549024262,0.23242711812987088
0.0,1292,3.399711249045045,0.23356921814688952
0.0,1293,3.4011045490658063,0.23471111816390516
0.0,1294,3.4024964490865477,0.2358528181809178
0.0,1295,3.4038869491072674,0.2369943181979275
0.0,1296,3.4052760491279663,0.23813561821493417
0.0,1297,3.4066637491486444,0.2392767182319379
0.0,1298,3.408050049169302,0.24041761824893865
0.0,1299,3.409434949189939,0.24155831826593643
0.0,1300,3.4108184492105544,0.2426988182829312
0.0,1301,3.41220054923115,0.24383911829992297
0.0,1302,3.4135812492517235,0.24497921831691177
0.0,1303,3.4149605492722768,0.2461191183338976
0.0,1304,3.416338449292809,0.24725881835088048
0.0,1305,3.4177149493133205,0.24839831836786036
0.0,1306,3.419090049333811,0.24953761838483723
0.0,1307,3.420463749354281,0.25067671840181116
0.0,1308,3.42183604937473,0.2518156184187821
0.0,1309,3.4232069493951576,0.25295431843575
0.0,1310,3.4245764494155653,0.25409281845271503
0.0,1311,3.4259445494359513,0.255231118469677
0.0,1312,3.4273112494563165,0.256369218486636
0.0,1313,3.428676549476661,0.25750711850359204
0.0,1314,3.4300404494969845,0.2586448185205451
0.0,1315,3.4314029495172877,0.25978231853749517
0.0,1316,3.4327640495375698,0.26091961855444223
0.0,1317,3.4341237495578305,0.2620567185713864
0.0,1318,3.435482049578071,0.2631936185883275
0.0,1319,3.4368389495982905,0.2643303186052657
0.0,1320,3.438194449618489,0.26546681862220084
0.0,1321,3.4395485496386664,0.26660311863913305
0.0,1322,3.4409012496588236,0.2677392186560622
0.0,1323,3.442252549678959,0.26887511867298847
0.0,1324,3.4436024496990747,0.2700108186899117
0.0,1325,3.4449509497191686,0.271146318706832
0.0,1326,3.4462980497392417,0.27228161872374923
0.0,1327,3.4476437497592944,0.2734167187406636
0.0,1328,3.448988049779326,0.27455161875757494
0.0,1329,3.450330949799337,0.27568631877448324
0.0,1330,3.451672449819327,0.27682081879138865
0.0,1331,3.4530125498392956,0.27795511880829105
0.0,1332,3.454351249859244,0.27908921882519044
0.0,1333,3.455688549879171,0.28022311884208684
0.0,1334,3.4570244498990776,0.28135681885898034
0.0,1335,3.4583589499189635,0.2824903188758707
0.0,1336,3.459692049938828,0.2836236188927583
0.0,1337,3.461023749958672,0.28475671890964277
0.0,1338,3.462354049978495,0.28588961892652426
0.0,1339,3.4636829499982973,0.2870223189434028
0.0,1340,3.4650104500180783,0.2881548189602784
0.0,1341,3.4663365500378385,0.289287118977151
0.0,1342,3.4676612500575787,0.2904192189940206
0.0,1343,3.4689845500772973,0.2915511190108872
0.0,1344,3.470306450096995,0.29268281902775084
0.0,1345,3.471626950116672,0.2938143190446115
0.0,1346,3.4729460501363283,0.2949456190614692
0.0,1347,3.4742637501559637,0.2960767190783239
0.0,1348,3.4755800501755774,0.2972076190951756
0.0,1349,3.476894950195171,0.29833831911202435
0.0,1350,3.478208450214744,0.29946881912887013
0.0,1351,3.4795205502342963,0.3005991191457129
0.0,1352,3.480831250253827,0.30172921916255274
0.0,1353,3.482140550273337,0.30285911917938957
0.0,1354,3.4834484502928262,0.30398881919622334
0.0,1355,3.4847549503122943,0.3051183192130542
0.0,1356,3.4860600503317416,0.3062476192298821
0.0,1357,3.4873637503511685,0.307376719246707
0.0,1358,3.488666050370574,0.30850561926352893
0.0,1359,3.4899669503899595,0.30963431928034785
0.0,1360,3.4912664504093236,0.3107628192971638
0.0,1361,3.4925645504286664,0.3118911193139768
0.0,1362,3.493861250447989,0.3130192193307868
0.0,1363,3.49515655046729,0.3141471193475938
0.0,1364,3.496450450486571,0.31527481936439783
0.0,1365,3.497742950505831,0.3164023193811989
0.0,1366,3.4990340505250694,0.317529619397997
0.0,1367,3.500323750544287,0.31865671941479207
0.0,1368,3.5016120505634847,0.31978361943158423
0.0,1369,3.5028989505826615,0.3209103194483734
0.0,1370,3.5041844506018163,0.3220368194651595
0.0,1371,3.505468550620951,0.3231631194819427
0.0,1372,3.5067512506400647,0.3242892194987229
0.0,1373,3.5080325506591574,0.32541511951550006
0.0,1374,3.50931245067823,0.3265408195322744
0.0,1375,3.510590950697281,0.3276663195490456
0.0,1376,3.511868050716311,0.3287916195658139
0.0,1377,3.5131437507353205,0.3299167195825792
0.0,1378,3.5144180507543092,0.33104161959934153
0.0,1379,3.5156909507732768,0.3321663196161009
0.0,1380,3.5169624507922235,0.3332908196328572
0.0,1381,3.5182325508111494,0.3344151196496105
0.0,1382,3.5195012508300545,0.33553921966636097
0.0,1383,3.5207685508489392,0.3366631196831084
0.0,1384,3.5220344508678023,0.3377868196998528
0.0,1385,3.5232989508866446,0.3389103197165943
0.0,1386,3.524562050905466,0.34003361973333274
0.0,1387,3.5258237509242667,0.3411567197500682
0.0,1388,3.5270840509430474,0.34227961976680077
0.0,1389,3.5283429509618065,0.3434023197835303
0.0,1390,3.5296004509805448,0.34452481980025684
0.0,1391,3.5308565509992618,0.3456471198169804
0.0,1392,3.5321112510179584,0.346769219833701
0.0,1393,3.533364551036634,0.3478911198504186
0.0,1394,3.534616451055289,0.3490128198671333
0.0,1395,3.5358669510739227,0.3501343198838449
0.0,1396,3.5371160510925357,0.3512556199005536
0.0,1397,3.5383637511111283,0.35237671991725933
0.0,1398,3.5396100511296993,0.353497619933962
0.0,1399,3.5408549511482494,0.35461831995066173
0.0,1400,3.5420984511667792,0.35573881996735846
0.0,1401,3.543340551185288,0.35685911998405223
0.0,1402,3.544581251203776,0.35797922000074306
0.0,1403,3.545820551222243,0.3590991200174309
0.0,1404,3.547058451240689,0.3602188200341157
0.0,1405,3.5482949512591144,0.3613383200507975
0.0,1406,3.5495300512775185,0.3624576200674764
0.0,1407,3.5507637512959023,0.3635767200841523
0.0,1408,3.5519960513142648,0.3646956201008252
0.0,1409,3.553226951332607,0.3658143201174951
0.0,1410,3.554456451350928,0.36693282013416206
0.0,1411,3.555684551369228,0.368051120150826
0.0,1412,3.5569112513875067,0.36916922016748704
0.0,1413,3.5581365514057652,0.37028712018414506
0.0,1414,3.559360451424003,0.37140482020080007
0.0,1415,3.5605829514422194,0.37252232021745213
0.0,1416,3.561804051460415,0.3736396202341012
0.0,1417,3.5630237514785903,0.3747567202507473
0.0,1418,3.564242051496745,0.37587362026739046
0.0,1419,3.565458951514878,0.37699032028403046
0.0,1420,3.5666744515329905,0.3781068203006676
0.0,1421,3.5678885515510816,0.3792231203173018
0.0,1422,3.569101251569152,0.3803392203339329
0.0,1423,3.570312551587202,0.38145512035056117
0.0,1424,3.5715224516052313,0.38257082036718637
0.0,1425,3.572730951623239,0.3836863203838086
0.0,1426,3.5739380516412265,0.38480162040042787
0.0,1427,3.575143751659192,0.38591672041704417
0.0,1428,3.576348051677138,0.3870316204336575
0.0,1429,3.5775509516950628,0.38814632045026787
0.0,1430,3.5787524517129663,0.38926082046687516
0.0,1431,3.579952551730849,0.3903751204834795
0.0,1432,3.581151251748711,0.3914892205000809
0.0,1433,3.582348551766552,0.39260312051667934
0.0,1434,3.5835444517843724,0.3937168205332747
0.0,1435,3.584738951802172,0.39483032054986716
0.0,1436,3.5859320518199507,0.39594362056645666
0.0,1437,3.5871237518377086,0.39705672058304314
0.0,1438,3.588314051855445,0.3981696205996266
0.0,1439,3.589502951873161,0.3992823206162071
0.0,1440,3.5906904518908562,0.40039482063278464
0.0,1441,3.591876551908531,0.4015071206493593
0.0,1442,3.593061251926184,0.4026192206659308
0.0,1443,3.5942445519438166,0.4037311206824995
0.0,1444,3.595426451961428,0.4048428206990651
0.0,1445,3.596606951979019,0.4059543207156277
0.0,1446,3.597786051996589,0.4070656207321874
0.0,1447,3.598963752014138,0.40817672074874406
0.0,1448,3.6001400520316666,0.4092876207652978
0.0,1449,3.6013149520491736,0.41039832078184846
0.0,1450,3.6024884520666607,0.41150882079839624
0.0,1451,3.603660552084126,0.41261912081494095
0.0,1452,3.6048312521015706,0.4137292208314828
0.0,1453,3.6060005521189944,0.4148391208480215
0.0,1454,3.6071684521363974,0.41594882086455737
0.0,1455,3.6083349521537795,0.4170583208810902
0.0,1456,3.6095000521711413,0.4181676208976201
0.0,1457,3.610663752188482,0.41927672091414697
0.0,1458,3.611826052205801,0.42038562093067083
0.0,1459,3.6129869522230997,0.4214943209471918
0.0,1460,3.614146452240378,0.4226028209637097
0.0,1461,3.615304552257635,0.4237111209802247
0.0,1462,3.616461252274871,0.42481922099673664
0.0,1463,3.6176165522920862,0.42592712101324565
0.0,1464,3.618770452309281,0.4270348210297517
0.0,1465,3.619922952326455,0.4281423210462547
0.0,1466,3.6210740523436074,0.4292496210627547
0.0,1467,3.6222237523607395,0.4303567210792518
0.0,1468,3.62337205237785,0.43146362109574593
0.0,1469,3.6245189523949404,0.4325703211122371
0.0,1470,3.6256644524120096,0.4336768211287252
0.0,1471,3.6268085524290576,0.43478312114521034
0.0,1472,3.6279512524460857,0.43588922116169254
0.0,1473,3.6290925524630926,0.43699512117817174
0.0,1474,3.6302324524800786,0.43810082119464794
0.0,1475,3.6313709524970434,0.4392063212111212
0.0,1476,3.6325080525139875,0.44031162122759143
0.0,1477,3.6336437525309107,0.4414167212440587
0.0,1478,3.6347780525478126,0.44252162126052297
0.0,1479,3.6359109525646947,0.4436263212769843
0.0,1480,3.637042452581555,0.44473082129344266
0.0,1481,3.638172552598395,0.445835121309898
0.0,1482,3.6393012526152138,0.4469392213263503
0.0,1483,3.6404285526320117,0.44804312134279967
0.0,1484,3.641554452648789,0.4491468213592461
0.0,1485,3.6426789526655456,0.45025032137568954
0.0,1486,3.643802052682281,0.45135362139213
0.0,1487,3.6449237526989955,0.45245672140856746
0.0,1488,3.6460440527156894,0.45355962142500195
0.0,1489,3.647162952732362,0.4546623214414335
0.0,1490,3.6482804527490145,0.455764821457862
0.0,1491,3.6493965527656456,0.45686712147428754
0.0,1492,3.6505112527822554,0.4579692214907101
0.0,1493,3.6516245527988453,0.4590711215071297
0.0,1494,3.6527364528154136,0.4601728215235463
0.0,1495,3.6538469528319615,0.46127432153995995
0.0,1496,3.6549560528484886,0.4623756215563706
0.0,1497,3.6560637528649944,0.46347672157277825
0.0,1498,3.6571700528814794,0.4645776215891829
0.0,1499,3.658274952897944,0.46567832160558464
0.0,1500,3.6593784529143876,0.4667788216219834
0.0,1501,3.6604805529308098,0.46787912163837914
0.0,1502,3.6615812529472116,0.4689792216547719
0.0,1503,3.6615812529472116,0.4689792216547719
0.0,1504,3.662681452963606,0.47007982167117207
0.0,1505,3.663782052980006,0.47118162168759026
0.0,1506,3.6648830529964127,0.47228462170402624
0.0,1507,3.6659844530128245,0.47338882172048
0.0,1508,3.6670862530292423,0.47449422173695177
0.0,1509,3.6681884530456665,0.4756008217534414
0.0,1510,3.669291053062097,0.47670862176994894
0.0,1511,3.670394053078532,0.47781762178647436
0.0,1512,3.671497453094975,0.4789278218030176
0.0,1513,3.672601253111422,0.4800392218195787
0.0,1514,3.673705453127876,0.48115182183615773
0.0,1515,3.674810053144336,0.4822656218527547
0.0,1516,3.675915053160802,0.4833806218693695
0.0,1517,3.6770204531772737,0.4844968218860022
0.0,1518,3.678126253193751,0.4856142219026527
0.0,1519,3.679232453210235,0.4867328219193211
0.0,1520,3.6803390532267244,0.4878526219360075
0.0,1521,3.6814460532432203,0.48897362195271166
0.0,1522,3.6825534532597213,0.4900958219694337
0.0,1523,3.683661253276229,0.4912192219861737
0.0,1524,3.6847694532927426,0.49234382200293153
0.0,1525,3.6858780533092617,0.4934696220197073
0.0,1526,3.686987053325787,0.49459662203650084
0.0,1527,3.6880964533423186,0.49572482205331236
0.0,1528,3.689206253358856,0.4968542220701418
0.0,1529,3.6903164533753996,0.497984822086989
0.0,1530,3.691427053391948,0.49911662210385416
0.0,1531,3.6925380534085037,0.5002496221207372
0.0,1532,3.693649453425065,0.5013838221376381
0.0,1533,3.694761253441632,0.5025192221545568
0.0,1534,3.6958734534582045,0.5036558221714934
0.0,1535,3.6969860534747836,0.504793622188448
0.0,1536,3.698099053491369,0.5059326222054205
0.0,1537,3.6992124535079594,0.5070728222224107
0.0,1538,3.7003262535245565,0.5082142222394189
0.0,1539,3.7014404535411596,0.509356822256445
0.0,1540,3.702555053557769,0.510500622273489
0.0,1541,3.703670053574384,0.5116456222905509
0.0,1542,3.704785453591004,0.5127918223076305
0.0,1543,3.7059012536076312,0.5139392223247281
0.0,1544,3.707017453624264,0.5150878223418436
0.0,1545,3.708134053640902,0.5162376223589771
0.0,1546,3.709251053657547,0.5173886223761281
0.0,1547,3.7103684536741977,0.5185408223932972
0.0,1548,3.711486253690854,0.5196942224104844
0.0,1549,3.712604453707517,0.5208488224276893
0.0,1550,3.713723053724185,0.522004622444912
0.0,1551,3.7148420537408593,0.5231616224621526
0.0,1552,3.7159614537575396,0.524319822479411
0.0,1553,3.7170812537742264,0.5254792224966875
0.0,1554,3.7182014537909187,0.5266398225139819
0.0,1555,3.7193220538076175,0.527801622531294
0.0,1556,3.720443053824321,0.528964622548624
0.0,1557,3.7215644538410313,0.5301288225659719
0.0,1558,3.722686253857747,0.5312942225833378
0.0,1559,3.723808453874469,0.5324608226007215
0.0,1560,3.724931053891197,0.533628622618123
0.0,1561,3.7260540539079314,0.5347976226355425
0.0,1562,3.727177453924672,0.5359678226529798
0.0,1563,3.7283012539414173,0.537139222670435
0.0,1564,3.7294254539581693,0.5383118226879081
0.0,1565,3.7305500539749263,0.5394856227053991
0.0,1566,3.7316750539916907,0.540660622722908
0.0,1567,3.7328004540084603,0.5418368227404347
0.0,1568,3.7339262540252363,0.5430142227579795
0.0,1569,3.735052454042018,0.5441928227755418
0.0,1570,3.7361790540588053,0.5453726227931223
0.0,1571,3.737306054075599,0.5465536228107205
0.0,1572,3.7384334540923985,0.5477358228283368
0.0,1573,3.7395612541092036,0.5489192228459707
0.0,1574,3.7406894541260156,0.5501038228636227
0.0,1575,3.7418180541428328,0.5512896228812925
0.0,1576,3.7429470541596563,0.5524766228989801
0.0,1577,3.7440764541764855,0.5536648229166857
0.0,1578,3.7452062541933206,0.5548542229344091
0.0,1579,3.7463364542101623,0.5560448229521504
0.0,1580,3.7474670542270094,0.5572366229699096
0.0,1581,3.748598054243863,0.5584296229876867
0.0,1582,3.7497294542607222,0.5596238230054816
0.0,1583,3.750861254277587,0.5608192230232945
0.0,1584,3.751993454294458,0.5620158230411253
0.0,1585,3.7531260543113354,0.5632136230589738
0.0,1586,3.7542590543282186,0.5644126230768405
0.0,1587,3.7553924543451074,0.5656128230947247
0.0,1588,3.756526254362002,0.566814223112627
0.0,1589,3.7576604543789034,0.5680168231305471
0.0,1590,3.75879505439581,0.5692206231484852
0.0,1591,3.7599300544127234,0.5704256231664412
0.0,1592,3.761065454429642,0.5716318231844149
0.0,1593,3.7622012544465666,0.5728392232024065
0.0,1594,3.7633374544634974,0.574047823220416
0.0,1595,3.7644740544804343,0.5752576232384434
0.0,1596,3.7656110544973767,0.5764686232564887
0.0,1597,3.766748454514325,0.5776808232745521
0.0,1598,3.76788625453128,0.5788942232926331
0.0,1599,3.7690244545482403,0.580108823310732
0.0,1600,3.770163054565207,0.5813246233288488
0.0,1601,3.771302054582179,0.5825416233469836
0.0,1602,3.772441454599158,0.5837598233651362
0.0,1603,3.7735812546161425,0.5849792233833067
0.0,1604,3.774721454633132,0.5861998234014949
0.0,1605,3.775862054650129,0.5874216234197013
0.0,1606,3.777003054667131,0.5886446234379253
0.0,1607,3.778144454684139,0.5898688234561674
0.0,1608,3.779286254701153,0.5910942234744273
0.0,1609,3.7804284547181735,0.592320823492705
0.0,1610,3.781571054735199,0.5935486235110007
0.0,1611,3.782714054752231,0.5947776235293142
0.0,1612,3.7838574547692696,0.5960078235476456
0.0,1613,3.7850012547863137,0.5972392235659948
0.0,1614,3.7861454548033633,0.598471823584362
0.0,1615,3.7872900548204194,0.5997056236027472
0.0,1616,3.7884350548374806,0.6009406236211501
0.0,1617,3.7895804548545486,0.6021768236395708
0.0,1618,3.790726254871622,0.6034142236580095
0.0,1619,3.791872454888702,0.6046528236764661
0.0,1620,3.7930190549057876,0.6058926236949407
0.0,1621,3.7941660549228793,0.6071336237134329
0.0,1622,3.7953134549399774,0.6083758237319432
0.0,1623,3.7964612549570798,0.6096192237504713
0.0,1624,3.7976094549741894,0.6108638237690172
0.0,1625,3.7987580549913056,0.6121096237875812
0.0,1626,3.7999070550084264,0.613356623806163
0.0,1627,3.801056455025554,0.6146048238247624
0.0,1628,3.8022062550426874,0.61585422384338
0.0,1629,3.8033564550598267,0.6171048238620154
0.0,1630,3.804507055076972,0.6183566238806687
0.0,1631,3.8056580550941232,0.6196096238993398
0.0,1632,3.80680945511128,0.6208638239180287
0.0,1633,3.807961255128444,0.6221192239367358
0.0,1634,3.8091134551456127,0.6233758239554605
0.0,1635,3.8102660551627876,0.6246336239742032
0.0,1636,3.811419055179969,0.6258926239929639
0.0,1637,3.812572455197156,0.6271528240117423
0.0,1638,3.8137262552143483,0.6284142240305385
0.0,1639,3.8148804552315476,0.6296768240493527
0.0,1640,3.8160350552487525,0.6309406240681849
0.0,1641,3.8171900552659634,0.6322056240870348
0.0,1642,3.8183454552831804,0.6334718241059026
0.0,1643,3.819501255300403,0.6347392241247884
0.0,1644,3.8206574553176322,0.6360078241436921
0.0,1645,3.8218140553348667,0.6372776241626135
0.0,1646,3.8229710553521072,0.6385486241815529
0.0,1647,3.8241284553693538,0.6398208242005101
0.0,1648,3.825286255386606,0.6410942242194853
0.0,1649,3.8264444554038644,0.6423688242384782
0.0,1650,3.827603055421129,0.6436446242574891
0.0,1651,3.828762055438399,0.6449216242765179
0.0,1652,3.8299214554556755,0.6461998242955646
0.0,1653,3.8310812554729576,0.6474792243146292
0.0,1654,3.8322414554902466,0.6487598243337115
0.0,1655,3.8334020555075408,0.6500416243528118
0.0,1656,3.834563055524841,0.6513246243719301
0.0,1657,3.835724455542147,0.6526088243910662
0.0,1658,3.836886255559459,0.65389422441022
0.0,1659,3.8380484555767778,0.655180824429392
0.0,1660,3.8392110555941015,0.6564686244485817
0.0,1661,3.8403740556114316,0.6577576244677892
0.0,1662,3.8415374556287674,0.6590478244870147
0.0,1663,3.84270125564611,0.660339224506258
0.0,1664,3.8438654556634577,0.6616318245255193
0.0,1665,3.8450300556808115,0.6629256245447984
0.0,1666,3.846195055698171,0.6642206245640954
0.0,1667,3.8473604557155374,0.6655168245834103
0.0,1668,3.8485262557329087,0.6668142246027431
0.0,1669,3.8496924557502865,0.6681128246220938
0.0,1670,3.8508590557676703,0.6694126246414622
0.0,1671,3.8520260557850596,0.6707136246608486
0.0,1672,3.8531934558024554,0.6720158246802529
0.0,1673,3.854361255819857,0.6733192246996751
0.0,1674,3.8555294558372646,0.6746238247191152
0.0,1675,3.8566980558546784,0.6759296247385732
0.0,1676,3.8578670558720978,0.677236624758049
0.0,1677,3.8590364558895227,0.6785448247775426
0.0,1678,3.860206255906954,0.6798542247970543
0.0,1679,3.861376455924392,0.6811648248165837
0.0,1680,3.8625470559418353,0.682476624836131
0.0,1681,3.8637180559592847,0.6837896248556963
0.0,1682,3.8648894559767397,0.6851038248752794
0.0,1683,3.866061255994201,0.6864192248948804
0.0,1684,3.867233456011668,0.6877358249144992
0.0,1685,3.868406056029141,0.689053624934136
0.0,1686,3.8695790560466206,0.6903726249537907
0.0,1687,3.870752456064105,0.6916928249734631
0.0,1688,3.871926256081596,0.6930142249931536
0.0,1689,3.873100456099093,0.6943368250128619
0.0,1690,3.874275056116596,0.6956606250325879
0.0,1691,3.875450056134105,0.6969856250523321
0.0,1692,3.8766254561516202,0.698311825072094
0.0,1693,3.877801256169141,0.6996392250918737
0.0,1694,3.8789774561866674,0.7009678251116714
0.0,1695,3.8801540562042005,0.7022976251314871
0.0,1696,3.881331056221739,0.7036286251513204
0.0,1697,3.8825084562392833,0.7049608251711718
0.0,1698,3.8836862562568335,0.7062942251910409
0.0,1699,3.884864456274391,0.7076288252109281
0.0,1700,3.8860430562919532,0.708964625230833
0.0,1701,3.8872220563095214,0.7103016252507559
0.0,1702,3.8884014563270957,0.7116398252706966
0.0,1703,3.8895812563446763,0.7129792252906553
0.0,1704,3.890761456362263,0.7143198253106318
0.0,1705,3.891942056379855,0.7156616253306262
0.0,1706,3.8931230563974535,0.7170046253506384
0.0,1707,3.8943044564150577,0.7183488253706686
0.0,1708,3.8954862564326675,0.7196942253907165
0.0,1709,3.8966684564502834,0.7210408254107825
0.0,1710,3.897851056467906,0.7223886254308662
0.0,1711,3.899034056485534,0.7237376254509679
0.0,1712,3.9002174565031686,0.7250878254710875
0.0,1713,3.9014012565208085,0.7264392254912249
0.0,1714,3.902585456538455,0.7277918255113802
0.0,1715,3.9037700565561066,0.7291456255315534
0.0,1716,3.9049550565737645,0.7305006255517446
0.0,1717,3.9061404565914284,0.7318568255719535
0.0,1718,3.907326256609098,0.7332142255921803
0.0,1719,3.9085124566267737,0.734572825612425
0.0,1720,3.9096990566444556,0.7359326256326877
0.0,1721,3.910886056662143,0.7372936256529681
0.0,1722,3.9120734566798365,0.7386558256732665
0.0,1723,3.913261256697536,0.7400192256935827
0.0,1724,3.914449456715242,0.7413838257139168
0.0,1725,3.9156380567329534,0.7427496257342688
0.0,1726,3.9168270567506713,0.7441166257546388
0.0,1727,3.9180164567683944,0.7454848257750265
0.0,1728,3.919206256786124,0.7468542257954321
0.0,1729,3.920396456803859,0.7482248258158557
0.0,1730,3.9215870568216005,0.749596625836297
0.0,1731,3.9227780568393475,0.7509696258567564
0.0,1732,3.9239694568571006,0.7523438258772337
0.0,1733,3.92516125687486,0.7537192258977286
0.0,1734,3.926353456892625,0.7550958259182416
0.0,1735,3.927546056910397,0.7564736259387723
0.0,1736,3.9287390569281735,0.757852625959321
0.0,1737,3.9299324569459566,0.7592328259798877
0.0,1738,3.9311262569637457,0.7606142260004721
0.0,1739,3.9323204569815404,0.7619968260210745
0.0,1740,3.9335150569993416,0.7633806260416947
0.0,1741,3.9347100570171483,0.7647656260623328
0.0,1742,3.935905457034961,0.7661518260829887
0.0,1743,3.9371012570527797,0.7675392261036625
0.0,1744,3.938297457070604,0.7689278261243543
0.0,1745,3.9394940570884347,0.7703176261450639
0.0,1746,3.9406910571062714,0.7717086261657915
0.0,1747,3.941888457124114,0.7731008261865369
0.0,1748,3.943086257141963,0.7744942262073002
0.0,1749,3.9442844571598172,0.7758888262280814
0.0,1750,3.945483057177678,0.7772846262488804
0.0,1751,3.9466820571955443,0.7786816262696973
0.0,1752,3.947881457213417,0.7800798262905322
0.0,1753,3.9490812572312954,0.7814792263113848
0.0,1754,3.9502814572491802,0.7828798263322554
0.0,1755,3.9514820572670706,0.7842816263531438
0.0,1756,3.952683057284966,0.78568462637405
0.0,1757,3.953884457302869,0.7870888263949744
0.0,1758,3.955086257320777,0.7884942264159165
0.0,1759,3.9562884573386907,0.7899008264368763
0.0,1760,3.957491057356611,0.7913086264578543
0.0,1761,3.9586940573745375,0.79271762647885
0.0,1762,3.9598974573924695,0.7941278264998637
0.0,1763,3.961101257410407,0.7955392265208951
0.0,1764,3.962305457428351,0.7969518265419444
0.0,1765,3.9635100574463014,0.7983656265630118
0.0,1766,3.9647150574642573,0.799780626584097
0.0,1767,3.965920457482219,0.8011968266051999
0.0,1768,3.967126257500187,0.8026142266263209
0.0,1769,3.9683324575181604,0.8040328266474597
0.0,1770,3.9695390575361404,0.8054526266686163
0.0,1771,3.9707460575541265,0.8068736266897909
0.0,1772,3.971953457572118,0.8082958267109832
0.0,1773,3.9731612575901156,0.8097192267321935
0.0,1774,3.9743694576081188,0.8111438267534217
0.0,1775,3.9755780576261284,0.8125696267746678
0.0,1776,3.9767870576441444,0.8139966267959319
0.0,1777,3.977996457662166,0.8154248268172137
0.0,1778,3.979206257680193,0.8168542268385134
0.0,1779,3.980416457698226,0.818284826859831
0.0,1780,3.981627057716266,0.8197166268811665
0.0,1781,3.9828380577343108,0.8211496269025198
0.0,1782,3.984049457752363,0.8225838269238912
0.0,1783,3.985261257770419,0.8240192269452802
0.0,1784,3.986473457788483,0.8254558269666872
0.0,1785,3.9876860578065516,0.826893626988112
0.0,1786,3.9888990578246273,0.8283326270095549
0.0,1787,3.9901124578427076,0.8297728270310155
0.0,1788,3.991326257860795,0.831214227052494
0.0,1789,3.992540457878888,0.8326568270739905
0.0,1790,3.993755057896987,0.8341006270955049
0.0,1791,3.9949700579150917,0.835545627117037
0.0,1792,3.9961854579332026,0.836991827138587
0.0,1793,3.99740125795132,0.8384392271601548
0.0,1794,3.9986174579694422,0.8398878271817407
0.0,1795,3.999834057987571,0.8413376272033444
0.0,1796,4.0010510580057055,0.8427886272249661
0.0,1797,4.002268458023846,0.8442408272466055
0.0,1798,4.003486258041993,0.8456942272682628
0.0,1799,4.004704458060146,0.8471488272899379
0.0,1800,4.005923058078304,0.8486046273116312
0.0,1801,4.007142058096468,0.8500616273333422
0.0,1802,4.008361458114639,0.851519827355071
0.0,1803,4.009581258132815,0.8529792273768178
0.0,1804,4.010801458150998,0.8544398273985824
0.0,1805,4.012022058169187,0.855901627420365
0.0,1806,4.013243058187381,0.8573646274421654
0.0,1807,4.014464458205581,0.8588288274639836
0.0,1808,4.015686258223788,0.8602942274858199
0.0,1809,4.016908458242,0.8617608275076738
0.0,1810,4.018131058260217,0.8632286275295458
0.0,1811,4.0193540582784415,0.8646976275514356
0.0,1812,4.020577458296671,0.8661678275733433
0.0,1813,4.021801258314908,0.8676392275952689
0.0,1814,4.02302545833315,0.8691118276172123
0.0,1815,4.024250058351398,0.8705856276391737
0.0,1816,4.0254750583696515,0.8720606276611528
0.0,1817,4.026700458387912,0.8735368276831499
0.0,1818,4.027926258406177,0.8750142277051649
0.0,1819,4.029152458424449,0.8764928277271977
0.0,1820,4.030379058442727,0.8779726277492486
0.0,1821,4.031606058461011,0.8794536277713172
0.0,1822,4.032833458479301,0.8809358277934036
0.0,1823,4.034061258497596,0.8824192278155081
0.0,1824,4.035289458515898,0.8839038278376303
0.0,1825,4.036518058534205,0.8853896278597704
0.0,1826,4.037747058552519,0.8868766278819284
0.0,1827,4.038976458570838,0.8883648279041043
0.0,1828,4.040206258589164,0.8898542279262982
0.0,1829,4.041436458607495,0.8913448279485099
0.0,1830,4.042667058625833,0.8928366279707394
0.0,1831,4.043898058644176,0.8943296279929869
0.0,1832,4.045129458662525,0.8958238280152521
0.0,1833,4.04636125868088,0.8973192280375353
0.0,1834,4.047593458699241,0.8988158280598364
0.0,1835,4.048826058717609,0.9003136280821553
0.0,1836,4.050059058735982,0.9018126281044921
0.0,1837,4.051292458754361,0.903312828126847
0.0,1838,4.052526258772746,0.9048142281492195
0.0,1839,4.053760458791137,0.90631682817161
0.0,1840,4.054995058809534,0.9078206281940183
0.0,1841,4.056230058827937,0.9093256282164446
0.0,1842,4.0574654588463455,0.9108318282388888
0.0,1843,4.058701258864761,0.9123392282613507
0.0,1844,4.059937458883182,0.9138478282838307
0.0,1845,4.061174058901608,0.9153576283063284
0.0,1846,4.062411058920041,0.9168686283288441
0.0,1847,4.06364845893848,0.9183808283513777
0.0,1848,4.064886258956925,0.9198942283739291
0.0,1849,4.066124458975375,0.9214088283964983
0.0,1850,4.067363058993832,0.9229246284190855
0.0,1851,4.068602059012294,0.9244416284416905
0.0,1852,4.069841459030763,0.9259598284643136
0.0,1853,4.071081259049237,0.9274792284869544
0.0,1854,4.072321459067718,0.928999828509613
0.0,1855,4.073562059086203,0.9305216285322896
0.0,1856,4.074803059104696,0.932044628554984
0.0,1857,4.076044459123194,0.9335688285776964
0.0,1858,4.077286259141699,0.9350942286004267
0.0,1859,4.078528459160209,0.9366208286231748
0.0,1860,4.079771059178725,0.9381486286459407
0.0,1861,4.081014059197248,0.9396776286687247
0.0,1862,4.082257459215775,0.9412078286915264
0.0,1863,4.083501259234309,0.942739228714346
0.0,1864,4.084745459252849,0.9442718287371835
0.0,1865,4.085990059271396,0.9458056287600389
0.0,1866,4.087235059289948,0.9473406287829123
0.0,1867,4.088480459308506,0.9488768288058034
0.0,1868,4.089726259327069,0.9504142288287124
0.0,1869,4.09097245934564,0.9519528288516393
0.0,1870,4.092219059364215,0.9534926288745842
0.0,1871,4.093466059382797,0.9550336288975468
0.0,1872,4.094713459401385,0.9565758289205275
0.0,1873,4.095961259419978,0.9581192289435259
0.0,1874,4.097209459438577,0.9596638289665421
0.0,1875,4.098458059457183,0.9612096289895764
0.0,1876,4.099707059475795,0.9627566290126286
0.0,1877,4.100956459494412,0.9643048290356985
0.0,1878,4.102206259513036,0.9658542290587864
0.0,1879,4.103456459531666,0.9674048290818921
0.0,1880,4.104707059550301,0.9689566291050158
0.0,1881,4.105958059568942,0.9705096291281573
0.0,1882,4.107209459587589,0.9720638291513166
0.0,1883,4.108461259606242,0.973619229174494
0.0,1884,4.109713459624902,0.9751758291976891
0.0,1885,4.110966059643567,0.9767336292209021
0.0,1886,4.112219059662238,0.9782926292441331
0.0,1887,4.113472459680915,0.9798528292673817
0.0,1888,4.114726259699598,0.9814142292906485
0.0,1889,4.115980459718288,0.9829768293139332
0.0,1890,4.1172350597369824,0.9845406293372354
0.0,1891,4.1184900597556835,0.9861056293605558
0.0,1892,4.11974545977439,0.987671829383894
0.0,1893,4.121001259793103,0.9892392294072501
0.0,1894,4.122257459811822,0.9908078294306241
0.0,1895,4.123514059830547,0.9923776294540159
0.0,1896,4.1247710598492775,0.9939486294774256
0.0,1897,4.126028459868014,0.9955208295008532
0.0,1898,4.127286259886757,0.9970942295242988
0.0,1899,4.1285444599055054,0.9986688295477619
0.0,1900,4.12980305992426,1.0002446295712433
0.0,1901,4.131062059943021,1.0018216295947424
0.0,1902,4.132321459961787,1.0033998296182594
0.0,1903,4.13358125998056,1.0049792296417945
0.0,1904,4.134841459999338,1.0065598296653473
0.0,1905,4.136102060018123,1.0081416296889179
0.0,1906,4.137363060036913,1.0097246297125064
0.0,1907,4.138624460055709,1.0113088297361128
0.0,1908,4.139886260074512,1.012894229759737
0.0,1909,4.141148460093319,1.0144808297833792
0.0,1910,4.142411060112134,1.0160686298070392
0.0,1911,4.143674060130954,1.0176576298307172
0.0,1912,4.14493746014978,1.019247829854413
0.0,1913,4.1462012601686125,1.0208392298781268
0.0,1914,4.14746546018745,1.0224318299018582
0.0,1915,4.148730060206294,1.0240256299256079
0.0,1916,4.1499950602251445,1.025620629949375
0.0,1917,4.151260460244,1.0272168299731603
0.0,1918,4.152526260262862,1.0288142299969634
0.0,1919,4.15379246028173,1.0304128300207847
0.0,1920,4.155059060300603,1.0320126300446233
0.0,1921,4.1563260603194845,1.0336136300684802
0.0,1922,4.1575934603383695,1.0352158300923548
0.0,1923,4.158861260357261,1.036819230116247
0.0,1924,4.160129460376158,1.0384238301401576
0.0,1925,4.161398060395062,1.040029630164086
0.0,1926,4.1626670604139715,1.041636630188032
0.0,1927,4.163936460432887,1.043244830211996
0.0,1928,4.165206260451808,1.044854230235978
0.0,1929,4.1664764604707365,1.046464830259978
0.0,1930,4.16774706048967,1.0480766302839957
0.0,1931,4.169018060508609,1.0496896303080312
0.0,1932,4.170289460527554,1.0513038303320845
0.0,1933,4.171561260546506,1.0529192303561559
0.0,1934,4.172833460565463,1.0545358303802452
0.0,1935,4.1741060605844265,1.0561536304043522
0.0,1936,4.175379060603396,1.0577726304284771
0.0,1937,4.17665246062237,1.0593928304526201
0.0,1938,4.177926260641351,1.061014230476781
0.0,1939,4.179200460660338,1.0626368305009595
0.0,1940,4.180475060679331,1.064260630525156
0.0,1941,4.181750060698331,1.0658856305493702
0.0,1942,4.183025460717336,1.0675118305736027
0.0,1943,4.184301260736347,1.0691392305978529
0.0,1944,4.185577460755363,1.0707678306221209
0.0,1945,4.186854060774387,1.0723976306464067
0.0,1946,4.188131060793415,1.0740286306707105
0.0,1947,4.18940846081245,1.0756608306950322
0.0,1948,4.190686260831491,1.0772942307193718
0.0,1949,4.191964460850537,1.0789288307437293
0.0,1950,4.19324306086959,1.0805646307681047
0.0,1951,4.194522060888648,1.0822016307924978
0.0,1952,4.195801460907713,1.0838398308169088
0.0,1953,4.197081260926784,1.085479230841338
0.0,1954,4.1983614609458595,1.0871198308657846
0.0,1955,4.199642060964942,1.0887616308902495
0.0,1956,4.200923060984031,1.090404630914732
0.0,1957,4.202204461003125,1.0920488309392324
0.0,1958,4.203486261022225,1.093694230963751
0.0,1959,4.204768461041332,1.095340830988287
0.0,1960,4.206051061060443,1.0969886310128412
0.0,1961,4.207334061079562,1.0986376310374133
0.0,1962,4.208617461098686,1.1002878310620032
0.0,1963,4.209901261117817,1.101939231086611
0.0,1964,4.211185461136952,1.1035918311112365
0.0,1965,4.212470061156094,1.10524563113588
0.0,1966,4.213755061175243,1.1069006311605416
0.0,1967,4.215040461194397,1.1085568311852207
0.0,1968,4.216326261213556,1.110214231209918
0.0,1969,4.217612461232722,1.111872831234633
0.0,1970,4.218899061251895,1.113532631259366
0.0,1971,4.220186061271072,1.1151936312841169
0.0,1972,4.221473461290255,1.1168558313088857
0.0,1973,4.222761261309445,1.1185192313336723
0.0,1974,4.224049461328641,1.1201838313584769
0.0,1975,4.225338061347842,1.121849631383299
0.0,1976,4.226627061367051,1.1235166314081395
0.0,1977,4.227916461386264,1.1251848314329973
0.0,1978,4.2292062614054835,1.1268542314578733
0.0,1979,4.230496461424709,1.1285248314827672
0.0,1980,4.23178706144394,1.130196631507679
0.0,1981,4.2330780614631776,1.1318696315326087
0.0,1982,4.234369461482421,1.1335438315575561
0.0,1983,4.23566126150167,1.1352192315825216
0.0,1984,4.236953461520925,1.1368958316075048
0.0,1985,4.2382460615401865,1.138573631632506
0.0,1986,4.239539061559454,1.140252631657525
0.0,1987,4.240832461578727,1.141932831682562
0.0,1988,4.242126261598006,1.1436142317076168
0.0,1989,4.243420461617291,1.1452968317326895
0.0,1990,4.244715061636582,1.14698063175778
0.0,1991,4.24601006165588,1.1486656317828887
0.0,1992,4.247305461675182,1.1503518318080148
0.0,1993,4.248601261694492,1.152039231833159
0.0,1994,4.249897461713806,1.153727831858321
0.0,1995,4.251194061733127,1.1554176318835012
0.0,1996,4.252491061752454,1.157108631908699
0.0,1997,4.253788461771787,1.158800831933915
0.0,1998,4.255086261791125,1.1604942319591485
0.0,1999,4.2563844618104705,1.1621888319843998
0.0,2000,4.2576830618298205,1.1638846320096692
0.0,2001,4.258982061849177,1.1655816320349566
0.0,2002,4.26028146186854,1.1672798320602618
0.0,2003,4.261581261887908,1.1689792320855847
0.0,2004,4.261581261887908,1.1689792320855847
0.0,2005,4.262880761907273,1.1706778321108957
0.0,2006,4.264179261926622,1.1723736321361653
0.0,2007,4.265476761945956,1.174066632161393
0.0,2008,4.266773261965275,1.1757568321865788
0.0,2009,4.26806876198458,1.1774442322117231
0.0,2010,4.269363262003869,1.1791288322368256
0.0,2011,4.270656762023144,1.1808106322618863
0.0,2012,4.271949262042404,1.1824896322869056
0.0,2013,4.273240762061648,1.1841658323118827
0.0,2014,4.274531262080878,1.1858392323368183
0.0,2015,4.2758207621000945,1.1875098323617121
0.0,2016,4.277109262119293,1.1891776323865644
0.0,2017,4.278396762138479,1.1908426324113748
0.0,2018,4.279683262157648,1.1925048324361436
0.0,2019,4.280968762176804,1.1941642324608706
0.0,2020,4.282253262195945,1.195820832485556
0.0,2021,4.283536762215071,1.1974746325101993
0.0,2022,4.284819262234181,1.199125632534801
0.0,2023,4.286100762253277,1.200773832559361
0.0,2024,4.287381262272358,1.2024192325838796
0.0,2025,4.288660762291424,1.204061832608356
0.0,2026,4.289939262310475,1.205701632632791
0.0,2027,4.291216762329511,1.2073386326571844
0.0,2028,4.292493262348533,1.2089728326815357
0.0,2029,4.29376876236754,1.2106042327058453
0.0,2030,4.295043262386531,1.2122328327301135
0.0,2031,4.296316762405507,1.2138586327543397
0.0,2032,4.297589262424469,1.2154816327785243
0.0,2033,4.298860762443416,1.2171018328026673
0.0,2034,4.300131262462347,1.2187192328267684
0.0,2035,4.301400762481265,1.2203338328508277
0.0,2036,4.302669262500167,1.2219456328748455
0.0,2037,4.303936762519054,1.2235546328988216
0.0,2038,4.305203262537926,1.2251608329227557
0.0,2039,4.306468762556784,1.2267642329466482
0.0,2040,4.307733262575626,1.2283648329704988
0.0,2041,4.308996762594455,1.2299626329943085
0.0,2042,4.310259262613267,1.2315576330180757
0.0,2043,4.311520762632065,1.2331498330418011
0.0,2044,4.312781262650849,1.2347392330654852
0.0,2045,4.314040762669616,1.2363258330891274
0.0,2046,4.315299262688369,1.2379096331127277
0.0,2047,4.316556762707107,1.2394906331362865
0.0,2048,4.3178132627258305,1.2410688331598037
0.0,2049,4.319068762744539,1.242644233183279
0.0,2050,4.320323262763233,1.2442168332067125
0.0,2051,4.321576762781911,1.2457866332301042
0.0,2052,4.322829262800576,1.2473536332534545
0.0,2053,4.324080762819224,1.2489178332767628
0.0,2054,4.3253312628378575,1.2504792333000294
0.0,2055,4.3265807628564765,1.2520378333232545
0.0,2056,4.32782926287508,1.2535936333464377
0.0,2057,4.32907676289367,1.255146633369579
0.0,2058,4.330323262912244,1.256696833392679
0.0,2059,4.331568762930804,1.2582442334157369
0.0,2060,4.332813262949348,1.2597888334387533
0.0,2061,4.334056762967878,1.2613306334617278
0.0,2062,4.335299262986393,1.2628696334846607
0.0,2063,4.336540763004892,1.2644058335075519
0.0,2064,4.337781263023377,1.2659392335304014
0.0,2065,4.339020763041846,1.267469833553209
0.0,2066,4.340259263060301,1.268997633575975
0.0,2067,4.341496763078742,1.2705226335986994
0.0,2068,4.342733263097167,1.2720448336213819
0.0,2069,4.343968763115578,1.2735642336440227
0.0,2070,4.345203263133973,1.275080833666622
0.0,2071,4.346436763152354,1.276594633689179
0.0,2072,4.34766926317072,1.2781056337116947
0.0,2073,4.348900763189071,1.2796138337341687
0.0,2074,4.350131263207406,1.281119233756601
0.0,2075,4.351360763225727,1.2826218337789916
0.0,2076,4.352589263244033,1.2841216338013401
0.0,2077,4.353816763262324,1.2856186338236473
0.0,2078,4.355043263280601,1.2871128338459124
0.0,2079,4.3562687632988615,1.288604233868136
0.0,2080,4.3574932633171075,1.290092833890318
0.0,2081,4.35871676333534,1.291578633912458
0.0,2082,4.3599392633535565,1.2930616339345566
0.0,2083,4.361160763371758,1.294541833956613
0.0,2084,4.362381263389945,1.296019233978628
0.0,2085,4.363600763408117,1.2974938340006015
0.0,2086,4.364819263426274,1.298965634022533
0.0,2087,4.366036763444416,1.3004346340444226
0.0,2088,4.367253263462543,1.301900834066271
0.0,2089,4.368468763480656,1.3033642340880771
0.0,2090,4.369683263498754,1.3048248341098418
0.0,2091,4.370896763516836,1.3062826341315648
0.0,2092,4.372109263534904,1.3077376341532463
0.0,2093,4.373320763552957,1.3091898341748855
0.0,2094,4.374531263570995,1.3106392341964834
0.0,2095,4.375740763589018,1.3120858342180393
0.0,2096,4.376949263607026,1.3135296342395537
0.0,2097,4.378156763625019,1.3149706342610263
0.0,2098,4.379363263642998,1.3164088342824571
0.0,2099,4.3805687636609605,1.3178442343038461
0.0,2100,4.381773263678909,1.3192768343251937
0.0,2101,4.382976763696843,1.3207066343464993
0.0,2102,4.384179263714761,1.3221336343677632
0.0,2103,4.385380763732665,1.3235578343889856
0.0,2104,4.386581263750554,1.324979234410166
0.0,2105,4.387780763768428,1.3263978344313048
0.0,2106,4.388979263786287,1.327813634452402
0.0,2107,4.390176763804131,1.3292266344734571
0.0,2108,4.3913732638219605,1.3306368344944708
0.0,2109,4.392568763839775,1.3320442345154428
0.0,2110,4.393763263857574,1.3334488345363729
0.0,2111,4.394956763875358,1.3348506345572613
0.0,2112,4.396149263893127,1.336249634578108
0.0,2113,4.397340763910883,1.337645834598913
0.0,2114,4.398531263928622,1.3390392346196764
0.0,2115,4.399720763946347,1.3404298346403978
0.0,2116,4.400909263964058,1.3418176346610777
0.0,2117,4.402096763981753,1.3432026346817159
0.0,2118,4.403283263999433,1.3445848347023124
0.0,2119,4.404468764017098,1.3459642347228669
0.0,2120,4.405653264034749,1.3473408347433797
0.0,2121,4.406836764052384,1.3487146347638512
0.0,2122,4.408019264070005,1.3500856347842805
0.0,2123,4.40920076408761,1.3514538348046683
0.0,2124,4.410381264105202,1.3528192348250143
0.0,2125,4.411560764122777,1.3541818348453185
0.0,2126,4.412739264140338,1.355541634865581
0.0,2127,4.413916764157885,1.3568986348858019
0.0,2128,4.4150932641754155,1.358252834905981
0.0,2129,4.416268764192933,1.3596042349261186
0.0,2130,4.4174432642104335,1.3609528349462143
0.0,2131,4.41861676422792,1.3622986349662682
0.0,2132,4.419789264245391,1.3636416349862803
0.0,2133,4.420960764262848,1.364981835006251
0.0,2134,4.4221312642802895,1.36631923502618
0.0,2135,4.423300764297717,1.3676538350460672
0.0,2136,4.424469264315129,1.3689856350659122
0.0,2137,4.425636764332526,1.370314635085716
0.0,2138,4.426803264349908,1.3716408351054779
0.0,2139,4.427968764367275,1.372964235125198
0.0,2140,4.429133264384627,1.3742848351448766
0.0,2141,4.430296764401966,1.3756026351645134
0.0,2142,4.431459264419288,1.3769176351841084
0.0,2143,4.432620764436596,1.3782298352036615
0.0,2144,4.433781264453888,1.3795392352231732
0.0,2145,4.4349407644711665,1.3808458352426431
0.0,2146,4.436099264488429,1.3821496352620712
0.0,2147,4.437256764505677,1.3834506352814575
0.0,2148,4.438413264522911,1.3847488353008024
0.0,2149,4.4395687645401285,1.3860442353201052
0.0,2150,4.440723264557332,1.3873368353393665
0.0,2151,4.44187676457452,1.388626635358586
0.0,2152,4.4430292645916944,1.3899136353777637
0.0,2153,4.444180764608852,1.3911978353968997
0.0,2154,4.445331264625997,1.3924792354159943
0.0,2155,4.446480764643125,1.3937578354350466
0.0,2156,4.44762926466024,1.3950336354540576
0.0,2157,4.448776764677339,1.396306635473027
0.0,2158,4.449923264694423,1.3975768354919542
0.0,2159,4.451068764711492,1.3988442355108401
0.0,2160,4.452213264728546,1.400108835529684
0.0,2161,4.453356764745585,1.4013706355484863
0.0,2162,4.45449926476261,1.402629635567247
0.0,2163,4.45564076477962,1.4038858355859658
0.0,2164,4.456781264796614,1.4051392356046428
0.0,2165,4.457920764813594,1.4063898356232782
0.0,2166,4.459059264830559,1.4076376356418718
0.0,2167,4.46019676484751,1.4088826356604238
0.0,2168,4.461333264864445,1.410124835678934
0.0,2169,4.462468764881365,1.4113642356974025
0.0,2170,4.46360326489827,1.4126008357158293
0.0,2171,4.464736764915161,1.4138346357342144
0.0,2172,4.465869264932036,1.415065635752558
0.0,2173,4.467000764948897,1.4162938357708594
0.0,2174,4.468131264965742,1.4175192357891193
0.0,2175,4.4692607649825735,1.4187418358073374
0.0,2176,4.4703892649993895,1.419961635825514
0.0,2177,4.47151676501619,1.4211786358436485
0.0,2178,4.472643265032977,1.4223928358617415
0.0,2179,4.473768765049748,1.423604235879793
0.0,2180,4.4748932650665045,1.4248128358978023
0.0,2181,4.476016765083246,1.4260186359157703
0.0,2182,4.477139265099972,1.4272216359336962
0.0,2183,4.478260765116684,1.4284218359515808
0.0,2184,4.479381265133381,1.4296192359694233
0.0,2185,4.4805007651500635,1.4308138359872244
0.0,2186,4.48161926516673,1.4320056360049835
0.0,2187,4.482736765183382,1.433194636022701
0.0,2188,4.483853265200019,1.4343808360403767
0.0,2189,4.4849687652166415,1.4355642360580108
0.0,2190,4.4860832652332485,1.4367448360756032
0.0,2191,4.487196765249841,1.4379226360931538
0.0,2192,4.488309265266419,1.4390976361106624
0.0,2193,4.489420765282981,1.4402698361281296
0.0,2194,4.49053126529953,1.4414392361455552
0.0,2195,4.491640765316062,1.4426058361629388
0.0,2196,4.49274926533258,1.4437696361802808
0.0,2197,4.493856765349083,1.4449306361975809
0.0,2198,4.494963265365572,1.4460888362148396
0.0,2199,4.496068765382045,1.4472442362320563
0.0,2200,4.497173265398502,1.4483968362492314
0.0,2201,4.498276765414946,1.4495466362663647
0.0,2202,4.499379265431375,1.4506936362834564
0.0,2203,4.500480765447788,1.4518378363005064
0.0,2204,4.501581265464187,1.4529792363175145
0.0,2205,4.502680765480571,1.454117836334481
0.0,2206,4.50377926549694,1.455253636351406
0.0,2207,4.504876765513294,1.456386636368289
0.0,2208,4.505973265529633,1.45751683638513
0.0,2209,4.507068765545958,1.4586442364019296
0.0,2210,4.508163265562266,1.4597688364186874
0.0,2211,4.509256765578561,1.4608906364354035
0.0,2212,4.51034926559484,1.4620096364520778
0.0,2213,4.5114407656111055,1.4631258364687105
0.0,2214,4.512531265627355,1.4642392364853016
0.0,2215,4.513620765643591,1.4653498365018511
0.0,2216,4.5147092656598105,1.4664576365183584
0.0,2217,4.515796765676016,1.4675626365348242
0.0,2218,4.516883265692205,1.4686648365512482
0.0,2219,4.51796876570838,1.4697642365676304
0.0,2220,4.519053265724541,1.4708608365839713
0.0,2221,4.520136765740686,1.47195463660027
0.0,2222,4.521219265756816,1.4730456366165272
0.0,2223,4.522300765772932,1.4741338366327428
0.0,2224,4.523381265789033,1.4752192366489165
0.0,2225,4.524460765805118,1.4763018366650487
0.0,2226,4.525539265821189,1.4773816366811388
0.0,2227,4.526616765837246,1.4784586366971872
0.0,2228,4.527693265853286,1.4795328367131941
0.0,2229,4.528768765869313,1.4806042367291592
0.0,2230,4.529843265885324,1.4816728367450827
0.0,2231,4.5309167659013205,1.4827386367609643
0.0,2232,4.531989265917302,1.4838016367768043
0.0,2233,4.533060765933269,1.4848618367926025
0.0,2234,4.53413126594922,1.485919236808359
0.0,2235,4.535200765965158,1.4869738368240737
0.0,2236,4.53626926598108,1.4880256368397466
0.0,2237,4.537336765996986,1.4890746368553782
0.0,2238,4.538403266012878,1.4901208368709675
0.0,2239,4.539468766028755,1.4911642368865154
0.0,2240,4.540533266044617,1.4922048369020218
0.0,2241,4.541596766060465,1.4932426369174863
0.0,2242,4.542659266076297,1.4942776369329087
0.0,2243,4.543720766092115,1.4953098369482896
0.0,2244,4.5447812661079166,1.4963392369636288
0.0,2245,4.545840766123705,1.4973658369789264
0.0,2246,4.546899266139478,1.498389636994182
0.0,2247,4.547956766155235,1.4994106370093963
0.0,2248,4.549013266170979,1.5004288370245686
0.0,2249,4.5500687661867065,1.5014442370396992
0.0,2250,4.551123266202421,1.5024568370547882
0.0,2251,4.5521767662181185,1.5034666370698355
0.0,2252,4.553229266233803,1.5044736370848408
0.0,2253,4.55428076624947,1.5054778370998048
0.0,2254,4.555331266265124,1.5064792371147266
0.0,2255,4.556380766280763,1.5074778371296071
0.0,2256,4.557429266296388,1.5084736371444456
0.0,2257,4.558476766311996,1.5094666371592425
0.0,2258,4.559523266327591,1.5104568371739975
0.0,2259,4.560568766343169,1.511444237188711
0.0,2260,4.561613266358734,1.5124288372033825
0.0,2261,4.562656766374283,1.5134106372180125
0.0,2262,4.563699266389817,1.5143896372326007
0.0,2263,4.564740766405337,1.5153658372471475
0.0,2264,4.565781266420841,1.5163392372616522
0.0,2265,4.566820766436331,1.5173098372761151
0.0,2266,4.567859266451807,1.5182776372905367
0.0,2267,4.568896766467266,1.5192426373049162
0.0,2268,4.569933266482711,1.520204837319254
0.0,2269,4.570968766498141,1.52116423733355
0.0,2270,4.572003266513557,1.5221208373478046
0.0,2271,4.573036766528957,1.5230746373620174
0.0,2272,4.574069266544343,1.5240256373761885
0.0,2273,4.5751007665597125,1.5249738373903177
0.0,2274,4.576131266575069,1.525919237404405
0.0,2275,4.577160766590409,1.526861837418451
0.0,2276,4.578189266605735,1.5278016374324552
0.0,2277,4.579216766621046,1.5287386374464176
0.0,2278,4.580243266636343,1.5296728374603383
0.0,2279,4.581268766651624,1.5306042374742173
0.0,2280,4.582293266666889,1.5315328374880544
0.0,2281,4.583316766682141,1.5324586375018499
0.0,2282,4.584339266697378,1.5333816375156037
0.0,2283,4.585360766712599,1.5343018375293158
0.0,2284,4.586381266727805,1.5352192375429858
0.0,2285,4.587400766742997,1.5361338375566147
0.0,2286,4.588419266758174,1.5370456375702015
0.0,2287,4.589436766773336,1.5379546375837467
0.0,2288,4.590453266788483,1.53886083759725
0.0,2289,4.591468766803615,1.539764237610712
0.0,2290,4.592483266818733,1.5406648376241319
0.0,2291,4.593496766833835,1.5415626376375102
0.0,2292,4.594509266848922,1.5424576376508465
0.0,2293,4.595520766863994,1.5433498376641412
0.0,2294,4.596531266879052,1.5442392376773946
0.0,2295,4.597540766894094,1.5451258376906059
0.0,2296,4.598549266909123,1.5460096377037755
0.0,2297,4.599556766924136,1.5468906377169034
0.0,2298,4.600563266939133,1.5477688377299896
0.0,2299,4.6015687669541165,1.548644237743034
0.0,2300,4.602573266969085,1.5495168377560367
0.0,2301,4.603576766984039,1.550386637768998
0.0,2302,4.604579266998977,1.551253637781917
0.0,2303,4.6055807670139,1.5521178377947948
0.0,2304,4.606581267028809,1.5529792378076306
0.0,2305,4.607580767043702,1.5538378378204247
0.0,2306,4.608579267058581,1.5546936378331773
0.0,2307,4.609576767073445,1.5555466378458878
0.0,2308,4.610573267088295,1.5563968378585569
0.0,2309,4.611568767103129,1.5572442378711842
0.0,2310,4.612563267117947,1.5580888378837696
0.0,2311,4.613556767132752,1.5589306378963133
0.0,2312,4.614549267147542,1.5597696379088155
0.0,2313,4.615540767162316,1.5606058379212757
0.0,2314,4.616531267177075,1.5614392379336945
0.0,2315,4.61752076719182,1.5622698379460713
0.0,2316,4.61850926720655,1.5630976379584065
0.0,2317,4.619496767221265,1.5639226379707
0.0,2318,4.620483267235965,1.5647448379829516
0.0,2319,4.621468767250651,1.565564237995162
0.0,2320,4.62245326726532,1.56638083800733
0.0,2321,4.623436767279975,1.5671946380194566
0.0,2322,4.624419267294615,1.5680056380315415
0.0,2323,4.625400767309242,1.5688138380435845
0.0,2324,4.626381267323852,1.569619238055586
0.0,2325,4.627360767338447,1.5704218380675457
0.0,2326,4.628339267353028,1.5712216380794637
0.0,2327,4.629316767367594,1.5720186380913397
0.0,2328,4.630293267382145,1.5728128381031743
0.0,2329,4.631268767396681,1.5736042381149673
0.0,2330,4.632243267411202,1.5743928381267183
0.0,2331,4.633216767425708,1.5751786381384274
0.0,2332,4.634189267440201,1.5759616381500954
0.0,2333,4.635160767454677,1.576741838161721
0.0,2334,4.636131267469138,1.5775192381733052
0.0,2335,4.6371007674835845,1.5782938381848475
0.0,2336,4.638069267498016,1.5790656381963484
0.0,2337,4.639036767512434,1.5798346382078075
0.0,2338,4.640003267526836,1.5806008382192247
0.0,2339,4.640968767541223,1.5813642382306001
0.0,2340,4.641933267555594,1.582124838241934
0.0,2341,4.642896767569952,1.582882638253226
0.0,2342,4.643859267584294,1.5836376382644763
0.0,2343,4.644820767598622,1.5843898382756851
0.0,2344,4.645781267612934,1.585139238286852
0.0,2345,4.646740767627232,1.5858858382979772
0.0,2346,4.647699267641515,1.5866296383090606
0.0,2347,4.648656767655783,1.5873706383201025
0.0,2348,4.649613267670036,1.5881088383311024
0.0,2349,4.650568767684273,1.5888442383420607
0.0,2350,4.651523267698497,1.5895768383529774
0.0,2351,4.652476767712705,1.5903066383638524
0.0,2352,4.6534292677268985,1.5910336383746855
0.0,2353,4.654380767741078,1.591757838385477
0.0,2354,4.6553312677552405,1.5924792383962263
0.0,2355,4.656280767769388,1.5931978384069345
0.0,2356,4.6572292677835225,1.5939136384176007
0.0,2357,4.658176767797642,1.5946266384282253
0.0,2358,4.659123267811745,1.595336838438808
0.0,2359,4.660068767825836,1.5960442384493492
0.0,2360,4.661013267839909,1.5967488384598485
0.0,2361,4.661956767853969,1.597450638470306
0.0,2362,4.6628992678680135,1.5981496384807221
0.0,2363,4.663840767882042,1.5988458384910964
0.0,2364,4.664781267896057,1.5995392385014287
0.0,2365,4.665720767910056,1.6002298385117193
0.0,2366,4.666659267924041,1.6009176385219686
0.0,2367,4.6675967679380115,1.6016026385321758
0.0,2368,4.668533267951966,1.6022848385423414
0.0,2369,4.669468767965906,1.602964238552465
0.0,2370,4.670403267979831,1.6036408385625474
0.0,2371,4.671336767993742,1.6043146385725877
0.0,2372,4.6722692680076365,1.6049856385825865
0.0,2373,4.673200768021516,1.6056538385925434
0.0,2374,4.674131268035382,1.6063192386024585
0.0,2375,4.675060768049233,1.606981838612332
0.0,2376,4.675989268063068,1.607641638622164
0.0,2377,4.6769167680768895,1.608298638631954
0.0,2378,4.677843268090696,1.6089528386417022
0.0,2379,4.6787687681044865,1.609604238651409
0.0,2380,4.679693268118263,1.6102528386610737
0.0,2381,4.680616768132024,1.610898638670697
0.0,2382,4.68153926814577,1.6115416386802783
0.0,2383,4.682460768159501,1.6121818386898181
0.0,2384,4.6833812681732185,1.6128192386993163
0.0,2385,4.68430076818692,1.6134538387087725
0.0,2386,4.685219268200607,1.614085638718187
0.0,2387,4.686136768214278,1.61471463872756
0.0,2388,4.687053268227935,1.6153408387368908
0.0,2389,4.687968768241577,1.6159642387461801
0.0,2390,4.688883268255204,1.616584838755428
0.0,2391,4.689796768268817,1.6172026387646339
0.0,2392,4.690709268282414,1.617817638773798
0.0,2393,4.691620768295996,1.6184298387829206
0.0,2394,4.692531268309564,1.6190392387920012
0.0,2395,4.693440768323116,1.6196458388010404
0.0,2396,4.694349268336655,1.6202496388100378
0.0,2397,4.695256768350177,1.6208506388189932
0.0,2398,4.6961632683636845,1.6214488388279071
0.0,2399,4.697068768377179,1.6220442388367795
0.0,2400,4.697973268390656,1.6226368388456096
0.0,2401,4.698876768404119,1.6232266388543986
0.0,2402,4.699779268417567,1.6238136388631457
0.0,2403,4.700680768431001,1.6243978388718507
0.0,2404,4.70158126844442,1.6249792388805142
0.0,2405,4.702480768457823,1.625557838889136
0.0,2406,4.7033792684712115,1.6261336388977161
0.0,2407,4.704276768484585,1.6267066389062546
0.0,2408,4.705173268497944,1.6272768389147512
0.0,2409,4.7060687685112885,1.6278442389232062
0.0,2410,4.706963268524617,1.6284088389316191
0.0,2411,4.707856768537932,1.6289706389399905
0.0,2412,4.708749268551231,1.6295296389483207
0.0,2413,4.709640768564515,1.6300858389566084
0.0,2414,4.710531268577785,1.6306392389648547
0.0,2415,4.711420768591039,1.6311898389730595
0.0,2416,4.712309268604279,1.6317376389812224
0.0,2417,4.713196768617504,1.6322826389893432
0.0,2418,4.714083268630714,1.6328248389974227
0.0,2419,4.714968768643908,1.6333642390054603
0.0,2420,4.715853268657089,1.6339008390134566
0.0,2421,4.716736768670254,1.6344346390214106
0.0,2422,4.717619268683404,1.6349656390293235
0.0,2423,4.71850076869654,1.635493839037194
0.0,2424,4.719381268709659,1.636019239045023
0.0,2425,4.720260768722765,1.6365418390528104
0.0,2426,4.721139268735856,1.6370616390605561
0.0,2427,4.722016768748932,1.6375786390682598
0.0,2428,4.722893268761993,1.638092839075922
0.0,2429,4.723768768775038,1.6386042390835425
0.0,2430,4.7246432687880695,1.6391128390911214
0.0,2431,4.725516768801086,1.6396186390986585
0.0,2432,4.726389268814087,1.6401216391061535
0.0,2433,4.727260768827073,1.640621839113607
0.0,2434,4.728131268840045,1.6411192391210188
0.0,2435,4.729000768853002,1.641613839128389
0.0,2436,4.729869268865944,1.6421056391357174
0.0,2437,4.73073676887887,1.6425946391430042
0.0,2438,4.7316032688917815,1.6430808391502492
0.0,2439,4.732468768904679,1.6435642391574523
0.0,2440,4.733333268917561,1.6440448391646139
0.0,2441,4.7341967689304285,1.6445226391717336
0.0,2442,4.73505926894328,1.6449976391788117
0.0,2443,4.735920768956118,1.645469839185848
0.0,2444,4.73678126896894,1.6459392391928427
0.0,2445,4.737640768981748,1.6464058391997956
0.0,2446,4.73849926899454,1.6468696392067068
0.0,2447,4.739356769007318,1.647330639213576
0.0,2448,4.740213269020081,1.6477888392204036
0.0,2449,4.741068769032829,1.6482442392271899
0.0,2450,4.741923269045562,1.648696839233934
0.0,2451,4.74277676905828,1.6491466392406366
0.0,2452,4.743629269070984,1.6495936392472974
0.0,2453,4.744480769083672,1.6500378392539163
0.0,2454,4.745331269096345,1.650479239260494
0.0,2455,4.746180769109003,1.6509178392670294
0.0,2456,4.747029269121647,1.6513536392735235
0.0,2457,4.747876769134276,1.6517866392799756
0.0,2458,4.74872326914689,1.6522168392863863
0.0,2459,4.749568769159488,1.652644239292755
0.0,2460,4.750413269172073,1.6530688392990818
0.0,2461,4.751256769184642,1.653490639305367
0.0,2462,4.7520992691971955,1.6539096393116108
0.0,2463,4.752940769209736,1.6543258393178126
0.0,2464,4.75378126922226,1.6547392393239728
0.0,2465,4.754620769234769,1.6551498393300912
0.0,2466,4.755459269247265,1.655557639336168
0.0,2467,4.756296769259744,1.6559626393422031
0.0,2468,4.757133269272209,1.6563648393481962
0.0,2469,4.757968769284659,1.6567642393541477
0.0,2470,4.758803269297093,1.6571608393600574
0.0,2471,4.759636769309513,1.6575546393659257
0.0,2472,4.760469269321919,1.6579456393717518
0.0,2473,4.761300769334309,1.6583338393775364
0.0,2474,4.762131269346685,1.6587192393832795
0.0,2475,4.762960769359045,1.6591018393889807
0.0,2476,4.763789269371391,1.65948163939464
0.0,2477,4.764616769383721,1.659858639400258
0.0,2478,4.765443269396037,1.6602328394058339
0.0,2479,4.766268769408338,1.660604239411368
0.0,2480,4.767093269420624,1.6609728394168606
0.0,2481,4.767916769432896,1.6613386394223117
0.0,2482,4.768739269445152,1.6617016394277206
0.0,2483,4.769560769457392,1.662061839433088
0.0,2484,4.7703812694696195,1.6624192394384139
0.0,2485,4.771200769481831,1.6627738394436977
0.0,2486,4.772019269494026,1.66312563944894
0.0,2487,4.772836769506209,1.6634746394541404
0.0,2488,4.773653269518376,1.6638208394592993
0.0,2489,4.774468769530528,1.6641642394644163
0.0,2490,4.775283269542665,1.6645048394694915
0.0,2491,4.776096769554787,1.6648426394745253
0.0,2492,4.776909269566894,1.6651776394795172
0.0,2493,4.777720769578987,1.6655098394844672
0.0,2494,4.778531269591063,1.6658392394893755
0.0,2495,4.779340769603126,1.6661658394942422
0.0,2496,4.7801492696151735,1.6664896394990674
0.0,2497,4.780956769627206,1.6668106395038507
0.0,2498,4.7817632696392245,1.6671288395085924
0.0,2499,4.782568769651227,1.667444239513292
0.0,2500,4.783373269663215,1.66775683951795
0.0,2501,4.784176769675189,1.6680666395225667
0.0,2502,4.784979269687146,1.6683736395271411
0.0,2503,4.78578076969909,1.6686778395316741
0.0,2504,4.786581269711018,1.6689792395361653
0.0,2505,4.786581269711018,1.6689792395361653
0.0,2506,4.787380569722929,1.6692798395406445
0.0,2507,4.788178469734818,1.669581639545142
0.0,2508,4.788974969746687,1.669884639549657
0.0,2509,4.789770069758536,1.6701888395541897
0.0,2510,4.790563769770362,1.6704942395587405
0.0,2511,4.791356069782169,1.6708008395633094
0.0,2512,4.792146969793953,1.6711086395678958
0.0,2513,4.792936469805717,1.6714176395725004
0.0,2514,4.793724569817461,1.6717278395771225
0.0,2515,4.794511269829184,1.6720392395817627
0.0,2516,4.795296569840886,1.6723518395864208
0.0,2517,4.796080469852567,1.6726656395910968
0.0,2518,4.796862969864227,1.672980639595791
0.0,2519,4.797644069875867,1.6732968396005026
0.0,2520,4.798423769887485,1.673614239605232
0.0,2521,4.799202069899082,1.67393283960998
0.0,2522,4.799978969910659,1.6742526396147452
0.0,2523,4.800754469922214,1.6745736396195283
0.0,2524,4.801528569933749,1.6748958396243294
0.0,2525,4.802301269945264,1.6752192396291485
0.0,2526,4.803072569956757,1.6755438396339852
0.0,2527,4.80384246996823,1.6758696396388402
0.0,2528,4.804610969979682,1.6761966396437127
0.0,2529,4.805378069991111,1.6765248396486034
0.0,2530,4.806143770002522,1.6768542396535118
0.0,2531,4.80690807001391,1.6771848396584381
0.0,2532,4.807670970025279,1.6775166396633825
0.0,2533,4.808432470036626,1.6778496396683444
0.0,2534,4.809192570047953,1.6781838396733244
0.0,2535,4.8099512700592575,1.6785192396783222
0.0,2536,4.810708570070543,1.6788558396833377
0.0,2537,4.811464470081806,1.6791936396883715
0.0,2538,4.812218970093049,1.6795326396934231
0.0,2539,4.81297207010427,1.6798728396984923
0.0,2540,4.813723770115472,1.6802142397035797
0.0,2541,4.814474070126653,1.6805568397086847
0.0,2542,4.815222970137813,1.6809006397138082
0.0,2543,4.815970470148952,1.6812456397189492
0.0,2544,4.816716570160069,1.6815918397241079
0.0,2545,4.817461270171165,1.6819392397292845
0.0,2546,4.8182045701822425,1.682287839734479
0.0,2547,4.818946470193297,1.6826376397396916
0.0,2548,4.819686970204332,1.6829886397449219
0.0,2549,4.820426070215345,1.6833408397501697
0.0,2550,4.821163770226338,1.6836942397554362
0.0,2551,4.82190007023731,1.68404883976072
0.0,2552,4.82263497024826,1.6844046397660217
0.0,2553,4.82336847025919,1.6847616397713416
0.0,2554,4.824100570270099,1.685119839776679
0.0,2555,4.8248312702809875,1.6854792397820346
0.0,2556,4.825560570291855,1.6858398397874077
0.0,2557,4.8262884703027025,1.6862016397927992
0.0,2558,4.827014970313527,1.6865646397982081
0.0,2559,4.8277400703243325,1.6869288398036353
0.0,2560,4.828463770335117,1.6872942398090802
0.0,2561,4.829186070345878,1.6876608398145427
0.0,2562,4.829906970356621,1.6880286398200235
0.0,2563,4.830626470367343,1.6883976398255223
0.0,2564,4.831344570378043,1.6887678398310384
0.0,2565,4.8320612703887225,1.6891392398365728
0.0,2566,4.832776570399382,1.689511839842125
0.0,2567,4.833490470410019,1.689885639847695
0.0,2568,4.834202970420637,1.690260639853283
0.0,2569,4.834914070431233,1.6906368398588887
0.0,2570,4.835623770441808,1.6910142398645125
0.0,2571,4.836332070452363,1.6913928398701539
0.0,2572,4.8370389704628955,1.6917726398758135
0.0,2573,4.8377444704734085,1.6921536398814907
0.0,2574,4.838448570483901,1.692535839887186
0.0,2575,4.839151270494371,1.692919239892899
0.0,2576,4.839852570504822,1.69330383989863
0.0,2577,4.840552470515251,1.693689639904379
0.0,2578,4.8412509705256594,1.6940766399101457
0.0,2579,4.841948070536048,1.6944648399159303
0.0,2580,4.842643770546414,1.6948542399217328
0.0,2581,4.843338070556761,1.6952448399275533
0.0,2582,4.844030970567085,1.6956366399333915
0.0,2583,4.8447224705773895,1.6960296399392476
0.0,2584,4.845412570587673,1.6964238399451217
0.0,2585,4.846101270597935,1.6968192399510134
0.0,2586,4.846788570608177,1.6972158399569235
0.0,2587,4.847474470618398,1.6976136399628512
0.0,2588,4.848158970628597,1.6980126399687965
0.0,2589,4.848842070638776,1.6984128399747602
0.0,2590,4.849523770648934,1.6988142399807415
0.0,2591,4.850204070659071,1.6992168399867404
0.0,2592,4.850882970669188,1.6996206399927576
0.0,2593,4.851560470679284,1.7000256399987932
0.0,2594,4.852236570689358,1.700431840004846
0.0,2595,4.852911270699413,1.7008392400109162
0.0,2596,4.853584570709446,1.7012478400170052
0.0,2597,4.8542564707194575,1.7016576400231118
0.0,2598,4.854926970729449,1.702068640029236
0.0,2599,4.855596070739418,1.7024808400353781
0.0,2600,4.856263770749369,1.7028942400415386
0.0,2601,4.856930070759298,1.7033088400477165
0.0,2602,4.857594970769205,1.7037246400539123
0.0,2603,4.858258470779092,1.7041416400601261
0.0,2604,4.858920570788958,1.7045598400663577
0.0,2605,4.859581270798804,1.7049792400726074
0.0,2606,4.860240570808627,1.7053998400788748
0.0,2607,4.86089847081843,1.7058216400851602
0.0,2608,4.861554970828213,1.7062446400914633
0.0,2609,4.862210070837975,1.7066688400977843
0.0,2610,4.862863770847716,1.7070942401041234
0.0,2611,4.863516070857436,1.7075208401104802
0.0,2612,4.864166970867135,1.7079486401168547
0.0,2613,4.864816470876813,1.7083776401232473
0.0,2614,4.865464570886471,1.7088078401296578
0.0,2615,4.866111270896108,1.709239240136086
0.0,2616,4.866756570905723,1.7096718401425326
0.0,2617,4.867400470915318,1.7101056401489965
0.0,2618,4.868042970924892,1.7105406401554786
0.0,2619,4.868684070934445,1.7109768401619785
0.0,2620,4.869323770943977,1.7114142401684962
0.0,2621,4.869962070953489,1.7118528401750317
0.0,2622,4.87059897096298,1.7122926401815852
0.0,2623,4.871234470972449,1.7127336401881568
0.0,2624,4.871868570981898,1.7131758401947461
0.0,2625,4.872501270991326,1.7136192402013533
0.0,2626,4.873132571000733,1.7140638402079782
0.0,2627,4.873762471010119,1.7145096402146212
0.0,2628,4.874390971019484,1.7149566402212821
0.0,2629,4.875018071028829,1.7154048402279607
0.0,2630,4.8756437710381535,1.7158542402346573
0.0,2631,4.876268071047455,1.7163048402413719
0.0,2632,4.876890971056738,1.716756640248104
0.0,2633,4.877512471065998,1.7172096402548542
0.0,2634,4.878132571075238,1.7176638402616222
0.0,2635,4.878751271084457,1.7181192402684082
0.0,2636,4.879368571093656,1.7185758402752123
0.0,2637,4.8799844711028335,1.719033640282034
0.0,2638,4.880598971111991,1.7194926402888737
0.0,2639,4.881212071121126,1.7199528402957311
0.0,2640,4.881823771130242,1.7204142403026066
0.0,2641,4.882434071139336,1.7208768403095
0.0,2642,4.883042971148409,1.7213406403164113
0.0,2643,4.883650471157462,1.7218056403233402
0.0,2644,4.884256571166493,1.722271840330287
0.0,2645,4.884861271175504,1.7227392403372517
0.0,2646,4.885464571184493,1.7232078403442346
0.0,2647,4.886066471193463,1.7236776403512353
0.0,2648,4.886666971202411,1.7241486403582533
0.0,2649,4.887266071211339,1.7246208403652896
0.0,2650,4.887863771220244,1.725094240372344
0.0,2651,4.8884600712291295,1.7255688403794158
0.0,2652,4.889054971237995,1.7260446403865057
0.0,2653,4.889648471246839,1.7265216403936137
0.0,2654,4.890240571255661,1.7269998404007396
0.0,2655,4.890831271264464,1.7274792404078831
0.0,2656,4.891420571273245,1.7279598404150445
0.0,2657,4.892008471282005,1.728441640422224
0.0,2658,4.892594971290745,1.7289246404294212
0.0,2659,4.893180071299463,1.7294088404366363
0.0,2660,4.893763771308162,1.729894240443869
0.0,2661,4.894346071316838,1.7303808404511203
0.0,2662,4.894926971325494,1.730868640458389
0.0,2663,4.895506471334129,1.7313576404656756
0.0,2664,4.896084571342745,1.7318478404729805
0.0,2665,4.896661271351337,1.7323392404803026
0.0,2666,4.89723657135991,1.732831840487643
0.0,2667,4.897810471368461,1.7333256404950015
0.0,2668,4.898382971376992,1.7338206405023773
0.0,2669,4.898954071385502,1.7343168405097713
0.0,2670,4.8995237713939925,1.7348142405171834
0.0,2671,4.900092071402461,1.735312840524613
0.0,2672,4.900658971410907,1.7358126405320604
0.0,2673,4.901224471419334,1.7363136405395259
0.0,2674,4.9017885714277405,1.7368158405470093
0.0,2675,4.902351271436125,1.7373192405545104
0.0,2676,4.902912571444489,1.7378238405620297
0.0,2677,4.903472471452832,1.7383296405695667
0.0,2678,4.904030971461154,1.7388366405771216
0.0,2679,4.904588071469456,1.7393448405846943
0.0,2680,4.905143771477737,1.7398542405922848
0.0,2681,4.905698071485996,1.7403648405998937
0.0,2682,4.906250971494235,1.74087664060752
0.0,2683,4.906802471502454,1.7413896406151643
0.0,2684,4.907352571510651,1.7419038406228267
0.0,2685,4.907901271518828,1.7424192406305066
0.0,2686,4.908448571526982,1.7429358406382045
0.0,2687,4.908994471535117,1.7434536406459205
0.0,2688,4.90953897154323,1.743972640653654
0.0,2689,4.910082071551323,1.7444928406614055
0.0,2690,4.910623771559395,1.745014240669175
0.0,2691,4.911164071567446,1.7455368406769622
0.0,2692,4.911702971575477,1.7460606406847676
0.0,2693,4.912240471583487,1.7465856406925908
0.0,2694,4.912776571591475,1.7471118407004318
0.0,2695,4.913311271599442,1.7476392407082908
0.0,2696,4.913844571607389,1.7481678407161674
0.0,2697,4.914376471615315,1.7486976407240622
0.0,2698,4.91490697162322,1.7492286407319746
0.0,2699,4.915436071631104,1.7497608407399048
0.0,2700,4.9159637716389675,1.7502942407478532
0.0,2701,4.91649007164681,1.7508288407558195
0.0,2702,4.9170149716546305,1.7513646407638035
0.0,2703,4.917538471662432,1.7519016407718055
0.0,2704,4.918060571670212,1.7524398407798252
0.0,2705,4.918581271677971,1.7529792407878628
0.0,2706,4.919100571685709,1.7535198407959185
0.0,2707,4.919618471693426,1.754061640803992
0.0,2708,4.920134971701123,1.7546046408120834
0.0,2709,4.920650071708799,1.7551488408201923
0.0,2710,4.921163771716454,1.7556942408283194
0.0,2711,4.921676071724087,1.7562408408364645
0.0,2712,4.9221869717317,1.7567886408446274
0.0,2713,4.922696471739292,1.757337640852808
0.0,2714,4.923204571746864,1.7578878408610068
0.0,2715,4.9237112717544145,1.7584392408692235
0.0,2716,4.924216571761945,1.7589918408774579
0.0,2717,4.9247204717694535,1.75954564088571
0.0,2718,4.9252229717769405,1.7601006408939803
0.0,2719,4.925724071784408,1.760656840902268
0.0,2720,4.926223771791854,1.761214240910574
0.0,2721,4.926722071799279,1.761772840918898
0.0,2722,4.927218971806684,1.7623326409272395
0.0,2723,4.927714471814067,1.762893640935599
0.0,2724,4.928208571821429,1.7634558409439767
0.0,2725,4.928701271828771,1.7640192409523718
0.0,2726,4.929192571836092,1.7645838409607852
0.0,2727,4.9296824718433925,1.7651496409692162
0.0,2728,4.930170971850671,1.765716640977665
0.0,2729,4.93065807185793,1.766284840986132
0.0,2730,4.931143771865168,1.7668542409946166
0.0,2731,4.931628071872384,1.7674248410031193
0.0,2732,4.932110971879579,1.76799664101164
0.0,2733,4.932592471886755,1.768569641020178
0.0,2734,4.933072571893909,1.7691438410287343
0.0,2735,4.933551271901043,1.7697192410373086
0.0,2736,4.934028571908154,1.7702958410459007
0.0,2737,4.934504471915246,1.7708736410545105
0.0,2738,4.934978971922317,1.7714526410631382
0.0,2739,4.935452071929367,1.772032841071784
0.0,2740,4.9359237719363955,1.7726142410804473
0.0,2741,4.936394071943403,1.773196841089129
0.0,2742,4.93686297195039,1.773780641097828
0.0,2743,4.937330471957357,1.7743656411065454
0.0,2744,4.937796571964302,1.7749518411152803
0.0,2745,4.938261271971227,1.775539241124033
0.0,2746,4.93872457197813,1.7761278411328039
0.0,2747,4.939186471985012,1.7767176411415926
0.0,2748,4.939646971991874,1.777308641150399
0.0,2749,4.9401060719987155,1.7779008411592236
0.0,2750,4.940563772005536,1.778494241168066
0.0,2751,4.941020072012336,1.7790888411769261
0.0,2752,4.941474972019114,1.7796846411858043
0.0,2753,4.941928472025872,1.7802816411947004
0.0,2754,4.942380572032608,1.780879841203614
0.0,2755,4.942831272039324,1.781479241212546
0.0,2756,4.943280572046019,1.7820798412214955
0.0,2757,4.943728472052694,1.7826816412304631
0.0,2758,4.944174972059347,1.7832846412394483
0.0,2759,4.944620072065979,1.7838888412484517
0.0,2760,4.945063772072591,1.7844942412574727
0.0,2761,4.945506072079182,1.785100841266512
0.0,2762,4.945946972085752,1.7857086412755687
0.0,2763,4.946386472092301,1.7863176412846438
0.0,2764,4.946824572098829,1.7869278412937364
0.0,2765,4.947261272105337,1.787539241302847
0.0,2766,4.9476965721118225,1.7881518413119755
0.0,2767,4.948130472118288,1.788765641321122
0.0,2768,4.9485629721247335,1.7893806413302857
0.0,2769,4.948994072131158,1.7899968413394682
0.0,2770,4.9494237721375605,1.790614241348668
0.0,2771,4.949852072143942,1.791232841357886
0.0,2772,4.950278972150304,1.7918526413671216
0.0,2773,4.950704472156644,1.7924736413763753
0.0,2774,4.951128572162964,1.793095841385647
0.0,2775,4.9515512721692625,1.7937192413949363
0.0,2776,4.95197257217554,1.7943438414042432
0.0,2777,4.952392472181797,1.7949696414135685
0.0,2778,4.952810972188034,1.7955966414229116
0.0,2779,4.953228072194249,1.7962248414322728
0.0,2780,4.953643772200444,1.7968542414416513
0.0,2781,4.9540580722066165,1.797484841451048
0.0,2782,4.9544709722127696,1.7981166414604628
0.0,2783,4.954882472218902,1.7987496414698951
0.0,2784,4.955292572225012,1.7993838414793455
0.0,2785,4.955701272231103,1.8000192414888136
0.0,2786,4.956108572237172,1.8006558414982996
0.0,2787,4.95651447224322,1.8012936415078034
0.0,2788,4.956918972249248,1.8019326415173254
0.0,2789,4.957322072255255,1.8025728415268651
0.0,2790,4.9577237722612395,1.8032142415364227
0.0,2791,4.958124072267204,1.8038568415459981
0.0,2792,4.958522972273149,1.8045006415555918
0.0,2793,4.958920472279072,1.8051456415652027
0.0,2794,4.959316572284974,1.8057918415748317
0.0,2795,4.959711272290856,1.806439241584479
0.0,2796,4.960104572296717,1.807087841594144
0.0,2797,4.960496472302556,1.8077376416038264
0.0,2798,4.9608869723083755,1.808388641613527
0.0,2799,4.961276072314173,1.8090408416232457
0.0,2800,4.961663772319951,1.8096942416329822
0.0,2801,4.962050072325707,1.8103488416427365
0.0,2802,4.962434972331443,1.811004641652509
0.0,2803,4.9628184723371565,1.8116616416622988
0.0,2804,4.963200572342851,1.8123198416721067
0.0,2805,4.963581272348524,1.8129792416819324
0.0,2806,4.963960572354175,1.813639841691776
0.0,2807,4.964338472359806,1.8143016417016378
0.0,2808,4.964714972365417,1.814964641711517
0.0,2809,4.965090072371007,1.8156288417214148
0.0,2810,4.965463772376575,1.8162942417313297
0.0,2811,4.965836072382123,1.8169608417412628
0.0,2812,4.966206972387649,1.817628641751214
0.0,2813,4.966576472393156,1.8182976417611831
0.0,2814,4.96694457239864,1.8189678417711694
0.0,2815,4.967311272404105,1.8196392417811742
0.0,2816,4.967676572409548,1.8203118417911968
0.0,2817,4.9680404724149705,1.8209856418012373
0.0,2818,4.968402972420372,1.8216606418112955
0.0,2819,4.968764072425753,1.8223368418213717
0.0,2820,4.969123772431113,1.8230142418314657
0.0,2821,4.969482072436453,1.8236928418415776
0.0,2822,4.969838972441771,1.8243726418517074
0.0,2823,4.9701944724470675,1.825053641861855
0.0,2824,4.970548572452344,1.8257358418720206
0.0,2825,4.9709012724576,1.826419241882204
0.0,2826,4.971252572462834,1.8271038418924055
0.0,2827,4.971602472468049,1.827789641902625
0.0,2828,4.971950972473241,1.8284766419128617
0.0,2829,4.972298072478414,1.8291648419231166
0.0,2830,4.972643772483565,1.8298542419333896
0.0,2831,4.972988072488695,1.8305448419436803
0.0,2832,4.973330972493805,1.8312366419539892
0.0,2833,4.973672472498894,1.8319296419643156
0.0,2834,4.974012572503962,1.8326238419746599
0.0,2835,4.9743512725090095,1.8333192419850222
0.0,2836,4.974688572514035,1.8340158419954022
0.0,2837,4.97502447251904,1.8347136420058006
0.0,2838,4.975358972524025,1.8354126420162165
0.0,2839,4.9756920725289895,1.8361128420266501
0.0,2840,4.976023772533932,1.8368142420371019
0.0,2841,4.976354072538853,1.8375168420475712
0.0,2842,4.976682972543754,1.8382206420580587
0.0,2843,4.977010472548635,1.8389256420685642
0.0,2844,4.977336572553494,1.8396318420790871
0.0,2845,4.977661272558332,1.8403392420896285
0.0,2846,4.97798457256315,1.8410478421001875
0.0,2847,4.978306472567946,1.841757642110764
0.0,2848,4.978626972572722,1.842468642121359
0.0,2849,4.978946072577477,1.8431808421319715
0.0,2850,4.979263772582211,1.843894242142602
0.0,2851,4.9795800725869235,1.8446088421532503
0.0,2852,4.979894972591616,1.8453246421639165
0.0,2853,4.980208472596288,1.8460416421746006
0.0,2854,4.9805205726009385,1.8467598421853029
0.0,2855,4.980831272605569,1.8474792421960227
0.0,2856,4.981140572610177,1.8481998422067605
0.0,2857,4.981448472614765,1.8489216422175159
0.0,2858,4.981754972619333,1.8496446422282897
0.0,2859,4.982060072623879,1.850368842239081
0.0,2860,4.982363772628405,1.8510942422498906
0.0,2861,4.9826660726329095,1.8518208422607176
0.0,2862,4.982966972637392,1.8525486422715625
0.0,2863,4.983266472641857,1.8532776422824258
0.0,2864,4.983564572646298,1.8540078422933064
0.0,2865,4.983861272650719,1.854739242304205
0.0,2866,4.984156572655119,1.8554718423151217
0.0,2867,4.984450472659498,1.856205642326056
0.0,2868,4.984742972663858,1.8569406423370085
0.0,2869,4.985034072668196,1.8576768423479788
0.0,2870,4.985323772672512,1.858414242358967
0.0,2871,4.985612072676808,1.8591528423699728
0.0,2872,4.985898972681083,1.8598926423809967
0.0,2873,4.986184472685338,1.8606336423920384
0.0,2874,4.986468572689571,1.8613758424030982
0.0,2875,4.986751272693784,1.8621192424141757
0.0,2876,4.9870325726979745,1.8628638424252708
0.0,2877,4.987312472702146,1.8636096424363844
0.0,2878,4.987590972706296,1.8643566424475155
0.0,2879,4.987868072710425,1.8651048424586645
0.0,2880,4.988143772714533,1.8658542424698314
0.0,2881,4.988418072718621,1.8666048424810162
0.0,2882,4.988690972722687,1.867356642492219
0.0,2883,4.988962472726733,1.8681096425034398
0.0,2884,4.989232572730757,1.868863842514678
0.0,2885,4.989501272734762,1.8696192425259344
0.0,2886,4.989768572738745,1.8703758425372086
0.0,2887,4.990034472742707,1.8711336425485006
0.0,2888,4.990298972746649,1.8718926425598106
0.0,2889,4.990562072750569,1.8726528425711386
0.0,2890,4.990823772754468,1.8734142425824842
0.0,2891,4.991084072758348,1.8741768425938479
0.0,2892,4.991342972762205,1.8749406426052293
0.0,2893,4.991600472766042,1.8757056426166288
0.0,2894,4.9918565727698585,1.876471842628046
0.0,2895,4.992111272773654,1.8772392426394813
0.0,2896,4.9923645727774275,1.8780078426509343
0.0,2897,4.992616472781182,1.8787776426624054
0.0,2898,4.992866972784914,1.8795486426738939
0.0,2899,4.993116072788626,1.8803208426854008
0.0,2900,4.993363772792318,1.8810942426969253
0.0,2901,4.993610072795987,1.8818688427084675
0.0,2902,4.993854972799637,1.882644642720028
0.0,2903,4.994098472803265,1.8834216427316062
0.0,2904,4.994340572806872,1.884199842743202
0.0,2905,4.99458127281046,1.8849792427548162
0.0,2906,4.994820572814025,1.8857598427664484
0.0,2907,4.99505847281757,1.8865416427780977
0.0,2908,4.995294972821094,1.8873246427897654
0.0,2909,4.9955300728245975,1.888108842801451
0.0,2910,4.99576377282808,1.888894242813154
0.0,2911,4.995996072831542,1.8896808428248755
0.0,2912,4.996226972834982,1.8904686428366144
0.0,2913,4.996456472838402,1.8912576428483716
0.0,2914,4.996684572841801,1.8920478428601464
0.0,2915,4.996911272845179,1.8928392428719394
0.0,2916,4.997136572848536,1.8936318428837497
0.0,2917,4.997360472851873,1.8944256428955786
0.0,2918,4.997582972855189,1.8952206429074248
0.0,2919,4.997804072858483,1.896016842919289
0.0,2920,4.998023772861757,1.8968142429311712
0.0,2921,4.99824207286501,1.8976128429430714
0.0,2922,4.998458972868241,1.8984126429549895
0.0,2923,4.998674472871453,1.8992136429669255
0.0,2924,4.998888572874644,1.900015842978879
0.0,2925,4.999101272877812,1.9008192429908504
0.0,2926,4.999312572880961,1.9016238430028398
0.0,2927,4.999522472884089,1.9024296430148475
0.0,2928,4.999730972887195,1.9032366430268723
0.0,2929,4.999938072890282,1.9040448430389159
0.0,2930,5.000143772893347,1.9048542430509765
0.0,2931,5.000348072896392,1.9056648430630556
0.0,2932,5.000550972899415,1.9064766430751523
0.0,2933,5.000752472902417,1.9072896430872668
0.0,2934,5.000952572905399,1.9081038430993993
0.0,2935,5.00115127290836,1.9089192431115498
0.0,2936,5.0013485729113,1.909735843123718
0.0,2937,5.001544472914219,1.9105536431359043
0.0,2938,5.001738972917117,1.9113726431481084
0.0,2939,5.001932072919995,1.9121928431603306
0.0,2940,5.002123772922851,1.9130142431725703
0.0,2941,5.002314072925687,1.9138368431848278
0.0,2942,5.002502972928502,1.9146606431971034
0.0,2943,5.002690472931295,1.9154856432093967
0.0,2944,5.002876572934069,1.9163118432217083
0.0,2945,5.003061272936821,1.9171392432340373
0.0,2946,5.003244572939553,1.9179678432463847
0.0,2947,5.003426472942263,1.9187976432587497
0.0,2948,5.003606972944953,1.9196286432711325
0.0,2949,5.003786072947622,1.9204608432835333
0.0,2950,5.00396377295027,1.9212942432959519
0.0,2951,5.004140072952897,1.9221288433083883
0.0,2952,5.004314972955503,1.9229646433208427
0.0,2953,5.004488472958088,1.9238016433333152
0.0,2954,5.004660572960653,1.9246398433458052
0.0,2955,5.004831272963196,1.9254792433583132
0.0,2956,5.005000572965718,1.926319843370839
0.0,2957,5.00516847296822,1.927161643383383
0.0,2958,5.005334972970702,1.9280046433959446
0.0,2959,5.005500072973162,1.9288488434085242
0.0,2960,5.005663772975601,1.9296942434211215
0.0,2961,5.005826072978021,1.930540843433737
0.0,2962,5.005986972980418,1.93138864344637
0.0,2963,5.006146472982794,1.9322376434590212
0.0,2964,5.00630457298515,1.93308784347169
0.0,2965,5.006461272987486,1.933939243484377
0.0,2966,5.006616572989799,1.9347918434970817
0.0,2967,5.006770472992093,1.9356456435098044
0.0,2968,5.006922972994365,1.936500643522545
0.0,2969,5.007074072996616,1.9373568435353032
0.0,2970,5.007223772998848,1.9382142435480794
0.0,2971,5.007372073001057,1.9390728435608735
0.0,2972,5.007518973003247,1.9399326435736857
0.0,2973,5.0076644730054145,1.9407936435865154
0.0,2974,5.007808573007561,1.9416558435993634
0.0,2975,5.007951273009688,1.9425192436122292
0.0,2976,5.008092573011794,1.9433838436251125
0.0,2977,5.008232473013878,1.9442496436380141
0.0,2978,5.008370973015942,1.9451166436509333
0.0,2979,5.008508073017985,1.9459848436638705
0.0,2980,5.008643773020007,1.9468542436768255
0.0,2981,5.0087780730220075,1.9477248436897985
0.0,2982,5.008910973023989,1.9485966437027893
0.0,2983,5.009042473025948,1.9494696437157981
0.0,2984,5.009172573027887,1.9503438437288247
0.0,2985,5.009301273029805,1.951219243741869
0.0,2986,5.009428573031701,1.9520958437549314
0.0,2987,5.009554473033577,1.9529736437680116
0.0,2988,5.009678973035433,1.9538526437811097
0.0,2989,5.009802073037267,1.954732843794226
0.0,2990,5.00992377303908,1.9556142438073596
0.0,2991,5.0100440730408735,1.9564968438205115
0.0,2992,5.010162973042645,1.9573806438336812
0.0,2993,5.010280473044396,1.9582656438468686
0.0,2994,5.010396573046126,1.9591518438600741
0.0,2995,5.010511273047834,1.9600392438732972
0.0,2996,5.010624573049523,1.9609278438865383
0.0,2997,5.010736473051191,1.9618176438997974
0.0,2998,5.010846973052837,1.9627086439130743
0.0,2999,5.010956073054463,1.9636008439263692
0.0,3000,5.011063773056068,1.964494243939682
0.0,3001,5.011170073057651,1.9653888439530125
0.0,3002,5.011274973059215,1.966284643966361
0.0,3003,5.011378473060757,1.9671816439797274
0.0,3004,5.011480573062279,1.9680798439931118
0.0,3005,5.011581273063779,1.9689792440065137
0.0,3006,5.011581273063779,1.9689792440065137
0.0,3007,5.011683073065296,1.9698797440199323
0.0,3008,5.011788473066868,1.9707812440333656
0.0,3009,5.01189747306849,1.971683744046814
0.0,3010,5.012010073070168,1.9725872440602772
0.0,3011,5.0121262730719005,1.973491744073755
0.0,3012,5.012246073073686,1.9743972440872481
0.0,3013,5.012369473075523,1.975303744100756
0.0,3014,5.012496473077416,1.9762112441142787
0.0,3015,5.012627073079362,1.9771197441278163
0.0,3016,5.012761273081362,1.978029244141369
0.0,3017,5.012899073083417,1.9789397441549366
0.0,3018,5.013040473085523,1.9798512441685192
0.0,3019,5.013185473087684,1.9807637441821164
0.0,3020,5.013334073089898,1.9816772441957287
0.0,3021,5.013486273092166,1.9825917442093555
0.0,3022,5.013642073094488,1.9835072442229977
0.0,3023,5.013801473096862,1.9844237442366546
0.0,3024,5.013964473099291,1.9853412442503264
0.0,3025,5.014131073101773,1.986259744264013
0.0,3026,5.01430127310431,1.9871792442777148
0.0,3027,5.0144750731069,1.9880997442914312
0.0,3028,5.014652473109543,1.9890212443051627
0.0,3029,5.014833473112241,1.989943744318909
0.0,3030,5.015018073114991,1.99086724433267
0.0,3031,5.015206273117796,1.9917917443464463
0.0,3032,5.015398073120654,1.9927172443602372
0.0,3033,5.015593473123565,1.9936437443740431
0.0,3034,5.015792473126531,1.9945712443878643
0.0,3035,5.01599507312955,1.9954997444016997
0.0,3036,5.016201273132622,1.9964292444155505
0.0,3037,5.016411073135748,1.997359744429416
0.0,3038,5.016624473138927,1.9982912444432963
0.0,3039,5.016841473142161,1.9992237444571919
0.0,3040,5.017062073145449,2.0001572444711018
0.0,3041,5.01728627314879,2.0010917444850267
0.0,3042,5.017514073152184,2.002027244498967
0.0,3043,5.017745473155634,2.0029637445129223
0.0,3044,5.0179804731591355,2.003901244526892
0.0,3045,5.01821907316269,2.004839744540877
0.0,3046,5.0184612731663,2.0057792445548768
0.0,3047,5.018707073169963,2.006719744568891
0.0,3048,5.018956473173678,2.0076612445829207
0.0,3049,5.019209473177448,2.008603744596965
0.0,3050,5.019466073181272,2.009547244611024
0.0,3051,5.0197262731851495,2.010491744625098
0.0,3052,5.0199900731890805,2.0114372446391875
0.0,3053,5.020257473193065,2.0123837446532913
0.0,3054,5.0205284731971025,2.0133312446674103
0.0,3055,5.020803073201194,2.0142797446815437
0.0,3056,5.021081273205341,2.0152292446956928
0.0,3057,5.021363073209541,2.016179744709856
0.0,3058,5.0216484732137925,2.017131244724035
0.0,3059,5.021937473218099,2.018083744738228
0.0,3060,5.02223007322246,2.019037244752436
0.0,3061,5.022526273226872,2.019991744766659
0.0,3062,5.02282607323134,2.0209472447808974
0.0,3063,5.023129473235862,2.0219037447951504
0.0,3064,5.0234364732404355,2.0228612448094183
0.0,3065,5.023747073245064,2.023819744823701
0.0,3066,5.024061273249746,2.0247792448379984
0.0,3067,5.024379073254481,2.025739744852311
0.0,3068,5.02470047325927,2.0267012448666386
0.0,3069,5.0250254732641135,2.027663744880981
0.0,3070,5.02535407326901,2.028627244895338
0.0,3071,5.02568627327396,2.0295917449097103
0.0,3072,5.026022073278964,2.030557244924098
0.0,3073,5.0263614732840205,2.0315237449384993
0.0,3074,5.026704473289132,2.032491244952916
0.0,3075,5.027051073294297,2.033459744967348
0.0,3076,5.027401273299516,2.0344292449817942
0.0,3077,5.027755073304787,2.035399744996256
0.0,3078,5.028112473310113,2.0363712450107325
0.0,3079,5.0284734733154925,2.0373437450252236
0.0,3080,5.028838073320925,2.0383172450397304
0.0,3081,5.029206273326412,2.0392917450542516
0.0,3082,5.029578073331952,2.0402672450687875
0.0,3083,5.029953473337546,2.0412437450833383
0.0,3084,5.0303324733431936,2.0422212450979047
0.0,3085,5.030715073348894,2.043199745112485
0.0,3086,5.03110127335465,2.0441792451270806
0.0,3087,5.031491073360458,2.0451597451416914
0.0,3088,5.03188447336632,2.046141245156317
0.0,3089,5.032281473372236,2.0471237451709574
0.0,3090,5.032682073378205,2.0481072451856126
0.0,3091,5.033086273384229,2.049091745200283
0.0,3092,5.0334940733903055,2.050077245214968
0.0,3093,5.033905473396435,2.051063745229668
0.0,3094,5.03432047340262,2.052051245244383
0.0,3095,5.034739073408858,2.0530397452591127
0.0,3096,5.035161273415149,2.0540292452738576
0.0,3097,5.035587073421494,2.055019745288617
0.0,3098,5.036016473427892,2.0560112453033916
0.0,3099,5.036449473434345,2.0570037453181813
0.0,3100,5.036886073440851,2.0579972453329853
0.0,3101,5.037326273447411,2.058991745347805
0.0,3102,5.037770073454023,2.059987245362639
0.0,3103,5.03821747346069,2.060983745377488
0.0,3104,5.0386684734674105,2.0619812453923516
0.0,3105,5.039123073474186,2.062979745407231
0.0,3106,5.039581273481013,2.0639792454221246
0.0,3107,5.040043073487893,2.064979745437033
0.0,3108,5.040508473494828,2.0659812454519564
0.0,3109,5.040977473501817,2.066983745466895
0.0,3110,5.041450073508859,2.067987245481848
0.0,3111,5.041926273515955,2.0689917454968163
0.0,3112,5.042406073523105,2.0699972455117996
0.0,3113,5.042889473530307,2.0710037455267973
0.0,3114,5.043376473537565,2.0720112455418103
0.0,3115,5.043867073544876,2.073019745556838
0.0,3116,5.04436127355224,2.0740292455718805
0.0,3117,5.044859073559657,2.0750397455869383
0.0,3118,5.045360473567129,2.076051245602011
0.0,3119,5.045865473574654,2.0770637456170986
0.0,3120,5.046374073582232,2.0780772456322008
0.0,3121,5.046886273589865,2.0790917456473177
0.0,3122,5.047402073597551,2.08010724566245
0.0,3123,5.047921473605291,2.081123745677597
0.0,3124,5.048444473613084,2.082141245692759
0.0,3125,5.0489710736209314,2.083159745707936
0.0,3126,5.049501273628831,2.0841792457231274
0.0,3127,5.050035073636785,2.085199745738334
0.0,3128,5.0505724736447934,2.086221245753556
0.0,3129,5.051113473652855,2.087243745768792
0.0,3130,5.0516580736609695,2.0882672457840434
0.0,3131,5.05220627366914,2.0892917457993097
0.0,3132,5.052758073677362,2.0903172458145907
0.0,3133,5.053313473685638,2.091343745829887
0.0,3134,5.053872473693967,2.0923712458451975
0.0,3135,5.054435073702351,2.0933997458605234
0.0,3136,5.055001273710788,2.0944292458758644
0.0,3137,5.055571073719278,2.09545974589122
0.0,3138,5.056144473727823,2.0964912459065905
0.0,3139,5.056721473736421,2.097523745921976
0.0,3140,5.057302073745072,2.0985572459373767
0.0,3141,5.057886273753777,2.0995917459527917
0.0,3142,5.058474073762537,2.100627245968222
0.0,3143,5.05906547377135,2.1016637459836667
0.0,3144,5.059660473780215,2.1027012459991266
0.0,3145,5.060259073789135,2.1037397460146017
0.0,3146,5.060861273798109,2.104779246030091
0.0,3147,5.061467073807136,2.105819746045596
0.0,3148,5.062076473816217,2.106861246061116
0.0,3149,5.06268947382535,2.10790374607665
0.0,3150,5.063306073834539,2.1089472460921996
0.0,3151,5.063926273843781,2.1099917461077635
0.0,3152,5.064550073853074,2.1110372461233426
0.0,3153,5.065177473862423,2.1120837461389366
0.0,3154,5.065808473871827,2.1131312461545457
0.0,3155,5.066443073881283,2.1141797461701692
0.0,3156,5.067081273890793,2.1152292461858084
0.0,3157,5.067723073900356,2.116279746201462
0.0,3158,5.068368473909974,2.1173312462171303
0.0,3159,5.069017473919644,2.118383746232814
0.0,3160,5.06967007392937,2.1194372462485127
0.0,3161,5.0703262739391475,2.1204917462642254
0.0,3162,5.070986073948979,2.121547246279954
0.0,3163,5.071649473958864,2.122603746295697
0.0,3164,5.0723164739688045,2.123661246311455
0.0,3165,5.072987073978797,2.124719746327228
0.0,3166,5.073661273988843,2.125779246343016
0.0,3167,5.074339073998943,2.1268397463588182
0.0,3168,5.075020474009096,2.127901246374636
0.0,3169,5.075705474019303,2.1289637463904683
0.0,3170,5.076394074029564,2.130027246406316
0.0,3171,5.077086274039878,2.131091746422178
0.0,3172,5.077782074050248,2.132157246438055
0.0,3173,5.07848147406067,2.133223746453947
0.0,3174,5.079184474071145,2.134291246469854
0.0,3175,5.079891074081674,2.135359746485776
0.0,3176,5.080601274092257,2.136429246501713
0.0,3177,5.081315074102893,2.1374997465176646
0.0,3178,5.082032474113583,2.1385712465336315
0.0,3179,5.082753474124327,2.1396437465496128
0.0,3180,5.083478074135125,2.1407172465656092
0.0,3181,5.084206274145976,2.1417917465816205
0.0,3182,5.08493807415688,2.1428672465976466
0.0,3183,5.085673474167839,2.143943746613688
0.0,3184,5.086412474178851,2.145021246629744
0.0,3185,5.087155074189916,2.146099746645815
0.0,3186,5.087901274201036,2.1471792466619006
0.0,3187,5.088651074212208,2.148259746678001
0.0,3188,5.089404474223436,2.149341246694117
0.0,3189,5.090161474234716,2.1504237467102474
0.0,3190,5.090922074246049,2.1515072467263927
0.0,3191,5.0916862742574365,2.1525917467425533
0.0,3192,5.092454074268877,2.153677246758728
0.0,3193,5.093225474280373,2.1547637467749183
0.0,3194,5.094000474291921,2.1558512467911237
0.0,3195,5.094779074303522,2.1569397468073435
0.0,3196,5.0955612743151795,2.1580292468235784
0.0,3197,5.096347074326888,2.1591197468398278
0.0,3198,5.097136474338652,2.160211246856093
0.0,3199,5.097929474350467,2.161303746872372
0.0,3200,5.098726074362338,2.1623972468886667
0.0,3201,5.099526274374261,2.1634917469049757
0.0,3202,5.10033007438624,2.1645872469213003
0.0,3203,5.1011374743982705,2.1656837469376393
0.0,3204,5.101948474410356,2.166781246953993
0.0,3205,5.102763074422494,2.167879746970362
0.0,3206,5.103581274434686,2.168979246986746
0.0,3207,5.104403074446932,2.170079747003145
0.0,3208,5.105228474459231,2.1711812470195584
0.0,3209,5.1060574744715845,2.1722837470359866
0.0,3210,5.1068900744839905,2.17338724705243
0.0,3211,5.107726274496451,2.1744917470688887
0.0,3212,5.108566074508965,2.1755972470853617
0.0,3213,5.1094094745215335,2.1767037471018504
0.0,3214,5.110256474534154,2.1778112471183526
0.0,3215,5.11110707454683,2.1789197471348714
0.0,3216,5.111961274559558,2.180029247151404
0.0,3217,5.11281907457234,2.181139747167952
0.0,3218,5.113680474585177,2.182251247184514
0.0,3219,5.114545474598066,2.183363747201092
0.0,3220,5.115414074611009,2.1844772472176848
0.0,3221,5.116286274624006,2.185591747234292
0.0,3222,5.117162074637056,2.186707247250914
0.0,3223,5.118041474650161,2.187823747267551
0.0,3224,5.118924474663318,2.1889412472842027
0.0,3225,5.11981107467653,2.19005974730087
0.0,3226,5.120701274689794,2.1911792473175518
0.0,3227,5.121595074703114,2.192299747334249
0.0,3228,5.122492474716486,2.1934212473509604
0.0,3229,5.1233934747299115,2.194543747367687
0.0,3230,5.1242980747433915,2.1956672473844283
0.0,3231,5.125206274756923,2.1967917474011847
0.0,3232,5.1261180747705115,2.1979172474179562
0.0,3233,5.1270334747841515,2.199043747434742
0.0,3234,5.127952474797846,2.200171247451543
0.0,3235,5.128875074811593,2.2012997474683593
0.0,3236,5.129801274825395,2.20242924748519
0.0,3237,5.13073107483925,2.203559747502036
0.0,3238,5.131664474853158,2.2046912475188964
0.0,3239,5.132601474867122,2.205823747535772
0.0,3240,5.133542074881137,2.206957247552663
0.0,3241,5.134486274895207,2.208091747569568
0.0,3242,5.13543407490933,2.2092272475864885
0.0,3243,5.136385474923507,2.2103637476034232
0.0,3244,5.137340474937738,2.2115012476203733
0.0,3245,5.138299074952021,2.212639747637338
0.0,3246,5.139261274966359,2.213779247654318
0.0,3247,5.140227074980751,2.214919747671313
0.0,3248,5.141196474995196,2.216061247688322
0.0,3249,5.142169475009695,2.217203747705347
0.0,3250,5.143146075024247,2.2183472477223862
0.0,3251,5.144126275038854,2.2194917477394407
0.0,3252,5.1451100750535135,2.2206372477565104
0.0,3253,5.146097475068227,2.221783747773594
0.0,3254,5.147088475082994,2.2229312477906937
0.0,3255,5.148083075097815,2.2240797478078074
0.0,3256,5.149081275112689,2.2252292478249363
0.0,3257,5.1500830751276165,2.2263797478420804
0.0,3258,5.151088475142599,2.227531247859239
0.0,3259,5.152097475157634,2.228683747876412
0.0,3260,5.153110075172723,2.2298372478936006
0.0,3261,5.154126275187865,2.2309917479108043
0.0,3262,5.155146075203061,2.2321472479280224
0.0,3263,5.156169475218311,2.2333037479452558
0.0,3264,5.157196475233615,2.234461247962504
0.0,3265,5.158227075248972,2.235619747979767
0.0,3266,5.159261275264383,2.2367792479970445
0.0,3267,5.1602990752798465,2.2379397480143375
0.0,3268,5.161340475295365,2.2391012480316457
0.0,3269,5.162385475310937,2.2402637480489678
0.0,3270,5.163434075326562,2.241427248066305
0.0,3271,5.164486275342242,2.2425917480836577
0.0,3272,5.165542075357974,2.243757248101025
0.0,3273,5.16660147537376,2.2449237481184072
0.0,3274,5.167664475389601,2.246091248135804
0.0,3275,5.1687310754054945,2.2472597481532164
0.0,3276,5.169801275421441,2.2484292481706434
0.0,3277,5.170875075437442,2.2495997481880847
0.0,3278,5.171952475453496,2.2507712482055418
0.0,3279,5.173033475469605,2.251943748223013
0.0,3280,5.174118075485766,2.2531172482404997
0.0,3281,5.175206275501981,2.2542917482580016
0.0,3282,5.17629807551825,2.2554672482755174
0.0,3283,5.177393475534574,2.256643748293049
0.0,3284,5.17849247555095,2.257821248310595
0.0,3285,5.17959507556738,2.258999748328156
0.0,3286,5.180701275583863,2.260179248345732
0.0,3287,5.181811075600401,2.2613597483633225
0.0,3288,5.182924475616992,2.2625412483809284
0.0,3289,5.184041475633636,2.263723748398549
0.0,3290,5.185162075650335,2.2649072484161845
0.0,3291,5.186286275667086,2.266091748433835
0.0,3292,5.1874140756838925,2.2672772484515002
0.0,3293,5.188545475700751,2.2684637484691805
0.0,3294,5.1896804757176636,2.2696512484868756
0.0,3295,5.19081907573463,2.2708397485045855
0.0,3296,5.191961275751651,2.2720292485223106
0.0,3297,5.193107075768725,2.2732197485400505
0.0,3298,5.194256475785852,2.274411248557805
0.0,3299,5.195409475803033,2.275603748575575
0.0,3300,5.196566075820267,2.276797248593359
0.0,3301,5.197726275837556,2.277991748611159
0.0,3302,5.198890075854898,2.279187248628973
0.0,3303,5.200057475872294,2.2803837486468024
0.0,3304,5.201228475889742,2.2815812486646463
0.0,3305,5.202403075907245,2.2827797486825054
0.0,3306,5.203581275924803,2.2839792487003794
0.0,3307,5.204763075942412,2.285179748718268
0.0,3308,5.205948475960076,2.2863812487361717
0.0,3309,5.2071374759777935,2.287583748754091
0.0,3310,5.208330075995565,2.2887872487720244
0.0,3311,5.209526276013389,2.289991748789973
0.0,3312,5.210726076031268,2.291197248807936
0.0,3313,5.2119294760492,2.2924037488259144
0.0,3314,5.213136476067186,2.2936112488439075
0.0,3315,5.214347076085225,2.294819748861915
0.0,3316,5.215561276103319,2.2960292488799388
0.0,3317,5.216779076121465,2.2972397488979763
0.0,3318,5.218000476139665,2.298451248916029
0.0,3319,5.219225476157919,2.2996637489340968
0.0,3320,5.220454076176226,2.300877248952179
0.0,3321,5.221686276194587,2.302091748970277
0.0,3322,5.222922076213003,2.3033072489883892
0.0,3323,5.224161476231471,2.3045237490065165
0.0,3324,5.225404476249993,2.305741249024659
0.0,3325,5.226651076268569,2.3069597490428158
0.0,3326,5.227901276287199,2.308179249060988
0.0,3327,5.229155076305881,2.3093997490791747
0.0,3328,5.230412476324618,2.310621249097376
0.0,3329,5.231673476343408,2.311843749115593
0.0,3330,5.232938076362252,2.3130672491338244
0.0,3331,5.23420627638115,2.314291749152071
0.0,3332,5.235478076400101,2.315517249170332
0.0,3333,5.236753476419107,2.3167437491886087
0.0,3334,5.238032476438166,2.3179712492069
0.0,3335,5.239315076457277,2.3191997492252057
0.0,3336,5.240601276476443,2.320429249243527
0.0,3337,5.241891076495662,2.3216597492618627
0.0,3338,5.243184476514936,2.3228912492802136
0.0,3339,5.244481476534263,2.324123749298579
0.0,3340,5.245782076553644,2.32535724931696
0.0,3341,5.247086276573077,2.326591749335355
0.0,3342,5.2483940765925645,2.3278272493537653
0.0,3343,5.249705476612107,2.3290637493721906
0.0,3344,5.251020476631702,2.330301249390631
0.0,3345,5.252339076651349,2.331539749409086
0.0,3346,5.253661276671052,2.3327792494275563
0.0,3347,5.254987076690808,2.3340197494460413
0.0,3348,5.256316476710618,2.3352612494645406
0.0,3349,5.257649476730481,2.3365037494830556
0.0,3350,5.258986076750398,2.337747249501585
0.0,3351,5.2603262767703685,2.3389917495201296
0.0,3352,5.261670076790393,2.340237249538689
0.0,3353,5.26301747681047,2.3414837495572636
0.0,3354,5.264368476830602,2.342731249575852
0.0,3355,5.265723076850787,2.3439797495944568
0.0,3356,5.267081276871026,2.3452292496130758
0.0,3357,5.268443076891318,2.3464797496317096
0.0,3358,5.269808476911665,2.347731249650358
0.0,3359,5.271177476932063,2.348983749669022
0.0,3360,5.272550076952517,2.3502372496877006
0.0,3361,5.273926276973025,2.351491749706394
0.0,3362,5.275306076993585,2.3527472497251027
0.0,3363,5.276689477014199,2.3540037497438258
0.0,3364,5.278076477034867,2.355261249762564
0.0,3365,5.279467077055589,2.356519749781317
0.0,3366,5.280861277076363,2.3577792498000854
0.0,3367,5.2822590770971924,2.3590397498188684
0.0,3368,5.283660477118076,2.360301249837666
0.0,3369,5.285065477139012,2.3615637498564785
0.0,3370,5.286474077160001,2.3628272498753065
0.0,3371,5.287886277181045,2.3640917498941487
0.0,3372,5.289302077202142,2.365357249913006
0.0,3373,5.2907214772232924,2.3666237499318785
0.0,3374,5.292144477244497,2.3678912499507656
0.0,3375,5.293571077265755,2.369159749969668
0.0,3376,5.295001277287066,2.370429249988585
0.0,3377,5.2964350773084306,2.3716997500075165
0.0,3378,5.29787247732985,2.3729712500264637
0.0,3379,5.2993134773513235,2.3742437500454256
0.0,3380,5.3007580773728495,2.375517250064402
0.0,3381,5.302206277394429,2.3767917500833935
0.0,3382,5.303658077416063,2.3780672501024
0.0,3383,5.30511347743775,2.3793437501214214
0.0,3384,5.306572477459491,2.3806212501404573
0.0,3385,5.308035077481285,2.3818997501595085
0.0,3386,5.309501277503133,2.383179250178575
0.0,3387,5.310971077525036,2.3844597501976557
0.0,3388,5.31244447754699,2.3857412502167517
0.0,3389,5.313921477569,2.387023750235862
0.0,3390,5.315402077591062,2.388307250254988
0.0,3391,5.316886277613178,2.3895917502741284
0.0,3392,5.318374077635348,2.3908772502932836
0.0,3393,5.319865477657572,2.3921637503124544
0.0,3394,5.321360477679849,2.3934512503316396
0.0,3395,5.32285907770218,2.3947397503508396
0.0,3396,5.324361277724564,2.396029250370055
0.0,3397,5.325867077747003,2.3973197503892845
0.0,3398,5.327376477769495,2.3986112504085297
0.0,3399,5.32888947779204,2.399903750427789
0.0,3400,5.330406077814638,2.401197250447064
0.0,3401,5.331926277837292,2.4024917504663534
0.0,3402,5.3334500778599985,2.4037872504856574
0.0,3403,5.334977477882759,2.405083750504977
0.0,3404,5.336508477905572,2.4063812505243116
0.0,3405,5.33804307792844,2.407679750543661
0.0,3406,5.3395812779513605,2.408979250563025
0.0,3407,5.341123077974334,2.410279750582404
0.0,3408,5.342668477997363,2.4115812506017975
0.0,3409,5.344217478020445,2.4128837506212064
0.0,3410,5.34577007804358,2.41418725064063
0.0,3411,5.347326278066769,2.4154917506600686
0.0,3412,5.348886078090012,2.4167972506795214
0.0,3413,5.350449478113308,2.4181037506989904
0.0,3414,5.35201647813666,2.4194112507184737
0.0,3415,5.3535870781600625,2.4207197507379714
0.0,3416,5.35516127818352,2.4220292507574848
0.0,3417,5.356739078207031,2.4233397507770125
0.0,3418,5.3583204782305955,2.424651250796556
0.0,3419,5.359905478254214,2.4259637508161136
0.0,3420,5.361494078277886,2.427277250835686
0.0,3421,5.363086278301612,2.4285917508552735
0.0,3422,5.364682078325392,2.4299072508748765
0.0,3423,5.366281478349224,2.4312237508944934
0.0,3424,5.367884478373111,2.4325412509141255
0.0,3425,5.369491078397051,2.433859750933773
0.0,3426,5.371101278421045,2.435179250953435
0.0,3427,5.372715078445092,2.436499750973112
0.0,3428,5.374332478469193,2.437821250992804
0.0,3429,5.375953478493348,2.4391437510125105
0.0,3430,5.377578078517557,2.4404672510322323
0.0,3431,5.379206278541818,2.441791751051969
0.0,3432,5.380838078566134,2.4431172510717207
0.0,3433,5.382473478590503,2.444443751091487
0.0,3434,5.384112478614927,2.4457712511112684
0.0,3435,5.385755078639403,2.4470997511310646
0.0,3436,5.387401278663933,2.448429251150875
0.0,3437,5.389051078688517,2.4497597511707014
0.0,3438,5.390704478713155,2.451091251190542
0.0,3439,5.392361478737846,2.452423751210398
0.0,3440,5.394022078762591,2.453757251230269
0.0,3441,5.39568627878739,2.4550917512501544
0.0,3442,5.397354078812241,2.4564272512700547
0.0,3443,5.399025478837148,2.4577637512899706
0.0,3444,5.400700478862107,2.4591012513099004
0.0,3445,5.402379078887121,2.460439751329846
0.0,3446,5.404061278912187,2.461779251349806
0.0,3447,5.405747078937307,2.4631197513697813
0.0,3448,5.407436478962482,2.464461251389771
0.0,3449,5.409129478987708,2.465803751409776
0.0,3450,5.41082607901299,2.4671472514297954
0.0,3451,5.4125262790383255,2.46849175144983
0.0,3452,5.414230079063715,2.4698372514698796
0.0,3453,5.415937479089156,2.471183751489944
0.0,3454,5.417648479114652,2.4725312515100235
0.0,3455,5.419363079140201,2.4738797515301174
0.0,3456,5.421081279165804,2.475229251550227
0.0,3457,5.4228030791914605,2.4765797515703505
0.0,3458,5.424528479217172,2.4779312515904897
0.0,3459,5.426257479242936,2.4792837516106436
0.0,3460,5.427990079268754,2.4806372516308124
0.0,3461,5.429726279294625,2.481991751650996
0.0,3462,5.4314660793205505,2.4833472516711943
0.0,3463,5.433209479346528,2.4847037516914074
0.0,3464,5.434956479372562,2.486061251711636
0.0,3465,5.436707079398647,2.487419751731879
0.0,3466,5.438461279424787,2.4887792517521374
0.0,3467,5.44021907945098,2.49013975177241
0.0,3468,5.441980479477227,2.4915012517926987
0.0,3469,5.443745479503528,2.492863751813001
0.0,3470,5.4455140795298815,2.4942272518333186
0.0,3471,5.44728627955629,2.4955917518536515
0.0,3472,5.449062079582751,2.496957251873999
0.0,3473,5.450841479609267,2.4983237518943615
0.0,3474,5.452624479635835,2.4996912519147387
0.0,3475,5.454411079662457,2.5010597519351307
0.0,3476,5.456201279689134,2.5024292519555384
0.0,3477,5.457995079715864,2.5037997519759605
0.0,3478,5.459792479742647,2.5051712519963973
0.0,3479,5.461593479769484,2.506543752016849
0.0,3480,5.463398079796375,2.507917252037316
0.0,3481,5.465206279823318,2.509291752057797
0.0,3482,5.467018079850316,2.510667252078294
0.0,3483,5.468833479877368,2.5120437520988057
0.0,3484,5.470652479904473,2.5134212521193318
0.0,3485,5.472475079931631,2.514799752139873
0.0,3486,5.474301279958844,2.516179252160429
0.0,3487,5.476131079986111,2.5175597521810005
0.0,3488,5.47796448001343,2.518941252201586
0.0,3489,5.479801480040805,2.520323752222187
0.0,3490,5.481642080068231,2.521707252242803
0.0,3491,5.483486280095712,2.5230917522634337
0.0,3492,5.485334080123246,2.524477252284079
0.0,3493,5.487185480150834,2.5258637523047396
0.0,3494,5.489040480178476,2.527251252325415
0.0,3495,5.490899080206171,2.5286397523461055
0.0,3496,5.492761280233919,2.53002925236681
0.0,3497,5.494627080261723,2.53141975238753
0.0,3498,5.496496480289579,2.5328112524082655
0.0,3499,5.498369480317488,2.5342037524290153
0.0,3500,5.500246080345452,2.53559725244978
0.0,3501,5.502126280373469,2.536991752470559
0.0,3502,5.50401008040154,2.538387252491354
0.0,3503,5.505897480429664,2.5397837525121636
0.0,3504,5.507788480457842,2.5411812525329878
0.0,3505,5.509683080486074,2.542579752553827
0.0,3506,5.51158128051436,2.5439792525746814
0.0,3507,5.51158128051436,2.5439792525746814
0.0,3508,5.513479189520067,2.5453785415770067
0.0,3509,5.515372916480571,2.546776408542259
0.0,3510,5.517262461395865,2.548172853470438
0.0,3511,5.519147824265953,2.549567876361545
0.0,3512,5.521029005090833,2.550961477215578
0.0,3513,5.5229060038705065,2.552353656032539
0.0,3514,5.524778820604974,2.553744412812427
0.0,3515,5.526647455294234,2.5551337475552423
0.0,3516,5.528511907938286,2.5565216602609837
0.0,3517,5.530372178537132,2.557908150929653
0.0,3518,5.532228267090771,2.55929321956125
0.0,3519,5.534080173599202,2.560676866155773
0.0,3520,5.535927898062428,2.562059090713224
0.0,3521,5.537771440480445,2.5634398932336016
0.0,3522,5.539610800853255,2.5648192737169064
0.0,3523,5.5414459791808595,2.566197232163138
0.0,3524,5.5432769754632565,2.5675737685722972
0.0,3525,5.5451037897004465,2.5689488829443836
0.0,3526,5.546926421892429,2.570322575279397
0.0,3527,5.548744872039205,2.571694845577337
0.0,3528,5.5505591401407735,2.5730656938382044
0.0,3529,5.552369226197135,2.5744351200619993
0.0,3530,5.554175130208291,2.5758031242487207
0.0,3531,5.555976852174238,2.5771697063983696
0.0,3532,5.55777439209498,2.5785348665109455
0.0,3533,5.559567749970513,2.5798986045864485
0.0,3534,5.561356925800839,2.5812609206248793
0.0,3535,5.563141919585959,2.5826218146262363
0.0,3536,5.564922731325872,2.583981286590521
0.0,3537,5.566699361020578,2.5853393365177326
0.0,3538,5.568471808670077,2.5866959644078706
0.0,3539,5.570240074274369,2.5880511702609366
0.0,3540,5.572004157833454,2.5894049540769295
0.0,3541,5.573764059347331,2.5907573158558495
0.0,3542,5.575519778816002,2.592108255597697
0.0,3543,5.577271316239466,2.593457773302471
0.0,3544,5.5790186716177255,2.594805868970173
0.0,3545,5.580761844950774,2.5961525426008016
0.0,3546,5.582500836238617,2.597497794194357
0.0,3547,5.584235645481253,2.5988416237508396
0.0,3548,5.585966272678681,2.600184031270249
0.0,3549,5.587692717830905,2.6015250167525865
0.0,3550,5.589414980937919,2.6028645801978505
0.0,3551,5.591133061999727,2.604202721606042
0.0,3552,5.592846961016328,2.60553944097716
0.0,3553,5.594556677987722,2.606874738311206
0.0,3554,5.596262212913908,2.608208613608178
0.0,3555,5.597963565794889,2.6095410668680774
0.0,3556,5.599660736630661,2.6108720980909044
0.0,3557,5.601353725421228,2.612201707276659
0.0,3558,5.603042532166587,2.6135298944253393
0.0,3559,5.60472715686674,2.6148566595369473
0.0,3560,5.606407599521684,2.616182002611483
0.0,3561,5.608083860131423,2.617505923648945
0.0,3562,5.609755938695953,2.618828422649335
0.0,3563,5.611423835215277,2.6201494996126513
0.0,3564,5.613087549689394,2.621469154538895
0.0,3565,5.614747082118304,2.6227873874280654
0.0,3566,5.6164024325020065,2.6241041982801634
0.0,3567,5.618053600840502,2.6254195870951884
0.0,3568,5.619700587133792,2.6267335538731404
0.0,3569,5.621343391381874,2.6280460986140195
0.0,3570,5.62298201358475,2.6293572213178265
0.0,3571,5.624616453742417,2.6306669219845595
0.0,3572,5.626246711854878,2.63197520061422
0.0,3573,5.627872787922132,2.633282057206808
0.0,3574,5.62949468194418,2.634587491762323
0.0,3575,5.631112393921019,2.635891504280765
0.0,3576,5.632725923852653,2.6371940947621337
0.0,3577,5.634335271739078,2.6384952632064302
0.0,3578,5.635940437580298,2.6397950096136538
0.0,3579,5.63754142137631,2.6410933339838043
0.0,3580,5.639138223127114,2.6423902363168814
0.0,3581,5.6407308428327125,2.643685716612886
0.0,3582,5.642319280493103,2.644979774871818
0.0,3583,5.643903536108288,2.646272411093677
0.0,3584,5.645483609678266,2.6475636252784627
0.0,3585,5.647059501203036,2.648853417426176
0.0,3586,5.648631210682599,2.6501417875368163
0.0,3587,5.650198738116955,2.6514287356103834
0.0,3588,5.651762083506105,2.6527142616468784
0.0,3589,5.653321246850047,2.6539983656463
0.0,3590,5.654876228148781,2.6552810476086486
0.0,3591,5.65642702740231,2.6565623075339246
0.0,3592,5.657973644610632,2.6578421454221273
0.0,3593,5.659516079773745,2.6591205612732574
0.0,3594,5.661054332891653,2.660397555087315
0.0,3595,5.662588403964354,2.6616731268642995
0.0,3596,5.664118292991846,2.6629472766042106
0.0,3597,5.665643999974132,2.664220004307049
0.0,3598,5.667165524911212,2.665491309972815
0.0,3599,5.668682867803085,2.666761193601508
0.0,3600,5.670196028649749,2.668029655193128
0.0,3601,5.671705007451208,2.6692966947476746
0.0,3602,5.67320980420746,2.670562312265149
0.0,3603,5.674710418918504,2.6718265077455503
0.0,3604,5.676206851584341,2.6730892811888785
0.0,3605,5.677699102204972,2.6743506325951336
0.0,3606,5.679187170780395,2.6756105619643167
0.0,3607,5.680671057310611,2.6768690692964263
0.0,3608,5.68215076179562,2.678126154591463
0.0,3609,5.683626284235423,2.679381817849427
0.0,3610,5.685097624630019,2.680636059070318
0.0,3611,5.6865647829794055,2.6818888782541364
0.0,3612,5.688027759283587,2.683140275400881
0.0,3613,5.689486553542561,2.6843902505105537
0.0,3614,5.690941165756328,2.685638803583153
0.0,3615,5.692391595924889,2.68688593461868
0.0,3616,5.693837844048242,2.6881316436171336
0.0,3617,5.695279910126389,2.6893759305785148
0.0,3618,5.696717794159328,2.6906187955028225
0.0,3619,5.6981514961470605,2.6918602383900576
0.0,3620,5.699581016089585,2.6931002592402202
0.0,3621,5.701006353986903,2.6943388580533094
0.0,3622,5.702427509839016,2.6955760348293256
0.0,3623,5.70384448364592,2.6968117895682693
0.0,3624,5.705257275407617,2.69804612227014
0.0,3625,5.706665885124107,2.699279032934938
0.0,3626,5.708070312795392,2.7005105215626624
0.0,3627,5.709470558421468,2.7017405881533145
0.0,3628,5.710866622002337,2.7029692327068933
0.0,3629,5.712258503537999,2.7041964552233995
0.0,3630,5.713646203028455,2.705422255702833
0.0,3631,5.715029720473703,2.706646634145194
0.0,3632,5.716409055873745,2.707869590550481
0.0,3633,5.717784209228578,2.709091124918696
0.0,3634,5.719155180538206,2.710311237249838
0.0,3635,5.720521969802627,2.7115299275439066
0.0,3636,5.721884577021839,2.712747195800903
0.0,3637,5.723243002195847,2.713963042020826
0.0,3638,5.724597245324646,2.7151774662036767
0.0,3639,5.725947306408239,2.7163904683494535
0.0,3640,5.727293185446625,2.7176020484581587
0.0,3641,5.728634882439803,2.71881220652979
0.0,3642,5.729972397387773,2.7200209425643487
0.0,3643,5.731305730290539,2.7212282565618344
0.0,3644,5.732634881148097,2.7224341485222476
0.0,3645,5.7339598499604465,2.723638618445588
0.0,3646,5.73528063672759,2.7248416663318555
0.0,3647,5.736597241449527,2.72604329218105
0.0,3648,5.737909664126256,2.727243495993171
0.0,3649,5.73921790475778,2.7284422777682202
0.0,3650,5.7405219633440945,2.729639637506196
0.0,3651,5.741821839885203,2.7308355752070983
0.0,3652,5.7431175343811045,2.7320300908709276
0.0,3653,5.744409046831798,2.7332231844976853
0.0,3654,5.745696377237286,2.734414856087369
0.0,3655,5.746979525597567,2.7356051056399804
0.0,3656,5.748258491912641,2.736793933155519
0.0,3657,5.7495332761825075,2.7379813386339844
0.0,3658,5.750803878407167,2.739167322075377
0.0,3659,5.752070298586619,2.740351883479697
0.0,3660,5.7533325367208645,2.7415350228469437
0.0,3661,5.754590592809903,2.7427167401771175
0.0,3662,5.755844466853735,2.743897035470219
0.0,3663,5.757094158852359,2.745075908726247
0.0,3664,5.758339668805776,2.7462533599452024
0.0,3665,5.7595809967139875,2.747429389127085
0.0,3666,5.7608181425769915,2.748603996271895
0.0,3667,5.762051106394789,2.749777181379631
0.0,3668,5.763279888167378,2.750948944450295
0.0,3669,5.76450448789476,2.752119285483886
0.0,3670,5.765724905576937,2.753288204480404
0.0,3671,5.766941141213905,2.7544557014398494
0.0,3672,5.768153194805667,2.7556217763622213
0.0,3673,5.7693610663522215,2.756786429247521
0.0,3674,5.770564755853568,2.757949660095747
0.0,3675,5.771764263309709,2.7591114689069007
0.0,3676,5.772959588720643,2.7602718556809815
0.0,3677,5.77415073208637,2.7614308204179894
0.0,3678,5.77533769340689,2.762588363117924
0.0,3679,5.776520472682202,2.7637444837807865
0.0,3680,5.777699069912307,2.764899182406576
0.0,3681,5.778873485097208,2.766052458995292
0.0,3682,5.780043718236898,2.767204313546935
0.0,3683,5.781209769331384,2.768354746061506
0.0,3684,5.7823716383806625,2.769503756539004
0.0,3685,5.783529325384734,2.770651344979429
0.0,3686,5.784682830343596,2.771797511382781
0.0,3687,5.785832153257253,2.7729422557490597
0.0,3688,5.786977294125703,2.774085578078266
0.0,3689,5.788118252948945,2.7752274783703985
0.0,3690,5.789255029726982,2.7763679566254593
0.0,3691,5.79038762445981,2.7775070128434467
0.0,3692,5.7915160371474315,2.7786446470243615
0.0,3693,5.792640267789848,2.779780859168203
0.0,3694,5.793760316387055,2.780915649274972
0.0,3695,5.794876182939055,2.782049017344668
0.0,3696,5.79598786744585,2.783180963377291
0.0,3697,5.797095369907437,2.7843114873728414
0.0,3698,5.798198690323816,2.7854405893313183
0.0,3699,5.799297828694989,2.786568269252723
0.0,3700,5.8003927850209545,2.7876945271370546
0.0,3701,5.801483559301713,2.788819362984313
0.0,3702,5.802570151537266,2.789942776794499
0.0,3703,5.803652561727611,2.7910647685676118
0.0,3704,5.804730789872749,2.7921853383036517
0.0,3705,5.80580483597268,2.7933044860026186
0.0,3706,5.806874700027403,2.794422211664513
0.0,3707,5.80794038203692,2.7955385152893344
0.0,3708,5.80900188200123,2.796653396877083
0.0,3709,5.810059199920332,2.7977668564277582
0.0,3710,5.8111123357942285,2.798878893941361
0.0,3711,5.812161289622918,2.799989509417891
0.0,3712,5.813206061406399,2.801098702857348
0.0,3713,5.814246651144674,2.802206474259732
0.0,3714,5.815283058837742,2.803312823625043
0.0,3715,5.816315284485603,2.8044177509532813
0.0,3716,5.817343328088258,2.805521256244447
0.0,3717,5.818367189645705,2.8066233394985396
0.0,3718,5.819386869157945,2.807724000715559
0.0,3719,5.820402366624977,2.808823239895506
0.0,3720,5.821413682046804,2.80992105703838
0.0,3721,5.822420815423422,2.8110174521441813
0.0,3722,5.823423766754835,2.8121124252129084
0.0,3723,5.824422536041039,2.813205976244564
0.0,3724,5.825417123282038,2.8142981052391463
0.0,3725,5.826407528477828,2.8153888121966557
0.0,3726,5.827393751628412,2.8164780971170926
0.0,3727,5.828375792733789,2.817565960000456
0.0,3728,5.8293536517939595,2.818652400846747
0.0,3729,5.830327328808923,2.8197374196559646
0.0,3730,5.831296823778678,2.82082101642811
0.0,3731,5.8322621367032275,2.821903191163182
0.0,3732,5.83322326758257,2.8229839438611815
0.0,3733,5.834180216416705,2.8240632745221075
0.0,3734,5.835132983205632,2.8251411831459614
0.0,3735,5.836081567949353,2.826217669732742
0.0,3736,5.837025970647868,2.827292734282449
0.0,3737,5.8379661913011756,2.8283663767950844
0.0,3738,5.838902229909276,2.829438597270646
0.0,3739,5.839834086472169,2.8305093957091354
0.0,3740,5.840761760989855,2.8315787721105514
0.0,3741,5.841685253462334,2.832646726474895
0.0,3742,5.842604563889605,2.833713258802165
0.0,3743,5.84351969227167,2.834778369092363
0.0,3744,5.844430638608529,2.8358420573454874
0.0,3745,5.84533740290018,2.836904323561539
0.0,3746,5.846239985146624,2.837965167740518
0.0,3747,5.8471383853478605,2.839024589882424
0.0,3748,5.84803260350389,2.8400825899872566
0.0,3749,5.848922639614713,2.841139168055017
0.0,3750,5.84980849368033,2.842194324085704
0.0,3751,5.850690165700739,2.8432480580793187
0.0,3752,5.851567655675941,2.8443003700358607
0.0,3753,5.852440963605936,2.8453512599553297
0.0,3754,5.853310089490725,2.846400727837725
0.0,3755,5.854175033330305,2.8474487736830483
0.0,3756,5.85503579512468,2.848495397491298
0.0,3757,5.8558923748738465,2.8495405992624754
0.0,3758,5.856744772577807,2.8505843789965795
0.0,3759,5.8575929882365605,2.8516267366936106
0.0,3760,5.858437021850106,2.8526676723535696
0.0,3761,5.8592768734184455,2.8537071859764547
0.0,3762,5.860112542941578,2.8547452775622677
0.0,3763,5.860944030419502,2.8557819471110073
0.0,3764,5.861771335852221,2.856817194622675
0.0,3765,5.862594459239733,2.8578510200972684
0.0,3766,5.863413400582037,2.85888342353479
0.0,3767,5.864228159879134,2.859914404935238
0.0,3768,5.865038737131024,2.860943964298613
0.0,3769,5.865845132337708,2.861972101624916
0.0,3770,5.866647345499183,2.862998816914146
0.0,3771,5.8674453766154535,2.8640241101663024
0.0,3772,5.868239225686516,2.865047981381387
0.0,3773,5.86902889271237,2.8660704305593976
0.0,3774,5.86981437769302,2.8670914577003357
0.0,3775,5.870595680628461,2.8681110628042013
0.0,3776,5.871372801518695,2.8691292458709934
0.0,3777,5.872145740363722,2.870146006900713
0.0,3778,5.872914497163542,2.8711613458933596
0.0,3779,5.873679071918156,2.872175262848933
0.0,3780,5.874439464627562,2.8731877577674343
0.0,3781,5.875195675291762,2.8741988306488624
0.0,3782,5.875947703910754,2.875208481493217
0.0,3783,5.876695550484539,2.876216710300499
0.0,3784,5.877439215013117,2.877223517070709
0.0,3785,5.878178697496489,2.878228901803845
0.0,3786,5.878913997934653,2.879232864499909
0.0,3787,5.879645116327611,2.880235405158899
0.0,3788,5.8803720526753605,2.8812365237808173
0.0,3789,5.881094806977904,2.882236220365662
0.0,3790,5.881813379235241,2.883234494913434
0.0,3791,5.882527769447369,2.8842313474241332
0.0,3792,5.883237977614292,2.8852267778977594
0.0,3793,5.883944003736008,2.8862207863343126
0.0,3794,5.884645847812516,2.887213372733793
0.0,3795,5.885343509843818,2.888204537096201
0.0,3796,5.886036989829911,2.8891942794215355
0.0,3797,5.8867262877707995,2.8901825997097976
0.0,3798,5.88741140366648,2.8911694979609863
0.0,3799,5.888092337516953,2.892154974175102
0.0,3800,5.88876908932222,2.893139028352145
0.0,3801,5.889441659082279,2.894121660492116
0.0,3802,5.8901100467971315,2.8951028705950135
0.0,3803,5.890774252466777,2.8960826586608377
0.0,3804,5.891434276091216,2.8970610246895894
0.0,3805,5.892090117670447,2.898037968681268
0.0,3806,5.8927417772044715,2.8990134906358738
0.0,3807,5.893389254693289,2.899987590553407
0.0,3808,5.894032550136899,2.9009602684338667
0.0,3809,5.894671663535304,2.901931524277254
0.0,3810,5.895306594888499,2.902901358083569
0.0,3811,5.89593734419649,2.90386976985281
0.0,3812,5.896563911459271,2.9048367595849784
0.0,3813,5.897186296676846,2.905802327280074
0.0,3814,5.897804499849215,2.906766472938097
0.0,3815,5.898418520976377,2.907729196559047
0.0,3816,5.899028360058331,2.9086904981429242
0.0,3817,5.89963401709508,2.9096503776897285
0.0,3818,5.90023549208662,2.9106088351994597
0.0,3819,5.900832785032954,2.911565870672118
0.0,3820,5.90142589593408,2.912521484107703
0.0,3821,5.902014824789999,2.9134756755062154
0.0,3822,5.902599571600712,2.9144284448676556
0.0,3823,5.903180136366218,2.915379792192023
0.0,3824,5.9037565190865156,2.916329717479316
0.0,3825,5.904328719761608,2.9172782207295374
0.0,3826,5.904896738391493,2.9182253019426856
0.0,3827,5.9054605749761695,2.9191709611187613
0.0,3828,5.90602022951564,2.9201151982577636
0.0,3829,5.906575702009905,2.9210580133596933
0.0,3830,5.907126992458961,2.9219994064245496
0.0,3831,5.90767410086281,2.922939377452333
0.0,3832,5.908217027221452,2.923877926443044
0.0,3833,5.908755771534889,2.9248150533966824
0.0,3834,5.909290333803117,2.9257507583132476
0.0,3835,5.909820714026139,2.92668504119274
0.0,3836,5.910346912203953,2.927617902035159
0.0,3837,5.910868928336562,2.9285493408405054
0.0,3838,5.9113867624239615,2.929479357608779
0.0,3839,5.911900414466156,2.93040795233998
0.0,3840,5.912409884463143,2.9313351250341073
0.0,3841,5.912915172414922,2.9322608756911626
0.0,3842,5.913416278321495,2.933185204311145
0.0,3843,5.91391320218286,2.9341081108940537
0.0,3844,5.91440594399902,2.9350295954398904
0.0,3845,5.914894503769971,2.9359496579486537
0.0,3846,5.915378881495715,2.936868298420344
0.0,3847,5.915859077176253,2.937785516854962
0.0,3848,5.916335090811584,2.9387013132525066
0.0,3849,5.916806922401708,2.9396156876129784
0.0,3850,5.917274571946624,2.9405286399363773
0.0,3851,5.917738039446334,2.9414401702227035
0.0,3852,5.918197324900837,2.942350278471957
0.0,3853,5.918652428310133,2.943258964684137
0.0,3854,5.919103349674221,2.9441662288592445
0.0,3855,5.919550088993104,2.945072070997279
0.0,3856,5.919992646266778,2.9459764910982407
0.0,3857,5.920431021495245,2.9468794891621295
0.0,3858,5.920865214678507,2.947781065188946
0.0,3859,5.921295225816561,2.948681219178688
0.0,3860,5.9217210549094075,2.9495799511313585
0.0,3861,5.922142701957046,2.950477261046956
0.0,3862,5.92256016695948,2.9513731489254806
0.0,3863,5.9229734499167055,2.9522676147669316
0.0,3864,5.923382550828725,2.953160658571311
0.0,3865,5.923787469695537,2.954052280338616
0.0,3866,5.924188206517141,2.954942480068849
0.0,3867,5.92458476129354,2.955831257762009
0.0,3868,5.924977134024729,2.9567186134180963
0.0,3869,5.925365324710714,2.9576045470371106
0.0,3870,5.92574933335149,2.958489058619052
0.0,3871,5.9261291599470605,2.9593721481639204
0.0,3872,5.926504804497423,2.9602538156717157
0.0,3873,5.926876267002579,2.961134061142438
0.0,3874,5.927243547462528,2.962012884576088
0.0,3875,5.927606645877269,2.962890285972665
0.0,3876,5.927965562246805,2.9637662653321692
0.0,3877,5.928320296571133,2.9646408226546
0.0,3878,5.928670848850253,2.965513957939958
0.0,3879,5.929017219084168,2.966385671188244
0.0,3880,5.929359407272875,2.9672559623994568
0.0,3881,5.929697413416374,2.968124831573596
0.0,3882,5.930031237514667,2.9689922787106626
0.0,3883,5.930360879567752,2.9698583038106565
0.0,3884,5.930686339575632,2.9707229068735774
0.0,3885,5.931007617538304,2.9715860878994254
0.0,3886,5.931324713455769,2.9724478468882003
0.0,3887,5.931637627328027,2.9733081838399027
0.0,3888,5.931946359155078,2.974167098754532
0.0,3889,5.932250908936922,2.9750245916320885
0.0,3890,5.932551276673559,2.9758806624725724
0.0,3891,5.932847462364989,2.9767353112759833
0.0,3892,5.933139466011211,2.977588538042321
0.0,3893,5.933427287612228,2.978440342771586
0.0,3894,5.933710927168037,2.9792907254637786
0.0,3895,5.933990384678639,2.9801396861188976
0.0,3896,5.934265660144034,2.9809872247369436
0.0,3897,5.934536753564222,2.981833341317917
0.0,3898,5.934803664939203,2.982678035861818
0.0,3899,5.935066394268977,2.983521308368646
0.0,3900,5.935324941553544,2.9843631588384003
0.0,3901,5.935579306792905,2.9852035872710823
0.0,3902,5.935829489987057,2.9860425936666917
0.0,3903,5.936075491136003,2.986880178025227
0.0,3904,5.936317310239742,2.987716340346691
0.0,3905,5.936554947298275,2.9885510806310815
0.0,3906,5.936788402311599,2.9893843988783986
0.0,3907,5.9370176752797175,2.9902162950886435
0.0,3908,5.937242766202628,2.991046769261815
0.0,3909,5.937463675080332,2.991875821397914
0.0,3910,5.9376804019128295,2.99270345149694
0.0,3911,5.937892946700121,2.9935296595588934
0.0,3912,5.938101309442203,2.9943544455837734
0.0,3913,5.938305490139079,2.99517780957158
0.0,3914,5.938505488790748,2.995999751522315
0.0,3915,5.938701305397211,2.9968202714359764
0.0,3916,5.938892939958465,2.997639369312565
0.0,3917,5.939080392474514,2.998457045152081
0.0,3918,5.939263662945354,2.999273298954524
0.0,3919,5.939442751370989,3.000088130719894
0.0,3920,5.939617657751416,3.000901540448191
0.0,3921,5.939788382086636,3.001713528139415
0.0,3922,5.939954924376649,3.0025240937935664
0.0,3923,5.940117284621456,3.0033332374106454
0.0,3924,5.940275462821054,3.0041409589906505
0.0,3925,5.940429458975447,3.0049472585335835
0.0,3926,5.940579273084632,3.0057521360394435
0.0,3927,5.94072490514861,3.0065555915082305
0.0,3928,5.9408663551673815,3.007357624939944
0.0,3929,5.941003623140946,3.0081582363345856
0.0,3930,5.941136709069302,3.0089574256921536
0.0,3931,5.941265612952453,3.0097551930126487
0.0,3932,5.9413903347903965,3.0105515382960713
0.0,3933,5.941510874583133,3.0113464615424217
0.0,3934,5.941627232330662,3.0121399627516983
0.0,3935,5.9417394080329835,3.012932041923902
0.0,3936,5.941847401690099,3.0137226990590333
0.0,3937,5.941951213302008,3.014511934157091
0.0,3938,5.942050842868708,3.0152997472180765
0.0,3939,5.942146290390203,3.0160861382419886
0.0,3940,5.942237555866491,3.016871107228828
0.0,3941,5.942324639297571,3.0176546541785947
0.0,3942,5.942407540683444,3.0184367790912887
0.0,3943,5.94248626002411,3.0192174819669093
0.0,3944,5.94256079731957,3.019996762805457
0.0,3945,5.942631152569821,3.020774621606932
0.0,3946,5.942697325774867,3.0215510583713345
0.0,3947,5.942759316934705,3.0223260730986636
0.0,3948,5.942817126049336,3.0230996657889206
0.0,3949,5.942870753118761,3.0238718364421038
0.0,3950,5.9429201981429784,3.0246425850582144
0.0,3951,5.9429654611219895,3.025411911637252
0.0,3952,5.943006542055793,3.0261798161792166
0.0,3953,5.943043440944388,3.026946298684109
0.0,3954,5.943076157787779,3.0277113591519282
0.0,3955,5.943104692585961,3.0284749975826744
0.0,3956,5.943129045338935,3.0292372139763475
0.0,3957,5.943149216046704,3.029998008332948
0.0,3958,5.943165204709265,3.0307573806524752
0.0,3959,5.94317701132662,3.0315153309349303
0.0,3960,5.943184635898767,3.032271859180312
0.0,3961,5.943188078425708,3.033026965388621
0.0,3962,5.943187338907441,3.0337806495598567
0.0,3963,5.943182417343967,3.0345329116940203
0.0,3964,5.9431733137352865,3.0352837517911104
0.0,3965,5.943160028081399,3.0360331698511276
0.0,3966,5.943142560382304,3.036781165874072
0.0,3967,5.943120910638003,3.037527739859944
0.0,3968,5.943095078848494,3.0382728918087425
0.0,3969,5.943065065013779,3.0390166217204686
0.0,3970,5.943030869133857,3.0397589295951217
0.0,3971,5.942992491208727,3.0404998154327014
0.0,3972,5.94294993123839,3.0412392792332086
0.0,3973,5.9429031892228465,3.041977320996643
0.0,3974,5.942852265162096,3.0427139407230044
0.0,3975,5.942797159056139,3.0434491384122926
0.0,3976,5.942737870904974,3.0441829140645082
0.0,3977,5.9426744007086025,3.0449152676796514
0.0,3978,5.942606748467024,3.045646199257721
0.0,3979,5.942534914180238,3.046375708798718
0.0,3980,5.942458897848246,3.0471037963026424
0.0,3981,5.942378699471047,3.047830461769494
0.0,3982,5.94229431904864,3.0485557051992718
0.0,3983,5.942205756581027,3.0492795265919774
0.0,3984,5.942113012068206,3.05000192594761
0.0,3985,5.942016085510179,3.05072290326617
0.0,3986,5.941914976906944,3.0514424585476565
0.0,3987,5.9418096862585035,3.05216059179207
0.0,3988,5.941700213564855,3.0528773029994114
0.0,3989,5.941586558825999,3.0535925921696796
0.0,3990,5.941468722041937,3.054306459302875
0.0,3991,5.941346703212667,3.0550189043989975
0.0,3992,5.941220502338191,3.055729927458047
0.0,3993,5.941090119418508,3.0564395284800234
0.0,3994,5.940955554453617,3.057147707464927
0.0,3995,5.94081680744352,3.0578544644127583
0.0,3996,5.940673878388215,3.058559799323516
0.0,3997,5.940526767287704,3.0592637121972013
0.0,3998,5.940375474141985,3.0599662030338135
0.0,3999,5.94021999895106,3.0606672718333527
0.0,4000,5.940060341714928,3.0613669185958194
0.0,4001,5.939896502433589,3.062065143321213
0.0,4002,5.939728481107042,3.062761946009534
0.0,4003,5.939556277735289,3.063457326660781
0.0,4004,5.939379892318328,3.0641512852749564
0.0,4005,5.939199324856161,3.064843821852058
0.0,4006,5.939014575348786,3.0655349363920874
0.0,4007,5.938825643796205,3.0662246288950437
0.0,4008,5.938825643796205,3.0662246288950437
0.0,4009,5.9387301325086135,3.0665691196372538
0.0,4010,5.938634621221021,3.0669136103794634
0.0,4011,5.938539109933428,3.0672581011216735
0.0,4012,5.9384435986458355,3.067602591863883
0.0,4013,5.938348087358244,3.0679470826060933
0.0,4014,5.938252576070651,3.068291573348303
0.0,4015,5.938157064783058,3.068636064090513
0.0,4016,5.938061553495466,3.0689805548327227
0.0,4017,5.937966042207874,3.069325045574933
0.0,4018,5.937870530920281,3.0696695363171425
0.0,4019,5.937775019632689,3.0700140270593526
0.0,4020,5.937679508345096,3.070358517801562
0.0,4021,5.937583997057504,3.0707030085437723
0.0,4022,5.9374884857699115,3.071047499285982
0.0,4023,5.937392974482319,3.071391990028192
0.0,4024,5.937297463194726,3.0717364807704026
0.0,4025,5.937201951907134,3.0720809715126123
0.0,4026,5.937106440619542,3.0724254622548224
0.0,4027,5.937010929331949,3.072769952997032
0.0,4028,5.936915418044356,3.073114443739242
0.0,4029,5.936819906756765,3.073458934481452
0.0,4030,5.936724395469172,3.073803425223662
0.0,4031,5.936628884181579,3.0741479159658716
0.0,4032,5.936533372893987,3.0744924067080817
0.0,4033,5.936437861606395,3.0748368974502913
0.0,4034,5.936342350318803,3.0751813881925014
0.0,4035,5.9362468390312095,3.075525878934711
0.0,4036,5.936151327743618,3.075870369676921
0.0,4037,5.936055816456025,3.076214860419131
0.0,4038,5.935960305168433,3.076559351161341
0.0,4039,5.93586479388084,3.0769038419035506
0.0,4040,5.935769282593248,3.0772483326457607
0.0,4041,5.935673771305655,3.0775928233879704
0.0,4042,5.9355782600180635,3.0779373141301805
0.0,4043,5.93548274873047,3.0782818048723906
0.0,4044,5.935387237442878,3.0786262956146
0.0,4045,5.935291726155286,3.0789707863568108
0.0,4046,5.935196214867695,3.0793152770990204
0.0,4047,5.935100703580101,3.0796597678412305
0.0,4048,5.935005192292509,3.08000425858344
0.0,4049,5.934909681004917,3.0803487493256503
0.0,4050,5.934814169717325,3.08069324006786
0.0,4051,5.934718658429732,3.08103773081007
0.0,4052,5.93462314714214,3.0813822215522797
0.0,4053,5.934527635854547,3.08172671229449
0.0,4054,5.934432124566955,3.0820712030366995
0.0,4055,5.934336613279362,3.0824156937789096
0.0,4056,5.93424110199177,3.0827601845211197
0.0,4057,5.934145590704177,3.0831046752633293
0.0,4058,5.934050079416585,3.083449166005539
0.0,4059,5.933954568128993,3.083793656747749
0.0,4060,5.9338590568414,3.084138147489959
0.0,4061,5.933763545553807,3.084482638232169
0.0,4062,5.933668034266216,3.084827128974379
0.0,4063,5.933572522978622,3.085171619716589
0.0,4064,5.93347701169103,3.085516110458799
0.0,4065,5.933381500403438,3.085860601201009
0.0,4066,5.933285989115846,3.086205091943219
0.0,4067,5.933190477828253,3.0865495826854286
0.0,4068,5.9330949665406605,3.0868940734276387
0.0,4069,5.932999455253068,3.0872385641698483
0.0,4070,5.932903943965476,3.0875830549120584
0.0,4071,5.932808432677884,3.087927545654268
0.0,4072,5.932712921390291,3.088272036396478
0.0,4073,5.932617410102699,3.0886165271386883
0.0,4074,5.932521898815106,3.088961017880898
0.0,4075,5.9324263875275145,3.089305508623108
0.0,4076,5.932330876239921,3.0896499993653177
0.0,4077,5.932235364952329,3.089994490107528
0.0,4078,5.9321398536647365,3.0903389808497375
0.0,4079,5.932044342377145,3.0906834715919476
0.0,4080,5.931948831089551,3.091027962334157
0.0,4081,5.931853319801959,3.0913724530763673
0.0,4082,5.931757808514367,3.091716943818577
0.0,4083,5.931662297226774,3.092061434560787
0.0,4084,5.931566785939181,3.0924059253029967
0.0,4085,5.93147127465159,3.092750416045207
0.0,4086,5.931375763363997,3.0930949067874165
0.0,4087,5.931280252076405,3.0934393975296266
0.0,4088,5.931184740788812,3.0937838882718367
0.0,4089,5.93108922950122,3.0941283790140464
0.0,4090,5.930993718213627,3.094472869756256
0.0,4091,5.930898206926035,3.094817360498466
0.0,4092,5.930802695638442,3.095161851240676
0.0,4093,5.93070718435085,3.095506341982886
0.0,4094,5.930611673063257,3.095850832725096
0.0,4095,5.930516161775666,3.096195323467306
0.0,4096,5.930420650488073,3.0965398142095157
0.0,4097,5.930325139200481,3.096884304951726
0.0,4098,5.9302296279128885,3.097228795693936
0.0,4099,5.930134116625297,3.0975732864361456
0.0,4100,5.930038605337703,3.0979177771783557
0.0,4101,5.929943094050111,3.0982622679205654
0.0,4102,5.929847582762519,3.098606758662776
0.0,4103,5.929752071474927,3.0989512494049856
0.0,4104,5.929656560187334,3.0992957401471957
0.0,4105,5.929561048899742,3.0996402308894053
0.0,4106,5.929465537612149,3.0999847216316154
0.0,4107,5.929370026324557,3.1003292123738255
0.0,4108,5.929274515036964,3.100673703116035
0.0,4109,5.929179003749372,3.101018193858245
0.0,4110,5.92908349246178,3.101362684600455
0.0,4111,5.9289879811741875,3.101707175342665
0.0,4112,5.928892469886595,3.1020516660848747
0.0,4113,5.928796958599002,3.1023961568270844
0.0,4114,5.92870144731141,3.1027406475692945
0.0,4115,5.928605936023818,3.1030851383115046
0.0,4116,5.928510424736226,3.1034296290537142
0.0,4117,5.928414913448632,3.1037741197959243
0.0,4118,5.928319402161041,3.104118610538134
0.0,4119,5.928223890873448,3.104463101280344
0.0,4120,5.928128379585855,3.1048075920225537
0.0,4121,5.928032868298263,3.105152082764764
0.0,4122,5.927937357010671,3.105496573506974
0.0,4123,5.927841845723078,3.1058410642491836
0.0,4124,5.927746334435486,3.1061855549913933
0.0,4125,5.927650823147893,3.1065300457336034
0.0,4126,5.927555311860301,3.1068745364758135
0.0,4127,5.927459800572708,3.107219027218023
0.0,4128,5.927364289285116,3.107563517960233
0.0,4129,5.927268777997523,3.107908008702443
0.0,4130,5.927173266709931,3.108252499444653
0.0,4131,5.927077755422339,3.1085969901868626
0.0,4132,5.926982244134747,3.1089414809290727
0.0,4133,5.926886732847153,3.109285971671283
0.0,4134,5.9267912215595615,3.109630462413493
0.0,4135,5.92669571027197,3.1099749531557026
0.0,4136,5.926600198984376,3.1103194438979127
0.0,4137,5.926504687696784,3.1106639346401224
0.0,4138,5.926409176409192,3.1110084253823325
0.0,4139,5.9263136651216,3.1113529161245426
0.0,4140,5.926218153834007,3.1116974068667522
0.0,4141,5.9261226425464155,3.112041897608962
0.0,4142,5.926027131258822,3.112386388351172
0.0,4143,5.92593161997123,3.112730879093382
0.0,4144,5.9258361086836375,3.1130753698355917
0.0,4145,5.925740597396045,3.113419860577802
0.0,4146,5.925645086108452,3.1137643513200115
0.0,4147,5.92554957482086,3.1141088420622216
0.0,4148,5.925454063533268,3.1144533328044313
0.0,4149,5.925358552245676,3.1147978235466414
0.0,4150,5.925263040958082,3.1151423142888515
0.0,4151,5.925167529670491,3.115486805031061
0.0,4152,5.925072018382898,3.115831295773271
0.0,4153,5.924976507095305,3.116175786515481
0.0,4154,5.924880995807713,3.1165202772576905
0.0,4155,5.924785484520121,3.1168647679999006
0.0,4156,5.924689973232528,3.1172092587421103
0.0,4157,5.9245944619449356,3.1175537494843204
0.0,4158,5.924498950657344,3.1178982402265305
0.0,4159,5.924403439369751,3.11824273096874
0.0,4160,5.924307928082159,3.11858722171095
0.0,4161,5.924212416794566,3.11893171245316
0.0,4162,5.924116905506974,3.11927620319537
0.0,4163,5.924021394219381,3.1196206939375797
0.0,4164,5.923925882931789,3.1199651846797893
0.0,4165,5.923830371644197,3.120309675422
0.0,4166,5.923734860356604,3.12065416616421
0.0,4167,5.923639349069012,3.12099865690642
0.0,4168,5.92354383778142,3.1213431476486297
0.0,4169,5.923448326493826,3.1216876383908394
0.0,4170,5.9233528152062345,3.1220321291330495
0.0,4171,5.923257303918642,3.1223766198752596
0.0,4172,5.92316179263105,3.1227211106174693
0.0,4173,5.923066281343457,3.123065601359679
0.0,4174,5.922970770055865,3.123410092101889
0.0,4175,5.922875258768272,3.123754582844099
0.0,4176,5.92277974748068,3.124099073586309
0.0,4177,5.922684236193088,3.1244435643285184
0.0,4178,5.922588724905495,3.124788055070729
0.0,4179,5.922493213617903,3.1251325458129386
0.0,4180,5.9223977023303105,3.1254770365551483
0.0,4181,5.922302191042718,3.1258215272973584
0.0,4182,5.922206679755126,3.1261660180395685
0.0,4183,5.9221111684675325,3.126510508781778
0.0,4184,5.922015657179941,3.1268549995239883
0.0,4185,5.921920145892349,3.1271994902661984
0.0,4186,5.921824634604756,3.127543981008408
0.0,4187,5.921729123317164,3.127888471750618
0.0,4188,5.921633612029572,3.1282329624928282
0.0,4189,5.921538100741979,3.128577453235038
0.0,4190,5.9214425894543865,3.1289219439772475
0.0,4191,5.921347078166795,3.1292664347194576
0.0,4192,5.921251566879201,3.1296109254616677
0.0,4193,5.921156055591609,3.1299554162038774
0.0,4194,5.921060544304017,3.130299906946087
0.0,4195,5.920965033016424,3.130644397688297
0.0,4196,5.920869521728832,3.1309888884305073
0.0,4197,5.92077401044124,3.131333379172717
0.0,4198,5.920678499153647,3.131677869914927
0.0,4199,5.920582987866055,3.132022360657137
0.0,4200,5.9204874765784625,3.132366851399347
0.0,4201,5.92039196529087,3.132711342141557
0.0,4202,5.920296454003278,3.133055832883767
0.0,4203,5.9202009427156845,3.1334003236259766
0.0,4204,5.920105431428093,3.1337448143681863
0.0,4205,5.9200099201405,3.1340893051103964
0.0,4206,5.919914408852907,3.1344337958526065
0.0,4207,5.919818897565316,3.134778286594816
0.0,4208,5.919723386277724,3.135122777337026
0.0,4209,5.91962787499013,3.135467268079236
0.0,4210,5.9195323637025385,3.135811758821446
0.0,4211,5.919436852414946,3.1361562495636557
0.0,4212,5.919341341127353,3.1365007403058662
0.0,4213,5.919245829839761,3.136845231048076
0.0,4214,5.919150318552169,3.1371897217902855
0.0,4215,5.919054807264576,3.1375342125324956
0.0,4216,5.918959295976984,3.1378787032747057
0.0,4217,5.918863784689392,3.1382231940169154
0.0,4218,5.918768273401799,3.138567684759125
0.0,4219,5.918672762114207,3.1389121755013356
0.0,4220,5.918577250826615,3.1392566662435453
0.0,4221,5.918481739539022,3.1396011569857554
0.0,4222,5.91838622825143,3.1399456477279655
0.0,4223,5.9182907169638375,3.140290138470175
0.0,4224,5.918195205676245,3.140634629212385
0.0,4225,5.918099694388653,3.140979119954595
0.0,4226,5.91800418310106,3.141323610696805
0.0,4227,5.917908671813468,3.1416681014390146
0.0,4228,5.917813160525876,3.1420125921812243
0.0,4229,5.917717649238282,3.1423570829234344
0.0,4230,5.917622137950691,3.1427015736656445
0.0,4231,5.917526626663098,3.143046064407854
0.0,4232,5.917431115375505,3.1433905551500643
0.0,4233,5.9173356040879135,3.1437350458922744
0.0,4234,5.917240092800321,3.144079536634484
0.0,4235,5.917144581512728,3.144424027376694
0.0,4236,5.917049070225136,3.1447685181189042
0.0,4237,5.916953558937544,3.145113008861114
0.0,4238,5.916858047649951,3.1454574996033235
0.0,4239,5.916762536362359,3.1458019903455336
0.0,4240,5.916667025074766,3.1461464810877438
0.0,4241,5.916571513787174,3.1464909718299534
0.0,4242,5.916476002499581,3.146835462572163
0.0,4243,5.916380491211989,3.1471799533143736
0.0,4244,5.916284979924397,3.1475244440565833
0.0,4245,5.916189468636804,3.147868934798793
0.0,4246,5.9160939573492115,3.148213425541003
0.0,4247,5.91599844606162,3.148557916283213
0.0,4248,5.915902934774027,3.148902407025423
0.0,4249,5.915807423486434,3.1492468977676324
0.0,4250,5.915711912198843,3.149591388509842
0.0,4251,5.915616400911249,3.1499358792520527
0.0,4252,5.915520889623657,3.1502803699942623
0.0,4253,5.915425378336065,3.1506248607364724
0.0,4254,5.915329867048472,3.1509693514786825
0.0,4255,5.91523435576088,3.151313842220892
0.0,4256,5.9151388444732875,3.151658332963102
0.0,4257,5.915043333185695,3.152002823705312
0.0,4258,5.914947821898103,3.152347314447522
0.0,4259,5.91485231061051,3.1526918051897317
0.0,4260,5.914756799322918,3.1530362959319413
0.0,4261,5.914661288035326,3.1533807866741514
0.0,4262,5.914565776747732,3.1537252774163615
0.0,4263,5.914470265460141,3.154069768158571
0.0,4264,5.914374754172548,3.1544142589007813
0.0,4265,5.914279242884955,3.1547587496429914
0.0,4266,5.9141837315973635,3.155103240385201
0.0,4267,5.914088220309771,3.155447731127411
0.0,4268,5.913992709022178,3.1557922218696213
0.0,4269,5.913897197734586,3.156136712611831
0.0,4270,5.913801686446993,3.1564812033540406
0.0,4271,5.913706175159401,3.1568256940962507
0.0,4272,5.913610663871809,3.157170184838461
0.0,4273,5.913515152584217,3.1575146755806704
0.0,4274,5.913419641296624,3.15785916632288
0.0,4275,5.913324130009032,3.15820365706509
0.0,4276,5.91322861872144,3.1585481478073003
0.0,4277,5.913133107433847,3.15889263854951
0.0,4278,5.913037596146255,3.15923712929172
0.0,4279,5.912942084858662,3.15958162003393
0.0,4280,5.91284657357107,3.15992611077614
0.0,4281,5.912751062283477,3.1602706015183495
0.0,4282,5.9126555509958845,3.16061509226056
0.0,4283,5.912560039708293,3.1609595830027697
0.0,4284,5.9124645284207,3.1613040737449793
0.0,4285,5.912369017133107,3.1616485644871895
0.0,4286,5.912273505845516,3.1619930552293996
0.0,4287,5.912177994557922,3.162337545971609
0.0,4288,5.91208248327033,3.1626820367138193
0.0,4289,5.911986971982738,3.1630265274560294
0.0,4290,5.911891460695145,3.163371018198239
0.0,4291,5.911795949407553,3.1637155089404487
0.0,4292,5.9117004381199605,3.164059999682659
0.0,4293,5.911604926832368,3.164404490424869
0.0,4294,5.911509415544776,3.1647489811670786
0.0,4295,5.911413904257183,3.1650934719092882
0.0,4296,5.911318392969591,3.1654379626514983
0.0,4297,5.911222881681999,3.1657824533937085
0.0,4298,5.911127370394406,3.166126944135918
0.0,4299,5.911031859106814,3.166471434878128
0.0,4300,5.910936347819222,3.1668159256203383
0.0,4301,5.910840836531628,3.167160416362548
0.0,4302,5.9107453252440365,3.1675049071047576
0.0,4303,5.910649813956444,3.1678493978469677
0.0,4304,5.910554302668851,3.168193888589178
0.0,4305,5.910458791381259,3.1685383793313875
0.0,4306,5.910363280093667,3.168882870073598
0.0,4307,5.910267768806074,3.1692273608158077
0.0,4308,5.910172257518482,3.1695718515580174
0.0,4309,5.9100767462308905,3.1699163423002275
0.0,4310,5.909981234943297,3.1702608330424376
0.0,4311,5.909885723655705,3.170605323784647
0.0,4312,5.9097902123681125,3.170949814526857
0.0,4313,5.90969470108052,3.171294305269067
0.0,4314,5.909599189792928,3.171638796011277
0.0,4315,5.909503678505335,3.1719832867534867
0.0,4316,5.909408167217743,3.1723277774956964
0.0,4317,5.909312655930151,3.172672268237907
0.0,4318,5.909217144642557,3.1730167589801166
0.0,4319,5.909121633354966,3.1733612497223262
0.0,4320,5.909026122067373,3.173705740464536
0.0,4321,5.90893061077978,3.1740502312067465
0.0,4322,5.9088350994921885,3.174394721948956
0.0,4323,5.908739588204596,3.174739212691166
0.0,4324,5.908644076917003,3.1750837034333763
0.0,4325,5.908548565629411,3.175428194175586
0.0,4326,5.908453054341819,3.175772684917796
0.0,4327,5.908357543054226,3.1761171756600057
0.0,4328,5.908262031766634,3.176461666402216
0.0,4329,5.908166520479041,3.1768061571444255
0.0,4330,5.908071009191449,3.1771506478866356
0.0,4331,5.907975497903856,3.1774951386288453
0.0,4332,5.907879986616264,3.1778396293710554
0.0,4333,5.907784475328672,3.178184120113265
0.0,4334,5.90768896404108,3.178528610855475
0.0,4335,5.907593452753487,3.1788731015976848
0.0,4336,5.907497941465895,3.179217592339895
0.0,4337,5.907402430178303,3.1795620830821054
0.0,4338,5.9073069188907095,3.179906573824315
0.0,4339,5.907211407603118,3.1802510645665247
0.0,4340,5.907115896315525,3.1805955553087344
0.0,4341,5.907020385027932,3.180940046050945
0.0,4342,5.906924873740341,3.1812845367931546
0.0,4343,5.906829362452748,3.1816290275353643
0.0,4344,5.906733851165155,3.181973518277574
0.0,4345,5.9066383398775635,3.1823180090197845
0.0,4346,5.90654282858997,3.182662499761994
0.0,4347,5.906447317302378,3.1830069905042038
0.0,4348,5.906351806014786,3.1833514812464143
0.0,4349,5.906256294727193,3.183695971988624
0.0,4350,5.906160783439601,3.184040462730834
0.0,4351,5.906065272152008,3.1843849534730437
0.0,4352,5.905969760864417,3.184729444215254
0.0,4353,5.905874249576824,3.1850739349574635
0.0,4354,5.905778738289231,3.1854184256996736
0.0,4355,5.905683227001639,3.1857629164418833
0.0,4356,5.905587715714047,3.1861074071840934
0.0,4357,5.905492204426454,3.186451897926303
0.0,4358,5.9053966931388615,3.186796388668513
0.0,4359,5.905301181851269,3.187140879410723
0.0,4360,5.905205670563676,3.187485370152933
0.0,4361,5.905110159276084,3.187829860895143
0.0,4362,5.905014647988493,3.1881743516373526
0.0,4363,5.904919136700899,3.1885188423795627
0.0,4364,5.904823625413307,3.1888633331217724
0.0,4365,5.904728114125715,3.1892078238639825
0.0,4366,5.904632602838123,3.1895523146061926
0.0,4367,5.904537091550529,3.1898968053484023
0.0,4368,5.9044415802629375,3.1902412960906124
0.0,4369,5.904346068975345,3.190585786832822
0.0,4370,5.904250557687753,3.190930277575032
0.0,4371,5.90415504640016,3.1912747683172418
0.0,4372,5.904059535112568,3.191619259059452
0.0,4373,5.903964023824975,3.1919637498016615
0.0,4374,5.903868512537383,3.1923082405438716
0.0,4375,5.903773001249791,3.1926527312860813
0.0,4376,5.903677489962198,3.1929972220282914
0.0,4377,5.903581978674605,3.193341712770501
0.0,4378,5.9034864673870135,3.193686203512711
0.0,4379,5.903390956099422,3.1940306942549213
0.0,4380,5.903295444811828,3.1943751849971314
0.0,4381,5.903199933524236,3.194719675739341
0.0,4382,5.903104422236644,3.1950641664815507
0.0,4383,5.903008910949051,3.195408657223761
0.0,4384,5.902913399661459,3.195753147965971
0.0,4385,5.902817888373866,3.1960976387081805
0.0,4386,5.902722377086274,3.19644212945039
0.0,4387,5.902626865798682,3.1967866201926007
0.0,4388,5.90253135451109,3.1971311109348104
0.0,4389,5.902435843223497,3.1974756016770205
0.0,4390,5.902340331935904,3.1978200924192306
0.0,4391,5.9022448206483125,3.1981645831614403
0.0,4392,5.90214930936072,3.1985090739036504
0.0,4393,5.902053798073127,3.19885356464586
0.0,4394,5.9019582867855345,3.19919805538807
0.0,4395,5.901862775497943,3.1995425461302798
0.0,4396,5.90176726421035,3.19988703687249
0.0,4397,5.901671752922757,3.2002315276146995
0.0,4398,5.901576241635165,3.2005760183569096
0.0,4399,5.901480730347573,3.2009205090991193
0.0,4400,5.90138521905998,3.2012649998413294
0.0,4401,5.9012897077723885,3.2016094905835395
0.0,4402,5.901194196484795,3.201953981325749
0.0,4403,5.901098685197203,3.2022984720679593
0.0,4404,5.901003173909611,3.202642962810169
0.0,4405,5.900907662622019,3.202987453552379
0.0,4406,5.900812151334426,3.2033319442945887
0.0,4407,5.900716640046833,3.2036764350367988
0.0,4408,5.900621128759241,3.2040209257790084
0.0,4409,5.900525617471649,3.2043654165212185
0.0,4410,5.900430106184055,3.204709907263428
0.0,4411,5.900334594896464,3.2050543980056387
0.0,4412,5.900239083608872,3.2053988887478484
0.0,4413,5.900143572321279,3.205743379490058
0.0,4414,5.9000480610336865,3.2060878702322686
0.0,4415,5.899952549746094,3.2064323609744783
0.0,4416,5.899857038458502,3.206776851716688
0.0,4417,5.899761527170909,3.2071213424588976
0.0,4418,5.899666015883318,3.207465833201108
0.0,4419,5.899570504595724,3.2078103239433178
0.0,4420,5.899474993308132,3.208154814685528
0.0,4421,5.89937948202054,3.2084993054277375
0.0,4422,5.899283970732948,3.2088437961699476
0.0,4423,5.899188459445354,3.2091882869121573
0.0,4424,5.8990929481577625,3.2095327776543674
0.0,4425,5.89899743687017,3.2098772683965775
0.0,4426,5.898901925582578,3.210221759138787
0.0,4427,5.898806414294985,3.2105662498809973
0.0,4428,5.898710903007393,3.210910740623207
0.0,4429,5.8986153917198,3.211255231365417
0.0,4430,5.898519880432208,3.2115997221076267
0.0,4431,5.898424369144616,3.2119442128498368
0.0,4432,5.898328857857024,3.212288703592047
0.0,4433,5.89823334656943,3.2126331943342565
0.0,4434,5.8981378352818385,3.2129776850764666
0.0,4435,5.898042323994246,3.2133221758186763
0.0,4436,5.897946812706654,3.2136666665608864
0.0,4437,5.8978513014190606,3.214011157303096
0.0,4438,5.897755790131469,3.214355648045306
0.0,4439,5.897660278843876,3.214700138787516
0.0,4440,5.897564767556284,3.215044629529726
0.0,4441,5.897469256268691,3.2153891202719356
0.0,4442,5.897373744981099,3.2157336110141457
0.0,4443,5.897278233693507,3.216078101756356
0.0,4444,5.897182722405915,3.2164225924985654
0.0,4445,5.897087211118322,3.2167670832407755
0.0,4446,5.896991699830729,3.217111573982985
0.0,4447,5.896896188543137,3.2174560647251953
0.0,4448,5.896800677255545,3.217800555467405
0.0,4449,5.896705165967953,3.218145046209615
0.0,4450,5.8966096546803595,3.2184895369518247
0.0,4451,5.896514143392768,3.218834027694035
0.0,4452,5.896418632105175,3.2191785184362445
0.0,4453,5.896323120817583,3.219523009178455
0.0,4454,5.89622760952999,3.2198674999206647
0.0,4455,5.896132098242398,3.2202119906628743
0.0,4456,5.896036586954805,3.220556481405085
0.0,4457,5.8959410756672135,3.2209009721472945
0.0,4458,5.89584556437962,3.2212454628895046
0.0,4459,5.895750053092028,3.2215899536317143
0.0,4460,5.8956545418044355,3.2219344443739244
0.0,4461,5.895559030516844,3.222278935116134
0.0,4462,5.895463519229251,3.222623425858344
0.0,4463,5.895368007941658,3.222967916600554
0.0,4464,5.895272496654066,3.223312407342764
0.0,4465,5.895176985366474,3.2236568980849736
0.0,4466,5.895081474078881,3.2240013888271837
0.0,4467,5.894985962791289,3.224345879569394
0.0,4468,5.894890451503696,3.2246903703116034
0.0,4469,5.894794940216104,3.2250348610538135
0.0,4470,5.8946994289285115,3.225379351796023
0.0,4471,5.894603917640919,3.2257238425382333
0.0,4472,5.894508406353327,3.226068333280443
0.0,4473,5.894412895065734,3.226412824022653
0.0,4474,5.894317383778143,3.2267573147648627
0.0,4475,5.894221872490549,3.227101805507073
0.0,4476,5.894126361202957,3.2274462962492825
0.0,4477,5.894030849915365,3.2277907869914926
0.0,4478,5.893935338627773,3.2281352777337027
0.0,4479,5.89383982734018,3.2284797684759123
0.0,4480,5.8937443160525875,3.2288242592181224
0.0,4481,5.893648804764995,3.229168749960332
0.0,4482,5.893553293477403,3.229513240702542
0.0,4483,5.89345778218981,3.229857731444752
0.0,4484,5.893362270902218,3.2302022221869624
0.0,4485,5.893266759614625,3.230546712929172
0.0,4486,5.893171248327033,3.230891203671382
0.0,4487,5.893075737039441,3.231235694413592
0.0,4488,5.892980225751849,3.2315801851558015
0.0,4489,5.892884714464255,3.2319246758980116
0.0,4490,5.8927892031766635,3.2322691666402212
0.0,4491,5.892693691889071,3.2326136573824313
0.0,4492,5.892598180601479,3.2329581481246414
0.0,4493,5.892502669313886,3.2333026388668515
0.0,4494,5.892407158026294,3.233647129609061
0.0,4495,5.892311646738701,3.2339916203512713
0.0,4496,5.892216135451109,3.234336111093481
0.0,4497,5.892120624163517,3.234680601835691
0.0,4498,5.892025112875924,3.235025092577901
0.0,4499,5.891929601588331,3.235369583320111
0.0,4500,5.89183409030074,3.235714074062321
0.0,4501,5.891738579013147,3.2360585648045306
0.0,4502,5.891643067725554,3.2364030555467407
0.0,4503,5.891547556437962,3.2367475462889503
0.0,4504,5.89145204515037,3.2370920370311604
0.0,4505,5.891356533862777,3.23743652777337
0.0,4506,5.8912610225751845,3.23778101851558
0.0,4507,5.891165511287592,3.23812550925779
0.0,4508,5.89107,3.23847
0.6700000000000728,0,1.5436031899194007,-1.3250538336775148
0.6700000000000728,1,1.5445461679649197,-1.324134800635221
0.6700000000000728,2,1.5454891460104385,-1.3232157675929273
0.6700000000000728,3,1.5464321240559575,-1.3222967345506336
0.6700000000000728,4,1.5473751021014766,-1.3213777015083399
0.6700000000000728,5,1.5483180801469956,-1.320458668466046
0.6700000000000728,6,1.5492610581925144,-1.319539635423752
0.6700000000000728,7,1.5502040362380334,-1.3186206023814584
0.6700000000000728,8,1.5511470142835522,-1.3177015693391645
0.6700000000000728,9,1.5520899923290712,-1.316782536296871
0.6700000000000728,10,1.55303297037459,-1.3158635032545771
0.6700000000000728,11,1.5539759484201092,-1.3149444702122832
0.6700000000000728,12,1.554918926465628,-1.3140254371699895
0.6700000000000728,13,1.555861904511147,-1.3131064041276956
0.6700000000000728,14,1.5568048825566658,-1.3121873710854022
0.6700000000000728,15,1.5577478606021848,-1.3112683380431083
0.6700000000000728,16,1.5586908386477036,-1.3103493050008146
0.6700000000000728,17,1.5596338166932227,-1.3094302719585207
0.6700000000000728,18,1.560576794738742,-1.3085112389162268
0.6700000000000728,19,1.5615197727842607,-1.307592205873933
0.6700000000000728,20,1.5624627508297797,-1.3066731728316394
0.6700000000000728,21,1.5634057288752985,-1.3057541397893457
0.6700000000000728,22,1.5643487069208175,-1.3048351067470518
0.6700000000000728,23,1.5652916849663363,-1.303916073704758
0.6700000000000728,24,1.5662346630118553,-1.3029970406624642
0.6700000000000728,25,1.5671776410573743,-1.3020780076201706
0.6700000000000728,26,1.5681206191028934,-1.3011589745778769
0.6700000000000728,27,1.5690635971484121,-1.300239941535583
0.6700000000000728,28,1.5700065751939312,-1.299320908493289
0.6700000000000728,29,1.57094955323945,-1.2984018754509954
0.6700000000000728,30,1.571892531284969,-1.2974828424087017
0.6700000000000728,31,1.5728355093304878,-1.296563809366408
0.6700000000000728,32,1.573778487376007,-1.2956447763241141
0.6700000000000728,33,1.574721465421526,-1.2947257432818202
0.6700000000000728,34,1.5756644434670448,-1.2938067102395265
0.6700000000000728,35,1.5766074215125636,-1.2928876771972326
0.6700000000000728,36,1.5775503995580826,-1.2919686441549392
0.6700000000000728,37,1.5784933776036016,-1.2910496111126453
0.6700000000000728,38,1.5794363556491207,-1.2901305780703516
0.6700000000000728,39,1.5803793336946397,-1.289211545028058
0.6700000000000728,40,1.5813223117401587,-1.288292511985764
0.6700000000000728,41,1.5822652897856777,-1.2873734789434703
0.6700000000000728,42,1.5832082678311965,-1.2864544459011764
0.6700000000000728,43,1.5841512458767155,-1.285535412858883
0.6700000000000728,44,1.5850942239222343,-1.284616379816589
0.6700000000000728,45,1.5860372019677533,-1.2836973467742951
0.6700000000000728,46,1.5869801800132721,-1.2827783137320015
0.6700000000000728,47,1.5879231580587914,-1.2818592806897076
0.6700000000000728,48,1.5888661361043102,-1.2809402476474139
0.6700000000000728,49,1.5898091141498292,-1.2800212146051202
0.6700000000000728,50,1.590752092195348,-1.2791021815628263
0.6700000000000728,51,1.591695070240867,-1.2781831485205326
0.6700000000000728,52,1.592638048286386,-1.2772641154782387
0.6700000000000728,53,1.5935810263319048,-1.276345082435945
0.6700000000000728,54,1.594524004377424,-1.2754260493936513
0.6700000000000728,55,1.5954669824229428,-1.2745070163513574
0.6700000000000728,56,1.5964099604684618,-1.2735879833090638
0.6700000000000728,57,1.5973529385139806,-1.2726689502667698
0.6700000000000728,58,1.5982959165594997,-1.2717499172244762
0.6700000000000728,59,1.5992388946050184,-1.2708308841821823
0.6700000000000728,60,1.6001818726505375,-1.2699118511398886
0.6700000000000728,61,1.6011248506960565,-1.268992818097595
0.6700000000000728,62,1.6020678287415755,-1.268073785055301
0.6700000000000728,63,1.6030108067870943,-1.2671547520130073
0.6700000000000728,64,1.6039537848326133,-1.2662357189707134
0.6700000000000728,65,1.604896762878132,-1.2653166859284197
0.6700000000000728,66,1.6058397409236511,-1.264397652886126
0.6700000000000728,67,1.60678271896917,-1.2634786198438321
0.6700000000000728,68,1.6077256970146891,-1.2625595868015385
0.6700000000000728,69,1.608668675060208,-1.2616405537592446
0.6700000000000728,70,1.609611653105727,-1.260721520716951
0.6700000000000728,71,1.610554631151246,-1.2598024876746572
0.6700000000000728,72,1.6114976091967648,-1.2588834546323633
0.6700000000000728,73,1.6124405872422836,-1.2579644215900696
0.6700000000000728,74,1.6133835652878026,-1.2570453885477757
0.6700000000000728,75,1.6143265433333216,-1.256126355505482
0.6700000000000728,76,1.6152695213788406,-1.2552073224631883
0.6700000000000728,77,1.6162124994243596,-1.2542882894208944
0.6700000000000728,78,1.6171554774698784,-1.2533692563786007
0.6700000000000728,79,1.6180984555153974,-1.2524502233363068
0.6700000000000728,80,1.6190414335609162,-1.2515311902940132
0.6700000000000728,81,1.6199844116064352,-1.2506121572517195
0.6700000000000728,82,1.6209273896519543,-1.2496931242094256
0.6700000000000728,83,1.6218703676974733,-1.248774091167132
0.6700000000000728,84,1.6228133457429923,-1.247855058124838
0.6700000000000728,85,1.623756323788511,-1.2469360250825443
0.6700000000000728,86,1.6246993018340299,-1.2460169920402504
0.6700000000000728,87,1.625642279879549,-1.245097958997957
0.6700000000000728,88,1.626585257925068,-1.244178925955663
0.6700000000000728,89,1.627528235970587,-1.2432598929133694
0.6700000000000728,90,1.628471214016106,-1.2423408598710757
0.6700000000000728,91,1.629414192061625,-1.2414218268287818
0.6700000000000728,92,1.630357170107144,-1.2405027937864879
0.6700000000000728,93,1.6313001481526628,-1.2395837607441942
0.6700000000000728,94,1.6322431261981818,-1.2386647277019005
0.6700000000000728,95,1.6331861042437006,-1.2377456946596068
0.6700000000000728,96,1.6341290822892196,-1.236826661617313
0.6700000000000728,97,1.6350720603347384,-1.2359076285750192
0.6700000000000728,98,1.6360150383802576,-1.2349885955327253
0.6700000000000728,99,1.6369580164257764,-1.2340695624904314
0.6700000000000728,100,1.6379009944712954,-1.233150529448138
0.6700000000000728,101,1.6388439725168142,-1.232231496405844
0.6700000000000728,102,1.6397869505623333,-1.2313124633635504
0.6700000000000728,103,1.6407299286078523,-1.2303934303212565
0.6700000000000728,104,1.641672906653371,-1.2294743972789626
0.6700000000000728,105,1.64261588469889,-1.2285553642366691
0.6700000000000728,106,1.643558862744409,-1.2276363311943752
0.6700000000000728,107,1.644501840789928,-1.2267172981520815
0.6700000000000728,108,1.645444818835447,-1.2257982651097876
0.6700000000000728,109,1.646387796880966,-1.2248792320674937
0.6700000000000728,110,1.6473307749264847,-1.2239601990252
0.6700000000000728,111,1.6482737529720037,-1.2230411659829064
0.6700000000000728,112,1.6492167310175228,-1.2221221329406127
0.6700000000000728,113,1.6501597090630418,-1.2212030998983188
0.6700000000000728,114,1.6511026871085606,-1.2202840668560249
0.6700000000000728,115,1.6520456651540796,-1.2193650338137312
0.6700000000000728,116,1.6529886431995984,-1.2184460007714375
0.6700000000000728,117,1.6539316212451174,-1.2175269677291438
0.6700000000000728,118,1.6548745992906362,-1.21660793468685
0.6700000000000728,119,1.6558175773361554,-1.215688901644556
0.6700000000000728,120,1.6567605553816742,-1.2147698686022623
0.6700000000000728,121,1.6577035334271932,-1.2138508355599686
0.6700000000000728,122,1.658646511472712,-1.212931802517675
0.6700000000000728,123,1.659589489518231,-1.212012769475381
0.6700000000000728,124,1.6605324675637498,-1.2110937364330874
0.6700000000000728,125,1.661475445609269,-1.2101747033907935
0.6700000000000728,126,1.6624184236547879,-1.2092556703484998
0.6700000000000728,127,1.6633614017003069,-1.2083366373062059
0.6700000000000728,128,1.664304379745826,-1.2074176042639122
0.6700000000000728,129,1.6652473577913447,-1.2064985712216183
0.6700000000000728,130,1.6661903358368635,-1.2055795381793246
0.6700000000000728,131,1.6671333138823825,-1.204660505137031
0.6700000000000728,132,1.6680762919279017,-1.203741472094737
0.6700000000000728,133,1.6690192699734205,-1.2028224390524433
0.6700000000000728,134,1.6699622480189396,-1.2019034060101497
0.6700000000000728,135,1.6709052260644586,-1.2009843729678558
0.6700000000000728,136,1.6718482041099774,-1.200065339925562
0.6700000000000728,137,1.6727911821554962,-1.1991463068832682
0.6700000000000728,138,1.6737341602010152,-1.1982272738409745
0.6700000000000728,139,1.6746771382465342,-1.1973082407986808
0.6700000000000728,140,1.6756201162920532,-1.196389207756387
0.6700000000000728,141,1.6765630943375722,-1.1954701747140932
0.6700000000000728,142,1.6775060723830912,-1.1945511416717993
0.6700000000000728,143,1.67844905042861,-1.1936321086295056
0.6700000000000728,144,1.6793920284741288,-1.1927130755872117
0.6700000000000728,145,1.6803350065196478,-1.191794042544918
0.6700000000000728,146,1.6812779845651669,-1.1908750095026241
0.6700000000000728,147,1.6822209626106859,-1.1899559764603305
0.6700000000000728,148,1.6831639406562047,-1.1890369434180368
0.6700000000000728,149,1.6841069187017235,-1.1881179103757429
0.6700000000000728,150,1.6850498967472425,-1.1871988773334492
0.6700000000000728,151,1.6859928747927615,-1.1862798442911555
0.6700000000000728,152,1.6869358528382803,-1.1853608112488616
0.6700000000000728,153,1.6878788308837995,-1.184441778206568
0.6700000000000728,154,1.6888218089293185,-1.183522745164274
0.6700000000000728,155,1.6897647869748373,-1.1826037121219803
0.6700000000000728,156,1.6907077650203561,-1.1816846790796864
0.6700000000000728,157,1.6916507430658752,-1.1807656460373928
0.6700000000000728,158,1.6925937211113942,-1.179846612995099
0.6700000000000728,159,1.693536699156913,-1.1789275799528052
0.6700000000000728,160,1.6944796772024322,-1.1780085469105115
0.6700000000000728,161,1.695422655247951,-1.1770895138682178
0.6700000000000728,162,1.6963656332934698,-1.176170480825924
0.6700000000000728,163,1.6973086113389888,-1.17525144778363
0.6700000000000728,164,1.6982515893845078,-1.1743324147413363
0.6700000000000728,165,1.6991945674300268,-1.1734133816990426
0.6700000000000728,166,1.7001375454755456,-1.172494348656749
0.6700000000000728,167,1.7010805235210649,-1.171575315614455
0.6700000000000728,168,1.7020235015665837,-1.1706562825721614
0.6700000000000728,169,1.7029664796121025,-1.1697372495298675
0.6700000000000728,170,1.7039094576576215,-1.1688182164875738
0.6700000000000728,171,1.7048524357031405,-1.1678991834452799
0.6700000000000728,172,1.7057954137486593,-1.1669801504029862
0.6700000000000728,173,1.706738391794178,-1.1660611173606923
0.6700000000000728,174,1.7076813698396973,-1.1651420843183986
0.6700000000000728,175,1.708624347885216,-1.164223051276105
0.6700000000000728,176,1.7095673259307351,-1.1633040182338112
0.6700000000000728,177,1.7105103039762541,-1.1623849851915176
0.6700000000000728,178,1.7114532820217732,-1.1614659521492237
0.6700000000000728,179,1.7123962600672922,-1.16054691910693
0.6700000000000728,180,1.713339238112811,-1.159627886064636
0.6700000000000728,181,1.71428221615833,-1.1587088530223424
0.6700000000000728,182,1.7152251942038488,-1.1577898199800485
0.6700000000000728,183,1.7161681722493678,-1.1568707869377548
0.6700000000000728,184,1.7171111502948868,-1.155951753895461
0.6700000000000728,185,1.7180541283404058,-1.1550327208531672
0.6700000000000728,186,1.7189971063859246,-1.1541136878108735
0.6700000000000728,187,1.7199400844314434,-1.1531946547685799
0.6700000000000728,188,1.7208830624769627,-1.152275621726286
0.6700000000000728,189,1.7218260405224814,-1.151356588683992
0.6700000000000728,190,1.7227690185680005,-1.1504375556416984
0.6700000000000728,191,1.7237119966135195,-1.1495185225994047
0.6700000000000728,192,1.7246549746590385,-1.1485994895571108
0.6700000000000728,193,1.7255979527045573,-1.147680456514817
0.6700000000000728,194,1.726540930750076,-1.1467614234725234
0.6700000000000728,195,1.727483908795595,-1.1458423904302295
0.6700000000000728,196,1.7284268868411141,-1.1449233573879358
0.6700000000000728,197,1.7293698648866331,-1.144004324345642
0.6700000000000728,198,1.7303128429321522,-1.1430852913033482
0.6700000000000728,199,1.7312558209776712,-1.1421662582610543
0.6700000000000728,200,1.73219879902319,-1.1412472252187607
0.6700000000000728,201,1.7331417770687088,-1.140328192176467
0.6700000000000728,202,1.7340847551142278,-1.139409159134173
0.6700000000000728,203,1.7350277331597468,-1.1384901260918794
0.6700000000000728,204,1.7359707112052658,-1.1375710930495857
0.6700000000000728,205,1.7369136892507848,-1.1366520600072918
0.6700000000000728,206,1.7378566672963036,-1.1357330269649981
0.6700000000000728,207,1.7387996453418224,-1.1348139939227044
0.6700000000000728,208,1.7397426233873414,-1.1338949608804105
0.6700000000000728,209,1.7406856014328604,-1.1329759278381168
0.6700000000000728,210,1.7416285794783795,-1.1320568947958232
0.6700000000000728,211,1.7425715575238985,-1.1311378617535293
0.6700000000000728,212,1.7435145355694175,-1.1302188287112356
0.6700000000000728,213,1.7444575136149363,-1.1292997956689417
0.6700000000000728,214,1.7454004916604553,-1.128380762626648
0.6700000000000728,215,1.746343469705974,-1.127461729584354
0.6700000000000728,216,1.747286447751493,-1.1265426965420606
0.6700000000000728,217,1.7482294257970121,-1.1256236634997667
0.6700000000000728,218,1.7491724038425311,-1.1247046304574728
0.6700000000000728,219,1.75011538188805,-1.1237855974151791
0.6700000000000728,220,1.7510583599335687,-1.1228665643728855
0.6700000000000728,221,1.7520013379790877,-1.1219475313305916
0.6700000000000728,222,1.7529443160246068,-1.1210284982882979
0.6700000000000728,223,1.7538872940701258,-1.120109465246004
0.6700000000000728,224,1.7548302721156448,-1.1191904322037103
0.6700000000000728,225,1.7557732501611638,-1.1182713991614164
0.6700000000000728,226,1.7567162282066826,-1.1173523661191227
0.6700000000000728,227,1.7576592062522014,-1.116433333076829
0.6700000000000728,228,1.7586021842977204,-1.1155143000345351
0.6700000000000728,229,1.7595451623432394,-1.1145952669922414
0.6700000000000728,230,1.7604881403887584,-1.1136762339499477
0.6700000000000728,231,1.7614311184342775,-1.1127572009076538
0.6700000000000728,232,1.7623740964797963,-1.11183816786536
0.6700000000000728,233,1.7633170745253153,-1.1109191348230665
0.6700000000000728,234,1.764260052570834,-1.1100001017807726
0.6700000000000728,235,1.765203030616353,-1.1090810687384787
0.6700000000000728,236,1.766146008661872,-1.108162035696185
0.6700000000000728,237,1.7670889867073911,-1.1072430026538913
0.6700000000000728,238,1.7680319647529101,-1.1063239696115974
0.6700000000000728,239,1.768974942798429,-1.1054049365693037
0.6700000000000728,240,1.7699179208439477,-1.1044859035270098
0.6700000000000728,241,1.7708608988894667,-1.1035668704847161
0.6700000000000728,242,1.7718038769349858,-1.1026478374424222
0.6700000000000728,243,1.7727468549805045,-1.1017288044001285
0.6700000000000728,244,1.7736898330260233,-1.1008097713578349
0.6700000000000728,245,1.7746328110715426,-1.099890738315541
0.6700000000000728,246,1.7755757891170614,-1.0989717052732473
0.6700000000000728,247,1.7765187671625804,-1.0980526722309536
0.6700000000000728,248,1.7774617452080994,-1.0971336391886597
0.6700000000000728,249,1.7784047232536182,-1.096214606146366
0.6700000000000728,250,1.7793477012991372,-1.095295573104072
0.6700000000000728,251,1.7802906793446562,-1.0943765400617784
0.6700000000000728,252,1.781233657390175,-1.0934575070194845
0.6700000000000728,253,1.782176635435694,-1.0925384739771908
0.6700000000000728,254,1.783119613481213,-1.0916194409348972
0.6700000000000728,255,1.784062591526732,-1.0907004078926033
0.6700000000000728,256,1.7850055695722509,-1.0897813748503096
0.6700000000000728,257,1.7859485476177699,-1.0888623418080159
0.6700000000000728,258,1.7868915256632887,-1.087943308765722
0.6700000000000728,259,1.7878345037088077,-1.087024275723428
0.6700000000000728,260,1.7887774817543267,-1.0861052426811346
0.6700000000000728,261,1.7897204597998457,-1.0851862096388407
0.6700000000000728,262,1.7906634378453647,-1.0842671765965468
0.6700000000000728,263,1.7916064158908835,-1.0833481435542531
0.6700000000000728,264,1.7925493939364026,-1.0824291105119594
0.6700000000000728,265,1.7934923719819214,-1.0815100774696655
0.6700000000000728,266,1.7944353500274404,-1.0805910444273719
0.6700000000000728,267,1.7953783280729594,-1.079672011385078
0.6700000000000728,268,1.7963213061184784,-1.0787529783427843
0.6700000000000728,269,1.797264284163997,-1.0778339453004904
0.6700000000000728,270,1.7982072622095162,-1.0769149122581967
0.6700000000000728,271,1.799150240255035,-1.075995879215903
0.6700000000000728,272,1.800093218300554,-1.075076846173609
0.6700000000000728,273,1.801036196346073,-1.0741578131313154
0.6700000000000728,274,1.801979174391592,-1.0732387800890217
0.6700000000000728,275,1.802922152437111,-1.0723197470467278
0.6700000000000728,276,1.8038651304826296,-1.0714007140044342
0.6700000000000728,277,1.8048081085281489,-1.0704816809621405
0.6700000000000728,278,1.8057510865736677,-1.0695626479198466
0.6700000000000728,279,1.8066940646191867,-1.0686436148775529
0.6700000000000728,280,1.8076370426647057,-1.067724581835259
0.6700000000000728,281,1.8085800207102247,-1.0668055487929653
0.6700000000000728,282,1.8095229987557433,-1.0658865157506714
0.6700000000000728,283,1.8104659768012623,-1.0649674827083777
0.6700000000000728,284,1.8114089548467815,-1.0640484496660838
0.6700000000000728,285,1.8123519328923003,-1.0631294166237901
0.6700000000000728,286,1.8132949109378194,-1.0622103835814964
0.6700000000000728,287,1.8142378889833384,-1.0612913505392028
0.6700000000000728,288,1.8151808670288574,-1.0603723174969089
0.6700000000000728,289,1.816123845074376,-1.0594532844546152
0.6700000000000728,290,1.817066823119895,-1.0585342514123215
0.6700000000000728,291,1.818009801165414,-1.0576152183700276
0.6700000000000728,292,1.818952779210933,-1.0566961853277337
0.6700000000000728,293,1.8198957572564518,-1.05577715228544
0.6700000000000728,294,1.8208387353019708,-1.0548581192431463
0.6700000000000728,295,1.8217817133474896,-1.0539390862008524
0.6700000000000728,296,1.8227246913930086,-1.0530200531585587
0.6700000000000728,297,1.8236676694385276,-1.052101020116265
0.6700000000000728,298,1.8246106474840467,-1.0511819870739711
0.6700000000000728,299,1.8255536255295657,-1.0502629540316772
0.6700000000000728,300,1.8264966035750845,-1.0493439209893838
0.6700000000000728,301,1.8274395816206035,-1.0484248879470899
0.6700000000000728,302,1.8283825596661223,-1.047505854904796
0.6700000000000728,303,1.8293255377116413,-1.0465868218625025
0.6700000000000728,304,1.8302685157571603,-1.0456677888202086
0.6700000000000728,305,1.8312114938026793,-1.0447487557779147
0.6700000000000728,306,1.8321544718481981,-1.043829722735621
0.6700000000000728,307,1.8330974498937171,-1.0429106896933273
0.6700000000000728,308,1.8340404279392362,-1.0419916566510334
0.6700000000000728,309,1.834983405984755,-1.0410726236087395
0.6700000000000728,310,1.835926384030274,-1.0401535905664459
0.6700000000000728,311,1.836869362075793,-1.0392345575241522
0.6700000000000728,312,1.837812340121312,-1.0383155244818583
0.6700000000000728,313,1.8387553181668308,-1.0373964914395646
0.6700000000000728,314,1.8396982962123498,-1.036477458397271
0.6700000000000728,315,1.8406412742578686,-1.035558425354977
0.6700000000000728,316,1.8415842523033876,-1.0346393923126833
0.6700000000000728,317,1.8425272303489066,-1.0337203592703896
0.6700000000000728,318,1.8434702083944257,-1.0328013262280957
0.6700000000000728,319,1.8444131864399447,-1.031882293185802
0.6700000000000728,320,1.8453561644854635,-1.0309632601435084
0.6700000000000728,321,1.8462991425309825,-1.0300442271012145
0.6700000000000728,322,1.8472421205765013,-1.0291251940589206
0.6700000000000728,323,1.8481850986220203,-1.0282061610166269
0.6700000000000728,324,1.8491280766675393,-1.0272871279743332
0.6700000000000728,325,1.8500710547130583,-1.0263680949320393
0.6700000000000728,326,1.851014032758577,-1.0254490618897456
0.6700000000000728,327,1.8519570108040961,-1.0245300288474517
0.6700000000000728,328,1.852899988849615,-1.023610995805158
0.6700000000000728,329,1.853842966895134,-1.0226919627628643
0.6700000000000728,330,1.854785944940653,-1.0217729297205704
0.6700000000000728,331,1.855728922986172,-1.0208538966782768
0.6700000000000728,332,1.856671901031691,-1.019934863635983
0.6700000000000728,333,1.8576148790772096,-1.0190158305936892
0.6700000000000728,334,1.8585578571227288,-1.0180967975513955
0.6700000000000728,335,1.8595008351682476,-1.0171777645091016
0.6700000000000728,336,1.8604438132137666,-1.016258731466808
0.6700000000000728,337,1.8613867912592856,-1.0153396984245142
0.6700000000000728,338,1.8623297693048046,-1.0144206653822203
0.6700000000000728,339,1.8632727473503232,-1.0135016323399264
0.6700000000000728,340,1.8642157253958425,-1.0125825992976327
0.6700000000000728,341,1.8651587034413615,-1.011663566255339
0.6700000000000728,342,1.8661016814868803,-1.0107445332130451
0.6700000000000728,343,1.8670446595323993,-1.0098255001707515
0.6700000000000728,344,1.867987637577918,-1.0089064671284578
0.6700000000000728,345,1.8689306156234373,-1.0079874340861639
0.6700000000000728,346,1.869873593668956,-1.0070684010438702
0.6700000000000728,347,1.8708165717144751,-1.0061493680015765
0.6700000000000728,348,1.871759549759994,-1.0052303349592826
0.6700000000000728,349,1.872702527805513,-1.004311301916989
0.6700000000000728,350,1.8736455058510317,-1.003392268874695
0.6700000000000728,351,1.8745884838965508,-1.0024732358324013
0.6700000000000728,352,1.8755314619420695,-1.0015542027901074
0.6700000000000728,353,1.8764744399875886,-1.0006351697478137
0.6700000000000728,354,1.8774174180331076,-0.9997161367055201
0.6700000000000728,355,1.8783603960786266,-0.9987971036632263
0.6700000000000728,356,1.8793033741241456,-0.9978780706209325
0.6700000000000728,357,1.8802463521696644,-0.9969590375786387
0.6700000000000728,358,1.8811893302151834,-0.9960400045363449
0.6700000000000728,359,1.8821323082607022,-0.9951209714940512
0.6700000000000728,360,1.8830752863062212,-0.9942019384517574
0.6700000000000728,361,1.8840182643517402,-0.9932829054094636
0.6700000000000728,362,1.8849612423972593,-0.9923638723671697
0.6700000000000728,363,1.885904220442778,-0.991444839324876
0.6700000000000728,364,1.886847198488297,-0.9905258062825824
0.6700000000000728,365,1.887790176533816,-0.9896067732402886
0.6700000000000728,366,1.8887331545793349,-0.9886877401979948
0.6700000000000728,367,1.889676132624854,-0.9877687071557011
0.6700000000000728,368,1.890619110670373,-0.9868496741134072
0.6700000000000728,369,1.891562088715892,-0.9859306410711135
0.6700000000000728,370,1.8925050667614107,-0.9850116080288196
0.6700000000000728,371,1.8934480448069297,-0.9840925749865259
0.6700000000000728,372,1.8943910228524485,-0.9831735419442322
0.6700000000000728,373,1.8953340008979676,-0.9822545089019384
0.6700000000000728,374,1.8962769789434863,-0.9813354758596445
0.6700000000000728,375,1.8972199569890056,-0.9804164428173507
0.6700000000000728,376,1.8981629350345246,-0.9794974097750571
0.6700000000000728,377,1.8991059130800434,-0.9785783767327633
0.6700000000000728,378,1.9000488911255624,-0.9776593436904695
0.6700000000000728,379,1.9009918691710812,-0.9767403106481758
0.6700000000000728,380,1.9019348472166002,-0.9758212776058819
0.6700000000000728,381,1.902877825262119,-0.9749022445635882
0.6700000000000728,382,1.9038208033076383,-0.9739832115212944
0.6700000000000728,383,1.904763781353157,-0.9730641784790006
0.6700000000000728,384,1.905706759398676,-0.9721451454367069
0.6700000000000728,385,1.9066497374441949,-0.9712261123944131
0.6700000000000728,386,1.9075927154897139,-0.9703070793521194
0.6700000000000728,387,1.908535693535233,-0.9693880463098256
0.6700000000000728,388,1.9094786715807517,-0.9684690132675318
0.6700000000000728,389,1.910421649626271,-0.9675499802252381
0.6700000000000728,390,1.9113646276717897,-0.9666309471829443
0.6700000000000728,391,1.9123076057173087,-0.9657119141406505
0.6700000000000728,392,1.9132505837628275,-0.9647928810983566
0.6700000000000728,393,1.9141935618083465,-0.9638738480560629
0.6700000000000728,394,1.9151365398538653,-0.9629548150137692
0.6700000000000728,395,1.9160795178993844,-0.9620357819714754
0.6700000000000728,396,1.9170224959449031,-0.9611167489291816
0.6700000000000728,397,1.9179654739904224,-0.9601977158868877
0.6700000000000728,398,1.9189084520359414,-0.959278682844594
0.6700000000000728,399,1.9198514300814602,-0.9583596498023004
0.6700000000000728,400,1.9207944081269792,-0.9574406167600065
0.6700000000000728,401,1.921737386172498,-0.9565215837177128
0.6700000000000728,402,1.9226803642180172,-0.9556025506754191
0.6700000000000728,403,1.9236233422635358,-0.9546835176331252
0.6700000000000728,404,1.924566320309055,-0.9537644845908314
0.6700000000000728,405,1.9255092983545739,-0.9528454515485376
0.6700000000000728,406,1.9264522764000929,-0.9519264185062439
0.6700000000000728,407,1.9273952544456117,-0.9510073854639501
0.6700000000000728,408,1.9283382324911307,-0.9500883524216563
0.6700000000000728,409,1.92928121053665,-0.9491693193793626
0.6700000000000728,410,1.9302241885821685,-0.9482502863370688
0.6700000000000728,411,1.9311671666276877,-0.9473312532947751
0.6700000000000728,412,1.9321101446732065,-0.9464122202524813
0.6700000000000728,413,1.9330531227187255,-0.9454931872101875
0.6700000000000728,414,1.9339961007642443,-0.9445741541678938
0.6700000000000728,415,1.9349390788097633,-0.9436551211255999
0.6700000000000728,416,1.9358820568552821,-0.9427360880833062
0.6700000000000728,417,1.9368250349008012,-0.9418170550410124
0.6700000000000728,418,1.9377680129463202,-0.9408980219987186
0.6700000000000728,419,1.9387109909918392,-0.939978988956425
0.6700000000000728,420,1.939653969037358,-0.9390599559141312
0.6700000000000728,421,1.940596947082877,-0.9381409228718374
0.6700000000000728,422,1.941539925128396,-0.9372218898295436
0.6700000000000728,423,1.9424829031739148,-0.9363028567872498
0.6700000000000728,424,1.9434258812194338,-0.9353838237449561
0.6700000000000728,425,1.9443688592649528,-0.9344647907026623
0.6700000000000728,426,1.9453118373104719,-0.9335457576603685
0.6700000000000728,427,1.9462548153559907,-0.9326267246180747
0.6700000000000728,428,1.9471977934015097,-0.9317076915757809
0.6700000000000728,429,1.9481407714470285,-0.9307886585334872
0.6700000000000728,430,1.9490837494925475,-0.9298696254911935
0.6700000000000728,431,1.9500267275380663,-0.9289505924488997
0.6700000000000728,432,1.9509697055835855,-0.928031559406606
0.6700000000000728,433,1.9519126836291045,-0.9271125263643121
0.6700000000000728,434,1.9528556616746233,-0.9261934933220184
0.6700000000000728,435,1.9537986397201423,-0.9252744602797246
0.6700000000000728,436,1.9547416177656611,-0.9243554272374308
0.6700000000000728,437,1.9556845958111801,-0.9234363941951371
0.6700000000000728,438,1.956627573856699,-0.9225173611528433
0.6700000000000728,439,1.9575705519022182,-0.9215983281105494
0.6700000000000728,440,1.958513529947737,-0.9206792950682557
0.6700000000000728,441,1.959456507993256,-0.919760262025962
0.6700000000000728,442,1.9603994860387748,-0.9188412289836683
0.6700000000000728,443,1.9613424640842938,-0.9179221959413745
0.6700000000000728,444,1.9622854421298128,-0.9170031628990807
0.6700000000000728,445,1.9632284201753316,-0.9160841298567868
0.6700000000000728,446,1.9641713982208509,-0.9151650968144931
0.6700000000000728,447,1.9651143762663696,-0.9142460637721993
0.6700000000000728,448,1.9660573543118887,-0.9133270307299055
0.6700000000000728,449,1.9670003323574075,-0.9124079976876118
0.6700000000000728,450,1.9679433104029265,-0.9114889646453179
0.6700000000000728,451,1.9688862884484453,-0.9105699316030242
0.6700000000000728,452,1.9698292664939643,-0.9096508985607304
0.6700000000000728,453,1.970772244539483,-0.9087318655184367
0.6700000000000728,454,1.9717152225850023,-0.907812832476143
0.6700000000000728,455,1.9726582006305213,-0.9068937994338492
0.6700000000000728,456,1.9736011786760401,-0.9059747663915554
0.6700000000000728,457,1.9745441567215591,-0.9050557333492616
0.6700000000000728,458,1.975487134767078,-0.9041367003069678
0.6700000000000728,459,1.976430112812597,-0.9032176672646741
0.6700000000000728,460,1.9773730908581157,-0.9022986342223803
0.6700000000000728,461,1.978316068903635,-0.9013796011800865
0.6700000000000728,462,1.9792590469491538,-0.9004605681377927
0.6700000000000728,463,1.9802020249946728,-0.899541535095499
0.6700000000000728,464,1.9811450030401916,-0.8986225020532053
0.6700000000000728,465,1.9820879810857106,-0.8977034690109115
0.6700000000000728,466,1.9830309591312296,-0.8967844359686177
0.6700000000000728,467,1.9839739371767484,-0.895865402926324
0.6700000000000728,468,1.9849169152222677,-0.8949463698840301
0.6700000000000728,469,1.9858598932677864,-0.8940273368417363
0.6700000000000728,470,1.9868028713133055,-0.8931083037994426
0.6700000000000728,471,1.9877458493588243,-0.8921892707571488
0.6700000000000728,472,1.9886888274043433,-0.891270237714855
0.6700000000000728,473,1.989631805449862,-0.8903512046725613
0.6700000000000728,474,1.990574783495381,-0.8894321716302674
0.6700000000000728,475,1.9915177615409,-0.8885131385879736
0.6700000000000728,476,1.9924607395864191,-0.88759410554568
0.6700000000000728,477,1.993403717631938,-0.8866750725033862
0.6700000000000728,478,1.994346695677457,-0.8857560394610925
0.6700000000000728,479,1.995289673722976,-0.8848370064187986
0.6700000000000728,480,1.9962326517684947,-0.8839179733765049
0.6700000000000728,481,1.9971756298140138,-0.8829989403342111
0.6700000000000728,482,1.9981186078595325,-0.8820799072919173
0.6700000000000728,483,1.9990615859050518,-0.8811608742496236
0.6700000000000728,484,2.0000045639505704,-0.8802418412073298
0.6700000000000728,485,2.0009475419960894,-0.8793228081650362
0.6700000000000728,486,2.0018905200416084,-0.8784037751227423
0.6700000000000728,487,2.0028334980871274,-0.8774847420804485
0.6700000000000728,488,2.0037764761326464,-0.8765657090381548
0.6700000000000728,489,2.0047194541781654,-0.875646675995861
0.6700000000000728,490,2.0056624322236845,-0.8747276429535672
0.6700000000000728,491,2.006605410269203,-0.8738086099112735
0.6700000000000728,492,2.007548388314722,-0.8728895768689796
0.6700000000000728,493,2.008491366360241,-0.8719705438266858
0.6700000000000728,494,2.00943434440576,-0.8710515107843921
0.6700000000000728,495,2.010377322451279,-0.8701324777420983
0.6700000000000728,496,2.011320300496798,-0.8692134446998047
0.6700000000000728,497,2.012263278542317,-0.8682944116575109
0.6700000000000728,498,2.0132062565878357,-0.867375378615217
0.6700000000000728,499,2.0141492346333547,-0.8664563455729233
0.6700000000000728,500,2.0150922126788737,-0.8655373125306295
0.6700000000000728,501,2.0150922126788737,-0.8655373125306295
0.6700000000000728,502,2.0169780828138477,-0.8636998845121087
0.6700000000000728,503,2.0188637810366927,-0.8618637326257212
0.6700000000000728,504,2.0207493073474097,-0.8600288568714672
0.6700000000000728,505,2.022634661745998,-0.8581952572493465
0.6700000000000728,506,2.0245198442324575,-0.8563629337593593
0.6700000000000728,507,2.0264048548067892,-0.8545318864015058
0.6700000000000728,508,2.0282896934689925,-0.8527021151757852
0.6700000000000728,509,2.0301743602190667,-0.8508736200821984
0.6700000000000728,510,2.0320588550570133,-0.8490464011207448
0.6700000000000728,511,2.033943177982831,-0.8472204582914246
0.6700000000000728,512,2.0358273289965205,-0.8453957915942379
0.6700000000000728,513,2.037711308098081,-0.8435724010291846
0.6700000000000728,514,2.0395951152875136,-0.8417502865962647
0.6700000000000728,515,2.041478750564818,-0.8399294482954783
0.6700000000000728,516,2.0433622139299934,-0.8381098861268252
0.6700000000000728,517,2.0452455053830407,-0.8362916000903056
0.6700000000000728,518,2.0471286249239595,-0.8344745901859193
0.6700000000000728,519,2.04901157255275,-0.8326588564136665
0.6700000000000728,520,2.050894348269412,-0.830844398773547
0.6700000000000728,521,2.052776952073945,-0.829031217265561
0.6700000000000728,522,2.0546593839663503,-0.8272193118897084
0.6700000000000728,523,2.056541643946627,-0.8254086826459893
0.6700000000000728,524,2.058423732014775,-0.8235993295344035
0.6700000000000728,525,2.0603056481707944,-0.8217912525549511
0.6700000000000728,526,2.0621873924146863,-0.8199844517076322
0.6700000000000728,527,2.064068964746449,-0.8181789269924468
0.6700000000000728,528,2.0659503651660835,-0.8163746784093946
0.6700000000000728,529,2.0678315936735894,-0.8145717059584758
0.6700000000000728,530,2.0697126502689667,-0.8127700096396905
0.6700000000000728,531,2.0715935349522163,-0.8109695894530388
0.6700000000000728,532,2.0734742477233365,-0.8091704453985201
0.6700000000000728,533,2.075354788582329,-0.8073725774761351
0.6700000000000728,534,2.0772351575291927,-0.8055759856858835
0.6700000000000728,535,2.0791153545639287,-0.8037806700277653
0.6700000000000728,536,2.0809953796865357,-0.8019866305017805
0.6700000000000728,537,2.0828752328970137,-0.8001938671079291
0.6700000000000728,538,2.0847549141953645,-0.7984023798462113
0.6700000000000728,539,2.086634423581586,-0.7966121687166267
0.6700000000000728,540,2.0885137610556797,-0.7948232337191755
0.6700000000000728,541,2.090392926617644,-0.7930355748538577
0.6700000000000728,542,2.0922719202674807,-0.7912491921206734
0.6700000000000728,543,2.094150742005189,-0.7894640855196225
0.6700000000000728,544,2.0960293918307684,-0.7876802550507049
0.6700000000000728,545,2.0979078697442195,-0.785897700713921
0.6700000000000728,546,2.099786175745542,-0.78411642250927
0.6700000000000728,547,2.101664309834736,-0.7823364204367529
0.6700000000000728,548,2.1035422720118024,-0.7805576944963688
0.6700000000000728,549,2.10542006227674,-0.7787802446881185
0.6700000000000728,550,2.1072976806295483,-0.7770040710120014
0.6700000000000728,551,2.109175127070229,-0.7752291734680179
0.6700000000000728,552,2.1110524015987813,-0.7734555520561676
0.6700000000000728,553,2.1129295042152045,-0.7716832067764509
0.6700000000000728,554,2.1148064349195,-0.7699121376288673
0.6700000000000728,555,2.116683193711667,-0.7681423446134175
0.6700000000000728,556,2.118559780591705,-0.7663738277301008
0.6700000000000728,557,2.120436195559615,-0.7646065869789177
0.6700000000000728,558,2.1223124386153964,-0.7628406223598679
0.6700000000000728,559,2.12418850975905,-0.7610759338729516
0.6700000000000728,560,2.126064408990574,-0.7593125215181687
0.6700000000000728,561,2.1279401363099706,-0.7575503852955191
0.6700000000000728,562,2.129815691717238,-0.7557895252050031
0.6700000000000728,563,2.1316910752123777,-0.7540299412466203
0.6700000000000728,564,2.1335662867953884,-0.7522716334203711
0.6700000000000728,565,2.135441326466271,-0.7505146017262552
0.6700000000000728,566,2.137316194225025,-0.7487588461642728
0.6700000000000728,567,2.1391908900716508,-0.7470043667344237
0.6700000000000728,568,2.141065414006148,-0.745251163436708
0.6700000000000728,569,2.1429397660285168,-0.7434992362711259
0.6700000000000728,570,2.1448139461387568,-0.7417485852376771
0.6700000000000728,571,2.146687954336869,-0.7399992103363616
0.6700000000000728,572,2.1485617906228525,-0.7382511115671797
0.6700000000000728,573,2.1504354549967073,-0.7365042889301312
0.6700000000000728,574,2.152308947458434,-0.7347587424252159
0.6700000000000728,575,2.154182268008032,-0.7330144720524343
0.6700000000000728,576,2.156055416645502,-0.7312714778117858
0.6700000000000728,577,2.157928393370843,-0.729529759703271
0.6700000000000728,578,2.1598011981840557,-0.7277893177268895
0.6700000000000728,579,2.1616738310851407,-0.7260501518826414
0.6700000000000728,580,2.163546292074096,-0.7243122621705266
0.6700000000000728,581,2.1654185811509237,-0.7225756485905455
0.6700000000000728,582,2.167290698315623,-0.7208403111426975
0.6700000000000728,583,2.1691626435681934,-0.7191062498269832
0.6700000000000728,584,2.171034416908636,-0.7173734646434021
0.6700000000000728,585,2.17290601833695,-0.7156419555919546
0.6700000000000728,586,2.1747774478531356,-0.7139117226726402
0.6700000000000728,587,2.1766487054571924,-0.7121827658854595
0.6700000000000728,588,2.178519791149121,-0.7104550852304122
0.6700000000000728,589,2.180390704928922,-0.7087286807074983
0.6700000000000728,590,2.182261446796593,-0.7070035523167179
0.6700000000000728,591,2.1841320167521365,-0.7052797000580707
0.6700000000000728,592,2.1860024147955515,-0.7035571239315568
0.6700000000000728,593,2.1878726409268374,-0.7018358239371767
0.6700000000000728,594,2.1897426951459957,-0.7001158000749297
0.6700000000000728,595,2.191612577453025,-0.6983970523448162
0.6700000000000728,596,2.1934822878479263,-0.6966795807468361
0.6700000000000728,597,2.195351826330699,-0.6949633852809894
0.6700000000000728,598,2.197221192901343,-0.6932484659472762
0.6700000000000728,599,2.199090387559859,-0.6915348227456963
0.6700000000000728,600,2.2009594103062464,-0.6898224556762499
0.6700000000000728,601,2.2028282611405055,-0.688111364738937
0.6700000000000728,602,2.2046969400626355,-0.6864015499337572
0.6700000000000728,603,2.206565447072638,-0.6846930112607111
0.6700000000000728,604,2.208433782170512,-0.6829857487197982
0.6700000000000728,605,2.2103019453562567,-0.6812797623110189
0.6700000000000728,606,2.2121699366298735,-0.679575052034373
0.6700000000000728,607,2.2140377559913618,-0.6778716178898605
0.6700000000000728,608,2.2159054034407215,-0.6761694598774812
0.6700000000000728,609,2.217772878977953,-0.6744685779972357
0.6700000000000728,610,2.2196401826030563,-0.6727689722491232
0.6700000000000728,611,2.221507314316031,-0.6710706426331443
0.6700000000000728,612,2.223374274116877,-0.6693735891492988
0.6700000000000728,613,2.225241062005595,-0.6676778117975868
0.6700000000000728,614,2.2271076779821843,-0.6659833105780081
0.6700000000000728,615,2.2289741220466452,-0.6642900854905629
0.6700000000000728,616,2.230840394198977,-0.662598136535251
0.6700000000000728,617,2.232706494439182,-0.6609074637120725
0.6700000000000728,618,2.234572422767257,-0.6592180670210276
0.6700000000000728,619,2.2364381791832044,-0.6575299464621159
0.6700000000000728,620,2.2383037636870236,-0.6558431020353379
0.6700000000000728,621,2.2401691762787137,-0.654157533740693
0.6700000000000728,622,2.242034416958275,-0.6524732415781817
0.6700000000000728,623,2.243899485725709,-0.6507902255478037
0.6700000000000728,624,2.245764382581014,-0.6491084856495593
0.6700000000000728,625,2.2476291075241903,-0.6474280218834481
0.6700000000000728,626,2.2494936605552383,-0.6457488342494704
0.6700000000000728,627,2.251358041674158,-0.644070922747626
0.6700000000000728,628,2.25322225088095,-0.6423942873779153
0.6700000000000728,629,2.2550862881756126,-0.6407189281403377
0.6700000000000728,630,2.256950153558147,-0.6390448450348936
0.6700000000000728,631,2.2588138470285526,-0.6373720380615829
0.6700000000000728,632,2.2606773685868307,-0.6357005072204057
0.6700000000000728,633,2.2625407182329793,-0.6340302525113619
0.6700000000000728,634,2.2644038959670003,-0.6323612739344515
0.6700000000000728,635,2.266266901788893,-0.6306935714896745
0.6700000000000728,636,2.2681297356986567,-0.6290271451770308
0.6700000000000728,637,2.2699923976962917,-0.6273619949965208
0.6700000000000728,638,2.271854887781799,-0.625698120948144
0.6700000000000728,639,2.273717205955177,-0.6240355230319007
0.6700000000000728,640,2.2755793522164276,-0.6223742012477906
0.6700000000000728,641,2.277441326565549,-0.6207141555958142
0.6700000000000728,642,2.2793031290025425,-0.6190553860759711
0.6700000000000728,643,2.2811647595274076,-0.6173978926882614
0.6700000000000728,644,2.2830262181401433,-0.615741675432685
0.6700000000000728,645,2.2848875048407513,-0.6140867343092422
0.6700000000000728,646,2.286748619629231,-0.6124330693179327
0.6700000000000728,647,2.288609562505582,-0.6107806804587567
0.6700000000000728,648,2.2904703334698047,-0.6091295677317139
0.6700000000000728,649,2.2923309325218986,-0.6074797311368048
0.6700000000000728,650,2.294191359661865,-0.605831170674029
0.6700000000000728,651,2.296051614889702,-0.6041838863433865
0.6700000000000728,652,2.297911698205411,-0.6025378781448776
0.6700000000000728,653,2.2997716096089915,-0.600893146078502
0.6700000000000728,654,2.301631349100443,-0.5992496901442598
0.6700000000000728,655,2.3034909166797677,-0.5976075103421511
0.6700000000000728,656,2.3053503123469623,-0.5959666066721757
0.6700000000000728,657,2.3072095361020293,-0.5943269791343337
0.6700000000000728,658,2.3090685879449677,-0.5926886277286253
0.6700000000000728,659,2.3109274678757776,-0.5910515524550501
0.6700000000000728,660,2.312786175894459,-0.5894157533136085
0.6700000000000728,661,2.3146447120010123,-0.5877812303043001
0.6700000000000728,662,2.3165030761954366,-0.5861479834271254
0.6700000000000728,663,2.318361268477733,-0.5845160126820839
0.6700000000000728,664,2.3202192888479005,-0.5828853180691759
0.6700000000000728,665,2.3220771373059397,-0.5812558995884012
0.6700000000000728,666,2.3239348138518507,-0.5796277572397599
0.6700000000000728,667,2.3257923184856333,-0.5780008910232521
0.6700000000000728,668,2.3276496512072873,-0.5763753009388777
0.6700000000000728,669,2.3295068120168128,-0.5747509869866367
0.6700000000000728,670,2.33136380091421,-0.5731279491665292
0.6700000000000728,671,2.3332206178994785,-0.571506187478555
0.6700000000000728,672,2.335077262972619,-0.5698857019227143
0.6700000000000728,673,2.336933736133631,-0.568266492499007
0.6700000000000728,674,2.3387900373825143,-0.5666485592074331
0.6700000000000728,675,2.3406461667192695,-0.5650319020479925
0.6700000000000728,676,2.3425021241438957,-0.5634165210206855
0.6700000000000728,677,2.3443579096563942,-0.5618024161255118
0.6700000000000728,678,2.346213523256764,-0.5601895873624716
0.6700000000000728,679,2.3480689649450053,-0.5585780347315648
0.6700000000000728,680,2.349924234721118,-0.5569677582327912
0.6700000000000728,681,2.3517793325851026,-0.5553587578661513
0.6700000000000728,682,2.3536342585369585,-0.5537510336316447
0.6700000000000728,683,2.355489012576686,-0.5521445855292714
0.6700000000000728,684,2.357343594704285,-0.5505394135590316
0.6700000000000728,685,2.359198004919756,-0.5489355177209252
0.6700000000000728,686,2.3610522432230985,-0.5473328980149522
0.6700000000000728,687,2.362906309614312,-0.5457315544411127
0.6700000000000728,688,2.3647602040933973,-0.5441314869994066
0.6700000000000728,689,2.3666139266603543,-0.5425326956898339
0.6700000000000728,690,2.368467477315183,-0.5409351805123945
0.6700000000000728,691,2.370320856057883,-0.5393389414670886
0.6700000000000728,692,2.3721740628884547,-0.5377439785539161
0.6700000000000728,693,2.374027097806898,-0.536150291772877
0.6700000000000728,694,2.375879960813213,-0.5345578811239713
0.6700000000000728,695,2.377732651907399,-0.532966746607199
0.6700000000000728,696,2.379585171089457,-0.5313768882225601
0.6700000000000728,697,2.3814375183593866,-0.5297883059700548
0.6700000000000728,698,2.3832896937171877,-0.5282009998496828
0.6700000000000728,699,2.3851416971628603,-0.5266149698614441
0.6700000000000728,700,2.386993528696405,-0.525030216005339
0.6700000000000728,701,2.3888451883178203,-0.5234467382813671
0.6700000000000728,702,2.390696676027108,-0.5218645366895288
0.6700000000000728,703,2.3925479918242667,-0.5202836112298238
0.6700000000000728,704,2.394399135709297,-0.5187039619022522
0.6700000000000728,705,2.3962501076821994,-0.517125588706814
0.6700000000000728,706,2.3981009077429727,-0.5155484916435094
0.6700000000000728,707,2.399951535891618,-0.513972670712338
0.6700000000000728,708,2.4018019921281346,-0.5123981259133001
0.6700000000000728,709,2.403652276452523,-0.5108248572463956
0.6700000000000728,710,2.4055023888647833,-0.5092528647116247
0.6700000000000728,711,2.4073523293649144,-0.507682148308987
0.6700000000000728,712,2.409202097952918,-0.5061127080384827
0.6700000000000728,713,2.4110516946287923,-0.5045445439001119
0.6700000000000728,714,2.4129011193925387,-0.5029776558938746
0.6700000000000728,715,2.414750372244156,-0.5014120440197705
0.6700000000000728,716,2.4165994531836454,-0.4998477082777998
0.6700000000000728,717,2.4184483622110067,-0.4982846486679627
0.6700000000000728,718,2.4202970993262394,-0.49672286519025893
0.6700000000000728,719,2.422145664529343,-0.4951623578446885
0.6700000000000728,720,2.4239940578203183,-0.49360312663125155
0.6700000000000728,721,2.4258422791991654,-0.492045171549948
0.6700000000000728,722,2.4276903286658844,-0.4904884926007779
0.6700000000000728,723,2.429538206220475,-0.48893308978374117
0.6700000000000728,724,2.431385911862937,-0.4873789630988379
0.6700000000000728,725,2.4332334455932703,-0.48582611254606795
0.6700000000000728,726,2.435080807411475,-0.48427453812543153
0.6700000000000728,727,2.4369279973175515,-0.4827242398369284
0.6700000000000728,728,2.4387750153114998,-0.48117521768055876
0.6700000000000728,729,2.4406218613933195,-0.47962747165632247
0.6700000000000728,730,2.4424685355630107,-0.47808100176421964
0.6700000000000728,731,2.444315037820574,-0.4765358080042502
0.6700000000000728,732,2.4461613681660084,-0.47499189037641426
0.6700000000000728,733,2.448007526599314,-0.4734492488807117
0.6700000000000728,734,2.4498535131204915,-0.47190788351714247
0.6700000000000728,735,2.451699327729541,-0.47036779428570674
0.6700000000000728,736,2.453544970426461,-0.4688289811864043
0.6700000000000728,737,2.4553904412112537,-0.4672914442192354
0.6700000000000728,738,2.4572357400839175,-0.46575518338419986
0.6700000000000728,739,2.459080867044453,-0.46422019868129777
0.6700000000000728,740,2.46092582209286,-0.462686490110529
0.6700000000000728,741,2.462770605229138,-0.4611540576718937
0.6700000000000728,742,2.4646152164532884,-0.4596229013653918
0.6700000000000728,743,2.4664596557653096,-0.4580930211910233
0.6700000000000728,744,2.4683039231652026,-0.4565644171487882
0.6700000000000728,745,2.4701480186529676,-0.4550370892386866
0.6700000000000728,746,2.4719919422286045,-0.4535110374607184
0.6700000000000728,747,2.473835693892112,-0.45198626181488355
0.6700000000000728,748,2.4756792736434914,-0.4504627623011821
0.6700000000000728,749,2.4775226814827427,-0.4489405389196142
0.6700000000000728,750,2.479365917409865,-0.44741959167017953
0.6700000000000728,751,2.4812089814248592,-0.4458999205528784
0.6700000000000728,752,2.4830518735277254,-0.44438152556771066
0.6700000000000728,753,2.4848945937184626,-0.44286440671467625
0.6700000000000728,754,2.4867371419970716,-0.44134856399377537
0.6700000000000728,755,2.4885795183635517,-0.43983399740500784
0.6700000000000728,756,2.490421722817904,-0.43832070694837366
0.6700000000000728,757,2.4922637553601277,-0.436808692623873
0.6700000000000728,758,2.4941056159902226,-0.4352979544315057
0.6700000000000728,759,2.4959473047081895,-0.4337884923712718
0.6700000000000728,760,2.4977888215140283,-0.4322803064431714
0.6700000000000728,761,2.4996301664077376,-0.43077339664720427
0.6700000000000728,762,2.5014713393893193,-0.4292677629833707
0.6700000000000728,763,2.5033123404587725,-0.4277634054516704
0.6700000000000728,764,2.5051531696160967,-0.4262603240521036
0.6700000000000728,765,2.5069938268612932,-0.4247585187846702
0.6700000000000728,766,2.508834312194361,-0.4232579896493702
0.6700000000000728,767,2.5106746256153,-0.42175873664620367
0.6700000000000728,768,2.5125147671241113,-0.4202607597751705
0.6700000000000728,769,2.5143547367207937,-0.41876405903627073
0.6700000000000728,770,2.5161945344053476,-0.41726863442950435
0.6700000000000728,771,2.5180341601777734,-0.41577448595487143
0.6700000000000728,772,2.51987361403807,-0.4142816136123719
0.6700000000000728,773,2.521712895986239,-0.4127900174020058
0.6700000000000728,774,2.523552006022279,-0.41129969732377314
0.6700000000000728,775,2.5253909441461913,-0.40981065337767386
0.6700000000000728,776,2.5272297103579744,-0.408322885563708
0.6700000000000728,777,2.5290683046576294,-0.40683639388187554
0.6700000000000728,778,2.5309067270451564,-0.4053511783321765
0.6700000000000728,779,2.5327449775205544,-0.40386723891461085
0.6700000000000728,780,2.534583056083824,-0.4023845756291787
0.6700000000000728,781,2.536420962734965,-0.4009031884758799
0.6700000000000728,782,2.538258697473978,-0.39942307745471445
0.6700000000000728,783,2.540096260300862,-0.39794424256568245
0.6700000000000728,784,2.541933651215618,-0.3964666838087839
0.6700000000000728,785,2.5437708702182458,-0.3949904011840188
0.6700000000000728,786,2.545607917308745,-0.39351539469138697
0.6700000000000728,787,2.5474447924871155,-0.3920416643308887
0.6700000000000728,788,2.549281495753358,-0.39056921010252377
0.6700000000000728,789,2.5511180271074716,-0.3890980320062923
0.6700000000000728,790,2.5529543865494566,-0.3876281300421942
0.6700000000000728,791,2.554790574079314,-0.3861595042102296
0.6700000000000728,792,2.5566265896970424,-0.3846921545103983
0.6700000000000728,793,2.5584624334026422,-0.38322608094270044
0.6700000000000728,794,2.5602981051961144,-0.381761283507136
0.6700000000000728,795,2.5621336050774572,-0.3802977622037049
0.6700000000000728,796,2.563968933046672,-0.37883551703240737
0.6700000000000728,797,2.565804089103758,-0.37737454799324316
0.6700000000000728,798,2.567639073248716,-0.3759148550862123
0.6700000000000728,799,2.5694738854815458,-0.3744564383113149
0.6700000000000728,800,2.5713085258022472,-0.37299929766855094
0.6700000000000728,801,2.5731429942108193,-0.3715434331579204
0.6700000000000728,802,2.5749772907072637,-0.3700888447794232
0.6700000000000728,803,2.5768114152915795,-0.36863553253305953
0.6700000000000728,804,2.578645367963767,-0.3671834964188292
0.6700000000000728,805,2.5804791487238257,-0.36573273643673226
0.6700000000000728,806,2.5823127575717564,-0.36428325258676875
0.6700000000000728,807,2.584146194507558,-0.3628350448689387
0.6700000000000728,808,2.5859794595312318,-0.36138811328324205
0.6700000000000728,809,2.5878125526427773,-0.3599424578296788
0.6700000000000728,810,2.589645473842194,-0.35849807850824894
0.6700000000000728,811,2.5914782231294824,-0.35705497531895247
0.6700000000000728,812,2.593310800504642,-0.35561314826178947
0.6700000000000728,813,2.5951432059676733,-0.3541725973367599
0.6700000000000728,814,2.5969754395185767,-0.35273332254386364
0.6700000000000728,815,2.598807501157351,-0.35129532388310086
0.6700000000000728,816,2.6006393908839973,-0.3498586013544715
0.6700000000000728,817,2.6024711086985146,-0.3484231549579755
0.6700000000000728,818,2.6043026546009043,-0.34698898469361295
0.6700000000000728,819,2.606134028591165,-0.3455560905613838
0.6700000000000728,820,2.607965230669297,-0.3441244725612881
0.6700000000000728,821,2.6097962608353016,-0.3426941306933258
0.6700000000000728,822,2.611627119089177,-0.34126506495749687
0.6700000000000728,823,2.613457805430924,-0.33983727535380137
0.6700000000000728,824,2.615288319860543,-0.3384107618822393
0.6700000000000728,825,2.617118662378033,-0.33698552454281067
0.6700000000000728,826,2.6189488329833948,-0.33556156333551534
0.6700000000000728,827,2.6207788316766285,-0.33413887826035354
0.6700000000000728,828,2.6226086584577333,-0.33271746931732515
0.6700000000000728,829,2.62443831332671,-0.3312973365064301
0.6700000000000728,830,2.6262677962835577,-0.32987847982766855
0.6700000000000728,831,2.6280971073282773,-0.32846089928104033
0.6700000000000728,832,2.629926246460869,-0.3270445948665456
0.6700000000000728,833,2.631755213681332,-0.3256295665841842
0.6700000000000728,834,2.633584008989666,-0.32421581443395625
0.6700000000000728,835,2.635412632385872,-0.3228033384158617
0.6700000000000728,836,2.6372410838699496,-0.32139213852990056
0.6700000000000728,837,2.6390693634418985,-0.3199822147760728
0.6700000000000728,838,2.6408974711017192,-0.3185735671543785
0.6700000000000728,839,2.6427254068494115,-0.31716619566481763
0.6700000000000728,840,2.6445531706849756,-0.31576010030739016
0.6700000000000728,841,2.646380762608411,-0.31435528108209604
0.6700000000000728,842,2.648208182619718,-0.31295173798893544
0.6700000000000728,843,2.650035430718896,-0.3115494710279082
0.6700000000000728,844,2.651862506905946,-0.31014848019901436
0.6700000000000728,845,2.653689411180868,-0.30874876550225394
0.6700000000000728,846,2.655516143543661,-0.3073503269376269
0.6700000000000728,847,2.657342703994326,-0.3059531645051333
0.6700000000000728,848,2.6591690925328617,-0.30455727820477313
0.6700000000000728,849,2.6609953091592704,-0.30316266803654635
0.6700000000000728,850,2.6628213538735497,-0.301769334000453
0.6700000000000728,851,2.664647226675701,-0.30037727609649306
0.6700000000000728,852,2.666472927565723,-0.2989864943246665
0.6700000000000728,853,2.668298456543617,-0.29759698868497353
0.6700000000000728,854,2.670123813609383,-0.2962087591774138
0.6700000000000728,855,2.6719489987630203,-0.29482180580198747
0.6700000000000728,856,2.6737740120045297,-0.2934361285586946
0.6700000000000728,857,2.6755988533339097,-0.29205172744753516
0.6700000000000728,858,2.6774235227511616,-0.29066860246850906
0.6700000000000728,859,2.679248020256286,-0.28928675362161643
0.6700000000000728,860,2.6810723458492807,-0.2879061809068572
0.6700000000000728,861,2.6828964995301474,-0.2865268843242314
0.6700000000000728,862,2.6847204812988856,-0.28514886387373894
0.6700000000000728,863,2.6865442911554953,-0.28377211955537995
0.6700000000000728,864,2.688367929099977,-0.2823966513691544
0.6700000000000728,865,2.69019139513233,-0.2810224593150622
0.6700000000000728,866,2.692014689252554,-0.27964954339310344
0.6700000000000728,867,2.6938378114606505,-0.27827790360327814
0.6700000000000728,868,2.6956607617566184,-0.2769075399455862
0.6700000000000728,869,2.6974835401404578,-0.27553845242002767
0.6700000000000728,870,2.6993061466121686,-0.27417064102660255
0.6700000000000728,871,2.701128581171751,-0.27280410576531083
0.6700000000000728,872,2.702950843819205,-0.27143884663615253
0.6700000000000728,873,2.704772934554531,-0.27007486363912764
0.6700000000000728,874,2.7065948533777275,-0.2687121567742362
0.6700000000000728,875,2.708416600288796,-0.2673507260414782
0.6700000000000728,876,2.7102381752877367,-0.26599057144085353
0.6700000000000728,877,2.7120595783745483,-0.2646316929723623
0.6700000000000728,878,2.7138808095492317,-0.2632740906360045
0.6700000000000728,879,2.715701868811787,-0.26191776443178005
0.6700000000000728,880,2.717522756162213,-0.2605627143596891
0.6700000000000728,881,2.7193434716005114,-0.2592089404197315
0.6700000000000728,882,2.721164015126681,-0.2578564426119074
0.6700000000000728,883,2.7229843867407224,-0.2565052209362166
0.6700000000000728,884,2.724804586442635,-0.25515527539265925
0.6700000000000728,885,2.7266246142324193,-0.25380660598123533
0.6700000000000728,886,2.728444470110075,-0.2524592127019448
0.6700000000000728,887,2.730264154075603,-0.25111309555478767
0.6700000000000728,888,2.732083666129002,-0.24976825453976403
0.6700000000000728,889,2.7339030062702725,-0.24842468965687375
0.6700000000000728,890,2.735722174499415,-0.24708240090611688
0.6700000000000728,891,2.737541170816429,-0.24574138828749342
0.6700000000000728,892,2.739359995221314,-0.2444016518010034
0.6700000000000728,893,2.741178647714071,-0.2430631914466468
0.6700000000000728,894,2.742997128294699,-0.24172600722442356
0.6700000000000728,895,2.7448154369631994,-0.24039009913433373
0.6700000000000728,896,2.7466335737195715,-0.23905546717637738
0.6700000000000728,897,2.748451538563814,-0.23772211135055438
0.6700000000000728,898,2.7502693314959292,-0.23639003165686479
0.6700000000000728,899,2.7520869525159153,-0.23505922809530866
0.6700000000000728,900,2.753904401623773,-0.2337297006658859
0.6700000000000728,901,2.7557216788195027,-0.23240144936859658
0.6700000000000728,902,2.7575387841031036,-0.23107447420344068
0.6700000000000728,903,2.7593557174745764,-0.22974877517041814
0.6700000000000728,904,2.7611724789339203,-0.22842435226952906
0.6700000000000728,905,2.7629890684811365,-0.22710120550077337
0.6700000000000728,906,2.7648054861162237,-0.22577933486415108
0.6700000000000728,907,2.7666217318391824,-0.22445874035966223
0.6700000000000728,908,2.768437805650013,-0.2231394219873068
0.6700000000000728,909,2.770253707548715,-0.22182137974708477
0.6700000000000728,910,2.772069437535288,-0.22050461363899615
0.6700000000000728,911,2.7738849956097336,-0.21918912366304094
0.6700000000000728,912,2.77570038177205,-0.21787490981921914
0.6700000000000728,913,2.777515596022239,-0.2165619721075308
0.6700000000000728,914,2.7793306383602987,-0.2152503105279758
0.6700000000000728,915,2.78114550878623,-0.21393992508055426
0.6700000000000728,916,2.782960207300033,-0.2126308157652661
0.6700000000000728,917,2.7847747339017075,-0.21132298258211135
0.6700000000000728,918,2.7865890885912536,-0.2100164255310901
0.6700000000000728,919,2.7884032713686713,-0.2087111446122022
0.6700000000000728,920,2.7902172822339604,-0.2074071398254477
0.6700000000000728,921,2.7920311211871214,-0.20610441117082662
0.6700000000000728,922,2.7938447882281534,-0.20480295864833892
0.6700000000000728,923,2.7956582833570582,-0.2035027822579847
0.6700000000000728,924,2.797471606573833,-0.20220388199976383
0.6700000000000728,925,2.7992847578784805,-0.20090625787367639
0.6700000000000728,926,2.8010977372709993,-0.19960990987972238
0.6700000000000728,927,2.8029105447513896,-0.19831483801790178
0.6700000000000728,928,2.8047231803196513,-0.1970210422882146
0.6700000000000728,929,2.8065356439757845,-0.1957285226906608
0.6700000000000728,930,2.808347935719789,-0.1944372792252404
0.6700000000000728,931,2.8101600555516657,-0.19314731189195344
0.6700000000000728,932,2.8119720034714137,-0.1918586206907999
0.6700000000000728,933,2.8137837794790337,-0.19057120562177976
0.6700000000000728,934,2.815595383574525,-0.18928506668489303
0.6700000000000728,935,2.8174068157578875,-0.18800020388013972
0.6700000000000728,936,2.819218076029122,-0.1867166172075198
0.6700000000000728,937,2.8210291643882277,-0.18543430666703334
0.6700000000000728,938,2.8228400808352054,-0.18415327225868028
0.6700000000000728,939,2.824650825370054,-0.1828735139824606
0.6700000000000728,940,2.826461397992775,-0.18159503183837433
0.6700000000000728,941,2.8282717987033674,-0.18031782582642153
0.6700000000000728,942,2.830082027501831,-0.1790418959466021
0.6700000000000728,943,2.8318920843881665,-0.1777672421989161
0.6700000000000728,944,2.8337019693623735,-0.17649386458336347
0.6700000000000728,945,2.835511682424452,-0.17522176309994428
0.6700000000000728,946,2.837321223574402,-0.1739509377486585
0.6700000000000728,947,2.8391305928122237,-0.17268138852950615
0.6700000000000728,948,2.840939790137917,-0.1714131154424872
0.6700000000000728,949,2.8427488155514817,-0.17014611848760164
0.6700000000000728,950,2.8445576690529175,-0.16888039766484952
0.6700000000000728,951,2.8463663506422257,-0.16761595297423082
0.6700000000000728,952,2.848174860319405,-0.1663527844157455
0.6700000000000728,953,2.8499831980844563,-0.1650908919893936
0.6700000000000728,954,2.851791363937379,-0.16383027569517514
0.6700000000000728,955,2.853599357878173,-0.16257093553309007
0.6700000000000728,956,2.855407179906839,-0.16131287150313842
0.6700000000000728,957,2.8572148300233757,-0.16005608360532017
0.6700000000000728,958,2.859022308227785,-0.15880057183963536
0.6700000000000728,959,2.8608296145200653,-0.15754633620608394
0.6700000000000728,960,2.862636748900217,-0.15629337670466592
0.6700000000000728,961,2.864443711368241,-0.15504169333538131
0.6700000000000728,962,2.866250501924136,-0.15379128609823015
0.6700000000000728,963,2.868057120567903,-0.1525421549932124
0.6700000000000728,964,2.869863567299541,-0.151294300020328
0.6700000000000728,965,2.8716698421190507,-0.15004772117957707
0.6700000000000728,966,2.873475945026432,-0.14880241847095957
0.6700000000000728,967,2.875281876021685,-0.14755839189447545
0.6700000000000728,968,2.87708763510481,-0.14631564145012474
0.6700000000000728,969,2.878893222275806,-0.14507416713790744
0.6700000000000728,970,2.8806986375346737,-0.14383396895782355
0.6700000000000728,971,2.882503880881413,-0.1425950469098731
0.6700000000000728,972,2.884308952316024,-0.14135740099405603
0.6700000000000728,973,2.8861138518385063,-0.1401210312103724
0.6700000000000728,974,2.88791857944886,-0.13888593755882214
0.6700000000000728,975,2.8897231351470856,-0.13765212003940533
0.6700000000000728,976,2.891527518933182,-0.1364195786521219
0.6700000000000728,977,2.8933317308071516,-0.1351883133969719
0.6700000000000728,978,2.895135770768992,-0.13395832427395532
0.6700000000000728,979,2.8969396388187034,-0.13272961128307217
0.6700000000000728,980,2.8987433349562868,-0.1315021744243224
0.6700000000000728,981,2.9005468591817416,-0.13027601369770614
0.6700000000000728,982,2.902350211495068,-0.1290511291032232
0.6700000000000728,983,2.904153391896266,-0.12782752064087366
0.6700000000000728,984,2.9059564003853358,-0.12660518831065756
0.6700000000000728,985,2.907759236962277,-0.12538413211257488
0.6700000000000728,986,2.90956190162709,-0.12416435204662558
0.6700000000000728,987,2.9113643943797745,-0.12294584811280972
0.6700000000000728,988,2.91316671522033,-0.12172862031112724
0.6700000000000728,989,2.914968864148758,-0.1205126686415782
0.6700000000000728,990,2.916770841165057,-0.11929799310416257
0.6700000000000728,991,2.918572646269227,-0.11808459369888033
0.6700000000000728,992,2.9203742794612695,-0.11687247042573154
0.6700000000000728,993,2.9221757407411832,-0.11566162328471613
0.6700000000000728,994,2.9239770301089685,-0.11445205227583413
0.6700000000000728,995,2.925778147564625,-0.11324375739908557
0.6700000000000728,996,2.927579093108154,-0.1120367386544704
0.6700000000000728,997,2.929379866739554,-0.11083099604198866
0.6700000000000728,998,2.931180468458826,-0.10962652956164032
0.6700000000000728,999,2.932980898265969,-0.1084233392134254
0.6700000000000728,1000,2.9347811561609833,-0.10722142499734388
0.6700000000000728,1001,2.9365812421438697,-0.10602078691339578
0.6700000000000728,1002,2.9365812421438697,-0.10602078691339578
0.6700000000000728,1003,2.9383805421706817,-0.10482088689551587
0.6700000000000728,1004,2.9401784421974724,-0.10362118687763895
0.6700000000000728,1005,2.9419749422242423,-0.10242168685976502
0.6700000000000728,1006,2.9437700422509914,-0.10122238684189405
0.6700000000000728,1007,2.9455637422777197,-0.10002328682402607
0.6700000000000728,1008,2.9473560423044267,-0.09882438680616107
0.6700000000000728,1009,2.949146942331113,-0.09762568678829903
0.6700000000000728,1010,2.950936442357779,-0.09642718677044
0.6700000000000728,1011,2.9527245423844235,-0.09522888675258394
0.6700000000000728,1012,2.9545112424110473,-0.09403078673473085
0.6700000000000728,1013,2.956296542437651,-0.09283288671688077
0.6700000000000728,1014,2.958080442464233,-0.09163518669903364
0.6700000000000728,1015,2.959862942490794,-0.09043768668118948
0.6700000000000728,1016,2.9616440425173347,-0.08924038666334833
0.6700000000000728,1017,2.963423742543854,-0.08804328664551014
0.6700000000000728,1018,2.9652020425703527,-0.08684638662767497
0.6700000000000728,1019,2.9669789425968305,-0.08564968660984273
0.6700000000000728,1020,2.9687544426232875,-0.0844531865920135
0.6700000000000728,1021,2.9705285426497237,-0.08325688657418724
0.6700000000000728,1022,2.972301242676139,-0.08206078655636395
0.6700000000000728,1023,2.9740725427025336,-0.08086488653854365
0.6700000000000728,1024,2.975842442728907,-0.07966918652072634
0.6700000000000728,1025,2.9776109427552595,-0.078473686502912
0.6700000000000728,1026,2.9793780427815917,-0.07727838648510063
0.6700000000000728,1027,2.9811437428079026,-0.07608328646729227
0.6700000000000728,1028,2.9829080428341928,-0.07488838644948687
0.6700000000000728,1029,2.984670942860462,-0.07369368643168445
0.6700000000000728,1030,2.98643244288671,-0.07249918641388502
0.6700000000000728,1031,2.9881925429129375,-0.07130488639608855
0.6700000000000728,1032,2.989951242939145,-0.07011078637829508
0.6700000000000728,1033,2.9917085429653305,-0.06891688636050458
0.6700000000000728,1034,2.9934644429914954,-0.06772318634271707
0.6700000000000728,1035,2.995218943017639,-0.06652968632493253
0.6700000000000728,1036,2.9969720430437623,-0.06533638630715097
0.6700000000000728,1037,2.998723743069865,-0.06414328628937238
0.6700000000000728,1038,3.0004740430959465,-0.06295038627159678
0.6700000000000728,1039,3.0022229431220073,-0.061757686253824204
0.6700000000000728,1040,3.0039704431480474,-0.06056518623605457
0.6700000000000728,1041,3.0057165431740667,-0.05937288621828791
0.6700000000000728,1042,3.0074612432000642,-0.058180786200524234
0.6700000000000728,1043,3.0092045432260415,-0.05698888618276352
0.6700000000000728,1044,3.0109464432519983,-0.05579718616500582
0.6700000000000728,1045,3.0126869432779335,-0.054605686147251094
0.6700000000000728,1046,3.0144260433038474,-0.05341438612949935
0.6700000000000728,1047,3.0161637433297415,-0.052223286111750575
0.6700000000000728,1048,3.0179000433556142,-0.05103238609400479
0.6700000000000728,1049,3.0196349433814667,-0.04984168607626195
0.6700000000000728,1050,3.0213684434072974,-0.04865118605852213
0.6700000000000728,1051,3.0231005434331077,-0.04746088604078527
0.6700000000000728,1052,3.0248312434588973,-0.0462707860230514
0.6700000000000728,1053,3.026560543484666,-0.045080886005320495
0.6700000000000728,1054,3.028288443510414,-0.04389118598759259
0.6700000000000728,1055,3.0300149435361408,-0.04270168596986767
0.6700000000000728,1056,3.0317400435618467,-0.04151238595214572
0.6700000000000728,1057,3.0334637435875313,-0.04032328593442675
0.6700000000000728,1058,3.0351860436131957,-0.03913438591671075
0.6700000000000728,1059,3.036906943638839,-0.03794568589899774
0.6700000000000728,1060,3.038626443664462,-0.036757185881287714
0.6700000000000728,1061,3.0403445436900634,-0.03556888586358066
0.6700000000000728,1062,3.042061243715644,-0.03438078584587659
0.6700000000000728,1063,3.043776543741204,-0.03319288582817549
0.6700000000000728,1064,3.045490443766743,-0.03200518581047739
0.6700000000000728,1065,3.047202943792262,-0.03081768579278226
0.6700000000000728,1066,3.048914043817759,-0.02963038577509011
0.6700000000000728,1067,3.0506237438432353,-0.02844328575740094
0.6700000000000728,1068,3.052332043868691,-0.027256385739714752
0.6700000000000728,1069,3.0540389438941262,-0.02606968572203154
0.6700000000000728,1070,3.05574444391954,-0.02488318570435132
0.6700000000000728,1071,3.0574485439449326,-0.023696885686674066
0.6700000000000728,1072,3.059151243970305,-0.02251078566899979
0.6700000000000728,1073,3.060852543995656,-0.021324885651328503
0.6700000000000728,1074,3.062552444020987,-0.020139185633660208
0.6700000000000728,1075,3.064250944046296,-0.018953685615994892
0.6700000000000728,1076,3.065948044071585,-0.017768385598332548
0.6700000000000728,1077,3.067643744096853,-0.016583285580673165
0.6700000000000728,1078,3.0693380441221003,-0.015398385563016792
0.6700000000000728,1079,3.071030944147326,-0.014213685545363374
0.6700000000000728,1080,3.072722444172532,-0.01302918552771295
0.6700000000000728,1081,3.074412544197716,-0.011844885510065505
0.6700000000000728,1082,3.0761012442228792,-0.010660785492421037
0.6700000000000728,1083,3.077788544248022,-0.009476885474779564
0.6700000000000728,1084,3.0794744442731443,-0.008293185457141052
0.6700000000000728,1085,3.081158944298245,-0.007109685439505527
0.6700000000000728,1086,3.0828420443233253,-0.005926385421872982
0.6700000000000728,1087,3.0845237443483846,-0.004743285404243427
0.6700000000000728,1088,3.086204044373423,-0.0035603853866168246
0.6700000000000728,1089,3.087882944398441,-0.0023776853689932154
0.6700000000000728,1090,3.0895604444234377,-0.0011951853513726372
0.6700000000000728,1091,3.091236544448414,-1.2885333754977454e-05
0.6700000000000728,1092,3.0929112444733686,0.0011692146838596772
0.6700000000000728,1093,3.0945845444983027,0.0023511147014713667
0.6700000000000728,1094,3.096256444523216,0.0035328147190800616
0.6700000000000728,1095,3.0979269445481084,0.0047143147366857895
0.6700000000000728,1096,3.0995960445729795,0.005895614754288535
0.6700000000000728,1097,3.1012637445978304,0.007076714771888287
0.6700000000000728,1098,3.1029300446226604,0.008257614789485081
0.6700000000000728,1099,3.104594944647469,0.009438314807078865
0.6700000000000728,1100,3.1062584446722576,0.010618814824669698
0.6700000000000728,1101,3.107920544697025,0.011799114842257537
0.6700000000000728,1102,3.1095812447217708,0.012979214859842405
0.6700000000000728,1103,3.1112405447464964,0.014159114877424293
0.6700000000000728,1104,3.1128984447712016,0.015338814895003182
0.6700000000000728,1105,3.114554944795885,0.016518314912579095
0.6700000000000728,1106,3.116210044820548,0.017697614930152056
0.6700000000000728,1107,3.11786374484519,0.018876714947721987
0.6700000000000728,1108,3.119516044869811,0.020055614965288963
0.6700000000000728,1109,3.1211669448944113,0.021234314982852973
0.6700000000000728,1110,3.122816444918991,0.022412815000413977
0.6700000000000728,1111,3.124464544943549,0.02359111501797203
0.6700000000000728,1112,3.1261112449680866,0.02476921503552708
0.6700000000000728,1113,3.127756544992604,0.025947115053079162
0.6700000000000728,1114,3.1294004450171,0.027124815070628267
0.6700000000000728,1115,3.131042945041575,0.028302315088174376
0.6700000000000728,1116,3.1326840450660294,0.02947961510571751
0.6700000000000728,1117,3.1343237450904624,0.030656715123257676
0.6700000000000728,1118,3.1359620451148746,0.03183361514079485
0.6700000000000728,1119,3.137598945139267,0.03301031515832906
0.6700000000000728,1120,3.139234445163638,0.03418681517586028
0.6700000000000728,1121,3.1408685451879883,0.03536311519338851
0.6700000000000728,1122,3.142501245212317,0.03653921521091376
0.6700000000000728,1123,3.144132545236625,0.03771511522843604
0.6700000000000728,1124,3.1457624452609125,0.03889081524595532
0.6700000000000728,1125,3.1473909452851787,0.04006631526347165
0.6700000000000728,1126,3.1490180453094245,0.04124161528098497
0.6700000000000728,1127,3.1506437453336495,0.04241671529849533
0.6700000000000728,1128,3.1522680453578538,0.0435916153160027
0.6700000000000728,1129,3.1538909453820363,0.04476631533350711
0.6700000000000728,1130,3.155512445406199,0.04594081535100851
0.6700000000000728,1131,3.1571325454303403,0.047115115368506946
0.6700000000000728,1132,3.1587512454544604,0.04828921538600242
0.6700000000000728,1133,3.1603685454785606,0.049463115403494885
0.6700000000000728,1134,3.1619844455026387,0.05063681542098438
0.6700000000000728,1135,3.163598945526697,0.051810315438470894
0.6700000000000728,1136,3.1652120455507338,0.05298361545595443
0.6700000000000728,1137,3.16682374557475,0.05415671547343498
0.6700000000000728,1138,3.1684340455987456,0.05532961549091254
0.6700000000000728,1139,3.17004294562272,0.05650231550838715
0.6700000000000728,1140,3.171650445646674,0.05767481552585874
0.6700000000000728,1141,3.1732565456706068,0.05884711554332739
0.6700000000000728,1142,3.174861245694518,0.06001921556079303
0.6700000000000728,1143,3.1764645457184097,0.06119111557825572
0.6700000000000728,1144,3.17806644574228,0.06236281559571541
0.6700000000000728,1145,3.179666945766129,0.06353431561317212
0.6700000000000728,1146,3.1812660457899575,0.06470561563062585
0.6700000000000728,1147,3.1828637458137647,0.06587671564807657
0.6700000000000728,1148,3.184460045837551,0.06704761566552433
0.6700000000000728,1149,3.1860549458613168,0.06821831568296913
0.6700000000000728,1150,3.1876484458850625,0.06938881570041094
0.6700000000000728,1151,3.1892405459087865,0.07055911571784976
0.6700000000000728,1152,3.1908312459324897,0.07172921573528562
0.6700000000000728,1153,3.192420545956172,0.07289911575271849
0.6700000000000728,1154,3.1940084459798337,0.07406881577014837
0.6700000000000728,1155,3.1955949460034745,0.07523831578757528
0.6700000000000728,1156,3.197180046027094,0.07640761580499922
0.6700000000000728,1157,3.198763746050693,0.07757671582242016
0.6700000000000728,1158,3.200346046074271,0.07874561583983813
0.6700000000000728,1159,3.2019269460978284,0.07991431585725312
0.6700000000000728,1160,3.203506446121365,0.08108281587466512
0.6700000000000728,1161,3.2050845461448803,0.08225111589207415
0.6700000000000728,1162,3.2066612461683754,0.0834192159094802
0.6700000000000728,1163,3.208236546191849,0.08458711592688328
0.6700000000000728,1164,3.209810446215302,0.08575481594428334
0.6700000000000728,1165,3.211382946238734,0.08692231596168046
0.6700000000000728,1166,3.212954046262145,0.08808961597907458
0.6700000000000728,1167,3.2145237462855354,0.08925671599646574
0.6700000000000728,1168,3.216092046308905,0.0904236160138539
0.6700000000000728,1169,3.2176589463322536,0.09159031603123907
0.6700000000000728,1170,3.219224446355581,0.0927568160486213
0.6700000000000728,1171,3.220788546378888,0.09392311606600051
0.6700000000000728,1172,3.222351246402174,0.09508921608337678
0.6700000000000728,1173,3.223912546425439,0.09625511610075002
0.6700000000000728,1174,3.225472446448684,0.09742081611812031
0.6700000000000728,1175,3.227030946471907,0.0985863161354876
0.6700000000000728,1176,3.2285880464951093,0.09975161615285194
0.6700000000000728,1177,3.230143746518291,0.10091671617021328
0.6700000000000728,1178,3.231698046541453,0.10208161618757161
0.6700000000000728,1179,3.233250946564593,0.103246316204927
0.6700000000000728,1180,3.234802446587712,0.1044108162222794
0.6700000000000728,1181,3.23635254661081,0.10557511623962881
0.6700000000000728,1182,3.237901246633888,0.10673921625697527
0.6700000000000728,1183,3.239448546656944,0.10790311627431873
0.6700000000000728,1184,3.24099444667998,0.10906681629165921
0.6700000000000728,1185,3.242538946702995,0.11023031630899671
0.6700000000000728,1186,3.244082046725988,0.11139361632633124
0.6700000000000728,1187,3.245623746748962,0.11255671634366277
0.6700000000000728,1188,3.2471640467719136,0.11371961636099134
0.6700000000000728,1189,3.248702946794846,0.11488231637831692
0.6700000000000728,1190,3.250240446817756,0.11604481639563953
0.6700000000000728,1191,3.2517765468406457,0.11720711641295914
0.6700000000000728,1192,3.2533112468635146,0.11836921643027579
0.6700000000000728,1193,3.2548445468863627,0.11953111644758943
0.6700000000000728,1194,3.25637644690919,0.12069281646490011
0.6700000000000728,1195,3.2579069469319957,0.12185431648220782
0.6700000000000728,1196,3.259436046954781,0.12301561649951254
0.6700000000000728,1197,3.2609637469775454,0.12417671651681428
0.6700000000000728,1198,3.2624900470002896,0.12533761653411304
0.6700000000000728,1199,3.2640149470230124,0.1264983165514088
0.6700000000000728,1200,3.2655384470457145,0.12765881656870162
0.6700000000000728,1201,3.267060547068395,0.12881911658599143
0.6700000000000728,1202,3.2685812470910554,0.12997921660327827
0.6700000000000728,1203,3.2701005471136946,0.13113911662056213
0.6700000000000728,1204,3.271618447136313,0.13229881663784301
0.6700000000000728,1205,3.2731349471589106,0.13345831665512092
0.6700000000000728,1206,3.2746500471814874,0.13461761667239583
0.6700000000000728,1207,3.276163747204043,0.13577671668966776
0.6700000000000728,1208,3.2776760472265782,0.1369356167069367
0.6700000000000728,1209,3.2791869472490927,0.1380943167242027
0.6700000000000728,1210,3.280696447271586,0.1392528167414657
0.6700000000000728,1211,3.2822045472940586,0.14041111675872567
0.6700000000000728,1212,3.28371124731651,0.14156921677598272
0.6700000000000728,1213,3.285216547338941,0.14272711679323677
0.6700000000000728,1214,3.286720447361351,0.14388481681048784
0.6700000000000728,1215,3.2882229473837397,0.14504231682773594
0.6700000000000728,1216,3.289724047406108,0.14619961684498106
0.6700000000000728,1217,3.2912237474284547,0.14735671686222318
0.6700000000000728,1218,3.2927220474507815,0.14851361687946232
0.6700000000000728,1219,3.2942189474730874,0.14967031689669852
0.6700000000000728,1220,3.2957144474953717,0.15082681691393168
0.6700000000000728,1221,3.2972085475176356,0.1519831169311619
0.6700000000000728,1222,3.2987012475398787,0.15313921694838917
0.6700000000000728,1223,3.3001925475621006,0.1542951169656134
0.6700000000000728,1224,3.3016824475843016,0.1554508169828347
0.6700000000000728,1225,3.3031709476064823,0.15660631700005298
0.6700000000000728,1226,3.3046580476286413,0.15776161701726832
0.6700000000000728,1227,3.306143747650781,0.15891671703448063
0.6700000000000728,1228,3.3076280476728983,0.16007161705168999
0.6700000000000728,1229,3.309110947694995,0.16122631706889634
0.6700000000000728,1230,3.310592447717071,0.16238081708609975
0.6700000000000728,1231,3.3120725477391266,0.16353511710330015
0.6700000000000728,1232,3.313551247761161,0.16468921712049758
0.6700000000000728,1233,3.3150285477831747,0.16584311713769204
0.6700000000000728,1234,3.3165044478051673,0.1669968171548835
0.6700000000000728,1235,3.3179789478271386,0.168150317172072
0.6700000000000728,1236,3.3194520478490896,0.16930361718925752
0.6700000000000728,1237,3.32092374787102,0.17045671720644004
0.6700000000000728,1238,3.322394047892929,0.1716096172236196
0.6700000000000728,1239,3.323862947914817,0.17276231724079616
0.6700000000000728,1240,3.325330447936685,0.17391481725796976
0.6700000000000728,1241,3.3267965479585313,0.17506711727514035
0.6700000000000728,1242,3.328261247980356,0.17621921729230794
0.6700000000000728,1243,3.3297245480021616,0.17737111730947258
0.6700000000000728,1244,3.3311864480239453,0.17852281732663428
0.6700000000000728,1245,3.3326469480457086,0.17967431734379297
0.6700000000000728,1246,3.334106048067451,0.18082561736094865
0.6700000000000728,1247,3.3355637480891724,0.1819767173781014
0.6700000000000728,1248,3.3370200481108725,0.18312761739525113
0.6700000000000728,1249,3.3384749481325526,0.18427831741239792
0.6700000000000728,1250,3.3399284481542115,0.1854288174295417
0.6700000000000728,1251,3.341380548175849,0.18657911744668249
0.6700000000000728,1252,3.3428312481974665,0.18772921746382032
0.6700000000000728,1253,3.3442805482190625,0.18887911748095515
0.6700000000000728,1254,3.345728448240638,0.19002881749808703
0.6700000000000728,1255,3.3471749482621926,0.1911783175152159
0.6700000000000728,1256,3.3486200482837263,0.19232761753234184
0.6700000000000728,1257,3.350063748305239,0.19347671754946477
0.6700000000000728,1258,3.351506048326731,0.1946256175665847
0.6700000000000728,1259,3.352946948348202,0.19577431758370167
0.6700000000000728,1260,3.3543864483696524,0.19692281760081562
0.6700000000000728,1261,3.3558245483910816,0.19807111761792665
0.6700000000000728,1262,3.3572612484124904,0.1992192176350347
0.6700000000000728,1263,3.358696548433878,0.20036711765213971
0.6700000000000728,1264,3.3601304484552452,0.20151481766924179
0.6700000000000728,1265,3.3615629484765908,0.20266231768634085
0.6700000000000728,1266,3.3629940484979155,0.20380961770343697
0.6700000000000728,1267,3.36442374851922,0.2049567177205301
0.6700000000000728,1268,3.3658520485405035,0.20610361773762026
0.6700000000000728,1269,3.367278948561766,0.2072503177547074
0.6700000000000728,1270,3.3687044485830073,0.2083968177717916
0.6700000000000728,1271,3.370128548604228,0.20954311778887277
0.6700000000000728,1272,3.371551248625428,0.21068921780595098
0.6700000000000728,1273,3.372972548646607,0.21183511782302625
0.6700000000000728,1274,3.3743924486677654,0.2129808178400985
0.6700000000000728,1275,3.3758109486889025,0.2141263178571678
0.6700000000000728,1276,3.377228048710019,0.21527161787423407
0.6700000000000728,1277,3.378643748731114,0.2164167178912974
0.6700000000000728,1278,3.380058048752189,0.2175616179083577
0.6700000000000728,1279,3.3814709487732433,0.21870631792541512
0.6700000000000728,1280,3.382882448794276,0.21985081794246947
0.6700000000000728,1281,3.384292548815288,0.2209951179595209
0.6700000000000728,1282,3.385701248836279,0.22213921797656927
0.6700000000000728,1283,3.38710854885725,0.22328311799361475
0.6700000000000728,1284,3.3885144488781993,0.22442681801065723
0.6700000000000728,1285,3.389918948899128,0.2255703180276967
0.6700000000000728,1286,3.3913220489200357,0.22671361804473317
0.6700000000000728,1287,3.3927237489409228,0.22785671806176672
0.6700000000000728,1288,3.394124048961789,0.22899961807879726
0.6700000000000728,1289,3.3955229489826344,0.2301423180958248
0.6700000000000728,1290,3.396920449003458,0.23128481811284937
0.6700000000000728,1291,3.398316549024262,0.23242711812987088
0.6700000000000728,1292,3.399711249045045,0.23356921814688952
0.6700000000000728,1293,3.4011045490658063,0.23471111816390516
0.6700000000000728,1294,3.4024964490865477,0.2358528181809178
0.6700000000000728,1295,3.4038869491072674,0.2369943181979275
0.6700000000000728,1296,3.4052760491279663,0.23813561821493417
0.6700000000000728,1297,3.4066637491486444,0.2392767182319379
0.6700000000000728,1298,3.408050049169302,0.24041761824893865
0.6700000000000728,1299,3.409434949189939,0.24155831826593643
0.6700000000000728,1300,3.4108184492105544,0.2426988182829312
0.6700000000000728,1301,3.41220054923115,0.24383911829992297
0.6700000000000728,1302,3.4135812492517235,0.24497921831691177
0.6700000000000728,1303,3.4149605492722768,0.2461191183338976
0.6700000000000728,1304,3.416338449292809,0.24725881835088048
0.6700000000000728,1305,3.4177149493133205,0.24839831836786036
0.6700000000000728,1306,3.419090049333811,0.24953761838483723
0.6700000000000728,1307,3.420463749354281,0.25067671840181116
0.6700000000000728,1308,3.42183604937473,0.2518156184187821
0.6700000000000728,1309,3.4232069493951576,0.25295431843575
0.6700000000000728,1310,3.4245764494155653,0.25409281845271503
0.6700000000000728,1311,3.4259445494359513,0.255231118469677
0.6700000000000728,1312,3.4273112494563165,0.256369218486636
0.6700000000000728,1313,3.428676549476661,0.25750711850359204
0.6700000000000728,1314,3.4300404494969845,0.2586448185205451
0.6700000000000728,1315,3.4314029495172877,0.25978231853749517
0.6700000000000728,1316,3.4327640495375698,0.26091961855444223
0.6700000000000728,1317,3.4341237495578305,0.2620567185713864
0.6700000000000728,1318,3.435482049578071,0.2631936185883275
0.6700000000000728,1319,3.4368389495982905,0.2643303186052657
0.6700000000000728,1320,3.438194449618489,0.26546681862220084
0.6700000000000728,1321,3.4395485496386664,0.26660311863913305
0.6700000000000728,1322,3.4409012496588236,0.2677392186560622
0.6700000000000728,1323,3.442252549678959,0.26887511867298847
0.6700000000000728,1324,3.4436024496990747,0.2700108186899117
0.6700000000000728,1325,3.4449509497191686,0.271146318706832
0.6700000000000728,1326,3.4462980497392417,0.27228161872374923
0.6700000000000728,1327,3.4476437497592944,0.2734167187406636
0.6700000000000728,1328,3.448988049779326,0.27455161875757494
0.6700000000000728,1329,3.450330949799337,0.27568631877448324
0.6700000000000728,1330,3.451672449819327,0.27682081879138865
0.6700000000000728,1331,3.4530125498392956,0.27795511880829105
0.6700000000000728,1332,3.454351249859244,0.27908921882519044
0.6700000000000728,1333,3.455688549879171,0.28022311884208684
0.6700000000000728,1334,3.4570244498990776,0.28135681885898034
0.6700000000000728,1335,3.4583589499189635,0.2824903188758707
0.6700000000000728,1336,3.459692049938828,0.2836236188927583
0.6700000000000728,1337,3.461023749958672,0.28475671890964277
0.6700000000000728,1338,3.462354049978495,0.28588961892652426
0.6700000000000728,1339,3.4636829499982973,0.2870223189434028
0.6700000000000728,1340,3.4650104500180783,0.2881548189602784
0.6700000000000728,1341,3.4663365500378385,0.289287118977151
0.6700000000000728,1342,3.4676612500575787,0.2904192189940206
0.6700000000000728,1343,3.4689845500772973,0.2915511190108872
0.6700000000000728,1344,3.470306450096995,0.29268281902775084
0.6700000000000728,1345,3.471626950116672,0.2938143190446115
0.6700000000000728,1346,3.4729460501363283,0.2949456190614692
0.6700000000000728,1347,3.4742637501559637,0.2960767190783239
0.6700000000000728,1348,3.4755800501755774,0.2972076190951756
0.6700000000000728,1349,3.476894950195171,0.29833831911202435
0.6700000000000728,1350,3.478208450214744,0.29946881912887013
0.6700000000000728,1351,3.4795205502342963,0.3005991191457129
0.6700000000000728,1352,3.480831250253827,0.30172921916255274
0.6700000000000728,1353,3.482140550273337,0.30285911917938957
0.6700000000000728,1354,3.4834484502928262,0.30398881919622334
0.6700000000000728,1355,3.4847549503122943,0.3051183192130542
0.6700000000000728,1356,3.4860600503317416,0.3062476192298821
0.6700000000000728,1357,3.4873637503511685,0.307376719246707
0.6700000000000728,1358,3.488666050370574,0.30850561926352893
0.6700000000000728,1359,3.4899669503899595,0.30963431928034785
0.6700000000000728,1360,3.4912664504093236,0.3107628192971638
0.6700000000000728,1361,3.4925645504286664,0.3118911193139768
0.6700000000000728,1362,3.493861250447989,0.3130192193307868
0.6700000000000728,1363,3.49515655046729,0.3141471193475938
0.6700000000000728,1364,3.496450450486571,0.31527481936439783
0.6700000000000728,1365,3.497742950505831,0.3164023193811989
0.6700000000000728,1366,3.4990340505250694,0.317529619397997
0.6700000000000728,1367,3.500323750544287,0.31865671941479207
0.6700000000000728,1368,3.5016120505634847,0.31978361943158423
0.6700000000000728,1369,3.5028989505826615,0.3209103194483734
0.6700000000000728,1370,3.5041844506018163,0.3220368194651595
0.6700000000000728,1371,3.505468550620951,0.3231631194819427
0.6700000000000728,1372,3.5067512506400647,0.3242892194987229
0.6700000000000728,1373,3.5080325506591574,0.32541511951550006
0.6700000000000728,1374,3.50931245067823,0.3265408195322744
0.6700000000000728,1375,3.510590950697281,0.3276663195490456
0.6700000000000728,1376,3.511868050716311,0.3287916195658139
0.6700000000000728,1377,3.5131437507353205,0.3299167195825792
0.6700000000000728,1378,3.5144180507543092,0.33104161959934153
0.6700000000000728,1379,3.5156909507732768,0.3321663196161009
0.6700000000000728,1380,3.5169624507922235,0.3332908196328572
0.6700000000000728,1381,3.5182325508111494,0.3344151196496105
0.6700000000000728,1382,3.5195012508300545,0.33553921966636097
0.6700000000000728,1383,3.5207685508489392,0.3366631196831084
0.6700000000000728,1384,3.5220344508678023,0.3377868196998528
0.6700000000000728,1385,3.5232989508866446,0.3389103197165943
0.6700000000000728,1386,3.524562050905466,0.34003361973333274
0.6700000000000728,1387,3.5258237509242667,0.3411567197500682
0.6700000000000728,1388,3.5270840509430474,0.34227961976680077
0.6700000000000728,1389,3.5283429509618065,0.3434023197835303
0.6700000000000728,1390,3.5296004509805448,0.34452481980025684
0.6700000000000728,1391,3.5308565509992618,0.3456471198169804
0.6700000000000728,1392,3.5321112510179584,0.346769219833701
0.6700000000000728,1393,3.533364551036634,0.3478911198504186
0.6700000000000728,1394,3.534616451055289,0.3490128198671333
0.6700000000000728,1395,3.5358669510739227,0.3501343198838449
0.6700000000000728,1396,3.5371160510925357,0.3512556199005536
0.6700000000000728,1397,3.5383637511111283,0.35237671991725933
0.6700000000000728,1398,3.5396100511296993,0.353497619933962
0.6700000000000728,1399,3.5408549511482494,0.35461831995066173
0.6700000000000728,1400,3.5420984511667792,0.35573881996735846
0.6700000000000728,1401,3.543340551185288,0.35685911998405223
0.6700000000000728,1402,3.544581251203776,0.35797922000074306
0.6700000000000728,1403,3.545820551222243,0.3590991200174309
0.6700000000000728,1404,3.547058451240689,0.3602188200341157
0.6700000000000728,1405,3.5482949512591144,0.3613383200507975
0.6700000000000728,1406,3.5495300512775185,0.3624576200674764
0.6700000000000728,1407,3.5507637512959023,0.3635767200841523
0.6700000000000728,1408,3.5519960513142648,0.3646956201008252
0.6700000000000728,1409,3.553226951332607,0.3658143201174951
0.6700000000000728,1410,3.554456451350928,0.36693282013416206
0.6700000000000728,1411,3.555684551369228,0.368051120150826
0.6700000000000728,1412,3.5569112513875067,0.36916922016748704
0.6700000000000728,1413,3.5581365514057652,0.37028712018414506
0.6700000000000728,1414,3.559360451424003,0.37140482020080007
0.6700000000000728,1415,3.5605829514422194,0.37252232021745213
0.6700000000000728,1416,3.561804051460415,0.3736396202341012
0.6700000000000728,1417,3.5630237514785903,0.3747567202507473
0.6700000000000728,1418,3.564242051496745,0.37587362026739046
0.6700000000000728,1419,3.565458951514878,0.37699032028403046
0.6700000000000728,1420,3.5666744515329905,0.3781068203006676
0.6700000000000728,1421,3.5678885515510816,0.3792231203173018
0.6700000000000728,1422,3.569101251569152,0.3803392203339329
0.6700000000000728,1423,3.570312551587202,0.38145512035056117
0.6700000000000728,1424,3.5715224516052313,0.38257082036718637
0.6700000000000728,1425,3.572730951623239,0.3836863203838086
0.6700000000000728,1426,3.5739380516412265,0.38480162040042787
0.6700000000000728,1427,3.575143751659192,0.38591672041704417
0.6700000000000728,1428,3.576348051677138,0.3870316204336575
0.6700000000000728,1429,3.5775509516950628,0.38814632045026787
0.6700000000000728,1430,3.5787524517129663,0.38926082046687516
0.6700000000000728,1431,3.579952551730849,0.3903751204834795
0.6700000000000728,1432,3.581151251748711,0.3914892205000809
0.6700000000000728,1433,3.582348551766552,0.39260312051667934
0.6700000000000728,1434,3.5835444517843724,0.3937168205332747
0.6700000000000728,1435,3.584738951802172,0.39483032054986716
0.6700000000000728,1436,3.5859320518199507,0.39594362056645666
0.6700000000000728,1437,3.5871237518377086,0.39705672058304314
0.6700000000000728,1438,3.588314051855445,0.3981696205996266
0.6700000000000728,1439,3.589502951873161,0.3992823206162071
0.6700000000000728,1440,3.5906904518908562,0.40039482063278464
0.6700000000000728,1441,3.591876551908531,0.4015071206493593
0.6700000000000728,1442,3.593061251926184,0.4026192206659308
0.6700000000000728,1443,3.5942445519438166,0.4037311206824995
0.6700000000000728,1444,3.595426451961428,0.4048428206990651
0.6700000000000728,1445,3.596606951979019,0.4059543207156277
0.6700000000000728,1446,3.597786051996589,0.4070656207321874
0.6700000000000728,1447,3.598963752014138,0.40817672074874406
0.6700000000000728,1448,3.6001400520316666,0.4092876207652978
0.6700000000000728,1449,3.6013149520491736,0.41039832078184846
0.6700000000000728,1450,3.6024884520666607,0.41150882079839624
0.6700000000000728,1451,3.603660552084126,0.41261912081494095
0.6700000000000728,1452,3.6048312521015706,0.4137292208314828
0.6700000000000728,1453,3.6060005521189944,0.4148391208480215
0.6700000000000728,1454,3.6071684521363974,0.41594882086455737
0.6700000000000728,1455,3.6083349521537795,0.4170583208810902
0.6700000000000728,1456,3.6095000521711413,0.4181676208976201
0.6700000000000728,1457,3.610663752188482,0.41927672091414697
0.6700000000000728,1458,3.611826052205801,0.42038562093067083
0.6700000000000728,1459,3.6129869522230997,0.4214943209471918
0.6700000000000728,1460,3.614146452240378,0.4226028209637097
0.6700000000000728,1461,3.615304552257635,0.4237111209802247
0.6700000000000728,1462,3.616461252274871,0.42481922099673664
0.6700000000000728,1463,3.6176165522920862,0.42592712101324565
0.6700000000000728,1464,3.618770452309281,0.4270348210297517
0.6700000000000728,1465,3.619922952326455,0.4281423210462547
0.6700000000000728,1466,3.6210740523436074,0.4292496210627547
0.6700000000000728,1467,3.6222237523607395,0.4303567210792518
0.6700000000000728,1468,3.62337205237785,0.43146362109574593
0.6700000000000728,1469,3.6245189523949404,0.4325703211122371
0.6700000000000728,1470,3.6256644524120096,0.4336768211287252
0.6700000000000728,1471,3.6268085524290576,0.43478312114521034
0.6700000000000728,1472,3.6279512524460857,0.43588922116169254
0.6700000000000728,1473,3.6290925524630926,0.43699512117817174
0.6700000000000728,1474,3.6302324524800786,0.43810082119464794
0.6700000000000728,1475,3.6313709524970434,0.4392063212111212
0.6700000000000728,1476,3.6325080525139875,0.44031162122759143
0.6700000000000728,1477,3.6336437525309107,0.4414167212440587
0.6700000000000728,1478,3.6347780525478126,0.44252162126052297
0.6700000000000728,1479,3.6359109525646947,0.4436263212769843
0.6700000000000728,1480,3.637042452581555,0.44473082129344266
0.6700000000000728,1481,3.638172552598395,0.445835121309898
0.6700000000000728,1482,3.6393012526152138,0.4469392213263503
0.6700000000000728,1483,3.6404285526320117,0.44804312134279967
0.6700000000000728,1484,3.641554452648789,0.4491468213592461
0.6700000000000728,1485,3.6426789526655456,0.45025032137568954
0.6700000000000728,1486,3.643802052682281,0.45135362139213
0.6700000000000728,1487,3.6449237526989955,0.45245672140856746
0.6700000000000728,1488,3.6460440527156894,0.45355962142500195
0.6700000000000728,1489,3.647162952732362,0.4546623214414335
0.6700000000000728,1490,3.6482804527490145,0.455764821457862
0.6700000000000728,1491,3.6493965527656456,0.45686712147428754
0.6700000000000728,1492,3.6505112527822554,0.4579692214907101
0.6700000000000728,1493,3.6516245527988453,0.4590711215071297
0.6700000000000728,1494,3.6527364528154136,0.4601728215235463
0.6700000000000728,1495,3.6538469528319615,0.46127432153995995
0.6700000000000728,1496,3.6549560528484886,0.4623756215563706
0.6700000000000728,1497,3.6560637528649944,0.46347672157277825
0.6700000000000728,1498,3.6571700528814794,0.4645776215891829
0.6700000000000728,1499,3.658274952897944,0.46567832160558464
0.6700000000000728,1500,3.6593784529143876,0.4667788216219834
0.6700000000000728,1501,3.6604805529308098,0.46787912163837914
0.6700000000000728,1502,3.6615812529472116,0.4689792216547719
0.6700000000000728,1503,3.6615812529472116,0.4689792216547719
0.6700000000000728,1504,3.662681452963606,0.47007982167117207
0.6700000000000728,1505,3.663782052980006,0.47118162168759026
0.6700000000000728,1506,3.6648830529964127,0.47228462170402624
0.6700000000000728,1507,3.6659844530128245,0.47338882172048
0.6700000000000728,1508,3.6670862530292423,0.47449422173695177
0.6700000000000728,1509,3.6681884530456665,0.4756008217534414
0.6700000000000728,1510,3.669291053062097,0.47670862176994894
0.6700000000000728,1511,3.670394053078532,0.47781762178647436
0.6700000000000728,1512,3.671497453094975,0.4789278218030176
0.6700000000000728,1513,3.672601253111422,0.4800392218195787
0.6700000000000728,1514,3.673705453127876,0.48115182183615773
0.6700000000000728,1515,3.674810053144336,0.4822656218527547
0.6700000000000728,1516,3.675915053160802,0.4833806218693695
0.6700000000000728,1517,3.6770204531772737,0.4844968218860022
0.6700000000000728,1518,3.678126253193751,0.4856142219026527
0.6700000000000728,1519,3.679232453210235,0.4867328219193211
0.6700000000000728,1520,3.6803390532267244,0.4878526219360075
0.6700000000000728,1521,3.6814460532432203,0.48897362195271166
0.6700000000000728,1522,3.6825534532597213,0.4900958219694337
0.6700000000000728,1523,3.683661253276229,0.4912192219861737
0.6700000000000728,1524,3.6847694532927426,0.49234382200293153
0.6700000000000728,1525,3.6858780533092617,0.4934696220197073
0.6700000000000728,1526,3.686987053325787,0.49459662203650084
0.6700000000000728,1527,3.6880964533423186,0.49572482205331236
0.6700000000000728,1528,3.689206253358856,0.4968542220701418
0.6700000000000728,1529,3.6903164533753996,0.497984822086989
0.6700000000000728,1530,3.691427053391948,0.49911662210385416
0.6700000000000728,1531,3.6925380534085037,0.5002496221207372
0.6700000000000728,1532,3.693649453425065,0.5013838221376381
0.6700000000000728,1533,3.694761253441632,0.5025192221545568
0.6700000000000728,1534,3.6958734534582045,0.5036558221714934
0.6700000000000728,1535,3.6969860534747836,0.504793622188448
0.6700000000000728,1536,3.698099053491369,0.5059326222054205
0.6700000000000728,1537,3.6992124535079594,0.5070728222224107
0.6700000000000728,1538,3.7003262535245565,0.5082142222394189
0.6700000000000728,1539,3.7014404535411596,0.509356822256445
0.6700000000000728,1540,3.702555053557769,0.510500622273489
0.6700000000000728,1541,3.703670053574384,0.5116456222905509
0.6700000000000728,1542,3.704785453591004,0.5127918223076305
0.6700000000000728,1543,3.7059012536076312,0.5139392223247281
0.6700000000000728,1544,3.707017453624264,0.5150878223418436
0.6700000000000728,1545,3.708134053640902,0.5162376223589771
0.6700000000000728,1546,3.709251053657547,0.5173886223761281
0.6700000000000728,1547,3.7103684536741977,0.5185408223932972
0.6700000000000728,1548,3.711486253690854,0.5196942224104844
0.6700000000000728,1549,3.712604453707517,0.5208488224276893
0.6700000000000728,1550,3.713723053724185,0.522004622444912
0.6700000000000728,1551,3.7148420537408593,0.5231616224621526
0.6700000000000728,1552,3.7159614537575396,0.524319822479411
0.6700000000000728,1553,3.7170812537742264,0.5254792224966875
0.6700000000000728,1554,3.7182014537909187,0.5266398225139819
0.6700000000000728,1555,3.7193220538076175,0.527801622531294
0.6700000000000728,1556,3.720443053824321,0.528964622548624
0.6700000000000728,1557,3.7215644538410313,0.5301288225659719
0.6700000000000728,1558,3.722686253857747,0.5312942225833378
0.6700000000000728,1559,3.723808453874469,0.5324608226007215
0.6700000000000728,1560,3.724931053891197,0.533628622618123
0.6700000000000728,1561,3.7260540539079314,0.5347976226355425
0.6700000000000728,1562,3.727177453924672,0.5359678226529798
0.6700000000000728,1563,3.7283012539414173,0.537139222670435
0.6700000000000728,1564,3.7294254539581693,0.5383118226879081
0.6700000000000728,1565,3.7305500539749263,0.5394856227053991
0.6700000000000728,1566,3.7316750539916907,0.540660622722908
0.6700000000000728,1567,3.7328004540084603,0.5418368227404347
0.6700000000000728,1568,3.7339262540252363,0.5430142227579795
0.6700000000000728,1569,3.735052454042018,0.5441928227755418
0.6700000000000728,1570,3.7361790540588053,0.5453726227931223
0.6700000000000728,1571,3.737306054075599,0.5465536228107205
0.6700000000000728,1572,3.7384334540923985,0.5477358228283368
0.6700000000000728,1573,3.7395612541092036,0.5489192228459707
0.6700000000000728,1574,3.7406894541260156,0.5501038228636227
0.6700000000000728,1575,3.7418180541428328,0.5512896228812925
0.6700000000000728,1576,3.7429470541596563,0.5524766228989801
0.6700000000000728,1577,3.7440764541764855,0.5536648229166857
0.6700000000000728,1578,3.7452062541933206,0.5548542229344091
0.6700000000000728,1579,3.7463364542101623,0.5560448229521504
0.6700000000000728,1580,3.7474670542270094,0.5572366229699096
0.6700000000000728,1581,3.748598054243863,0.5584296229876867
0.6700000000000728,1582,3.7497294542607222,0.5596238230054816
0.6700000000000728,1583,3.750861254277587,0.5608192230232945
0.6700000000000728,1584,3.751993454294458,0.5620158230411253
0.6700000000000728,1585,3.7531260543113354,0.5632136230589738
0.6700000000000728,1586,3.7542590543282186,0.5644126230768405
0.6700000000000728,1587,3.7553924543451074,0.5656128230947247
0.6700000000000728,1588,3.756526254362002,0.566814223112627
0.6700000000000728,1589,3.7576604543789034,0.5680168231305471
0.6700000000000728,1590,3.75879505439581,0.5692206231484852
0.6700000000000728,1591,3.7599300544127234,0.5704256231664412
0.6700000000000728,1592,3.761065454429642,0.5716318231844149
0.6700000000000728,1593,3.7622012544465666,0.5728392232024065
0.6700000000000728,1594,3.7633374544634974,0.574047823220416
0.6700000000000728,1595,3.7644740544804343,0.5752576232384434
0.6700000000000728,1596,3.7656110544973767,0.5764686232564887
0.6700000000000728,1597,3.766748454514325,0.5776808232745521
0.6700000000000728,1598,3.76788625453128,0.5788942232926331
0.6700000000000728,1599,3.7690244545482403,0.580108823310732
0.6700000000000728,1600,3.770163054565207,0.5813246233288488
0.6700000000000728,1601,3.771302054582179,0.5825416233469836
0.6700000000000728,1602,3.772441454599158,0.5837598233651362
0.6700000000000728,1603,3.7735812546161425,0.5849792233833067
0.6700000000000728,1604,3.774721454633132,0.5861998234014949
0.6700000000000728,1605,3.775862054650129,0.5874216234197013
0.6700000000000728,1606,3.777003054667131,0.5886446234379253
0.6700000000000728,1607,3.778144454684139,0.5898688234561674
0.6700000000000728,1608,3.779286254701153,0.5910942234744273
0.6700000000000728,1609,3.7804284547181735,0.592320823492705
0.6700000000000728,1610,3.781571054735199,0.5935486235110007
0.6700000000000728,1611,3.782714054752231,0.5947776235293142
0.6700000000000728,1612,3.7838574547692696,0.5960078235476456
0.6700000000000728,1613,3.7850012547863137,0.5972392235659948
0.6700000000000728,1614,3.7861454548033633,0.598471823584362
0.6700000000000728,1615,3.7872900548204194,0.5997056236027472
0.6700000000000728,1616,3.7884350548374806,0.6009406236211501
0.6700000000000728,1617,3.7895804548545486,0.6021768236395708
0.6700000000000728,1618,3.790726254871622,0.6034142236580095
0.6700000000000728,1619,3.791872454888702,0.6046528236764661
0.6700000000000728,1620,3.7930190549057876,0.6058926236949407
0.6700000000000728,1621,3.7941660549228793,0.6071336237134329
0.6700000000000728,1622,3.7953134549399774,0.6083758237319432
0.6700000000000728,1623,3.7964612549570798,0.6096192237504713
0.6700000000000728,1624,3.7976094549741894,0.6108638237690172
0.6700000000000728,1625,3.7987580549913056,0.6121096237875812
0.6700000000000728,1626,3.7999070550084264,0.613356623806163
0.6700000000000728,1627,3.801056455025554,0.6146048238247624
0.6700000000000728,1628,3.8022062550426874,0.61585422384338
0.6700000000000728,1629,3.8033564550598267,0.6171048238620154
0.6700000000000728,1630,3.804507055076972,0.6183566238806687
0.6700000000000728,1631,3.8056580550941232,0.6196096238993398
0.6700000000000728,1632,3.80680945511128,0.6208638239180287
0.6700000000000728,1633,3.807961255128444,0.6221192239367358
0.6700000000000728,1634,3.8091134551456127,0.6233758239554605
0.6700000000000728,1635,3.8102660551627876,0.6246336239742032
0.6700000000000728,1636,3.811419055179969,0.6258926239929639
0.6700000000000728,1637,3.812572455197156,0.6271528240117423
0.6700000000000728,1638,3.8137262552143483,0.6284142240305385
0.6700000000000728,1639,3.8148804552315476,0.6296768240493527
0.6700000000000728,1640,3.8160350552487525,0.6309406240681849
0.6700000000000728,1641,3.8171900552659634,0.6322056240870348
0.6700000000000728,1642,3.8183454552831804,0.6334718241059026
0.6700000000000728,1643,3.819501255300403,0.6347392241247884
0.6700000000000728,1644,3.8206574553176322,0.6360078241436921
0.6700000000000728,1645,3.8218140553348667,0.6372776241626135
0.6700000000000728,1646,3.8229710553521072,0.6385486241815529
0.6700000000000728,1647,3.8241284553693538,0.6398208242005101
0.6700000000000728,1648,3.825286255386606,0.6410942242194853
0.6700000000000728,1649,3.8264444554038644,0.6423688242384782
0.6700000000000728,1650,3.827603055421129,0.6436446242574891
0.6700000000000728,1651,3.828762055438399,0.6449216242765179
0.6700000000000728,1652,3.8299214554556755,0.6461998242955646
0.6700000000000728,1653,3.8310812554729576,0.6474792243146292
0.6700000000000728,1654,3.8322414554902466,0.6487598243337115
0.6700000000000728,1655,3.8334020555075408,0.6500416243528118
0.6700000000000728,1656,3.834563055524841,0.6513246243719301
0.6700000000000728,1657,3.835724455542147,0.6526088243910662
0.6700000000000728,1658,3.836886255559459,0.65389422441022
0.6700000000000728,1659,3.8380484555767778,0.655180824429392
0.6700000000000728,1660,3.8392110555941015,0.6564686244485817
0.6700000000000728,1661,3.8403740556114316,0.6577576244677892
0.6700000000000728,1662,3.8415374556287674,0.6590478244870147
0.6700000000000728,1663,3.84270125564611,0.660339224506258
0.6700000000000728,1664,3.8438654556634577,0.6616318245255193
0.6700000000000728,1665,3.8450300556808115,0.6629256245447984
0.6700000000000728,1666,3.846195055698171,0.6642206245640954
0.6700000000000728,1667,3.8473604557155374,0.6655168245834103
0.6700000000000728,1668,3.8485262557329087,0.6668142246027431
0.6700000000000728,1669,3.8496924557502865,0.6681128246220938
0.6700000000000728,1670,3.8508590557676703,0.6694126246414622
0.6700000000000728,1671,3.8520260557850596,0.6707136246608486
0.6700000000000728,1672,3.8531934558024554,0.6720158246802529
0.6700000000000728,1673,3.854361255819857,0.6733192246996751
0.6700000000000728,1674,3.8555294558372646,0.6746238247191152
0.6700000000000728,1675,3.8566980558546784,0.6759296247385732
0.6700000000000728,1676,3.8578670558720978,0.677236624758049
0.6700000000000728,1677,3.8590364558895227,0.6785448247775426
0.6700000000000728,1678,3.860206255906954,0.6798542247970543
0.6700000000000728,1679,3.861376455924392,0.6811648248165837
0.6700000000000728,1680,3.8625470559418353,0.682476624836131
0.6700000000000728,1681,3.8637180559592847,0.6837896248556963
0.6700000000000728,1682,3.8648894559767397,0.6851038248752794
0.6700000000000728,1683,3.866061255994201,0.6864192248948804
0.6700000000000728,1684,3.867233456011668,0.6877358249144992
0.6700000000000728,1685,3.868406056029141,0.689053624934136
0.6700000000000728,1686,3.8695790560466206,0.6903726249537907
0.6700000000000728,1687,3.870752456064105,0.6916928249734631
0.6700000000000728,1688,3.871926256081596,0.6930142249931536
0.6700000000000728,1689,3.873100456099093,0.6943368250128619
0.6700000000000728,1690,3.874275056116596,0.6956606250325879
0.6700000000000728,1691,3.875450056134105,0.6969856250523321
0.6700000000000728,1692,3.8766254561516202,0.698311825072094
0.6700000000000728,1693,3.877801256169141,0.6996392250918737
0.6700000000000728,1694,3.8789774561866674,0.7009678251116714
0.6700000000000728,1695,3.8801540562042005,0.7022976251314871
0.6700000000000728,1696,3.881331056221739,0.7036286251513204
0.6700000000000728,1697,3.8825084562392833,0.7049608251711718
0.6700000000000728,1698,3.8836862562568335,0.7062942251910409
0.6700000000000728,1699,3.884864456274391,0.7076288252109281
0.6700000000000728,1700,3.8860430562919532,0.708964625230833
0.6700000000000728,1701,3.8872220563095214,0.7103016252507559
0.6700000000000728,1702,3.8884014563270957,0.7116398252706966
0.6700000000000728,1703,3.8895812563446763,0.7129792252906553
0.6700000000000728,1704,3.890761456362263,0.7143198253106318
0.6700000000000728,1705,3.891942056379855,0.7156616253306262
0.6700000000000728,1706,3.8931230563974535,0.7170046253506384
0.6700000000000728,1707,3.8943044564150577,0.7183488253706686
0.6700000000000728,1708,3.8954862564326675,0.7196942253907165
0.6700000000000728,1709,3.8966684564502834,0.7210408254107825
0.6700000000000728,1710,3.897851056467906,0.7223886254308662
0.6700000000000728,1711,3.899034056485534,0.7237376254509679
0.6700000000000728,1712,3.9002174565031686,0.7250878254710875
0.6700000000000728,1713,3.9014012565208085,0.7264392254912249
0.6700000000000728,1714,3.902585456538455,0.7277918255113802
0.6700000000000728,1715,3.9037700565561066,0.7291456255315534
0.6700000000000728,1716,3.9049550565737645,0.7305006255517446
0.6700000000000728,1717,3.9061404565914284,0.7318568255719535
0.6700000000000728,1718,3.907326256609098,0.7332142255921803
0.6700000000000728,1719,3.9085124566267737,0.734572825612425
0.6700000000000728,1720,3.9096990566444556,0.7359326256326877
0.6700000000000728,1721,3.910886056662143,0.7372936256529681
0.6700000000000728,1722,3.9120734566798365,0.7386558256732665
0.6700000000000728,1723,3.913261256697536,0.7400192256935827
0.6700000000000728,1724,3.914449456715242,0.7413838257139168
0.6700000000000728,1725,3.9156380567329534,0.7427496257342688
0.6700000000000728,1726,3.9168270567506713,0.7441166257546388
0.6700000000000728,1727,3.9180164567683944,0.7454848257750265
0.6700000000000728,1728,3.919206256786124,0.7468542257954321
0.6700000000000728,1729,3.920396456803859,0.7482248258158557
0.6700000000000728,1730,3.9215870568216005,0.749596625836297
0.6700000000000728,1731,3.9227780568393475,0.7509696258567564
0.6700000000000728,1732,3.9239694568571006,0.7523438258772337
0.6700000000000728,1733,3.92516125687486,0.7537192258977286
0.6700000000000728,1734,3.926353456892625,0.7550958259182416
0.6700000000000728,1735,3.927546056910397,0.7564736259387723
0.6700000000000728,1736,3.9287390569281735,0.757852625959321
0.6700000000000728,1737,3.9299324569459566,0.7592328259798877
0.6700000000000728,1738,3.9311262569637457,0.7606142260004721
0.6700000000000728,1739,3.9323204569815404,0.7619968260210745
0.6700000000000728,1740,3.9335150569993416,0.7633806260416947
0.6700000000000728,1741,3.9347100570171483,0.7647656260623328
0.6700000000000728,1742,3.935905457034961,0.7661518260829887
0.6700000000000728,1743,3.9371012570527797,0.7675392261036625
0.6700000000000728,1744,3.938297457070604,0.7689278261243543
0.6700000000000728,1745,3.9394940570884347,0.7703176261450639
0.6700000000000728,1746,3.9406910571062714,0.7717086261657915
0.6700000000000728,1747,3.941888457124114,0.7731008261865369
0.6700000000000728,1748,3.943086257141963,0.7744942262073002
0.6700000000000728,1749,3.9442844571598172,0.7758888262280814
0.6700000000000728,1750,3.945483057177678,0.7772846262488804
0.6700000000000728,1751,3.9466820571955443,0.7786816262696973
0.6700000000000728,1752,3.947881457213417,0.7800798262905322
0.6700000000000728,1753,3.9490812572312954,0.7814792263113848
0.6700000000000728,1754,3.9502814572491802,0.7828798263322554
0.6700000000000728,1755,3.9514820572670706,0.7842816263531438
0.6700000000000728,1756,3.952683057284966,0.78568462637405
0.6700000000000728,1757,3.953884457302869,0.7870888263949744
0.6700000000000728,1758,3.955086257320777,0.7884942264159165
0.6700000000000728,1759,3.9562884573386907,0.7899008264368763
0.6700000000000728,1760,3.957491057356611,0.7913086264578543
0.6700000000000728,1761,3.9586940573745375,0.79271762647885
0.6700000000000728,1762,3.9598974573924695,0.7941278264998637
0.6700000000000728,1763,3.961101257410407,0.7955392265208951
0.6700000000000728,1764,3.962305457428351,0.7969518265419444
0.6700000000000728,1765,3.9635100574463014,0.7983656265630118
0.6700000000000728,1766,3.9647150574642573,0.799780626584097
0.6700000000000728,1767,3.965920457482219,0.8011968266051999
0.6700000000000728,1768,3.967126257500187,0.8026142266263209
0.6700000000000728,1769,3.9683324575181604,0.8040328266474597
0.6700000000000728,1770,3.9695390575361404,0.8054526266686163
0.6700000000000728,1771,3.9707460575541265,0.8068736266897909
0.6700000000000728,1772,3.971953457572118,0.8082958267109832
0.6700000000000728,1773,3.9731612575901156,0.8097192267321935
0.6700000000000728,1774,3.9743694576081188,0.8111438267534217
0.6700000000000728,1775,3.9755780576261284,0.8125696267746678
0.6700000000000728,1776,3.9767870576441444,0.8139966267959319
0.6700000000000728,1777,3.977996457662166,0.8154248268172137
0.6700000000000728,1778,3.979206257680193,0.8168542268385134
0.6700000000000728,1779,3.980416457698226,0.818284826859831
0.6700000000000728,1780,3.981627057716266,0.8197166268811665
0.6700000000000728,1781,3.9828380577343108,0.8211496269025198
0.6700000000000728,1782,3.984049457752363,0.8225838269238912
0.6700000000000728,1783,3.985261257770419,0.8240192269452802
0.6700000000000728,1784,3.986473457788483,0.8254558269666872
0.6700000000000728,1785,3.9876860578065516,0.826893626988112
0.6700000000000728,1786,3.9888990578246273,0.8283326270095549
0.6700000000000728,1787,3.9901124578427076,0.8297728270310155
0.6700000000000728,1788,3.991326257860795,0.831214227052494
0.6700000000000728,1789,3.992540457878888,0.8326568270739905
0.6700000000000728,1790,3.993755057896987,0.8341006270955049
0.6700000000000728,1791,3.9949700579150917,0.835545627117037
0.6700000000000728,1792,3.9961854579332026,0.836991827138587
0.6700000000000728,1793,3.99740125795132,0.8384392271601548
0.6700000000000728,1794,3.9986174579694422,0.8398878271817407
0.6700000000000728,1795,3.999834057987571,0.8413376272033444
0.6700000000000728,1796,4.0010510580057055,0.8427886272249661
0.6700000000000728,1797,4.002268458023846,0.8442408272466055
0.6700000000000728,1798,4.003486258041993,0.8456942272682628
0.6700000000000728,1799,4.004704458060146,0.8471488272899379
0.6700000000000728,1800,4.005923058078304,0.8486046273116312
0.6700000000000728,1801,4.007142058096468,0.8500616273333422
0.6700000000000728,1802,4.008361458114639,0.851519827355071
0.6700000000000728,1803,4.009581258132815,0.8529792273768178
0.6700000000000728,1804,4.010801458150998,0.8544398273985824
0.6700000000000728,1805,4.012022058169187,0.855901627420365
0.6700000000000728,1806,4.013243058187381,0.8573646274421654
0.6700000000000728,1807,4.014464458205581,0.8588288274639836
0.6700000000000728,1808,4.015686258223788,0.8602942274858199
0.6700000000000728,1809,4.016908458242,0.8617608275076738
0.6700000000000728,1810,4.018131058260217,0.8632286275295458
0.6700000000000728,1811,4.0193540582784415,0.8646976275514356
0.6700000000000728,1812,4.020577458296671,0.8661678275733433
0.6700000000000728,1813,4.021801258314908,0.8676392275952689
0.6700000000000728,1814,4.02302545833315,0.8691118276172123
0.6700000000000728,1815,4.024250058351398,0.8705856276391737
0.6700000000000728,1816,4.0254750583696515,0.8720606276611528
0.6700000000000728,1817,4.026700458387912,0.8735368276831499
0.6700000000000728,1818,4.027926258406177,0.8750142277051649
0.6700000000000728,1819,4.029152458424449,0.8764928277271977
0.6700000000000728,1820,4.030379058442727,0.8779726277492486
0.6700000000000728,1821,4.031606058461011,0.8794536277713172
0.6700000000000728,1822,4.032833458479301,0.8809358277934036
0.6700000000000728,1823,4.034061258497596,0.8824192278155081
0.6700000000000728,1824,4.035289458515898,0.8839038278376303
0.6700000000000728,1825,4.036518058534205,0.8853896278597704
0.6700000000000728,1826,4.037747058552519,0.8868766278819284
0.6700000000000728,1827,4.038976458570838,0.8883648279041043
0.6700000000000728,1828,4.040206258589164,0.8898542279262982
0.6700000000000728,1829,4.041436458607495,0.8913448279485099
0.6700000000000728,1830,4.042667058625833,0.8928366279707394
0.6700000000000728,1831,4.043898058644176,0.8943296279929869
0.6700000000000728,1832,4.045129458662525,0.8958238280152521
0.6700000000000728,1833,4.04636125868088,0.8973192280375353
0.6700000000000728,1834,4.047593458699241,0.8988158280598364
0.6700000000000728,1835,4.048826058717609,0.9003136280821553
0.6700000000000728,1836,4.050059058735982,0.9018126281044921
0.6700000000000728,1837,4.051292458754361,0.903312828126847
0.6700000000000728,1838,4.052526258772746,0.9048142281492195
0.6700000000000728,1839,4.053760458791137,0.90631682817161
0.6700000000000728,1840,4.054995058809534,0.9078206281940183
0.6700000000000728,1841,4.056230058827937,0.9093256282164446
0.6700000000000728,1842,4.0574654588463455,0.9108318282388888
0.6700000000000728,1843,4.058701258864761,0.9123392282613507
0.6700000000000728,1844,4.059937458883182,0.9138478282838307
0.6700000000000728,1845,4.061174058901608,0.9153576283063284
0.6700000000000728,1846,4.062411058920041,0.9168686283288441
0.6700000000000728,1847,4.06364845893848,0.9183808283513777
0.6700000000000728,1848,4.064886258956925,0.9198942283739291
0.6700000000000728,1849,4.066124458975375,0.9214088283964983
0.6700000000000728,1850,4.067363058993832,0.9229246284190855
0.6700000000000728,1851,4.068602059012294,0.9244416284416905
0.6700000000000728,1852,4.069841459030763,0.9259598284643136
0.6700000000000728,1853,4.071081259049237,0.9274792284869544
0.6700000000000728,1854,4.072321459067718,0.928999828509613
0.6700000000000728,1855,4.073562059086203,0.9305216285322896
0.6700000000000728,1856,4.074803059104696,0.932044628554984
0.6700000000000728,1857,4.076044459123194,0.9335688285776964
0.6700000000000728,1858,4.077286259141699,0.9350942286004267
0.6700000000000728,1859,4.078528459160209,0.9366208286231748
0.6700000000000728,1860,4.079771059178725,0.9381486286459407
0.6700000000000728,1861,4.081014059197248,0.9396776286687247
0.6700000000000728,1862,4.082257459215775,0.9412078286915264
0.6700000000000728,1863,4.083501259234309,0.942739228714346
0.6700000000000728,1864,4.084745459252849,0.9442718287371835
0.6700000000000728,1865,4.085990059271396,0.9458056287600389
0.6700000000000728,1866,4.087235059289948,0.9473406287829123
0.6700000000000728,1867,4.088480459308506,0.9488768288058034
0.6700000000000728,1868,4.089726259327069,0.9504142288287124
0.6700000000000728,1869,4.09097245934564,0.9519528288516393
0.6700000000000728,1870,4.092219059364215,0.9534926288745842
0.6700000000000728,1871,4.093466059382797,0.9550336288975468
0.6700000000000728,1872,4.094713459401385,0.9565758289205275
0.6700000000000728,1873,4.095961259419978,0.9581192289435259
0.6700000000000728,1874,4.097209459438577,0.9596638289665421
0.6700000000000728,1875,4.098458059457183,0.9612096289895764
0.6700000000000728,1876,4.099707059475795,0.9627566290126286
0.6700000000000728,1877,4.100956459494412,0.9643048290356985
0.6700000000000728,1878,4.102206259513036,0.9658542290587864
0.6700000000000728,1879,4.103456459531666,0.9674048290818921
0.6700000000000728,1880,4.104707059550301,0.9689566291050158
0.6700000000000728,1881,4.105958059568942,0.9705096291281573
0.6700000000000728,1882,4.107209459587589,0.9720638291513166
0.6700000000000728,1883,4.108461259606242,0.973619229174494
0.6700000000000728,1884,4.109713459624902,0.9751758291976891
0.6700000000000728,1885,4.110966059643567,0.9767336292209021
0.6700000000000728,1886,4.112219059662238,0.9782926292441331
0.6700000000000728,1887,4.113472459680915,0.9798528292673817
0.6700000000000728,1888,4.114726259699598,0.9814142292906485
0.6700000000000728,1889,4.115980459718288,0.9829768293139332
0.6700000000000728,1890,4.1172350597369824,0.9845406293372354
0.6700000000000728,1891,4.1184900597556835,0.9861056293605558
0.6700000000000728,1892,4.11974545977439,0.987671829383894
0.6700000000000728,1893,4.121001259793103,0.9892392294072501
0.6700000000000728,1894,4.122257459811822,0.9908078294306241
0.6700000000000728,1895,4.123514059830547,0.9923776294540159
0.6700000000000728,1896,4.1247710598492775,0.9939486294774256
0.6700000000000728,1897,4.126028459868014,0.9955208295008532
0.6700000000000728,1898,4.127286259886757,0.9970942295242988
0.6700000000000728,1899,4.1285444599055054,0.9986688295477619
0.6700000000000728,1900,4.12980305992426,1.0002446295712433
0.6700000000000728,1901,4.131062059943021,1.0018216295947424
0.6700000000000728,1902,4.132321459961787,1.0033998296182594
0.6700000000000728,1903,4.13358125998056,1.0049792296417945
0.6700000000000728,1904,4.134841459999338,1.0065598296653473
0.6700000000000728,1905,4.136102060018123,1.0081416296889179
0.6700000000000728,1906,4.137363060036913,1.0097246297125064
0.6700000000000728,1907,4.138624460055709,1.0113088297361128
0.6700000000000728,1908,4.139886260074512,1.012894229759737
0.6700000000000728,1909,4.141148460093319,1.0144808297833792
0.6700000000000728,1910,4.142411060112134,1.0160686298070392
0.6700000000000728,1911,4.143674060130954,1.0176576298307172
0.6700000000000728,1912,4.14493746014978,1.019247829854413
0.6700000000000728,1913,4.1462012601686125,1.0208392298781268
0.6700000000000728,1914,4.14746546018745,1.0224318299018582
0.6700000000000728,1915,4.148730060206294,1.0240256299256079
0.6700000000000728,1916,4.1499950602251445,1.025620629949375
0.6700000000000728,1917,4.151260460244,1.0272168299731603
0.6700000000000728,1918,4.152526260262862,1.0288142299969634
0.6700000000000728,1919,4.15379246028173,1.0304128300207847
0.6700000000000728,1920,4.155059060300603,1.0320126300446233
0.6700000000000728,1921,4.1563260603194845,1.0336136300684802
0.6700000000000728,1922,4.1575934603383695,1.0352158300923548
0.6700000000000728,1923,4.158861260357261,1.036819230116247
0.6700000000000728,1924,4.160129460376158,1.0384238301401576
0.6700000000000728,1925,4.161398060395062,1.040029630164086
0.6700000000000728,1926,4.1626670604139715,1.041636630188032
0.6700000000000728,1927,4.163936460432887,1.043244830211996
0.6700000000000728,1928,4.165206260451808,1.044854230235978
0.6700000000000728,1929,4.1664764604707365,1.046464830259978
0.6700000000000728,1930,4.16774706048967,1.0480766302839957
0.6700000000000728,1931,4.169018060508609,1.0496896303080312
0.6700000000000728,1932,4.170289460527554,1.0513038303320845
0.6700000000000728,1933,4.171561260546506,1.0529192303561559
0.6700000000000728,1934,4.172833460565463,1.0545358303802452
0.6700000000000728,1935,4.1741060605844265,1.0561536304043522
0.6700000000000728,1936,4.175379060603396,1.0577726304284771
0.6700000000000728,1937,4.17665246062237,1.0593928304526201
0.6700000000000728,1938,4.177926260641351,1.061014230476781
0.6700000000000728,1939,4.179200460660338,1.0626368305009595
0.6700000000000728,1940,4.180475060679331,1.064260630525156
0.6700000000000728,1941,4.181750060698331,1.0658856305493702
0.6700000000000728,1942,4.183025460717336,1.0675118305736027
0.6700000000000728,1943,4.184301260736347,1.0691392305978529
0.6700000000000728,1944,4.185577460755363,1.0707678306221209
0.6700000000000728,1945,4.186854060774387,1.0723976306464067
0.6700000000000728,1946,4.188131060793415,1.0740286306707105
0.6700000000000728,1947,4.18940846081245,1.0756608306950322
0.6700000000000728,1948,4.190686260831491,1.0772942307193718
0.6700000000000728,1949,4.191964460850537,1.0789288307437293
0.6700000000000728,1950,4.19324306086959,1.0805646307681047
0.6700000000000728,1951,4.194522060888648,1.0822016307924978
0.6700000000000728,1952,4.195801460907713,1.0838398308169088
0.6700000000000728,1953,4.197081260926784,1.085479230841338
0.6700000000000728,1954,4.1983614609458595,1.0871198308657846
0.6700000000000728,1955,4.199642060964942,1.0887616308902495
0.6700000000000728,1956,4.200923060984031,1.090404630914732
0.6700000000000728,1957,4.202204461003125,1.0920488309392324
0.6700000000000728,1958,4.203486261022225,1.093694230963751
0.6700000000000728,1959,4.204768461041332,1.095340830988287
0.6700000000000728,1960,4.206051061060443,1.0969886310128412
0.6700000000000728,1961,4.207334061079562,1.0986376310374133
0.6700000000000728,1962,4.208617461098686,1.1002878310620032
0.6700000000000728,1963,4.209901261117817,1.101939231086611
0.6700000000000728,1964,4.211185461136952,1.1035918311112365
0.6700000000000728,1965,4.212470061156094,1.10524563113588
0.6700000000000728,1966,4.213755061175243,1.1069006311605416
0.6700000000000728,1967,4.215040461194397,1.1085568311852207
0.6700000000000728,1968,4.216326261213556,1.110214231209918
0.6700000000000728,1969,4.217612461232722,1.111872831234633
0.6700000000000728,1970,4.218899061251895,1.113532631259366
0.6700000000000728,1971,4.220186061271072,1.1151936312841169
0.6700000000000728,1972,4.221473461290255,1.1168558313088857
0.6700000000000728,1973,4.222761261309445,1.1185192313336723
0.6700000000000728,1974,4.224049461328641,1.1201838313584769
0.6700000000000728,1975,4.225338061347842,1.121849631383299
0.6700000000000728,1976,4.226627061367051,1.1235166314081395
0.6700000000000728,1977,4.227916461386264,1.1251848314329973
0.6700000000000728,1978,4.2292062614054835,1.1268542314578733
0.6700000000000728,1979,4.230496461424709,1.1285248314827672
0.6700000000000728,1980,4.23178706144394,1.130196631507679
0.6700000000000728,1981,4.2330780614631776,1.1318696315326087
0.6700000000000728,1982,4.234369461482421,1.1335438315575561
0.6700000000000728,1983,4.23566126150167,1.1352192315825216
0.6700000000000728,1984,4.236953461520925,1.1368958316075048
0.6700000000000728,1985,4.2382460615401865,1.138573631632506
0.6700000000000728,1986,4.239539061559454,1.140252631657525
0.6700000000000728,1987,4.240832461578727,1.141932831682562
0.6700000000000728,1988,4.242126261598006,1.1436142317076168
0.6700000000000728,1989,4.243420461617291,1.1452968317326895
0.6700000000000728,1990,4.244715061636582,1.14698063175778
0.6700000000000728,1991,4.24601006165588,1.1486656317828887
0.6700000000000728,1992,4.247305461675182,1.1503518318080148
0.6700000000000728,1993,4.248601261694492,1.152039231833159
0.6700000000000728,1994,4.249897461713806,1.153727831858321
0.6700000000000728,1995,4.251194061733127,1.1554176318835012
0.6700000000000728,1996,4.252491061752454,1.157108631908699
0.6700000000000728,1997,4.253788461771787,1.158800831933915
0.6700000000000728,1998,4.255086261791125,1.1604942319591485
0.6700000000000728,1999,4.2563844618104705,1.1621888319843998
0.6700000000000728,2000,4.2576830618298205,1.1638846320096692
0.6700000000000728,2001,4.258982061849177,1.1655816320349566
0.6700000000000728,2002,4.26028146186854,1.1672798320602618
0.6700000000000728,2003,4.261581261887908,1.1689792320855847
0.6700000000000728,2004,4.261581261887908,1.1689792320855847
0.6700000000000728,2005,4.262880761907273,1.1706778321108957
0.6700000000000728,2006,4.264179261926622,1.1723736321361653
0.6700000000000728,2007,4.265476761945956,1.174066632161393
0.6700000000000728,2008,4.266773261965275,1.1757568321865788
0.6700000000000728,2009,4.26806876198458,1.1774442322117231
0.6700000000000728,2010,4.269363262003869,1.1791288322368256
0.6700000000000728,2011,4.270656762023144,1.1808106322618863
0.6700000000000728,2012,4.271949262042404,1.1824896322869056
0.6700000000000728,2013,4.273240762061648,1.1841658323118827
0.6700000000000728,2014,4.274531262080878,1.1858392323368183
0.6700000000000728,2015,4.2758207621000945,1.1875098323617121
0.6700000000000728,2016,4.277109262119293,1.1891776323865644
0.6700000000000728,2017,4.278396762138479,1.1908426324113748
0.6700000000000728,2018,4.279683262157648,1.1925048324361436
0.6700000000000728,2019,4.280968762176804,1.1941642324608706
0.6700000000000728,2020,4.282253262195945,1.195820832485556
0.6700000000000728,2021,4.283536762215071,1.1974746325101993
0.6700000000000728,2022,4.284819262234181,1.199125632534801
0.6700000000000728,2023,4.286100762253277,1.200773832559361
0.6700000000000728,2024,4.287381262272358,1.2024192325838796
0.6700000000000728,2025,4.288660762291424,1.204061832608356
0.6700000000000728,2026,4.289939262310475,1.205701632632791
0.6700000000000728,2027,4.291216762329511,1.2073386326571844
0.6700000000000728,2028,4.292493262348533,1.2089728326815357
0.6700000000000728,2029,4.29376876236754,1.2106042327058453
0.6700000000000728,2030,4.295043262386531,1.2122328327301135
0.6700000000000728,2031,4.296316762405507,1.2138586327543397
0.6700000000000728,2032,4.297589262424469,1.2154816327785243
0.6700000000000728,2033,4.298860762443416,1.2171018328026673
0.6700000000000728,2034,4.300131262462347,1.2187192328267684
0.6700000000000728,2035,4.301400762481265,1.2203338328508277
0.6700000000000728,2036,4.302669262500167,1.2219456328748455
0.6700000000000728,2037,4.303936762519054,1.2235546328988216
0.6700000000000728,2038,4.305203262537926,1.2251608329227557
0.6700000000000728,2039,4.306468762556784,1.2267642329466482
0.6700000000000728,2040,4.307733262575626,1.2283648329704988
0.6700000000000728,2041,4.308996762594455,1.2299626329943085
0.6700000000000728,2042,4.310259262613267,1.2315576330180757
0.6700000000000728,2043,4.311520762632065,1.2331498330418011
0.6700000000000728,2044,4.312781262650849,1.2347392330654852
0.6700000000000728,2045,4.314040762669616,1.2363258330891274
0.6700000000000728,2046,4.315299262688369,1.2379096331127277
0.6700000000000728,2047,4.316556762707107,1.2394906331362865
0.6700000000000728,2048,4.3178132627258305,1.2410688331598037
0.6700000000000728,2049,4.319068762744539,1.242644233183279
0.6700000000000728,2050,4.320323262763233,1.2442168332067125
0.6700000000000728,2051,4.321576762781911,1.2457866332301042
0.6700000000000728,2052,4.322829262800576,1.2473536332534545
0.6700000000000728,2053,4.324080762819224,1.2489178332767628
0.6700000000000728,2054,4.3253312628378575,1.2504792333000294
0.6700000000000728,2055,4.3265807628564765,1.2520378333232545
0.6700000000000728,2056,4.32782926287508,1.2535936333464377
0.6700000000000728,2057,4.32907676289367,1.255146633369579
0.6700000000000728,2058,4.330323262912244,1.256696833392679
0.6700000000000728,2059,4.331568762930804,1.2582442334157369
0.6700000000000728,2060,4.332813262949348,1.2597888334387533
0.6700000000000728,2061,4.334056762967878,1.2613306334617278
0.6700000000000728,2062,4.335299262986393,1.2628696334846607
0.6700000000000728,2063,4.336540763004892,1.2644058335075519
0.6700000000000728,2064,4.337781263023377,1.2659392335304014
0.6700000000000728,2065,4.339020763041846,1.267469833553209
0.6700000000000728,2066,4.340259263060301,1.268997633575975
0.6700000000000728,2067,4.341496763078742,1.2705226335986994
0.6700000000000728,2068,4.342733263097167,1.2720448336213819
0.6700000000000728,2069,4.343968763115578,1.2735642336440227
0.6700000000000728,2070,4.345203263133973,1.275080833666622
0.6700000000000728,2071,4.346436763152354,1.276594633689179
0.6700000000000728,2072,4.34766926317072,1.2781056337116947
0.6700000000000728,2073,4.348900763189071,1.2796138337341687
0.6700000000000728,2074,4.350131263207406,1.281119233756601
0.6700000000000728,2075,4.351360763225727,1.2826218337789916
0.6700000000000728,2076,4.352589263244033,1.2841216338013401
0.6700000000000728,2077,4.353816763262324,1.2856186338236473
0.6700000000000728,2078,4.355043263280601,1.2871128338459124
0.6700000000000728,2079,4.3562687632988615,1.288604233868136
0.6700000000000728,2080,4.3574932633171075,1.290092833890318
0.6700000000000728,2081,4.35871676333534,1.291578633912458
0.6700000000000728,2082,4.3599392633535565,1.2930616339345566
0.6700000000000728,2083,4.361160763371758,1.294541833956613
0.6700000000000728,2084,4.362381263389945,1.296019233978628
0.6700000000000728,2085,4.363600763408117,1.2974938340006015
0.6700000000000728,2086,4.364819263426274,1.298965634022533
0.6700000000000728,2087,4.366036763444416,1.3004346340444226
0.6700000000000728,2088,4.367253263462543,1.301900834066271
0.6700000000000728,2089,4.368468763480656,1.3033642340880771
0.6700000000000728,2090,4.369683263498754,1.3048248341098418
0.6700000000000728,2091,4.370896763516836,1.3062826341315648
0.6700000000000728,2092,4.372109263534904,1.3077376341532463
0.6700000000000728,2093,4.373320763552957,1.3091898341748855
0.6700000000000728,2094,4.374531263570995,1.3106392341964834
0.6700000000000728,2095,4.375740763589018,1.3120858342180393
0.6700000000000728,2096,4.376949263607026,1.3135296342395537
0.6700000000000728,2097,4.378156763625019,1.3149706342610263
0.6700000000000728,2098,4.379363263642998,1.3164088342824571
0.6700000000000728,2099,4.3805687636609605,1.3178442343038461
0.6700000000000728,2100,4.381773263678909,1.3192768343251937
0.6700000000000728,2101,4.382976763696843,1.3207066343464993
0.6700000000000728,2102,4.384179263714761,1.3221336343677632
0.6700000000000728,2103,4.385380763732665,1.3235578343889856
0.6700000000000728,2104,4.386581263750554,1.324979234410166
0.6700000000000728,2105,4.387780763768428,1.3263978344313048
0.6700000000000728,2106,4.388979263786287,1.327813634452402
0.6700000000000728,2107,4.390176763804131,1.3292266344734571
0.6700000000000728,2108,4.3913732638219605,1.3306368344944708
0.6700000000000728,2109,4.392568763839775,1.3320442345154428
0.6700000000000728,2110,4.393763263857574,1.3334488345363729
0.6700000000000728,2111,4.394956763875358,1.3348506345572613
0.6700000000000728,2112,4.396149263893127,1.336249634578108
0.6700000000000728,2113,4.397340763910883,1.337645834598913
0.6700000000000728,2114,4.398531263928622,1.3390392346196764
0.6700000000000728,2115,4.399720763946347,1.3404298346403978
0.6700000000000728,2116,4.400909263964058,1.3418176346610777
0.6700000000000728,2117,4.402096763981753,1.3432026346817159
0.6700000000000728,2118,4.403283263999433,1.3445848347023124
0.6700000000000728,2119,4.404468764017098,1.3459642347228669
0.6700000000000728,2120,4.405653264034749,1.3473408347433797
0.6700000000000728,2121,4.406836764052384,1.3487146347638512
0.6700000000000728,2122,4.408019264070005,1.3500856347842805
0.6700000000000728,2123,4.40920076408761,1.3514538348046683
0.6700000000000728,2124,4.410381264105202,1.3528192348250143
0.6700000000000728,2125,4.411560764122777,1.3541818348453185
0.6700000000000728,2126,4.412739264140338,1.355541634865581
0.6700000000000728,2127,4.413916764157885,1.3568986348858019
0.6700000000000728,2128,4.4150932641754155,1.358252834905981
0.6700000000000728,2129,4.416268764192933,1.3596042349261186
0.6700000000000728,2130,4.4174432642104335,1.3609528349462143
0.6700000000000728,2131,4.41861676422792,1.3622986349662682
0.6700000000000728,2132,4.419789264245391,1.3636416349862803
0.6700000000000728,2133,4.420960764262848,1.364981835006251
0.6700000000000728,2134,4.4221312642802895,1.36631923502618
0.6700000000000728,2135,4.423300764297717,1.3676538350460672
0.6700000000000728,2136,4.424469264315129,1.3689856350659122
0.6700000000000728,2137,4.425636764332526,1.370314635085716
0.6700000000000728,2138,4.426803264349908,1.3716408351054779
0.6700000000000728,2139,4.427968764367275,1.372964235125198
0.6700000000000728,2140,4.429133264384627,1.3742848351448766
0.6700000000000728,2141,4.430296764401966,1.3756026351645134
0.6700000000000728,2142,4.431459264419288,1.3769176351841084
0.6700000000000728,2143,4.432620764436596,1.3782298352036615
0.6700000000000728,2144,4.433781264453888,1.3795392352231732
0.6700000000000728,2145,4.4349407644711665,1.3808458352426431
0.6700000000000728,2146,4.436099264488429,1.3821496352620712
0.6700000000000728,2147,4.437256764505677,1.3834506352814575
0.6700000000000728,2148,4.438413264522911,1.3847488353008024
0.6700000000000728,2149,4.4395687645401285,1.3860442353201052
0.6700000000000728,2150,4.440723264557332,1.3873368353393665
0.6700000000000728,2151,4.44187676457452,1.388626635358586
0.6700000000000728,2152,4.4430292645916944,1.3899136353777637
0.6700000000000728,2153,4.444180764608852,1.3911978353968997
0.6700000000000728,2154,4.445331264625997,1.3924792354159943
0.6700000000000728,2155,4.446480764643125,1.3937578354350466
0.6700000000000728,2156,4.44762926466024,1.3950336354540576
0.6700000000000728,2157,4.448776764677339,1.396306635473027
0.6700000000000728,2158,4.449923264694423,1.3975768354919542
0.6700000000000728,2159,4.451068764711492,1.3988442355108401
0.6700000000000728,2160,4.452213264728546,1.400108835529684
0.6700000000000728,2161,4.453356764745585,1.4013706355484863
0.6700000000000728,2162,4.45449926476261,1.402629635567247
0.6700000000000728,2163,4.45564076477962,1.4038858355859658
0.6700000000000728,2164,4.456781264796614,1.4051392356046428
0.6700000000000728,2165,4.457920764813594,1.4063898356232782
0.6700000000000728,2166,4.459059264830559,1.4076376356418718
0.6700000000000728,2167,4.46019676484751,1.4088826356604238
0.6700000000000728,2168,4.461333264864445,1.410124835678934
0.6700000000000728,2169,4.462468764881365,1.4113642356974025
0.6700000000000728,2170,4.46360326489827,1.4126008357158293
0.6700000000000728,2171,4.464736764915161,1.4138346357342144
0.6700000000000728,2172,4.465869264932036,1.415065635752558
0.6700000000000728,2173,4.467000764948897,1.4162938357708594
0.6700000000000728,2174,4.468131264965742,1.4175192357891193
0.6700000000000728,2175,4.4692607649825735,1.4187418358073374
0.6700000000000728,2176,4.4703892649993895,1.419961635825514
0.6700000000000728,2177,4.47151676501619,1.4211786358436485
0.6700000000000728,2178,4.472643265032977,1.4223928358617415
0.6700000000000728,2179,4.473768765049748,1.423604235879793
0.6700000000000728,2180,4.4748932650665045,1.4248128358978023
0.6700000000000728,2181,4.476016765083246,1.4260186359157703
0.6700000000000728,2182,4.477139265099972,1.4272216359336962
0.6700000000000728,2183,4.478260765116684,1.4284218359515808
0.6700000000000728,2184,4.479381265133381,1.4296192359694233
0.6700000000000728,2185,4.4805007651500635,1.4308138359872244
0.6700000000000728,2186,4.48161926516673,1.4320056360049835
0.6700000000000728,2187,4.482736765183382,1.433194636022701
0.6700000000000728,2188,4.483853265200019,1.4343808360403767
0.6700000000000728,2189,4.4849687652166415,1.4355642360580108
0.6700000000000728,2190,4.4860832652332485,1.4367448360756032
0.6700000000000728,2191,4.487196765249841,1.4379226360931538
0.6700000000000728,2192,4.488309265266419,1.4390976361106624
0.6700000000000728,2193,4.489420765282981,1.4402698361281296
0.6700000000000728,2194,4.49053126529953,1.4414392361455552
0.6700000000000728,2195,4.491640765316062,1.4426058361629388
0.6700000000000728,2196,4.49274926533258,1.4437696361802808
0.6700000000000728,2197,4.493856765349083,1.4449306361975809
0.6700000000000728,2198,4.494963265365572,1.4460888362148396
0.6700000000000728,2199,4.496068765382045,1.4472442362320563
0.6700000000000728,2200,4.497173265398502,1.4483968362492314
0.6700000000000728,2201,4.498276765414946,1.4495466362663647
0.6700000000000728,2202,4.499379265431375,1.4506936362834564
0.6700000000000728,2203,4.500480765447788,1.4518378363005064
0.6700000000000728,2204,4.501581265464187,1.4529792363175145
0.6700000000000728,2205,4.502680765480571,1.454117836334481
0.6700000000000728,2206,4.50377926549694,1.455253636351406
0.6700000000000728,2207,4.504876765513294,1.456386636368289
0.6700000000000728,2208,4.505973265529633,1.45751683638513
0.6700000000000728,2209,4.507068765545958,1.4586442364019296
0.6700000000000728,2210,4.508163265562266,1.4597688364186874
0.6700000000000728,2211,4.509256765578561,1.4608906364354035
0.6700000000000728,2212,4.51034926559484,1.4620096364520778
0.6700000000000728,2213,4.5114407656111055,1.4631258364687105
0.6700000000000728,2214,4.512531265627355,1.4642392364853016
0.6700000000000728,2215,4.513620765643591,1.4653498365018511
0.6700000000000728,2216,4.5147092656598105,1.4664576365183584
0.6700000000000728,2217,4.515796765676016,1.4675626365348242
0.6700000000000728,2218,4.516883265692205,1.4686648365512482
0.6700000000000728,2219,4.51796876570838,1.4697642365676304
0.6700000000000728,2220,4.519053265724541,1.4708608365839713
0.6700000000000728,2221,4.520136765740686,1.47195463660027
0.6700000000000728,2222,4.521219265756816,1.4730456366165272
0.6700000000000728,2223,4.522300765772932,1.4741338366327428
0.6700000000000728,2224,4.523381265789033,1.4752192366489165
0.6700000000000728,2225,4.524460765805118,1.4763018366650487
0.6700000000000728,2226,4.525539265821189,1.4773816366811388
0.6700000000000728,2227,4.526616765837246,1.4784586366971872
0.6700000000000728,2228,4.527693265853286,1.4795328367131941
0.6700000000000728,2229,4.528768765869313,1.4806042367291592
0.6700000000000728,2230,4.529843265885324,1.4816728367450827
0.6700000000000728,2231,4.5309167659013205,1.4827386367609643
0.6700000000000728,2232,4.531989265917302,1.4838016367768043
0.6700000000000728,2233,4.533060765933269,1.4848618367926025
0.6700000000000728,2234,4.53413126594922,1.485919236808359
0.6700000000000728,2235,4.535200765965158,1.4869738368240737
0.6700000000000728,2236,4.53626926598108,1.4880256368397466
0.6700000000000728,2237,4.537336765996986,1.4890746368553782
0.6700000000000728,2238,4.538403266012878,1.4901208368709675
0.6700000000000728,2239,4.539468766028755,1.4911642368865154
0.6700000000000728,2240,4.540533266044617,1.4922048369020218
0.6700000000000728,2241,4.541596766060465,1.4932426369174863
0.6700000000000728,2242,4.542659266076297,1.4942776369329087
0.6700000000000728,2243,4.543720766092115,1.4953098369482896
0.6700000000000728,2244,4.5447812661079166,1.4963392369636288
0.6700000000000728,2245,4.545840766123705,1.4973658369789264
0.6700000000000728,2246,4.546899266139478,1.498389636994182
0.6700000000000728,2247,4.547956766155235,1.4994106370093963
0.6700000000000728,2248,4.549013266170979,1.5004288370245686
0.6700000000000728,2249,4.5500687661867065,1.5014442370396992
0.6700000000000728,2250,4.551123266202421,1.5024568370547882
0.6700000000000728,2251,4.5521767662181185,1.5034666370698355
0.6700000000000728,2252,4.553229266233803,1.5044736370848408
0.6700000000000728,2253,4.55428076624947,1.5054778370998048
0.6700000000000728,2254,4.555331266265124,1.5064792371147266
0.6700000000000728,2255,4.556380766280763,1.5074778371296071
0.6700000000000728,2256,4.557429266296388,1.5084736371444456
0.6700000000000728,2257,4.558476766311996,1.5094666371592425
0.6700000000000728,2258,4.559523266327591,1.5104568371739975
0.6700000000000728,2259,4.560568766343169,1.511444237188711
0.6700000000000728,2260,4.561613266358734,1.5124288372033825
0.6700000000000728,2261,4.562656766374283,1.5134106372180125
0.6700000000000728,2262,4.563699266389817,1.5143896372326007
0.6700000000000728,2263,4.564740766405337,1.5153658372471475
0.6700000000000728,2264,4.565781266420841,1.5163392372616522
0.6700000000000728,2265,4.566820766436331,1.5173098372761151
0.6700000000000728,2266,4.567859266451807,1.5182776372905367
0.6700000000000728,2267,4.568896766467266,1.5192426373049162
0.6700000000000728,2268,4.569933266482711,1.520204837319254
0.6700000000000728,2269,4.570968766498141,1.52116423733355
0.6700000000000728,2270,4.572003266513557,1.5221208373478046
0.6700000000000728,2271,4.573036766528957,1.5230746373620174
0.6700000000000728,2272,4.574069266544343,1.5240256373761885
0.6700000000000728,2273,4.5751007665597125,1.5249738373903177
0.6700000000000728,2274,4.576131266575069,1.525919237404405
0.6700000000000728,2275,4.577160766590409,1.526861837418451
0.6700000000000728,2276,4.578189266605735,1.5278016374324552
0.6700000000000728,2277,4.579216766621046,1.5287386374464176
0.6700000000000728,2278,4.580243266636343,1.5296728374603383
0.6700000000000728,2279,4.581268766651624,1.5306042374742173
0.6700000000000728,2280,4.582293266666889,1.5315328374880544
0.6700000000000728,2281,4.583316766682141,1.5324586375018499
0.6700000000000728,2282,4.584339266697378,1.5333816375156037
0.6700000000000728,2283,4.585360766712599,1.5343018375293158
0.6700000000000728,2284,4.586381266727805,1.5352192375429858
0.6700000000000728,2285,4.587400766742997,1.5361338375566147
0.6700000000000728,2286,4.588419266758174,1.5370456375702015
0.6700000000000728,2287,4.589436766773336,1.5379546375837467
0.6700000000000728,2288,4.590453266788483,1.53886083759725
0.6700000000000728,2289,4.591468766803615,1.539764237610712
0.6700000000000728,2290,4.592483266818733,1.5406648376241319
0.6700000000000728,2291,4.593496766833835,1.5415626376375102
0.6700000000000728,2292,4.594509266848922,1.5424576376508465
0.6700000000000728,2293,4.595520766863994,1.5433498376641412
0.6700000000000728,2294,4.596531266879052,1.5442392376773946
0.6700000000000728,2295,4.597540766894094,1.5451258376906059
0.6700000000000728,2296,4.598549266909123,1.5460096377037755
0.6700000000000728,2297,4.599556766924136,1.5468906377169034
0.6700000000000728,2298,4.600563266939133,1.5477688377299896
0.6700000000000728,2299,4.6015687669541165,1.548644237743034
0.6700000000000728,2300,4.602573266969085,1.5495168377560367
0.6700000000000728,2301,4.603576766984039,1.550386637768998
0.6700000000000728,2302,4.604579266998977,1.551253637781917
0.6700000000000728,2303,4.6055807670139,1.5521178377947948
0.6700000000000728,2304,4.606581267028809,1.5529792378076306
0.6700000000000728,2305,4.607580767043702,1.5538378378204247
0.6700000000000728,2306,4.608579267058581,1.5546936378331773
0.6700000000000728,2307,4.609576767073445,1.5555466378458878
0.6700000000000728,2308,4.610573267088295,1.5563968378585569
0.6700000000000728,2309,4.611568767103129,1.5572442378711842
0.6700000000000728,2310,4.612563267117947,1.5580888378837696
0.6700000000000728,2311,4.613556767132752,1.5589306378963133
0.6700000000000728,2312,4.614549267147542,1.5597696379088155
0.6700000000000728,2313,4.615540767162316,1.5606058379212757
0.6700000000000728,2314,4.616531267177075,1.5614392379336945
0.6700000000000728,2315,4.61752076719182,1.5622698379460713
0.6700000000000728,2316,4.61850926720655,1.5630976379584065
0.6700000000000728,2317,4.619496767221265,1.5639226379707
0.6700000000000728,2318,4.620483267235965,1.5647448379829516
0.6700000000000728,2319,4.621468767250651,1.565564237995162
0.6700000000000728,2320,4.62245326726532,1.56638083800733
0.6700000000000728,2321,4.623436767279975,1.5671946380194566
0.6700000000000728,2322,4.624419267294615,1.5680056380315415
0.6700000000000728,2323,4.625400767309242,1.5688138380435845
0.6700000000000728,2324,4.626381267323852,1.569619238055586
0.6700000000000728,2325,4.627360767338447,1.5704218380675457
0.6700000000000728,2326,4.628339267353028,1.5712216380794637
0.6700000000000728,2327,4.629316767367594,1.5720186380913397
0.6700000000000728,2328,4.630293267382145,1.5728128381031743
0.6700000000000728,2329,4.631268767396681,1.5736042381149673
0.6700000000000728,2330,4.632243267411202,1.5743928381267183
0.6700000000000728,2331,4.633216767425708,1.5751786381384274
0.6700000000000728,2332,4.634189267440201,1.5759616381500954
0.6700000000000728,2333,4.635160767454677,1.576741838161721
0.6700000000000728,2334,4.636131267469138,1.5775192381733052
0.6700000000000728,2335,4.6371007674835845,1.5782938381848475
0.6700000000000728,2336,4.638069267498016,1.5790656381963484
0.6700000000000728,2337,4.639036767512434,1.5798346382078075
0.6700000000000728,2338,4.640003267526836,1.5806008382192247
0.6700000000000728,2339,4.640968767541223,1.5813642382306001
0.6700000000000728,2340,4.641933267555594,1.582124838241934
0.6700000000000728,2341,4.642896767569952,1.582882638253226
0.6700000000000728,2342,4.643859267584294,1.5836376382644763
0.6700000000000728,2343,4.644820767598622,1.5843898382756851
0.6700000000000728,2344,4.645781267612934,1.585139238286852
0.6700000000000728,2345,4.646740767627232,1.5858858382979772
0.6700000000000728,2346,4.647699267641515,1.5866296383090606
0.6700000000000728,2347,4.648656767655783,1.5873706383201025
0.6700000000000728,2348,4.649613267670036,1.5881088383311024
0.6700000000000728,2349,4.650568767684273,1.5888442383420607
0.6700000000000728,2350,4.651523267698497,1.5895768383529774
0.6700000000000728,2351,4.652476767712705,1.5903066383638524
0.6700000000000728,2352,4.6534292677268985,1.5910336383746855
0.6700000000000728,2353,4.654380767741078,1.591757838385477
0.6700000000000728,2354,4.6553312677552405,1.5924792383962263
0.6700000000000728,2355,4.656280767769388,1.5931978384069345
0.6700000000000728,2356,4.6572292677835225,1.5939136384176007
0.6700000000000728,2357,4.658176767797642,1.5946266384282253
0.6700000000000728,2358,4.659123267811745,1.595336838438808
0.6700000000000728,2359,4.660068767825836,1.5960442384493492
0.6700000000000728,2360,4.661013267839909,1.5967488384598485
0.6700000000000728,2361,4.661956767853969,1.597450638470306
0.6700000000000728,2362,4.6628992678680135,1.5981496384807221
0.6700000000000728,2363,4.663840767882042,1.5988458384910964
0.6700000000000728,2364,4.664781267896057,1.5995392385014287
0.6700000000000728,2365,4.665720767910056,1.6002298385117193
0.6700000000000728,2366,4.666659267924041,1.6009176385219686
0.6700000000000728,2367,4.6675967679380115,1.6016026385321758
0.6700000000000728,2368,4.668533267951966,1.6022848385423414
0.6700000000000728,2369,4.669468767965906,1.602964238552465
0.6700000000000728,2370,4.670403267979831,1.6036408385625474
0.6700000000000728,2371,4.671336767993742,1.6043146385725877
0.6700000000000728,2372,4.6722692680076365,1.6049856385825865
0.6700000000000728,2373,4.673200768021516,1.6056538385925434
0.6700000000000728,2374,4.674131268035382,1.6063192386024585
0.6700000000000728,2375,4.675060768049233,1.606981838612332
0.6700000000000728,2376,4.675989268063068,1.607641638622164
0.6700000000000728,2377,4.6769167680768895,1.608298638631954
0.6700000000000728,2378,4.677843268090696,1.6089528386417022
0.6700000000000728,2379,4.6787687681044865,1.609604238651409
0.6700000000000728,2380,4.679693268118263,1.6102528386610737
0.6700000000000728,2381,4.680616768132024,1.610898638670697
0.6700000000000728,2382,4.68153926814577,1.6115416386802783
0.6700000000000728,2383,4.682460768159501,1.6121818386898181
0.6700000000000728,2384,4.6833812681732185,1.6128192386993163
0.6700000000000728,2385,4.68430076818692,1.6134538387087725
0.6700000000000728,2386,4.685219268200607,1.614085638718187
0.6700000000000728,2387,4.686136768214278,1.61471463872756
0.6700000000000728,2388,4.687053268227935,1.6153408387368908
0.6700000000000728,2389,4.687968768241577,1.6159642387461801
0.6700000000000728,2390,4.688883268255204,1.616584838755428
0.6700000000000728,2391,4.689796768268817,1.6172026387646339
0.6700000000000728,2392,4.690709268282414,1.617817638773798
0.6700000000000728,2393,4.691620768295996,1.6184298387829206
0.6700000000000728,2394,4.692531268309564,1.6190392387920012
0.6700000000000728,2395,4.693440768323116,1.6196458388010404
0.6700000000000728,2396,4.694349268336655,1.6202496388100378
0.6700000000000728,2397,4.695256768350177,1.6208506388189932
0.6700000000000728,2398,4.6961632683636845,1.6214488388279071
0.6700000000000728,2399,4.697068768377179,1.6220442388367795
0.6700000000000728,2400,4.697973268390656,1.6226368388456096
0.6700000000000728,2401,4.698876768404119,1.6232266388543986
0.6700000000000728,2402,4.699779268417567,1.6238136388631457
0.6700000000000728,2403,4.700680768431001,1.6243978388718507
0.6700000000000728,2404,4.70158126844442,1.6249792388805142
0.6700000000000728,2405,4.702480768457823,1.625557838889136
0.6700000000000728,2406,4.7033792684712115,1.6261336388977161
0.6700000000000728,2407,4.704276768484585,1.6267066389062546
0.6700000000000728,2408,4.705173268497944,1.6272768389147512
0.6700000000000728,2409,4.7060687685112885,1.6278442389232062
0.6700000000000728,2410,4.706963268524617,1.6284088389316191
0.6700000000000728,2411,4.707856768537932,1.6289706389399905
0.6700000000000728,2412,4.708749268551231,1.6295296389483207
0.6700000000000728,2413,4.709640768564515,1.6300858389566084
0.6700000000000728,2414,4.710531268577785,1.6306392389648547
0.6700000000000728,2415,4.711420768591039,1.6311898389730595
0.6700000000000728,2416,4.712309268604279,1.6317376389812224
0.6700000000000728,2417,4.713196768617504,1.6322826389893432
0.6700000000000728,2418,4.714083268630714,1.6328248389974227
0.6700000000000728,2419,4.714968768643908,1.6333642390054603
0.6700000000000728,2420,4.715853268657089,1.6339008390134566
0.6700000000000728,2421,4.716736768670254,1.6344346390214106
0.6700000000000728,2422,4.717619268683404,1.6349656390293235
0.6700000000000728,2423,4.71850076869654,1.635493839037194
0.6700000000000728,2424,4.719381268709659,1.636019239045023
0.6700000000000728,2425,4.720260768722765,1.6365418390528104
0.6700000000000728,2426,4.721139268735856,1.6370616390605561
0.6700000000000728,2427,4.722016768748932,1.6375786390682598
0.6700000000000728,2428,4.722893268761993,1.638092839075922
0.6700000000000728,2429,4.723768768775038,1.6386042390835425
0.6700000000000728,2430,4.7246432687880695,1.6391128390911214
0.6700000000000728,2431,4.725516768801086,1.6396186390986585
0.6700000000000728,2432,4.726389268814087,1.6401216391061535
0.6700000000000728,2433,4.727260768827073,1.640621839113607
0.6700000000000728,2434,4.728131268840045,1.6411192391210188
0.6700000000000728,2435,4.729000768853002,1.641613839128389
0.6700000000000728,2436,4.729869268865944,1.6421056391357174
0.6700000000000728,2437,4.73073676887887,1.6425946391430042
0.6700000000000728,2438,4.7316032688917815,1.6430808391502492
0.6700000000000728,2439,4.732468768904679,1.6435642391574523
0.6700000000000728,2440,4.733333268917561,1.6440448391646139
0.6700000000000728,2441,4.7341967689304285,1.6445226391717336
0.6700000000000728,2442,4.73505926894328,1.6449976391788117
0.6700000000000728,2443,4.735920768956118,1.645469839185848
0.6700000000000728,2444,4.73678126896894,1.6459392391928427
0.6700000000000728,2445,4.737640768981748,1.6464058391997956
0.6700000000000728,2446,4.73849926899454,1.6468696392067068
0.6700000000000728,2447,4.739356769007318,1.647330639213576
0.6700000000000728,2448,4.740213269020081,1.6477888392204036
0.6700000000000728,2449,4.741068769032829,1.6482442392271899
0.6700000000000728,2450,4.741923269045562,1.648696839233934
0.6700000000000728,2451,4.74277676905828,1.6491466392406366
0.6700000000000728,2452,4.743629269070984,1.6495936392472974
0.6700000000000728,2453,4.744480769083672,1.6500378392539163
0.6700000000000728,2454,4.745331269096345,1.650479239260494
0.6700000000000728,2455,4.746180769109003,1.6509178392670294
0.6700000000000728,2456,4.747029269121647,1.6513536392735235
0.6700000000000728,2457,4.747876769134276,1.6517866392799756
0.6700000000000728,2458,4.74872326914689,1.6522168392863863
0.6700000000000728,2459,4.749568769159488,1.652644239292755
0.6700000000000728,2460,4.750413269172073,1.6530688392990818
0.6700000000000728,2461,4.751256769184642,1.653490639305367
0.6700000000000728,2462,4.7520992691971955,1.6539096393116108
0.6700000000000728,2463,4.752940769209736,1.6543258393178126
0.6700000000000728,2464,4.75378126922226,1.6547392393239728
0.6700000000000728,2465,4.754620769234769,1.6551498393300912
0.6700000000000728,2466,4.755459269247265,1.655557639336168
0.6700000000000728,2467,4.756296769259744,1.6559626393422031
0.6700000000000728,2468,4.757133269272209,1.6563648393481962
0.6700000000000728,2469,4.757968769284659,1.6567642393541477
0.6700000000000728,2470,4.758803269297093,1.6571608393600574
0.6700000000000728,2471,4.759636769309513,1.6575546393659257
0.6700000000000728,2472,4.760469269321919,1.6579456393717518
0.6700000000000728,2473,4.761300769334309,1.6583338393775364
0.6700000000000728,2474,4.762131269346685,1.6587192393832795
0.6700000000000728,2475,4.762960769359045,1.6591018393889807
0.6700000000000728,2476,4.763789269371391,1.65948163939464
0.6700000000000728,2477,4.764616769383721,1.659858639400258
0.6700000000000728,2478,4.765443269396037,1.6602328394058339
0.6700000000000728,2479,4.766268769408338,1.660604239411368
0.6700000000000728,2480,4.767093269420624,1.6609728394168606
0.6700000000000728,2481,4.767916769432896,1.6613386394223117
0.6700000000000728,2482,4.768739269445152,1.6617016394277206
0.6700000000000728,2483,4.769560769457392,1.662061839433088
0.6700000000000728,2484,4.7703812694696195,1.6624192394384139
0.6700000000000728,2485,4.771200769481831,1.6627738394436977
0.6700000000000728,2486,4.772019269494026,1.66312563944894
0.6700000000000728,2487,4.772836769506209,1.6634746394541404
0.6700000000000728,2488,4.773653269518376,1.6638208394592993
0.6700000000000728,2489,4.774468769530528,1.6641642394644163
0.6700000000000728,2490,4.775283269542665,1.6645048394694915
0.6700000000000728,2491,4.776096769554787,1.6648426394745253
0.6700000000000728,2492,4.776909269566894,1.6651776394795172
0.6700000000000728,2493,4.777720769578987,1.6655098394844672
0.6700000000000728,2494,4.778531269591063,1.6658392394893755
0.6700000000000728,2495,4.779340769603126,1.6661658394942422
0.6700000000000728,2496,4.7801492696151735,1.6664896394990674
0.6700000000000728,2497,4.780956769627206,1.6668106395038507
0.6700000000000728,2498,4.7817632696392245,1.6671288395085924
0.6700000000000728,2499,4.782568769651227,1.667444239513292
0.6700000000000728,2500,4.783373269663215,1.66775683951795
0.6700000000000728,2501,4.784176769675189,1.6680666395225667
0.6700000000000728,2502,4.784979269687146,1.6683736395271411
0.6700000000000728,2503,4.78578076969909,1.6686778395316741
0.6700000000000728,2504,4.786581269711018,1.6689792395361653
0.6700000000000728,2505,4.786581269711018,1.6689792395361653
0.6700000000000728,2506,4.787380569722929,1.6692798395406445
0.6700000000000728,2507,4.788178469734818,1.669581639545142
0.6700000000000728,2508,4.788974969746687,1.669884639549657
0.6700000000000728,2509,4.789770069758536,1.6701888395541897
0.6700000000000728,2510,4.790563769770362,1.6704942395587405
0.6700000000000728,2511,4.791356069782169,1.6708008395633094
0.6700000000000728,2512,4.792146969793953,1.6711086395678958
0.6700000000000728,2513,4.792936469805717,1.6714176395725004
0.6700000000000728,2514,4.793724569817461,1.6717278395771225
0.6700000000000728,2515,4.794511269829184,1.6720392395817627
0.6700000000000728,2516,4.795296569840886,1.6723518395864208
0.6700000000000728,2517,4.796080469852567,1.6726656395910968
0.6700000000000728,2518,4.796862969864227,1.672980639595791
0.6700000000000728,2519,4.797644069875867,1.6732968396005026
0.6700000000000728,2520,4.798423769887485,1.673614239605232
0.6700000000000728,2521,4.799202069899082,1.67393283960998
0.6700000000000728,2522,4.799978969910659,1.6742526396147452
0.6700000000000728,2523,4.800754469922214,1.6745736396195283
0.6700000000000728,2524,4.801528569933749,1.6748958396243294
0.6700000000000728,2525,4.802301269945264,1.6752192396291485
0.6700000000000728,2526,4.803072569956757,1.6755438396339852
0.6700000000000728,2527,4.80384246996823,1.6758696396388402
0.6700000000000728,2528,4.804610969979682,1.6761966396437127
0.6700000000000728,2529,4.805378069991111,1.6765248396486034
0.6700000000000728,2530,4.806143770002522,1.6768542396535118
0.6700000000000728,2531,4.80690807001391,1.6771848396584381
0.6700000000000728,2532,4.807670970025279,1.6775166396633825
0.6700000000000728,2533,4.808432470036626,1.6778496396683444
0.6700000000000728,2534,4.809192570047953,1.6781838396733244
0.6700000000000728,2535,4.8099512700592575,1.6785192396783222
0.6700000000000728,2536,4.810708570070543,1.6788558396833377
0.6700000000000728,2537,4.811464470081806,1.6791936396883715
0.6700000000000728,2538,4.812218970093049,1.6795326396934231
0.6700000000000728,2539,4.81297207010427,1.6798728396984923
0.6700000000000728,2540,4.813723770115472,1.6802142397035797
0.6700000000000728,2541,4.814474070126653,1.6805568397086847
0.6700000000000728,2542,4.815222970137813,1.6809006397138082
0.6700000000000728,2543,4.815970470148952,1.6812456397189492
0.6700000000000728,2544,4.816716570160069,1.6815918397241079
0.6700000000000728,2545,4.817461270171165,1.6819392397292845
0.6700000000000728,2546,4.8182045701822425,1.682287839734479
0.6700000000000728,2547,4.818946470193297,1.6826376397396916
0.6700000000000728,2548,4.819686970204332,1.6829886397449219
0.6700000000000728,2549,4.820426070215345,1.6833408397501697
0.6700000000000728,2550,4.821163770226338,1.6836942397554362
0.6700000000000728,2551,4.82190007023731,1.68404883976072
0.6700000000000728,2552,4.82263497024826,1.6844046397660217
0.6700000000000728,2553,4.82336847025919,1.6847616397713416
0.6700000000000728,2554,4.824100570270099,1.685119839776679
0.6700000000000728,2555,4.8248312702809875,1.6854792397820346
0.6700000000000728,2556,4.825560570291855,1.6858398397874077
0.6700000000000728,2557,4.8262884703027025,1.6862016397927992
0.6700000000000728,2558,4.827014970313527,1.6865646397982081
0.6700000000000728,2559,4.8277400703243325,1.6869288398036353
0.6700000000000728,2560,4.828463770335117,1.6872942398090802
0.6700000000000728,2561,4.829186070345878,1.6876608398145427
0.6700000000000728,2562,4.829906970356621,1.6880286398200235
0.6700000000000728,2563,4.830626470367343,1.6883976398255223
0.6700000000000728,2564,4.831344570378043,1.6887678398310384
0.6700000000000728,2565,4.8320612703887225,1.6891392398365728
0.6700000000000728,2566,4.832776570399382,1.689511839842125
0.6700000000000728,2567,4.833490470410019,1.689885639847695
0.6700000000000728,2568,4.834202970420637,1.690260639853283
0.6700000000000728,2569,4.834914070431233,1.6906368398588887
0.6700000000000728,2570,4.835623770441808,1.6910142398645125
0.6700000000000728,2571,4.836332070452363,1.6913928398701539
0.6700000000000728,2572,4.8370389704628955,1.6917726398758135
0.6700000000000728,2573,4.8377444704734085,1.6921536398814907
0.6700000000000728,2574,4.838448570483901,1.692535839887186
0.6700000000000728,2575,4.839151270494371,1.692919239892899
0.6700000000000728,2576,4.839852570504822,1.69330383989863
0.6700000000000728,2577,4.840552470515251,1.693689639904379
0.6700000000000728,2578,4.8412509705256594,1.6940766399101457
0.6700000000000728,2579,4.841948070536048,1.6944648399159303
0.6700000000000728,2580,4.842643770546414,1.6948542399217328
0.6700000000000728,2581,4.843338070556761,1.6952448399275533
0.6700000000000728,2582,4.844030970567085,1.6956366399333915
0.6700000000000728,2583,4.8447224705773895,1.6960296399392476
0.6700000000000728,2584,4.845412570587673,1.6964238399451217
0.6700000000000728,2585,4.846101270597935,1.6968192399510134
0.6700000000000728,2586,4.846788570608177,1.6972158399569235
0.6700000000000728,2587,4.847474470618398,1.6976136399628512
0.6700000000000728,2588,4.848158970628597,1.6980126399687965
0.6700000000000728,2589,4.848842070638776,1.6984128399747602
0.6700000000000728,2590,4.849523770648934,1.6988142399807415
0.6700000000000728,2591,4.850204070659071,1.6992168399867404
0.6700000000000728,2592,4.850882970669188,1.6996206399927576
0.6700000000000728,2593,4.851560470679284,1.7000256399987932
0.6700000000000728,2594,4.852236570689358,1.700431840004846
0.6700000000000728,2595,4.852911270699413,1.7008392400109162
0.6700000000000728,2596,4.853584570709446,1.7012478400170052
0.6700000000000728,2597,4.8542564707194575,1.7016576400231118
0.6700000000000728,2598,4.854926970729449,1.702068640029236
0.6700000000000728,2599,4.855596070739418,1.7024808400353781
0.6700000000000728,2600,4.856263770749369,1.7028942400415386
0.6700000000000728,2601,4.856930070759298,1.7033088400477165
0.6700000000000728,2602,4.857594970769205,1.7037246400539123
0.6700000000000728,2603,4.858258470779092,1.7041416400601261
0.6700000000000728,2604,4.858920570788958,1.7045598400663577
0.6700000000000728,2605,4.859581270798804,1.7049792400726074
0.6700000000000728,2606,4.860240570808627,1.7053998400788748
0.6700000000000728,2607,4.86089847081843,1.7058216400851602
0.6700000000000728,2608,4.861554970828213,1.7062446400914633
0.6700000000000728,2609,4.862210070837975,1.7066688400977843
0.6700000000000728,2610,4.862863770847716,1.7070942401041234
0.6700000000000728,2611,4.863516070857436,1.7075208401104802
0.6700000000000728,2612,4.864166970867135,1.7079486401168547
0.6700000000000728,2613,4.864816470876813,1.7083776401232473
0.6700000000000728,2614,4.865464570886471,1.7088078401296578
0.6700000000000728,2615,4.866111270896108,1.709239240136086
0.6700000000000728,2616,4.866756570905723,1.7096718401425326
0.6700000000000728,2617,4.867400470915318,1.7101056401489965
0.6700000000000728,2618,4.868042970924892,1.7105406401554786
0.6700000000000728,2619,4.868684070934445,1.7109768401619785
0.6700000000000728,2620,4.869323770943977,1.7114142401684962
0.6700000000000728,2621,4.869962070953489,1.7118528401750317
0.6700000000000728,2622,4.87059897096298,1.7122926401815852
0.6700000000000728,2623,4.871234470972449,1.7127336401881568
0.6700000000000728,2624,4.871868570981898,1.7131758401947461
0.6700000000000728,2625,4.872501270991326,1.7136192402013533
0.6700000000000728,2626,4.873132571000733,1.7140638402079782
0.6700000000000728,2627,4.873762471010119,1.7145096402146212
0.6700000000000728,2628,4.874390971019484,1.7149566402212821
0.6700000000000728,2629,4.875018071028829,1.7154048402279607
0.6700000000000728,2630,4.8756437710381535,1.7158542402346573
0.6700000000000728,2631,4.876268071047455,1.7163048402413719
0.6700000000000728,2632,4.876890971056738,1.716756640248104
0.6700000000000728,2633,4.877512471065998,1.7172096402548542
0.6700000000000728,2634,4.878132571075238,1.7176638402616222
0.6700000000000728,2635,4.878751271084457,1.7181192402684082
0.6700000000000728,2636,4.879368571093656,1.7185758402752123
0.6700000000000728,2637,4.8799844711028335,1.719033640282034
0.6700000000000728,2638,4.880598971111991,1.7194926402888737
0.6700000000000728,2639,4.881212071121126,1.7199528402957311
0.6700000000000728,2640,4.881823771130242,1.7204142403026066
0.6700000000000728,2641,4.882434071139336,1.7208768403095
0.6700000000000728,2642,4.883042971148409,1.7213406403164113
0.6700000000000728,2643,4.883650471157462,1.7218056403233402
0.6700000000000728,2644,4.884256571166493,1.722271840330287
0.6700000000000728,2645,4.884861271175504,1.7227392403372517
0.6700000000000728,2646,4.885464571184493,1.7232078403442346
0.6700000000000728,2647,4.886066471193463,1.7236776403512353
0.6700000000000728,2648,4.886666971202411,1.7241486403582533
0.6700000000000728,2649,4.887266071211339,1.7246208403652896
0.6700000000000728,2650,4.887863771220244,1.725094240372344
0.6700000000000728,2651,4.8884600712291295,1.7255688403794158
0.6700000000000728,2652,4.889054971237995,1.7260446403865057
0.6700000000000728,2653,4.889648471246839,1.7265216403936137
0.6700000000000728,2654,4.890240571255661,1.7269998404007396
0.6700000000000728,2655,4.890831271264464,1.7274792404078831
0.6700000000000728,2656,4.891420571273245,1.7279598404150445
0.6700000000000728,2657,4.892008471282005,1.728441640422224
0.6700000000000728,2658,4.892594971290745,1.7289246404294212
0.6700000000000728,2659,4.893180071299463,1.7294088404366363
0.6700000000000728,2660,4.893763771308162,1.729894240443869
0.6700000000000728,2661,4.894346071316838,1.7303808404511203
0.6700000000000728,2662,4.894926971325494,1.730868640458389
0.6700000000000728,2663,4.895506471334129,1.7313576404656756
0.6700000000000728,2664,4.896084571342745,1.7318478404729805
0.6700000000000728,2665,4.896661271351337,1.7323392404803026
0.6700000000000728,2666,4.89723657135991,1.732831840487643
0.6700000000000728,2667,4.897810471368461,1.7333256404950015
0.6700000000000728,2668,4.898382971376992,1.7338206405023773
0.6700000000000728,2669,4.898954071385502,1.7343168405097713
0.6700000000000728,2670,4.8995237713939925,1.7348142405171834
0.6700000000000728,2671,4.900092071402461,1.735312840524613
0.6700000000000728,2672,4.900658971410907,1.7358126405320604
0.6700000000000728,2673,4.901224471419334,1.7363136405395259
0.6700000000000728,2674,4.9017885714277405,1.7368158405470093
0.6700000000000728,2675,4.902351271436125,1.7373192405545104
0.6700000000000728,2676,4.902912571444489,1.7378238405620297
0.6700000000000728,2677,4.903472471452832,1.7383296405695667
0.6700000000000728,2678,4.904030971461154,1.7388366405771216
0.6700000000000728,2679,4.904588071469456,1.7393448405846943
0.6700000000000728,2680,4.905143771477737,1.7398542405922848
0.6700000000000728,2681,4.905698071485996,1.7403648405998937
0.6700000000000728,2682,4.906250971494235,1.74087664060752
0.6700000000000728,2683,4.906802471502454,1.7413896406151643
0.6700000000000728,2684,4.907352571510651,1.7419038406228267
0.6700000000000728,2685,4.907901271518828,1.7424192406305066
0.6700000000000728,2686,4.908448571526982,1.7429358406382045
0.6700000000000728,2687,4.908994471535117,1.7434536406459205
0.6700000000000728,2688,4.90953897154323,1.743972640653654
0.6700000000000728,2689,4.910082071551323,1.7444928406614055
0.6700000000000728,2690,4.910623771559395,1.745014240669175
0.6700000000000728,2691,4.911164071567446,1.7455368406769622
0.6700000000000728,2692,4.911702971575477,1.7460606406847676
0.6700000000000728,2693,4.912240471583487,1.7465856406925908
0.6700000000000728,2694,4.912776571591475,1.7471118407004318
0.6700000000000728,2695,4.913311271599442,1.7476392407082908
0.6700000000000728,2696,4.913844571607389,1.7481678407161674
0.6700000000000728,2697,4.914376471615315,1.7486976407240622
0.6700000000000728,2698,4.91490697162322,1.7492286407319746
0.6700000000000728,2699,4.915436071631104,1.7497608407399048
0.6700000000000728,2700,4.9159637716389675,1.7502942407478532
0.6700000000000728,2701,4.91649007164681,1.7508288407558195
0.6700000000000728,2702,4.9170149716546305,1.7513646407638035
0.6700000000000728,2703,4.917538471662432,1.7519016407718055
0.6700000000000728,2704,4.918060571670212,1.7524398407798252
0.6700000000000728,2705,4.918581271677971,1.7529792407878628
0.6700000000000728,2706,4.919100571685709,1.7535198407959185
0.6700000000000728,2707,4.919618471693426,1.754061640803992
0.6700000000000728,2708,4.920134971701123,1.7546046408120834
0.6700000000000728,2709,4.920650071708799,1.7551488408201923
0.6700000000000728,2710,4.921163771716454,1.7556942408283194
0.6700000000000728,2711,4.921676071724087,1.7562408408364645
0.6700000000000728,2712,4.9221869717317,1.7567886408446274
0.6700000000000728,2713,4.922696471739292,1.757337640852808
0.6700000000000728,2714,4.923204571746864,1.7578878408610068
0.6700000000000728,2715,4.9237112717544145,1.7584392408692235
0.6700000000000728,2716,4.924216571761945,1.7589918408774579
0.6700000000000728,2717,4.9247204717694535,1.75954564088571
0.6700000000000728,2718,4.9252229717769405,1.7601006408939803
0.6700000000000728,2719,4.925724071784408,1.760656840902268
0.6700000000000728,2720,4.926223771791854,1.761214240910574
0.6700000000000728,2721,4.926722071799279,1.761772840918898
0.6700000000000728,2722,4.927218971806684,1.7623326409272395
0.6700000000000728,2723,4.927714471814067,1.762893640935599
0.6700000000000728,2724,4.928208571821429,1.7634558409439767
0.6700000000000728,2725,4.928701271828771,1.7640192409523718
0.6700000000000728,2726,4.929192571836092,1.7645838409607852
0.6700000000000728,2727,4.9296824718433925,1.7651496409692162
0.6700000000000728,2728,4.930170971850671,1.765716640977665
0.6700000000000728,2729,4.93065807185793,1.766284840986132
0.6700000000000728,2730,4.931143771865168,1.7668542409946166
0.6700000000000728,2731,4.931628071872384,1.7674248410031193
0.6700000000000728,2732,4.932110971879579,1.76799664101164
0.6700000000000728,2733,4.932592471886755,1.768569641020178
0.6700000000000728,2734,4.933072571893909,1.7691438410287343
0.6700000000000728,2735,4.933551271901043,1.7697192410373086
0.6700000000000728,2736,4.934028571908154,1.7702958410459007
0.6700000000000728,2737,4.934504471915246,1.7708736410545105
0.6700000000000728,2738,4.934978971922317,1.7714526410631382
0.6700000000000728,2739,4.935452071929367,1.772032841071784
0.6700000000000728,2740,4.9359237719363955,1.7726142410804473
0.6700000000000728,2741,4.936394071943403,1.773196841089129
0.6700000000000728,2742,4.93686297195039,1.773780641097828
0.6700000000000728,2743,4.937330471957357,1.7743656411065454
0.6700000000000728,2744,4.937796571964302,1.7749518411152803
0.6700000000000728,2745,4.938261271971227,1.775539241124033
0.6700000000000728,2746,4.93872457197813,1.7761278411328039
0.6700000000000728,2747,4.939186471985012,1.7767176411415926
0.6700000000000728,2748,4.939646971991874,1.777308641150399
0.6700000000000728,2749,4.9401060719987155,1.7779008411592236
0.6700000000000728,2750,4.940563772005536,1.778494241168066
0.6700000000000728,2751,4.941020072012336,1.7790888411769261
0.6700000000000728,2752,4.941474972019114,1.7796846411858043
0.6700000000000728,2753,4.941928472025872,1.7802816411947004
0.6700000000000728,2754,4.942380572032608,1.780879841203614
0.6700000000000728,2755,4.942831272039324,1.781479241212546
0.6700000000000728,2756,4.943280572046019,1.7820798412214955
0.6700000000000728,2757,4.943728472052694,1.7826816412304631
0.6700000000000728,2758,4.944174972059347,1.7832846412394483
0.6700000000000728,2759,4.944620072065979,1.7838888412484517
0.6700000000000728,2760,4.945063772072591,1.7844942412574727
0.6700000000000728,2761,4.945506072079182,1.785100841266512
0.6700000000000728,2762,4.945946972085752,1.7857086412755687
0.6700000000000728,2763,4.946386472092301,1.7863176412846438
0.6700000000000728,2764,4.946824572098829,1.7869278412937364
0.6700000000000728,2765,4.947261272105337,1.787539241302847
0.6700000000000728,2766,4.9476965721118225,1.7881518413119755
0.6700000000000728,2767,4.948130472118288,1.788765641321122
0.6700000000000728,2768,4.9485629721247335,1.7893806413302857
0.6700000000000728,2769,4.948994072131158,1.7899968413394682
0.6700000000000728,2770,4.9494237721375605,1.790614241348668
0.6700000000000728,2771,4.949852072143942,1.791232841357886
0.6700000000000728,2772,4.950278972150304,1.7918526413671216
0.6700000000000728,2773,4.950704472156644,1.7924736413763753
0.6700000000000728,2774,4.951128572162964,1.793095841385647
0.6700000000000728,2775,4.9515512721692625,1.7937192413949363
0.6700000000000728,2776,4.95197257217554,1.7943438414042432
0.6700000000000728,2777,4.952392472181797,1.7949696414135685
0.6700000000000728,2778,4.952810972188034,1.7955966414229116
0.6700000000000728,2779,4.953228072194249,1.7962248414322728
0.6700000000000728,2780,4.953643772200444,1.7968542414416513
0.6700000000000728,2781,4.9540580722066165,1.797484841451048
0.6700000000000728,2782,4.9544709722127696,1.7981166414604628
0.6700000000000728,2783,4.954882472218902,1.7987496414698951
0.6700000000000728,2784,4.955292572225012,1.7993838414793455
0.6700000000000728,2785,4.955701272231103,1.8000192414888136
0.6700000000000728,2786,4.956108572237172,1.8006558414982996
0.6700000000000728,2787,4.95651447224322,1.8012936415078034
0.6700000000000728,2788,4.956918972249248,1.8019326415173254
0.6700000000000728,2789,4.957322072255255,1.8025728415268651
0.6700000000000728,2790,4.9577237722612395,1.8032142415364227
0.6700000000000728,2791,4.958124072267204,1.8038568415459981
0.6700000000000728,2792,4.958522972273149,1.8045006415555918
0.6700000000000728,2793,4.958920472279072,1.8051456415652027
0.6700000000000728,2794,4.959316572284974,1.8057918415748317
0.6700000000000728,2795,4.959711272290856,1.806439241584479
0.6700000000000728,2796,4.960104572296717,1.807087841594144
0.6700000000000728,2797,4.960496472302556,1.8077376416038264
0.6700000000000728,2798,4.9608869723083755,1.808388641613527
0.6700000000000728,2799,4.961276072314173,1.8090408416232457
0.6700000000000728,2800,4.961663772319951,1.8096942416329822
0.6700000000000728,2801,4.962050072325707,1.8103488416427365
0.6700000000000728,2802,4.962434972331443,1.811004641652509
0.6700000000000728,2803,4.9628184723371565,1.8116616416622988
0.6700000000000728,2804,4.963200572342851,1.8123198416721067
0.6700000000000728,2805,4.963581272348524,1.8129792416819324
0.6700000000000728,2806,4.963960572354175,1.813639841691776
0.6700000000000728,2807,4.964338472359806,1.8143016417016378
0.6700000000000728,2808,4.964714972365417,1.814964641711517
0.6700000000000728,2809,4.965090072371007,1.8156288417214148
0.6700000000000728,2810,4.965463772376575,1.8162942417313297
0.6700000000000728,2811,4.965836072382123,1.8169608417412628
0.6700000000000728,2812,4.966206972387649,1.817628641751214
0.6700000000000728,2813,4.966576472393156,1.8182976417611831
0.6700000000000728,2814,4.96694457239864,1.8189678417711694
0.6700000000000728,2815,4.967311272404105,1.8196392417811742
0.6700000000000728,2816,4.967676572409548,1.8203118417911968
0.6700000000000728,2817,4.9680404724149705,1.8209856418012373
0.6700000000000728,2818,4.968402972420372,1.8216606418112955
0.6700000000000728,2819,4.968764072425753,1.8223368418213717
0.6700000000000728,2820,4.969123772431113,1.8230142418314657
0.6700000000000728,2821,4.969482072436453,1.8236928418415776
0.6700000000000728,2822,4.969838972441771,1.8243726418517074
0.6700000000000728,2823,4.9701944724470675,1.825053641861855
0.6700000000000728,2824,4.970548572452344,1.8257358418720206
0.6700000000000728,2825,4.9709012724576,1.826419241882204
0.6700000000000728,2826,4.971252572462834,1.8271038418924055
0.6700000000000728,2827,4.971602472468049,1.827789641902625
0.6700000000000728,2828,4.971950972473241,1.8284766419128617
0.6700000000000728,2829,4.972298072478414,1.8291648419231166
0.6700000000000728,2830,4.972643772483565,1.8298542419333896
0.6700000000000728,2831,4.972988072488695,1.8305448419436803
0.6700000000000728,2832,4.973330972493805,1.8312366419539892
0.6700000000000728,2833,4.973672472498894,1.8319296419643156
0.6700000000000728,2834,4.974012572503962,1.8326238419746599
0.6700000000000728,2835,4.9743512725090095,1.8333192419850222
0.6700000000000728,2836,4.974688572514035,1.8340158419954022
0.6700000000000728,2837,4.97502447251904,1.8347136420058006
0.6700000000000728,2838,4.975358972524025,1.8354126420162165
0.6700000000000728,2839,4.9756920725289895,1.8361128420266501
0.6700000000000728,2840,4.976023772533932,1.8368142420371019
0.6700000000000728,2841,4.976354072538853,1.8375168420475712
0.6700000000000728,2842,4.976682972543754,1.8382206420580587
0.6700000000000728,2843,4.977010472548635,1.8389256420685642
0.6700000000000728,2844,4.977336572553494,1.8396318420790871
0.6700000000000728,2845,4.977661272558332,1.8403392420896285
0.6700000000000728,2846,4.97798457256315,1.8410478421001875
0.6700000000000728,2847,4.978306472567946,1.841757642110764
0.6700000000000728,2848,4.978626972572722,1.842468642121359
0.6700000000000728,2849,4.978946072577477,1.8431808421319715
0.6700000000000728,2850,4.979263772582211,1.843894242142602
0.6700000000000728,2851,4.9795800725869235,1.8446088421532503
0.6700000000000728,2852,4.979894972591616,1.8453246421639165
0.6700000000000728,2853,4.980208472596288,1.8460416421746006
0.6700000000000728,2854,4.9805205726009385,1.8467598421853029
0.6700000000000728,2855,4.980831272605569,1.8474792421960227
0.6700000000000728,2856,4.981140572610177,1.8481998422067605
0.6700000000000728,2857,4.981448472614765,1.8489216422175159
0.6700000000000728,2858,4.981754972619333,1.8496446422282897
0.6700000000000728,2859,4.982060072623879,1.850368842239081
0.6700000000000728,2860,4.982363772628405,1.8510942422498906
0.6700000000000728,2861,4.9826660726329095,1.8518208422607176
0.6700000000000728,2862,4.982966972637392,1.8525486422715625
0.6700000000000728,2863,4.983266472641857,1.8532776422824258
0.6700000000000728,2864,4.983564572646298,1.8540078422933064
0.6700000000000728,2865,4.983861272650719,1.854739242304205
0.6700000000000728,2866,4.984156572655119,1.8554718423151217
0.6700000000000728,2867,4.984450472659498,1.856205642326056
0.6700000000000728,2868,4.984742972663858,1.8569406423370085
0.6700000000000728,2869,4.985034072668196,1.8576768423479788
0.6700000000000728,2870,4.985323772672512,1.858414242358967
0.6700000000000728,2871,4.985612072676808,1.8591528423699728
0.6700000000000728,2872,4.985898972681083,1.8598926423809967
0.6700000000000728,2873,4.986184472685338,1.8606336423920384
0.6700000000000728,2874,4.986468572689571,1.8613758424030982
0.6700000000000728,2875,4.986751272693784,1.8621192424141757
0.6700000000000728,2876,4.9870325726979745,1.8628638424252708
0.6700000000000728,2877,4.987312472702146,1.8636096424363844
0.6700000000000728,2878,4.987590972706296,1.8643566424475155
0.6700000000000728,2879,4.987868072710425,1.8651048424586645
0.6700000000000728,2880,4.988143772714533,1.8658542424698314
0.6700000000000728,2881,4.988418072718621,1.8666048424810162
0.6700000000000728,2882,4.988690972722687,1.867356642492219
0.6700000000000728,2883,4.988962472726733,1.8681096425034398
0.6700000000000728,2884,4.989232572730757,1.868863842514678
0.6700000000000728,2885,4.989501272734762,1.8696192425259344
0.6700000000000728,2886,4.989768572738745,1.8703758425372086
0.6700000000000728,2887,4.990034472742707,1.8711336425485006
0.6700000000000728,2888,4.990298972746649,1.8718926425598106
0.6700000000000728,2889,4.990562072750569,1.8726528425711386
0.6700000000000728,2890,4.990823772754468,1.8734142425824842
0.6700000000000728,2891,4.991084072758348,1.8741768425938479
0.6700000000000728,2892,4.991342972762205,1.8749406426052293
0.6700000000000728,2893,4.991600472766042,1.8757056426166288
0.6700000000000728,2894,4.9918565727698585,1.876471842628046
0.6700000000000728,2895,4.992111272773654,1.8772392426394813
0.6700000000000728,2896,4.9923645727774275,1.8780078426509343
0.6700000000000728,2897,4.992616472781182,1.8787776426624054
0.6700000000000728,2898,4.992866972784914,1.8795486426738939
0.6700000000000728,2899,4.993116072788626,1.8803208426854008
0.6700000000000728,2900,4.993363772792318,1.8810942426969253
0.6700000000000728,2901,4.993610072795987,1.8818688427084675
0.6700000000000728,2902,4.993854972799637,1.882644642720028
0.6700000000000728,2903,4.994098472803265,1.8834216427316062
0.6700000000000728,2904,4.994340572806872,1.884199842743202
0.6700000000000728,2905,4.99458127281046,1.8849792427548162
0.6700000000000728,2906,4.994820572814025,1.8857598427664484
0.6700000000000728,2907,4.99505847281757,1.8865416427780977
0.6700000000000728,2908,4.995294972821094,1.8873246427897654
0.6700000000000728,2909,4.9955300728245975,1.888108842801451
0.6700000000000728,2910,4.99576377282808,1.888894242813154
0.6700000000000728,2911,4.995996072831542,1.8896808428248755
0.6700000000000728,2912,4.996226972834982,1.8904686428366144
0.6700000000000728,2913,4.996456472838402,1.8912576428483716
0.6700000000000728,2914,4.996684572841801,1.8920478428601464
0.6700000000000728,2915,4.996911272845179,1.8928392428719394
0.6700000000000728,2916,4.997136572848536,1.8936318428837497
0.6700000000000728,2917,4.997360472851873,1.8944256428955786
0.6700000000000728,2918,4.997582972855189,1.8952206429074248
0.6700000000000728,2919,4.997804072858483,1.896016842919289
0.6700000000000728,2920,4.998023772861757,1.8968142429311712
0.6700000000000728,2921,4.99824207286501,1.8976128429430714
0.6700000000000728,2922,4.998458972868241,1.8984126429549895
0.6700000000000728,2923,4.998674472871453,1.8992136429669255
0.6700000000000728,2924,4.998888572874644,1.900015842978879
0.6700000000000728,2925,4.999101272877812,1.9008192429908504
0.6700000000000728,2926,4.999312572880961,1.9016238430028398
0.6700000000000728,2927,4.999522472884089,1.9024296430148475
0.6700000000000728,2928,4.999730972887195,1.9032366430268723
0.6700000000000728,2929,4.999938072890282,1.9040448430389159
0.6700000000000728,2930,5.000143772893347,1.9048542430509765
0.6700000000000728,2931,5.000348072896392,1.9056648430630556
0.6700000000000728,2932,5.000550972899415,1.9064766430751523
0.6700000000000728,2933,5.000752472902417,1.9072896430872668
0.6700000000000728,2934,5.000952572905399,1.9081038430993993
0.6700000000000728,2935,5.00115127290836,1.9089192431115498
0.6700000000000728,2936,5.0013485729113,1.909735843123718
0.6700000000000728,2937,5.001544472914219,1.9105536431359043
0.6700000000000728,2938,5.001738972917117,1.9113726431481084
0.6700000000000728,2939,5.001932072919995,1.9121928431603306
0.6700000000000728,2940,5.002123772922851,1.9130142431725703
0.6700000000000728,2941,5.002314072925687,1.9138368431848278
0.6700000000000728,2942,5.002502972928502,1.9146606431971034
0.6700000000000728,2943,5.002690472931295,1.9154856432093967
0.6700000000000728,2944,5.002876572934069,1.9163118432217083
0.6700000000000728,2945,5.003061272936821,1.9171392432340373
0.6700000000000728,2946,5.003244572939553,1.9179678432463847
0.6700000000000728,2947,5.003426472942263,1.9187976432587497
0.6700000000000728,2948,5.003606972944953,1.9196286432711325
0.6700000000000728,2949,5.003786072947622,1.9204608432835333
0.6700000000000728,2950,5.00396377295027,1.9212942432959519
0.6700000000000728,2951,5.004140072952897,1.9221288433083883
0.6700000000000728,2952,5.004314972955503,1.9229646433208427
0.6700000000000728,2953,5.004488472958088,1.9238016433333152
0.6700000000000728,2954,5.004660572960653,1.9246398433458052
0.6700000000000728,2955,5.004831272963196,1.9254792433583132
0.6700000000000728,2956,5.005000572965718,1.926319843370839
0.6700000000000728,2957,5.00516847296822,1.927161643383383
0.6700000000000728,2958,5.005334972970702,1.9280046433959446
0.6700000000000728,2959,5.005500072973162,1.9288488434085242
0.6700000000000728,2960,5.005663772975601,1.9296942434211215
0.6700000000000728,2961,5.005826072978021,1.930540843433737
0.6700000000000728,2962,5.005986972980418,1.93138864344637
0.6700000000000728,2963,5.006146472982794,1.9322376434590212
0.6700000000000728,2964,5.00630457298515,1.93308784347169
0.6700000000000728,2965,5.006461272987486,1.933939243484377
0.6700000000000728,2966,5.006616572989799,1.9347918434970817
0.6700000000000728,2967,5.006770472992093,1.9356456435098044
0.6700000000000728,2968,5.006922972994365,1.936500643522545
0.6700000000000728,2969,5.007074072996616,1.9373568435353032
0.6700000000000728,2970,5.007223772998848,1.9382142435480794
0.6700000000000728,2971,5.007372073001057,1.9390728435608735
0.6700000000000728,2972,5.007518973003247,1.9399326435736857
0.6700000000000728,2973,5.0076644730054145,1.9407936435865154
0.6700000000000728,2974,5.007808573007561,1.9416558435993634
0.6700000000000728,2975,5.007951273009688,1.9425192436122292
0.6700000000000728,2976,5.008092573011794,1.9433838436251125
0.6700000000000728,2977,5.008232473013878,1.9442496436380141
0.6700000000000728,2978,5.008370973015942,1.9451166436509333
0.6700000000000728,2979,5.008508073017985,1.9459848436638705
0.6700000000000728,2980,5.008643773020007,1.9468542436768255
0.6700000000000728,2981,5.0087780730220075,1.9477248436897985
0.6700000000000728,2982,5.008910973023989,1.9485966437027893
0.6700000000000728,2983,5.009042473025948,1.9494696437157981
0.6700000000000728,2984,5.009172573027887,1.9503438437288247
0.6700000000000728,2985,5.009301273029805,1.951219243741869
0.6700000000000728,2986,5.009428573031701,1.9520958437549314
0.6700000000000728,2987,5.009554473033577,1.9529736437680116
0.6700000000000728,2988,5.009678973035433,1.9538526437811097
0.6700000000000728,2989,5.009802073037267,1.954732843794226
0.6700000000000728,2990,5.00992377303908,1.9556142438073596
0.6700000000000728,2991,5.0100440730408735,1.9564968438205115
0.6700000000000728,2992,5.010162973042645,1.9573806438336812
0.6700000000000728,2993,5.010280473044396,1.9582656438468686
0.6700000000000728,2994,5.010396573046126,1.9591518438600741
0.6700000000000728,2995,5.010511273047834,1.9600392438732972
0.6700000000000728,2996,5.010624573049523,1.9609278438865383
0.6700000000000728,2997,5.010736473051191,1.9618176438997974
0.6700000000000728,2998,5.010846973052837,1.9627086439130743
0.6700000000000728,2999,5.010956073054463,1.9636008439263692
0.6700000000000728,3000,5.011063773056068,1.964494243939682
0.6700000000000728,3001,5.011170073057651,1.9653888439530125
0.6700000000000728,3002,5.011274973059215,1.966284643966361
0.6700000000000728,3003,5.011378473060757,1.9671816439797274
0.6700000000000728,3004,5.011480573062279,1.9680798439931118
0.6700000000000728,3005,5.011581273063779,1.9689792440065137
0.6700000000000728,3006,5.011581273063779,1.9689792440065137
0.6700000000000728,3007,5.011683073065296,1.9698797440199323
0.6700000000000728,3008,5.011788473066868,1.9707812440333656
0.6700000000000728,3009,5.01189747306849,1.971683744046814
0.6700000000000728,3010,5.012010073070168,1.9725872440602772
0.6700000000000728,3011,5.0121262730719005,1.973491744073755
0.6700000000000728,3012,5.012246073073686,1.9743972440872481
0.6700000000000728,3013,5.012369473075523,1.975303744100756
0.6700000000000728,3014,5.012496473077416,1.9762112441142787
0.6700000000000728,3015,5.012627073079362,1.9771197441278163
0.6700000000000728,3016,5.012761273081362,1.978029244141369
0.6700000000000728,3017,5.012899073083417,1.9789397441549366
0.6700000000000728,3018,5.013040473085523,1.9798512441685192
0.6700000000000728,3019,5.013185473087684,1.9807637441821164
0.6700000000000728,3020,5.013334073089898,1.9816772441957287
0.6700000000000728,3021,5.013486273092166,1.9825917442093555
0.6700000000000728,3022,5.013642073094488,1.9835072442229977
0.6700000000000728,3023,5.013801473096862,1.9844237442366546
0.6700000000000728,3024,5.013964473099291,1.9853412442503264
0.6700000000000728,3025,5.014131073101773,1.986259744264013
0.6700000000000728,3026,5.01430127310431,1.9871792442777148
0.6700000000000728,3027,5.0144750731069,1.9880997442914312
0.6700000000000728,3028,5.014652473109543,1.9890212443051627
0.6700000000000728,3029,5.014833473112241,1.989943744318909
0.6700000000000728,3030,5.015018073114991,1.99086724433267
0.6700000000000728,3031,5.015206273117796,1.9917917443464463
0.6700000000000728,3032,5.015398073120654,1.9927172443602372
0.6700000000000728,3033,5.015593473123565,1.9936437443740431
0.6700000000000728,3034,5.015792473126531,1.9945712443878643
0.6700000000000728,3035,5.01599507312955,1.9954997444016997
0.6700000000000728,3036,5.016201273132622,1.9964292444155505
0.6700000000000728,3037,5.016411073135748,1.997359744429416
0.6700000000000728,3038,5.016624473138927,1.9982912444432963
0.6700000000000728,3039,5.016841473142161,1.9992237444571919
0.6700000000000728,3040,5.017062073145449,2.0001572444711018
0.6700000000000728,3041,5.01728627314879,2.0010917444850267
0.6700000000000728,3042,5.017514073152184,2.002027244498967
0.6700000000000728,3043,5.017745473155634,2.0029637445129223
0.6700000000000728,3044,5.0179804731591355,2.003901244526892
0.6700000000000728,3045,5.01821907316269,2.004839744540877
0.6700000000000728,3046,5.0184612731663,2.0057792445548768
0.6700000000000728,3047,5.018707073169963,2.006719744568891
0.6700000000000728,3048,5.018956473173678,2.0076612445829207
0.6700000000000728,3049,5.019209473177448,2.008603744596965
0.6700000000000728,3050,5.019466073181272,2.009547244611024
0.6700000000000728,3051,5.0197262731851495,2.010491744625098
0.6700000000000728,3052,5.0199900731890805,2.0114372446391875
0.6700000000000728,3053,5.020257473193065,2.0123837446532913
0.6700000000000728,3054,5.0205284731971025,2.0133312446674103
0.6700000000000728,3055,5.020803073201194,2.0142797446815437
0.6700000000000728,3056,5.021081273205341,2.0152292446956928
0.6700000000000728,3057,5.021363073209541,2.016179744709856
0.6700000000000728,3058,5.0216484732137925,2.017131244724035
0.6700000000000728,3059,5.021937473218099,2.018083744738228
0.6700000000000728,3060,5.02223007322246,2.019037244752436
0.6700000000000728,3061,5.022526273226872,2.019991744766659
0.6700000000000728,3062,5.02282607323134,2.0209472447808974
0.6700000000000728,3063,5.023129473235862,2.0219037447951504
0.6700000000000728,3064,5.0234364732404355,2.0228612448094183
0.6700000000000728,3065,5.023747073245064,2.023819744823701
0.6700000000000728,3066,5.024061273249746,2.0247792448379984
0.6700000000000728,3067,5.024379073254481,2.025739744852311
0.6700000000000728,3068,5.02470047325927,2.0267012448666386
0.6700000000000728,3069,5.0250254732641135,2.027663744880981
0.6700000000000728,3070,5.02535407326901,2.028627244895338
0.6700000000000728,3071,5.02568627327396,2.0295917449097103
0.6700000000000728,3072,5.026022073278964,2.030557244924098
0.6700000000000728,3073,5.0263614732840205,2.0315237449384993
0.6700000000000728,3074,5.026704473289132,2.032491244952916
0.6700000000000728,3075,5.027051073294297,2.033459744967348
0.6700000000000728,3076,5.027401273299516,2.0344292449817942
0.6700000000000728,3077,5.027755073304787,2.035399744996256
0.6700000000000728,3078,5.028112473310113,2.0363712450107325
0.6700000000000728,3079,5.0284734733154925,2.0373437450252236
0.6700000000000728,3080,5.028838073320925,2.0383172450397304
0.6700000000000728,3081,5.029206273326412,2.0392917450542516
0.6700000000000728,3082,5.029578073331952,2.0402672450687875
0.6700000000000728,3083,5.029953473337546,2.0412437450833383
0.6700000000000728,3084,5.0303324733431936,2.0422212450979047
0.6700000000000728,3085,5.030715073348894,2.043199745112485
0.6700000000000728,3086,5.03110127335465,2.0441792451270806
0.6700000000000728,3087,5.031491073360458,2.0451597451416914
0.6700000000000728,3088,5.03188447336632,2.046141245156317
0.6700000000000728,3089,5.032281473372236,2.0471237451709574
0.6700000000000728,3090,5.032682073378205,2.0481072451856126
0.6700000000000728,3091,5.033086273384229,2.049091745200283
0.6700000000000728,3092,5.0334940733903055,2.050077245214968
0.6700000000000728,3093,5.033905473396435,2.051063745229668
0.6700000000000728,3094,5.03432047340262,2.052051245244383
0.6700000000000728,3095,5.034739073408858,2.0530397452591127
0.6700000000000728,3096,5.035161273415149,2.0540292452738576
0.6700000000000728,3097,5.035587073421494,2.055019745288617
0.6700000000000728,3098,5.036016473427892,2.0560112453033916
0.6700000000000728,3099,5.036449473434345,2.0570037453181813
0.6700000000000728,3100,5.036886073440851,2.0579972453329853
0.6700000000000728,3101,5.037326273447411,2.058991745347805
0.6700000000000728,3102,5.037770073454023,2.059987245362639
0.6700000000000728,3103,5.03821747346069,2.060983745377488
0.6700000000000728,3104,5.0386684734674105,2.0619812453923516
0.6700000000000728,3105,5.039123073474186,2.062979745407231
0.6700000000000728,3106,5.039581273481013,2.0639792454221246
0.6700000000000728,3107,5.040043073487893,2.064979745437033
0.6700000000000728,3108,5.040508473494828,2.0659812454519564
0.6700000000000728,3109,5.040977473501817,2.066983745466895
0.6700000000000728,3110,5.041450073508859,2.067987245481848
0.6700000000000728,3111,5.041926273515955,2.0689917454968163
0.6700000000000728,3112,5.042406073523105,2.0699972455117996
0.6700000000000728,3113,5.042889473530307,2.0710037455267973
0.6700000000000728,3114,5.043376473537565,2.0720112455418103
0.6700000000000728,3115,5.043867073544876,2.073019745556838
0.6700000000000728,3116,5.04436127355224,2.0740292455718805
0.6700000000000728,3117,5.044859073559657,2.0750397455869383
0.6700000000000728,3118,5.045360473567129,2.076051245602011
0.6700000000000728,3119,5.045865473574654,2.0770637456170986
0.6700000000000728,3120,5.046374073582232,2.0780772456322008
0.6700000000000728,3121,5.046886273589865,2.0790917456473177
0.6700000000000728,3122,5.047402073597551,2.08010724566245
0.6700000000000728,3123,5.047921473605291,2.081123745677597
0.6700000000000728,3124,5.048444473613084,2.082141245692759
0.6700000000000728,3125,5.0489710736209314,2.083159745707936
0.6700000000000728,3126,5.049501273628831,2.0841792457231274
0.6700000000000728,3127,5.050035073636785,2.085199745738334
0.6700000000000728,3128,5.0505724736447934,2.086221245753556
0.6700000000000728,3129,5.051113473652855,2.087243745768792
0.6700000000000728,3130,5.0516580736609695,2.0882672457840434
0.6700000000000728,3131,5.05220627366914,2.0892917457993097
0.6700000000000728,3132,5.052758073677362,2.0903172458145907
0.6700000000000728,3133,5.053313473685638,2.091343745829887
0.6700000000000728,3134,5.053872473693967,2.0923712458451975
0.6700000000000728,3135,5.054435073702351,2.0933997458605234
0.6700000000000728,3136,5.055001273710788,2.0944292458758644
0.6700000000000728,3137,5.055571073719278,2.09545974589122
0.6700000000000728,3138,5.056144473727823,2.0964912459065905
0.6700000000000728,3139,5.056721473736421,2.097523745921976
0.6700000000000728,3140,5.057302073745072,2.0985572459373767
0.6700000000000728,3141,5.057886273753777,2.0995917459527917
0.6700000000000728,3142,5.058474073762537,2.100627245968222
0.6700000000000728,3143,5.05906547377135,2.1016637459836667
0.6700000000000728,3144,5.059660473780215,2.1027012459991266
0.6700000000000728,3145,5.060259073789135,2.1037397460146017
0.6700000000000728,3146,5.060861273798109,2.104779246030091
0.6700000000000728,3147,5.061467073807136,2.105819746045596
0.6700000000000728,3148,5.062076473816217,2.106861246061116
0.6700000000000728,3149,5.06268947382535,2.10790374607665
0.6700000000000728,3150,5.063306073834539,2.1089472460921996
0.6700000000000728,3151,5.063926273843781,2.1099917461077635
0.6700000000000728,3152,5.064550073853074,2.1110372461233426
0.6700000000000728,3153,5.065177473862423,2.1120837461389366
0.6700000000000728,3154,5.065808473871827,2.1131312461545457
0.6700000000000728,3155,5.066443073881283,2.1141797461701692
0.6700000000000728,3156,5.067081273890793,2.1152292461858084
0.6700000000000728,3157,5.067723073900356,2.116279746201462
0.6700000000000728,3158,5.068368473909974,2.1173312462171303
0.6700000000000728,3159,5.069017473919644,2.118383746232814
0.6700000000000728,3160,5.06967007392937,2.1194372462485127
0.6700000000000728,3161,5.0703262739391475,2.1204917462642254
0.6700000000000728,3162,5.070986073948979,2.121547246279954
0.6700000000000728,3163,5.071649473958864,2.122603746295697
0.6700000000000728,3164,5.0723164739688045,2.123661246311455
0.6700000000000728,3165,5.072987073978797,2.124719746327228
0.6700000000000728,3166,5.073661273988843,2.125779246343016
0.6700000000000728,3167,5.074339073998943,2.1268397463588182
0.6700000000000728,3168,5.075020474009096,2.127901246374636
0.6700000000000728,3169,5.075705474019303,2.1289637463904683
0.6700000000000728,3170,5.076394074029564,2.130027246406316
0.6700000000000728,3171,5.077086274039878,2.131091746422178
0.6700000000000728,3172,5.077782074050248,2.132157246438055
0.6700000000000728,3173,5.07848147406067,2.133223746453947
0.6700000000000728,3174,5.079184474071145,2.134291246469854
0.6700000000000728,3175,5.079891074081674,2.135359746485776
0.6700000000000728,3176,5.080601274092257,2.136429246501713
0.6700000000000728,3177,5.081315074102893,2.1374997465176646
0.6700000000000728,3178,5.082032474113583,2.1385712465336315
0.6700000000000728,3179,5.082753474124327,2.1396437465496128
0.6700000000000728,3180,5.083478074135125,2.1407172465656092
0.6700000000000728,3181,5.084206274145976,2.1417917465816205
0.6700000000000728,3182,5.08493807415688,2.1428672465976466
0.6700000000000728,3183,5.085673474167839,2.143943746613688
0.6700000000000728,3184,5.086412474178851,2.145021246629744
0.6700000000000728,3185,5.087155074189916,2.146099746645815
0.6700000000000728,3186,5.087901274201036,2.1471792466619006
0.6700000000000728,3187,5.088651074212208,2.148259746678001
0.6700000000000728,3188,5.089404474223436,2.149341246694117
0.6700000000000728,3189,5.090161474234716,2.1504237467102474
0.6700000000000728,3190,5.090922074246049,2.1515072467263927
0.6700000000000728,3191,5.0916862742574365,2.1525917467425533
0.6700000000000728,3192,5.092454074268877,2.153677246758728
0.6700000000000728,3193,5.093225474280373,2.1547637467749183
0.6700000000000728,3194,5.094000474291921,2.1558512467911237
0.6700000000000728,3195,5.094779074303522,2.1569397468073435
0.6700000000000728,3196,5.0955612743151795,2.1580292468235784
0.6700000000000728,3197,5.096347074326888,2.1591197468398278
0.6700000000000728,3198,5.097136474338652,2.160211246856093
0.6700000000000728,3199,5.097929474350467,2.161303746872372
0.6700000000000728,3200,5.098726074362338,2.1623972468886667
0.6700000000000728,3201,5.099526274374261,2.1634917469049757
0.6700000000000728,3202,5.10033007438624,2.1645872469213003
0.6700000000000728,3203,5.1011374743982705,2.1656837469376393
0.6700000000000728,3204,5.101948474410356,2.166781246953993
0.6700000000000728,3205,5.102763074422494,2.167879746970362
0.6700000000000728,3206,5.103581274434686,2.168979246986746
0.6700000000000728,3207,5.104403074446932,2.170079747003145
0.6700000000000728,3208,5.105228474459231,2.1711812470195584
0.6700000000000728,3209,5.1060574744715845,2.1722837470359866
0.6700000000000728,3210,5.1068900744839905,2.17338724705243
0.6700000000000728,3211,5.107726274496451,2.1744917470688887
0.6700000000000728,3212,5.108566074508965,2.1755972470853617
0.6700000000000728,3213,5.1094094745215335,2.1767037471018504
0.6700000000000728,3214,5.110256474534154,2.1778112471183526
0.6700000000000728,3215,5.11110707454683,2.1789197471348714
0.6700000000000728,3216,5.111961274559558,2.180029247151404
0.6700000000000728,3217,5.11281907457234,2.181139747167952
0.6700000000000728,3218,5.113680474585177,2.182251247184514
0.6700000000000728,3219,5.114545474598066,2.183363747201092
0.6700000000000728,3220,5.115414074611009,2.1844772472176848
0.6700000000000728,3221,5.116286274624006,2.185591747234292
0.6700000000000728,3222,5.117162074637056,2.186707247250914
0.6700000000000728,3223,5.118041474650161,2.187823747267551
0.6700000000000728,3224,5.118924474663318,2.1889412472842027
0.6700000000000728,3225,5.11981107467653,2.19005974730087
0.6700000000000728,3226,5.120701274689794,2.1911792473175518
0.6700000000000728,3227,5.121595074703114,2.192299747334249
0.6700000000000728,3228,5.122492474716486,2.1934212473509604
0.6700000000000728,3229,5.1233934747299115,2.194543747367687
0.6700000000000728,3230,5.1242980747433915,2.1956672473844283
0.6700000000000728,3231,5.125206274756923,2.1967917474011847
0.6700000000000728,3232,5.1261180747705115,2.1979172474179562
0.6700000000000728,3233,5.1270334747841515,2.199043747434742
0.6700000000000728,3234,5.127952474797846,2.200171247451543
0.6700000000000728,3235,5.128875074811593,2.2012997474683593
0.6700000000000728,3236,5.129801274825395,2.20242924748519
0.6700000000000728,3237,5.13073107483925,2.203559747502036
0.6700000000000728,3238,5.131664474853158,2.2046912475188964
0.6700000000000728,3239,5.132601474867122,2.205823747535772
0.6700000000000728,3240,5.133542074881137,2.206957247552663
0.6700000000000728,3241,5.134486274895207,2.208091747569568
0.6700000000000728,3242,5.13543407490933,2.2092272475864885
0.6700000000000728,3243,5.136385474923507,2.2103637476034232
0.6700000000000728,3244,5.137340474937738,2.2115012476203733
0.6700000000000728,3245,5.138299074952021,2.212639747637338
0.6700000000000728,3246,5.139261274966359,2.213779247654318
0.6700000000000728,3247,5.140227074980751,2.214919747671313
0.6700000000000728,3248,5.141196474995196,2.216061247688322
0.6700000000000728,3249,5.142169475009695,2.217203747705347
0.6700000000000728,3250,5.143146075024247,2.2183472477223862
0.6700000000000728,3251,5.144126275038854,2.2194917477394407
0.6700000000000728,3252,5.1451100750535135,2.2206372477565104
0.6700000000000728,3253,5.146097475068227,2.221783747773594
0.6700000000000728,3254,5.147088475082994,2.2229312477906937
0.6700000000000728,3255,5.148083075097815,2.2240797478078074
0.6700000000000728,3256,5.149081275112689,2.2252292478249363
0.6700000000000728,3257,5.1500830751276165,2.2263797478420804
0.6700000000000728,3258,5.151088475142599,2.227531247859239
0.6700000000000728,3259,5.152097475157634,2.228683747876412
0.6700000000000728,3260,5.153110075172723,2.2298372478936006
0.6700000000000728,3261,5.154126275187865,2.2309917479108043
0.6700000000000728,3262,5.155146075203061,2.2321472479280224
0.6700000000000728,3263,5.156169475218311,2.2333037479452558
0.6700000000000728,3264,5.157196475233615,2.234461247962504
0.6700000000000728,3265,5.158227075248972,2.235619747979767
0.6700000000000728,3266,5.159261275264383,2.2367792479970445
0.6700000000000728,3267,5.1602990752798465,2.2379397480143375
0.6700000000000728,3268,5.161340475295365,2.2391012480316457
0.6700000000000728,3269,5.162385475310937,2.2402637480489678
0.6700000000000728,3270,5.163434075326562,2.241427248066305
0.6700000000000728,3271,5.164486275342242,2.2425917480836577
0.6700000000000728,3272,5.165542075357974,2.243757248101025
0.6700000000000728,3273,5.16660147537376,2.2449237481184072
0.6700000000000728,3274,5.167664475389601,2.246091248135804
0.6700000000000728,3275,5.1687310754054945,2.2472597481532164
0.6700000000000728,3276,5.169801275421441,2.2484292481706434
0.6700000000000728,3277,5.170875075437442,2.2495997481880847
0.6700000000000728,3278,5.171952475453496,2.2507712482055418
0.6700000000000728,3279,5.173033475469605,2.251943748223013
0.6700000000000728,3280,5.174118075485766,2.2531172482404997
0.6700000000000728,3281,5.175206275501981,2.2542917482580016
0.6700000000000728,3282,5.17629807551825,2.2554672482755174
0.6700000000000728,3283,5.177393475534574,2.256643748293049
0.6700000000000728,3284,5.17849247555095,2.257821248310595
0.6700000000000728,3285,5.17959507556738,2.258999748328156
0.6700000000000728,3286,5.180701275583863,2.260179248345732
0.6700000000000728,3287,5.181811075600401,2.2613597483633225
0.6700000000000728,3288,5.182924475616992,2.2625412483809284
0.6700000000000728,3289,5.184041475633636,2.263723748398549
0.6700000000000728,3290,5.185162075650335,2.2649072484161845
0.6700000000000728,3291,5.186286275667086,2.266091748433835
0.6700000000000728,3292,5.1874140756838925,2.2672772484515002
0.6700000000000728,3293,5.188545475700751,2.2684637484691805
0.6700000000000728,3294,5.1896804757176636,2.2696512484868756
0.6700000000000728,3295,5.19081907573463,2.2708397485045855
0.6700000000000728,3296,5.191961275751651,2.2720292485223106
0.6700000000000728,3297,5.193107075768725,2.2732197485400505
0.6700000000000728,3298,5.194256475785852,2.274411248557805
0.6700000000000728,3299,5.195409475803033,2.275603748575575
0.6700000000000728,3300,5.196566075820267,2.276797248593359
0.6700000000000728,3301,5.197726275837556,2.277991748611159
0.6700000000000728,3302,5.198890075854898,2.279187248628973
0.6700000000000728,3303,5.200057475872294,2.2803837486468024
0.6700000000000728,3304,5.201228475889742,2.2815812486646463
0.6700000000000728,3305,5.202403075907245,2.2827797486825054
0.6700000000000728,3306,5.203581275924803,2.2839792487003794
0.6700000000000728,3307,5.204763075942412,2.285179748718268
0.6700000000000728,3308,5.205948475960076,2.2863812487361717
0.6700000000000728,3309,5.2071374759777935,2.287583748754091
0.6700000000000728,3310,5.208330075995565,2.2887872487720244
0.6700000000000728,3311,5.209526276013389,2.289991748789973
0.6700000000000728,3312,5.210726076031268,2.291197248807936
0.6700000000000728,3313,5.2119294760492,2.2924037488259144
0.6700000000000728,3314,5.213136476067186,2.2936112488439075
0.6700000000000728,3315,5.214347076085225,2.294819748861915
0.6700000000000728,3316,5.215561276103319,2.2960292488799388
0.6700000000000728,3317,5.216779076121465,2.2972397488979763
0.6700000000000728,3318,5.218000476139665,2.298451248916029
0.6700000000000728,3319,5.219225476157919,2.2996637489340968
0.6700000000000728,3320,5.220454076176226,2.300877248952179
0.6700000000000728,3321,5.221686276194587,2.302091748970277
0.6700000000000728,3322,5.222922076213003,2.3033072489883892
0.6700000000000728,3323,5.224161476231471,2.3045237490065165
0.6700000000000728,3324,5.225404476249993,2.305741249024659
0.6700000000000728,3325,5.226651076268569,2.3069597490428158
0.6700000000000728,3326,5.227901276287199,2.308179249060988
0.6700000000000728,3327,5.229155076305881,2.3093997490791747
0.6700000000000728,3328,5.230412476324618,2.310621249097376
0.6700000000000728,3329,5.231673476343408,2.311843749115593
0.6700000000000728,3330,5.232938076362252,2.3130672491338244
0.6700000000000728,3331,5.23420627638115,2.314291749152071
0.6700000000000728,3332,5.235478076400101,2.315517249170332
0.6700000000000728,3333,5.236753476419107,2.3167437491886087
0.6700000000000728,3334,5.238032476438166,2.3179712492069
0.6700000000000728,3335,5.239315076457277,2.3191997492252057
0.6700000000000728,3336,5.240601276476443,2.320429249243527
0.6700000000000728,3337,5.241891076495662,2.3216597492618627
0.6700000000000728,3338,5.243184476514936,2.3228912492802136
0.6700000000000728,3339,5.244481476534263,2.324123749298579
0.6700000000000728,3340,5.245782076553644,2.32535724931696
0.6700000000000728,3341,5.247086276573077,2.326591749335355
0.6700000000000728,3342,5.2483940765925645,2.3278272493537653
0.6700000000000728,3343,5.249705476612107,2.3290637493721906
0.6700000000000728,3344,5.251020476631702,2.330301249390631
0.6700000000000728,3345,5.252339076651349,2.331539749409086
0.6700000000000728,3346,5.253661276671052,2.3327792494275563
0.6700000000000728,3347,5.254987076690808,2.3340197494460413
0.6700000000000728,3348,5.256316476710618,2.3352612494645406
0.6700000000000728,3349,5.257649476730481,2.3365037494830556
0.6700000000000728,3350,5.258986076750398,2.337747249501585
0.6700000000000728,3351,5.2603262767703685,2.3389917495201296
0.6700000000000728,3352,5.261670076790393,2.340237249538689
0.6700000000000728,3353,5.26301747681047,2.3414837495572636
0.6700000000000728,3354,5.264368476830602,2.342731249575852
0.6700000000000728,3355,5.265723076850787,2.3439797495944568
0.6700000000000728,3356,5.267081276871026,2.3452292496130758
0.6700000000000728,3357,5.268443076891318,2.3464797496317096
0.6700000000000728,3358,5.269808476911665,2.347731249650358
0.6700000000000728,3359,5.271177476932063,2.348983749669022
0.6700000000000728,3360,5.272550076952517,2.3502372496877006
0.6700000000000728,3361,5.273926276973025,2.351491749706394
0.6700000000000728,3362,5.275306076993585,2.3527472497251027
0.6700000000000728,3363,5.276689477014199,2.3540037497438258
0.6700000000000728,3364,5.278076477034867,2.355261249762564
0.6700000000000728,3365,5.279467077055589,2.356519749781317
0.6700000000000728,3366,5.280861277076363,2.3577792498000854
0.6700000000000728,3367,5.2822590770971924,2.3590397498188684
0.6700000000000728,3368,5.283660477118076,2.360301249837666
0.6700000000000728,3369,5.285065477139012,2.3615637498564785
0.6700000000000728,3370,5.286474077160001,2.3628272498753065
0.6700000000000728,3371,5.287886277181045,2.3640917498941487
0.6700000000000728,3372,5.289302077202142,2.365357249913006
0.6700000000000728,3373,5.2907214772232924,2.3666237499318785
0.6700000000000728,3374,5.292144477244497,2.3678912499507656
0.6700000000000728,3375,5.293571077265755,2.369159749969668
0.6700000000000728,3376,5.295001277287066,2.370429249988585
0.6700000000000728,3377,5.2964350773084306,2.3716997500075165
0.6700000000000728,3378,5.29787247732985,2.3729712500264637
0.6700000000000728,3379,5.2993134773513235,2.3742437500454256
0.6700000000000728,3380,5.3007580773728495,2.375517250064402
0.6700000000000728,3381,5.302206277394429,2.3767917500833935
0.6700000000000728,3382,5.303658077416063,2.3780672501024
0.6700000000000728,3383,5.30511347743775,2.3793437501214214
0.6700000000000728,3384,5.306572477459491,2.3806212501404573
0.6700000000000728,3385,5.308035077481285,2.3818997501595085
0.6700000000000728,3386,5.309501277503133,2.383179250178575
0.6700000000000728,3387,5.310971077525036,2.3844597501976557
0.6700000000000728,3388,5.31244447754699,2.3857412502167517
0.6700000000000728,3389,5.313921477569,2.387023750235862
0.6700000000000728,3390,5.315402077591062,2.388307250254988
0.6700000000000728,3391,5.316886277613178,2.3895917502741284
0.6700000000000728,3392,5.318374077635348,2.3908772502932836
0.6700000000000728,3393,5.319865477657572,2.3921637503124544
0.6700000000000728,3394,5.321360477679849,2.3934512503316396
0.6700000000000728,3395,5.32285907770218,2.3947397503508396
0.6700000000000728,3396,5.324361277724564,2.396029250370055
0.6700000000000728,3397,5.325867077747003,2.3973197503892845
0.6700000000000728,3398,5.327376477769495,2.3986112504085297
0.6700000000000728,3399,5.32888947779204,2.399903750427789
0.6700000000000728,3400,5.330406077814638,2.401197250447064
0.6700000000000728,3401,5.331926277837292,2.4024917504663534
0.6700000000000728,3402,5.3334500778599985,2.4037872504856574
0.6700000000000728,3403,5.334977477882759,2.405083750504977
0.6700000000000728,3404,5.336508477905572,2.4063812505243116
0.6700000000000728,3405,5.33804307792844,2.407679750543661
0.6700000000000728,3406,5.3395812779513605,2.408979250563025
0.6700000000000728,3407,5.341123077974334,2.410279750582404
0.6700000000000728,3408,5.342668477997363,2.4115812506017975
0.6700000000000728,3409,5.344217478020445,2.4128837506212064
0.6700000000000728,3410,5.34577007804358,2.41418725064063
0.6700000000000728,3411,5.347326278066769,2.4154917506600686
0.6700000000000728,3412,5.348886078090012,2.4167972506795214
0.6700000000000728,3413,5.350449478113308,2.4181037506989904
0.6700000000000728,3414,5.35201647813666,2.4194112507184737
0.6700000000000728,3415,5.3535870781600625,2.4207197507379714
0.6700000000000728,3416,5.35516127818352,2.4220292507574848
0.6700000000000728,3417,5.356739078207031,2.4233397507770125
0.6700000000000728,3418,5.3583204782305955,2.424651250796556
0.6700000000000728,3419,5.359905478254214,2.4259637508161136
0.6700000000000728,3420,5.361494078277886,2.427277250835686
0.6700000000000728,3421,5.363086278301612,2.4285917508552735
0.6700000000000728,3422,5.364682078325392,2.4299072508748765
0.6700000000000728,3423,5.366281478349224,2.4312237508944934
0.6700000000000728,3424,5.367884478373111,2.4325412509141255
0.6700000000000728,3425,5.369491078397051,2.433859750933773
0.6700000000000728,3426,5.371101278421045,2.435179250953435
0.6700000000000728,3427,5.372715078445092,2.436499750973112
0.6700000000000728,3428,5.374332478469193,2.437821250992804
0.6700000000000728,3429,5.375953478493348,2.4391437510125105
0.6700000000000728,3430,5.377578078517557,2.4404672510322323
0.6700000000000728,3431,5.379206278541818,2.441791751051969
0.6700000000000728,3432,5.380838078566134,2.4431172510717207
0.6700000000000728,3433,5.382473478590503,2.444443751091487
0.6700000000000728,3434,5.384112478614927,2.4457712511112684
0.6700000000000728,3435,5.385755078639403,2.4470997511310646
0.6700000000000728,3436,5.387401278663933,2.448429251150875
0.6700000000000728,3437,5.389051078688517,2.4497597511707014
0.6700000000000728,3438,5.390704478713155,2.451091251190542
0.6700000000000728,3439,5.392361478737846,2.452423751210398
0.6700000000000728,3440,5.394022078762591,2.453757251230269
0.6700000000000728,3441,5.39568627878739,2.4550917512501544
0.6700000000000728,3442,5.397354078812241,2.4564272512700547
0.6700000000000728,3443,5.399025478837148,2.4577637512899706
0.6700000000000728,3444,5.400700478862107,2.4591012513099004
0.6700000000000728,3445,5.402379078887121,2.460439751329846
0.6700000000000728,3446,5.404061278912187,2.461779251349806
0.6700000000000728,3447,5.405747078937307,2.4631197513697813
0.6700000000000728,3448,5.407436478962482,2.464461251389771
0.6700000000000728,3449,5.409129478987708,2.465803751409776
0.6700000000000728,3450,5.41082607901299,2.4671472514297954
0.6700000000000728,3451,5.4125262790383255,2.46849175144983
0.6700000000000728,3452,5.414230079063715,2.4698372514698796
0.6700000000000728,3453,5.415937479089156,2.471183751489944
0.6700000000000728,3454,5.417648479114652,2.4725312515100235
0.6700000000000728,3455,5.419363079140201,2.4738797515301174
0.6700000000000728,3456,5.421081279165804,2.475229251550227
0.6700000000000728,3457,5.4228030791914605,2.4765797515703505
0.6700000000000728,3458,5.424528479217172,2.4779312515904897
0.6700000000000728,3459,5.426257479242936,2.4792837516106436
0.6700000000000728,3460,5.427990079268754,2.4806372516308124
0.6700000000000728,3461,5.429726279294625,2.481991751650996
0.6700000000000728,3462,5.4314660793205505,2.4833472516711943
0.6700000000000728,3463,5.433209479346528,2.4847037516914074
0.6700000000000728,3464,5.434956479372562,2.486061251711636
0.6700000000000728,3465,5.436707079398647,2.487419751731879
0.6700000000000728,3466,5.438461279424787,2.4887792517521374
0.6700000000000728,3467,5.44021907945098,2.49013975177241
0.6700000000000728,3468,5.441980479477227,2.4915012517926987
0.6700000000000728,3469,5.443745479503528,2.492863751813001
0.6700000000000728,3470,5.4455140795298815,2.4942272518333186
0.6700000000000728,3471,5.44728627955629,2.4955917518536515
0.6700000000000728,3472,5.449062079582751,2.496957251873999
0.6700000000000728,3473,5.450841479609267,2.4983237518943615
0.6700000000000728,3474,5.452624479635835,2.4996912519147387
0.6700000000000728,3475,5.454411079662457,2.5010597519351307
0.6700000000000728,3476,5.456201279689134,2.5024292519555384
0.6700000000000728,3477,5.457995079715864,2.5037997519759605
0.6700000000000728,3478,5.459792479742647,2.5051712519963973
0.6700000000000728,3479,5.461593479769484,2.506543752016849
0.6700000000000728,3480,5.463398079796375,2.507917252037316
0.6700000000000728,3481,5.465206279823318,2.509291752057797
0.6700000000000728,3482,5.467018079850316,2.510667252078294
0.6700000000000728,3483,5.468833479877368,2.5120437520988057
0.6700000000000728,3484,5.470652479904473,2.5134212521193318
0.6700000000000728,3485,5.472475079931631,2.514799752139873
0.6700000000000728,3486,5.474301279958844,2.516179252160429
0.6700000000000728,3487,5.476131079986111,2.5175597521810005
0.6700000000000728,3488,5.47796448001343,2.518941252201586
0.6700000000000728,3489,5.479801480040805,2.520323752222187
0.6700000000000728,3490,5.481642080068231,2.521707252242803
0.6700000000000728,3491,5.483486280095712,2.5230917522634337
0.6700000000000728,3492,5.485334080123246,2.524477252284079
0.6700000000000728,3493,5.487185480150834,2.5258637523047396
0.6700000000000728,3494,5.489040480178476,2.527251252325415
0.6700000000000728,3495,5.490899080206171,2.5286397523461055
0.6700000000000728,3496,5.492761280233919,2.53002925236681
0.6700000000000728,3497,5.494627080261723,2.53141975238753
0.6700000000000728,3498,5.496496480289579,2.5328112524082655
0.6700000000000728,3499,5.498369480317488,2.5342037524290153
0.6700000000000728,3500,5.500246080345452,2.53559725244978
0.6700000000000728,3501,5.502126280373469,2.536991752470559
0.6700000000000728,3502,5.50401008040154,2.538387252491354
0.6700000000000728,3503,5.505897480429664,2.5397837525121636
0.6700000000000728,3504,5.507788480457842,2.5411812525329878
0.6700000000000728,3505,5.509683080486074,2.542579752553827
0.6700000000000728,3506,5.51158128051436,2.5439792525746814
0.6700000000000728,3507,5.51158128051436,2.5439792525746814
0.6700000000000728,3508,5.513479189520067,2.5453785415770067
0.6700000000000728,3509,5.515372916480571,2.546776408542259
0.6700000000000728,3510,5.517262461395865,2.548172853470438
0.6700000000000728,3511,5.519147824265953,2.549567876361545
0.6700000000000728,3512,5.521029005090833,2.550961477215578
0.6700000000000728,3513,5.5229060038705065,2.552353656032539
0.6700000000000728,3514,5.524778820604974,2.553744412812427
0.6700000000000728,3515,5.526647455294234,2.5551337475552423
0.6700000000000728,3516,5.528511907938286,2.5565216602609837
0.6700000000000728,3517,5.530372178537132,2.557908150929653
0.6700000000000728,3518,5.532228267090771,2.55929321956125
0.6700000000000728,3519,5.534080173599202,2.560676866155773
0.6700000000000728,3520,5.535927898062428,2.562059090713224
0.6700000000000728,3521,5.537771440480445,2.5634398932336016
0.6700000000000728,3522,5.539610800853255,2.5648192737169064
0.6700000000000728,3523,5.5414459791808595,2.566197232163138
0.6700000000000728,3524,5.5432769754632565,2.5675737685722972
0.6700000000000728,3525,5.5451037897004465,2.5689488829443836
0.6700000000000728,3526,5.546926421892429,2.570322575279397
0.6700000000000728,3527,5.548744872039205,2.571694845577337
0.6700000000000728,3528,5.5505591401407735,2.5730656938382044
0.6700000000000728,3529,5.552369226197135,2.5744351200619993
0.6700000000000728,3530,5.554175130208291,2.5758031242487207
0.6700000000000728,3531,5.555976852174238,2.5771697063983696
0.6700000000000728,3532,5.55777439209498,2.5785348665109455
0.6700000000000728,3533,5.559567749970513,2.5798986045864485
0.6700000000000728,3534,5.561356925800839,2.5812609206248793
0.6700000000000728,3535,5.563141919585959,2.5826218146262363
0.6700000000000728,3536,5.564922731325872,2.583981286590521
0.6700000000000728,3537,5.566699361020578,2.5853393365177326
0.6700000000000728,3538,5.568471808670077,2.5866959644078706
0.6700000000000728,3539,5.570240074274369,2.5880511702609366
0.6700000000000728,3540,5.572004157833454,2.5894049540769295
0.6700000000000728,3541,5.573764059347331,2.5907573158558495
0.6700000000000728,3542,5.575519778816002,2.592108255597697
0.6700000000000728,3543,5.577271316239466,2.593457773302471
0.6700000000000728,3544,5.5790186716177255,2.594805868970173
0.6700000000000728,3545,5.580761844950774,2.5961525426008016
0.6700000000000728,3546,5.582500836238617,2.597497794194357
0.6700000000000728,3547,5.584235645481253,2.5988416237508396
0.6700000000000728,3548,5.585966272678681,2.600184031270249
0.6700000000000728,3549,5.587692717830905,2.6015250167525865
0.6700000000000728,3550,5.589414980937919,2.6028645801978505
0.6700000000000728,3551,5.591133061999727,2.604202721606042
0.6700000000000728,3552,5.592846961016328,2.60553944097716
0.6700000000000728,3553,5.594556677987722,2.606874738311206
0.6700000000000728,3554,5.596262212913908,2.608208613608178
0.6700000000000728,3555,5.597963565794889,2.6095410668680774
0.6700000000000728,3556,5.599660736630661,2.6108720980909044
0.6700000000000728,3557,5.601353725421228,2.612201707276659
0.6700000000000728,3558,5.603042532166587,2.6135298944253393
0.6700000000000728,3559,5.60472715686674,2.6148566595369473
0.6700000000000728,3560,5.606407599521684,2.616182002611483
0.6700000000000728,3561,5.608083860131423,2.617505923648945
0.6700000000000728,3562,5.609755938695953,2.618828422649335
0.6700000000000728,3563,5.611423835215277,2.6201494996126513
0.6700000000000728,3564,5.613087549689394,2.621469154538895
0.6700000000000728,3565,5.614747082118304,2.6227873874280654
0.6700000000000728,3566,5.6164024325020065,2.6241041982801634
0.6700000000000728,3567,5.618053600840502,2.6254195870951884
0.6700000000000728,3568,5.619700587133792,2.6267335538731404
0.6700000000000728,3569,5.621343391381874,2.6280460986140195
0.6700000000000728,3570,5.62298201358475,2.6293572213178265
0.6700000000000728,3571,5.624616453742417,2.6306669219845595
0.6700000000000728,3572,5.626246711854878,2.63197520061422
0.6700000000000728,3573,5.627872787922132,2.633282057206808
0.6700000000000728,3574,5.62949468194418,2.634587491762323
0.6700000000000728,3575,5.631112393921019,2.635891504280765
0.6700000000000728,3576,5.632725923852653,2.6371940947621337
0.6700000000000728,3577,5.634335271739078,2.6384952632064302
0.6700000000000728,3578,5.635940437580298,2.6397950096136538
0.6700000000000728,3579,5.63754142137631,2.6410933339838043
0.6700000000000728,3580,5.639138223127114,2.6423902363168814
0.6700000000000728,3581,5.6407308428327125,2.643685716612886
0.6700000000000728,3582,5.642319280493103,2.644979774871818
0.6700000000000728,3583,5.643903536108288,2.646272411093677
0.6700000000000728,3584,5.645483609678266,2.6475636252784627
0.6700000000000728,3585,5.647059501203036,2.648853417426176
0.6700000000000728,3586,5.648631210682599,2.6501417875368163
0.6700000000000728,3587,5.650198738116955,2.6514287356103834
0.6700000000000728,3588,5.651762083506105,2.6527142616468784
0.6700000000000728,3589,5.653321246850047,2.6539983656463
0.6700000000000728,3590,5.654876228148781,2.6552810476086486
0.6700000000000728,3591,5.65642702740231,2.6565623075339246
0.6700000000000728,3592,5.657973644610632,2.6578421454221273
0.6700000000000728,3593,5.659516079773745,2.6591205612732574
0.6700000000000728,3594,5.661054332891653,2.660397555087315
0.6700000000000728,3595,5.662588403964354,2.6616731268642995
0.6700000000000728,3596,5.664118292991846,2.6629472766042106
0.6700000000000728,3597,5.665643999974132,2.664220004307049
0.6700000000000728,3598,5.667165524911212,2.665491309972815
0.6700000000000728,3599,5.668682867803085,2.666761193601508
0.6700000000000728,3600,5.670196028649749,2.668029655193128
0.6700000000000728,3601,5.671705007451208,2.6692966947476746
0.6700000000000728,3602,5.67320980420746,2.670562312265149
0.6700000000000728,3603,5.674710418918504,2.6718265077455503
0.6700000000000728,3604,5.676206851584341,2.6730892811888785
0.6700000000000728,3605,5.677699102204972,2.6743506325951336
0.6700000000000728,3606,5.679187170780395,2.6756105619643167
0.6700000000000728,3607,5.680671057310611,2.6768690692964263
0.6700000000000728,3608,5.68215076179562,2.678126154591463
0.6700000000000728,3609,5.683626284235423,2.679381817849427
0.6700000000000728,3610,5.685097624630019,2.680636059070318
0.6700000000000728,3611,5.6865647829794055,2.6818888782541364
0.6700000000000728,3612,5.688027759283587,2.683140275400881
0.6700000000000728,3613,5.689486553542561,2.6843902505105537
0.6700000000000728,3614,5.690941165756328,2.685638803583153
0.6700000000000728,3615,5.692391595924889,2.68688593461868
0.6700000000000728,3616,5.693837844048242,2.6881316436171336
0.6700000000000728,3617,5.695279910126389,2.6893759305785148
0.6700000000000728,3618,5.696717794159328,2.6906187955028225
0.6700000000000728,3619,5.6981514961470605,2.6918602383900576
0.6700000000000728,3620,5.699581016089585,2.6931002592402202
0.6700000000000728,3621,5.701006353986903,2.6943388580533094
0.6700000000000728,3622,5.702427509839016,2.6955760348293256
0.6700000000000728,3623,5.70384448364592,2.6968117895682693
0.6700000000000728,3624,5.705257275407617,2.69804612227014
0.6700000000000728,3625,5.706665885124107,2.699279032934938
0.6700000000000728,3626,5.708070312795392,2.7005105215626624
0.6700000000000728,3627,5.709470558421468,2.7017405881533145
0.6700000000000728,3628,5.710866622002337,2.7029692327068933
0.6700000000000728,3629,5.712258503537999,2.7041964552233995
0.6700000000000728,3630,5.713646203028455,2.705422255702833
0.6700000000000728,3631,5.715029720473703,2.706646634145194
0.6700000000000728,3632,5.716409055873745,2.707869590550481
0.6700000000000728,3633,5.717784209228578,2.709091124918696
0.6700000000000728,3634,5.719155180538206,2.710311237249838
0.6700000000000728,3635,5.720521969802627,2.7115299275439066
0.6700000000000728,3636,5.721884577021839,2.712747195800903
0.6700000000000728,3637,5.723243002195847,2.713963042020826
0.6700000000000728,3638,5.724597245324646,2.7151774662036767
0.6700000000000728,3639,5.725947306408239,2.7163904683494535
0.6700000000000728,3640,5.727293185446625,2.7176020484581587
0.6700000000000728,3641,5.728634882439803,2.71881220652979
0.6700000000000728,3642,5.729972397387773,2.7200209425643487
0.6700000000000728,3643,5.731305730290539,2.7212282565618344
0.6700000000000728,3644,5.732634881148097,2.7224341485222476
0.6700000000000728,3645,5.7339598499604465,2.723638618445588
0.6700000000000728,3646,5.73528063672759,2.7248416663318555
0.6700000000000728,3647,5.736597241449527,2.72604329218105
0.6700000000000728,3648,5.737909664126256,2.727243495993171
0.6700000000000728,3649,5.73921790475778,2.7284422777682202
0.6700000000000728,3650,5.7405219633440945,2.729639637506196
0.6700000000000728,3651,5.741821839885203,2.7308355752070983
0.6700000000000728,3652,5.7431175343811045,2.7320300908709276
0.6700000000000728,3653,5.744409046831798,2.7332231844976853
0.6700000000000728,3654,5.745696377237286,2.734414856087369
0.6700000000000728,3655,5.746979525597567,2.7356051056399804
0.6700000000000728,3656,5.748258491912641,2.736793933155519
0.6700000000000728,3657,5.7495332761825075,2.7379813386339844
0.6700000000000728,3658,5.750803878407167,2.739167322075377
0.6700000000000728,3659,5.752070298586619,2.740351883479697
0.6700000000000728,3660,5.7533325367208645,2.7415350228469437
0.6700000000000728,3661,5.754590592809903,2.7427167401771175
0.6700000000000728,3662,5.755844466853735,2.743897035470219
0.6700000000000728,3663,5.757094158852359,2.745075908726247
0.6700000000000728,3664,5.758339668805776,2.7462533599452024
0.6700000000000728,3665,5.7595809967139875,2.747429389127085
0.6700000000000728,3666,5.7608181425769915,2.748603996271895
0.6700000000000728,3667,5.762051106394789,2.749777181379631
0.6700000000000728,3668,5.763279888167378,2.750948944450295
0.6700000000000728,3669,5.76450448789476,2.752119285483886
0.6700000000000728,3670,5.765724905576937,2.753288204480404
0.6700000000000728,3671,5.766941141213905,2.7544557014398494
0.6700000000000728,3672,5.768153194805667,2.7556217763622213
0.6700000000000728,3673,5.7693610663522215,2.756786429247521
0.6700000000000728,3674,5.770564755853568,2.757949660095747
0.6700000000000728,3675,5.771764263309709,2.7591114689069007
0.6700000000000728,3676,5.772959588720643,2.7602718556809815
0.6700000000000728,3677,5.77415073208637,2.7614308204179894
0.6700000000000728,3678,5.77533769340689,2.762588363117924
0.6700000000000728,3679,5.776520472682202,2.7637444837807865
0.6700000000000728,3680,5.777699069912307,2.764899182406576
0.6700000000000728,3681,5.778873485097208,2.766052458995292
0.6700000000000728,3682,5.780043718236898,2.767204313546935
0.6700000000000728,3683,5.781209769331384,2.768354746061506
0.6700000000000728,3684,5.7823716383806625,2.769503756539004
0.6700000000000728,3685,5.783529325384734,2.770651344979429
0.6700000000000728,3686,5.784682830343596,2.771797511382781
0.6700000000000728,3687,5.785832153257253,2.7729422557490597
0.6700000000000728,3688,5.786977294125703,2.774085578078266
0.6700000000000728,3689,5.788118252948945,2.7752274783703985
0.6700000000000728,3690,5.789255029726982,2.7763679566254593
0.6700000000000728,3691,5.79038762445981,2.7775070128434467
0.6700000000000728,3692,5.7915160371474315,2.7786446470243615
0.6700000000000728,3693,5.792640267789848,2.779780859168203
0.6700000000000728,3694,5.793760316387055,2.780915649274972
0.6700000000000728,3695,5.794876182939055,2.782049017344668
0.6700000000000728,3696,5.79598786744585,2.783180963377291
0.6700000000000728,3697,5.797095369907437,2.7843114873728414
0.6700000000000728,3698,5.798198690323816,2.7854405893313183
0.6700000000000728,3699,5.799297828694989,2.786568269252723
0.6700000000000728,3700,5.8003927850209545,2.7876945271370546
0.6700000000000728,3701,5.801483559301713,2.788819362984313
0.6700000000000728,3702,5.802570151537266,2.789942776794499
0.6700000000000728,3703,5.803652561727611,2.7910647685676118
0.6700000000000728,3704,5.804730789872749,2.7921853383036517
0.6700000000000728,3705,5.80580483597268,2.7933044860026186
0.6700000000000728,3706,5.806874700027403,2.794422211664513
0.6700000000000728,3707,5.80794038203692,2.7955385152893344
0.6700000000000728,3708,5.80900188200123,2.796653396877083
0.6700000000000728,3709,5.810059199920332,2.7977668564277582
0.6700000000000728,3710,5.8111123357942285,2.798878893941361
0.6700000000000728,3711,5.812161289622918,2.799989509417891
0.6700000000000728,3712,5.813206061406399,2.801098702857348
0.6700000000000728,3713,5.814246651144674,2.802206474259732
0.6700000000000728,3714,5.815283058837742,2.803312823625043
0.6700000000000728,3715,5.816315284485603,2.8044177509532813
0.6700000000000728,3716,5.817343328088258,2.805521256244447
0.6700000000000728,3717,5.818367189645705,2.8066233394985396
0.6700000000000728,3718,5.819386869157945,2.807724000715559
0.6700000000000728,3719,5.820402366624977,2.808823239895506
0.6700000000000728,3720,5.821413682046804,2.80992105703838
0.6700000000000728,3721,5.822420815423422,2.8110174521441813
0.6700000000000728,3722,5.823423766754835,2.8121124252129084
0.6700000000000728,3723,5.824422536041039,2.813205976244564
0.6700000000000728,3724,5.825417123282038,2.8142981052391463
0.6700000000000728,3725,5.826407528477828,2.8153888121966557
0.6700000000000728,3726,5.827393751628412,2.8164780971170926
0.6700000000000728,3727,5.828375792733789,2.817565960000456
0.6700000000000728,3728,5.8293536517939595,2.818652400846747
0.6700000000000728,3729,5.830327328808923,2.8197374196559646
0.6700000000000728,3730,5.831296823778678,2.82082101642811
0.6700000000000728,3731,5.8322621367032275,2.821903191163182
0.6700000000000728,3732,5.83322326758257,2.8229839438611815
0.6700000000000728,3733,5.834180216416705,2.8240632745221075
0.6700000000000728,3734,5.835132983205632,2.8251411831459614
0.6700000000000728,3735,5.836081567949353,2.826217669732742
0.6700000000000728,3736,5.837025970647868,2.827292734282449
0.6700000000000728,3737,5.8379661913011756,2.8283663767950844
0.6700000000000728,3738,5.838902229909276,2.829438597270646
0.6700000000000728,3739,5.839834086472169,2.8305093957091354
0.6700000000000728,3740,5.840761760989855,2.8315787721105514
0.6700000000000728,3741,5.841685253462334,2.832646726474895
0.6700000000000728,3742,5.842604563889605,2.833713258802165
0.6700000000000728,3743,5.84351969227167,2.834778369092363
0.6700000000000728,3744,5.844430638608529,2.8358420573454874
0.6700000000000728,3745,5.84533740290018,2.836904323561539
0.6700000000000728,3746,5.846239985146624,2.837965167740518
0.6700000000000728,3747,5.8471383853478605,2.839024589882424
0.6700000000000728,3748,5.84803260350389,2.8400825899872566
0.6700000000000728,3749,5.848922639614713,2.841139168055017
0.6700000000000728,3750,5.84980849368033,2.842194324085704
0.6700000000000728,3751,5.850690165700739,2.8432480580793187
0.6700000000000728,3752,5.851567655675941,2.8443003700358607
0.6700000000000728,3753,5.852440963605936,2.8453512599553297
0.6700000000000728,3754,5.853310089490725,2.846400727837725
0.6700000000000728,3755,5.854175033330305,2.8474487736830483
0.6700000000000728,3756,5.85503579512468,2.848495397491298
0.6700000000000728,3757,5.8558923748738465,2.8495405992624754
0.6700000000000728,3758,5.856744772577807,2.8505843789965795
0.6700000000000728,3759,5.8575929882365605,2.8516267366936106
0.6700000000000728,3760,5.858437021850106,2.8526676723535696
0.6700000000000728,3761,5.8592768734184455,2.8537071859764547
0.6700000000000728,3762,5.860112542941578,2.8547452775622677
0.6700000000000728,3763,5.860944030419502,2.8557819471110073
0.6700000000000728,3764,5.861771335852221,2.856817194622675
0.6700000000000728,3765,5.862594459239733,2.8578510200972684
0.6700000000000728,3766,5.863413400582037,2.85888342353479
0.6700000000000728,3767,5.864228159879134,2.859914404935238
0.6700000000000728,3768,5.865038737131024,2.860943964298613
0.6700000000000728,3769,5.865845132337708,2.861972101624916
0.6700000000000728,3770,5.866647345499183,2.862998816914146
0.6700000000000728,3771,5.8674453766154535,2.8640241101663024
0.6700000000000728,3772,5.868239225686516,2.865047981381387
0.6700000000000728,3773,5.86902889271237,2.8660704305593976
0.6700000000000728,3774,5.86981437769302,2.8670914577003357
0.6700000000000728,3775,5.870595680628461,2.8681110628042013
0.6700000000000728,3776,5.871372801518695,2.8691292458709934
0.6700000000000728,3777,5.872145740363722,2.870146006900713
0.6700000000000728,3778,5.872914497163542,2.8711613458933596
0.6700000000000728,3779,5.873679071918156,2.872175262848933
0.6700000000000728,3780,5.874439464627562,2.8731877577674343
0.6700000000000728,3781,5.875195675291762,2.8741988306488624
0.6700000000000728,3782,5.875947703910754,2.875208481493217
0.6700000000000728,3783,5.876695550484539,2.876216710300499
0.6700000000000728,3784,5.877439215013117,2.877223517070709
0.6700000000000728,3785,5.878178697496489,2.878228901803845
0.6700000000000728,3786,5.878913997934653,2.879232864499909
0.6700000000000728,3787,5.879645116327611,2.880235405158899
0.6700000000000728,3788,5.8803720526753605,2.8812365237808173
0.6700000000000728,3789,5.881094806977904,2.882236220365662
0.6700000000000728,3790,5.881813379235241,2.883234494913434
0.6700000000000728,3791,5.882527769447369,2.8842313474241332
0.6700000000000728,3792,5.883237977614292,2.8852267778977594
0.6700000000000728,3793,5.883944003736008,2.8862207863343126
0.6700000000000728,3794,5.884645847812516,2.887213372733793
0.6700000000000728,3795,5.885343509843818,2.888204537096201
0.6700000000000728,3796,5.886036989829911,2.8891942794215355
0.6700000000000728,3797,5.8867262877707995,2.8901825997097976
0.6700000000000728,3798,5.88741140366648,2.8911694979609863
0.6700000000000728,3799,5.888092337516953,2.892154974175102
0.6700000000000728,3800,5.88876908932222,2.893139028352145
0.6700000000000728,3801,5.889441659082279,2.894121660492116
0.6700000000000728,3802,5.8901100467971315,2.8951028705950135
0.6700000000000728,3803,5.890774252466777,2.8960826586608377
0.6700000000000728,3804,5.891434276091216,2.8970610246895894
0.6700000000000728,3805,5.892090117670447,2.898037968681268
0.6700000000000728,3806,5.8927417772044715,2.8990134906358738
0.6700000000000728,3807,5.893389254693289,2.899987590553407
0.6700000000000728,3808,5.894032550136899,2.9009602684338667
0.6700000000000728,3809,5.894671663535304,2.901931524277254
0.6700000000000728,3810,5.895306594888499,2.902901358083569
0.6700000000000728,3811,5.89593734419649,2.90386976985281
0.6700000000000728,3812,5.896563911459271,2.9048367595849784
0.6700000000000728,3813,5.897186296676846,2.905802327280074
0.6700000000000728,3814,5.897804499849215,2.906766472938097
0.6700000000000728,3815,5.898418520976377,2.907729196559047
0.6700000000000728,3816,5.899028360058331,2.9086904981429242
0.6700000000000728,3817,5.89963401709508,2.9096503776897285
0.6700000000000728,3818,5.90023549208662,2.9106088351994597
0.6700000000000728,3819,5.900832785032954,2.911565870672118
0.6700000000000728,3820,5.90142589593408,2.912521484107703
0.6700000000000728,3821,5.902014824789999,2.9134756755062154
0.6700000000000728,3822,5.902599571600712,2.9144284448676556
0.6700000000000728,3823,5.903180136366218,2.915379792192023
0.6700000000000728,3824,5.9037565190865156,2.916329717479316
0.6700000000000728,3825,5.904328719761608,2.9172782207295374
0.6700000000000728,3826,5.904896738391493,2.9182253019426856
0.6700000000000728,3827,5.9054605749761695,2.9191709611187613
0.6700000000000728,3828,5.90602022951564,2.9201151982577636
0.6700000000000728,3829,5.906575702009905,2.9210580133596933
0.6700000000000728,3830,5.907126992458961,2.9219994064245496
0.6700000000000728,3831,5.90767410086281,2.922939377452333
0.6700000000000728,3832,5.908217027221452,2.923877926443044
0.6700000000000728,3833,5.908755771534889,2.9248150533966824
0.6700000000000728,3834,5.909290333803117,2.9257507583132476
0.6700000000000728,3835,5.909820714026139,2.92668504119274
0.6700000000000728,3836,5.910346912203953,2.927617902035159
0.6700000000000728,3837,5.910868928336562,2.9285493408405054
0.6700000000000728,3838,5.9113867624239615,2.929479357608779
0.6700000000000728,3839,5.911900414466156,2.93040795233998
0.6700000000000728,3840,5.912409884463143,2.9313351250341073
0.6700000000000728,3841,5.912915172414922,2.9322608756911626
0.6700000000000728,3842,5.913416278321495,2.933185204311145
0.6700000000000728,3843,5.91391320218286,2.9341081108940537
0.6700000000000728,3844,5.91440594399902,2.9350295954398904
0.6700000000000728,3845,5.914894503769971,2.9359496579486537
0.6700000000000728,3846,5.915378881495715,2.936868298420344
0.6700000000000728,3847,5.915859077176253,2.937785516854962
0.6700000000000728,3848,5.916335090811584,2.9387013132525066
0.6700000000000728,3849,5.916806922401708,2.9396156876129784
0.6700000000000728,3850,5.917274571946624,2.9405286399363773
0.6700000000000728,3851,5.917738039446334,2.9414401702227035
0.6700000000000728,3852,5.918197324900837,2.942350278471957
0.6700000000000728,3853,5.918652428310133,2.943258964684137
0.6700000000000728,3854,5.919103349674221,2.9441662288592445
0.6700000000000728,3855,5.919550088993104,2.945072070997279
0.6700000000000728,3856,5.919992646266778,2.9459764910982407
0.6700000000000728,3857,5.920431021495245,2.9468794891621295
0.6700000000000728,3858,5.920865214678507,2.947781065188946
0.6700000000000728,3859,5.921295225816561,2.948681219178688
0.6700000000000728,3860,5.9217210549094075,2.9495799511313585
0.6700000000000728,3861,5.922142701957046,2.950477261046956
0.6700000000000728,3862,5.92256016695948,2.9513731489254806
0.6700000000000728,3863,5.9229734499167055,2.9522676147669316
0.6700000000000728,3864,5.923382550828725,2.953160658571311
0.6700000000000728,3865,5.923787469695537,2.954052280338616
0.6700000000000728,3866,5.924188206517141,2.954942480068849
0.6700000000000728,3867,5.92458476129354,2.955831257762009
0.6700000000000728,3868,5.924977134024729,2.9567186134180963
0.6700000000000728,3869,5.925365324710714,2.9576045470371106
0.6700000000000728,3870,5.92574933335149,2.958489058619052
0.6700000000000728,3871,5.9261291599470605,2.9593721481639204
0.6700000000000728,3872,5.926504804497423,2.9602538156717157
0.6700000000000728,3873,5.926876267002579,2.961134061142438
0.6700000000000728,3874,5.927243547462528,2.962012884576088
0.6700000000000728,3875,5.927606645877269,2.962890285972665
0.6700000000000728,3876,5.927965562246805,2.9637662653321692
0.6700000000000728,3877,5.928320296571133,2.9646408226546
0.6700000000000728,3878,5.928670848850253,2.965513957939958
0.6700000000000728,3879,5.929017219084168,2.966385671188244
0.6700000000000728,3880,5.929359407272875,2.9672559623994568
0.6700000000000728,3881,5.929697413416374,2.968124831573596
0.6700000000000728,3882,5.930031237514667,2.9689922787106626
0.6700000000000728,3883,5.930360879567752,2.9698583038106565
0.6700000000000728,3884,5.930686339575632,2.9707229068735774
0.6700000000000728,3885,5.931007617538304,2.9715860878994254
0.6700000000000728,3886,5.931324713455769,2.9724478468882003
0.6700000000000728,3887,5.931637627328027,2.9733081838399027
0.6700000000000728,3888,5.931946359155078,2.974167098754532
0.6700000000000728,3889,5.932250908936922,2.9750245916320885
0.6700000000000728,3890,5.932551276673559,2.9758806624725724
0.6700000000000728,3891,5.932847462364989,2.9767353112759833
0.6700000000000728,3892,5.933139466011211,2.977588538042321
0.6700000000000728,3893,5.933427287612228,2.978440342771586
0.6700000000000728,3894,5.933710927168037,2.9792907254637786
0.6700000000000728,3895,5.933990384678639,2.9801396861188976
0.6700000000000728,3896,5.934265660144034,2.9809872247369436
0.6700000000000728,3897,5.934536753564222,2.981833341317917
0.6700000000000728,3898,5.934803664939203,2.982678035861818
0.6700000000000728,3899,5.935066394268977,2.983521308368646
0.6700000000000728,3900,5.935324941553544,2.9843631588384003
0.6700000000000728,3901,5.935579306792905,2.9852035872710823
0.6700000000000728,3902,5.935829489987057,2.9860425936666917
0.6700000000000728,3903,5.936075491136003,2.986880178025227
0.6700000000000728,3904,5.936317310239742,2.987716340346691
0.6700000000000728,3905,5.936554947298275,2.9885510806310815
0.6700000000000728,3906,5.936788402311599,2.9893843988783986
0.6700000000000728,3907,5.9370176752797175,2.9902162950886435
0.6700000000000728,3908,5.937242766202628,2.991046769261815
0.6700000000000728,3909,5.937463675080332,2.991875821397914
0.6700000000000728,3910,5.9376804019128295,2.99270345149694
0.6700000000000728,3911,5.937892946700121,2.9935296595588934
0.6700000000000728,3912,5.938101309442203,2.9943544455837734
0.6700000000000728,3913,5.938305490139079,2.99517780957158
0.6700000000000728,3914,5.938505488790748,2.995999751522315
0.6700000000000728,3915,5.938701305397211,2.9968202714359764
0.6700000000000728,3916,5.938892939958465,2.997639369312565
0.6700000000000728,3917,5.939080392474514,2.998457045152081
0.6700000000000728,3918,5.939263662945354,2.999273298954524
0.6700000000000728,3919,5.939442751370989,3.000088130719894
0.6700000000000728,3920,5.939617657751416,3.000901540448191
0.6700000000000728,3921,5.939788382086636,3.001713528139415
0.6700000000000728,3922,5.939954924376649,3.0025240937935664
0.6700000000000728,3923,5.940117284621456,3.0033332374106454
0.6700000000000728,3924,5.940275462821054,3.0041409589906505
0.6700000000000728,3925,5.940429458975447,3.0049472585335835
0.6700000000000728,3926,5.940579273084632,3.0057521360394435
0.6700000000000728,3927,5.94072490514861,3.0065555915082305
0.6700000000000728,3928,5.9408663551673815,3.007357624939944
0.6700000000000728,3929,5.941003623140946,3.0081582363345856
0.6700000000000728,3930,5.941136709069302,3.0089574256921536
0.6700000000000728,3931,5.941265612952453,3.0097551930126487
0.6700000000000728,3932,5.9413903347903965,3.0105515382960713
0.6700000000000728,3933,5.941510874583133,3.0113464615424217
0.6700000000000728,3934,5.941627232330662,3.0121399627516983
0.6700000000000728,3935,5.9417394080329835,3.012932041923902
0.6700000000000728,3936,5.941847401690099,3.0137226990590333
0.6700000000000728,3937,5.941951213302008,3.014511934157091
0.6700000000000728,3938,5.942050842868708,3.0152997472180765
0.6700000000000728,3939,5.942146290390203,3.0160861382419886
0.6700000000000728,3940,5.942237555866491,3.016871107228828
0.6700000000000728,3941,5.942324639297571,3.0176546541785947
0.6700000000000728,3942,5.942407540683444,3.0184367790912887
0.6700000000000728,3943,5.94248626002411,3.0192174819669093
0.6700000000000728,3944,5.94256079731957,3.019996762805457
0.6700000000000728,3945,5.942631152569821,3.020774621606932
0.6700000000000728,3946,5.942697325774867,3.0215510583713345
0.6700000000000728,3947,5.942759316934705,3.0223260730986636
0.6700000000000728,3948,5.942817126049336,3.0230996657889206
0.6700000000000728,3949,5.942870753118761,3.0238718364421038
0.6700000000000728,3950,5.9429201981429784,3.0246425850582144
0.6700000000000728,3951,5.9429654611219895,3.025411911637252
0.6700000000000728,3952,5.943006542055793,3.0261798161792166
0.6700000000000728,3953,5.943043440944388,3.026946298684109
0.6700000000000728,3954,5.943076157787779,3.0277113591519282
0.6700000000000728,3955,5.943104692585961,3.0284749975826744
0.6700000000000728,3956,5.943129045338935,3.0292372139763475
0.6700000000000728,3957,5.943149216046704,3.029998008332948
0.6700000000000728,3958,5.943165204709265,3.0307573806524752
0.6700000000000728,3959,5.94317701132662,3.0315153309349303
0.6700000000000728,3960,5.943184635898767,3.032271859180312
0.6700000000000728,3961,5.943188078425708,3.033026965388621
0.6700000000000728,3962,5.943187338907441,3.0337806495598567
0.6700000000000728,3963,5.943182417343967,3.0345329116940203
0.6700000000000728,3964,5.9431733137352865,3.0352837517911104
0.6700000000000728,3965,5.943160028081399,3.0360331698511276
0.6700000000000728,3966,5.943142560382304,3.036781165874072
0.6700000000000728,3967,5.943120910638003,3.037527739859944
0.6700000000000728,3968,5.943095078848494,3.0382728918087425
0.6700000000000728,3969,5.943065065013779,3.0390166217204686
0.6700000000000728,3970,5.943030869133857,3.0397589295951217
0.6700000000000728,3971,5.942992491208727,3.0404998154327014
0.6700000000000728,3972,5.94294993123839,3.0412392792332086
0.6700000000000728,3973,5.9429031892228465,3.041977320996643
0.6700000000000728,3974,5.942852265162096,3.0427139407230044
0.6700000000000728,3975,5.942797159056139,3.0434491384122926
0.6700000000000728,3976,5.942737870904974,3.0441829140645082
0.6700000000000728,3977,5.9426744007086025,3.0449152676796514
0.6700000000000728,3978,5.942606748467024,3.045646199257721
0.6700000000000728,3979,5.942534914180238,3.046375708798718
0.6700000000000728,3980,5.942458897848246,3.0471037963026424
0.6700000000000728,3981,5.942378699471047,3.047830461769494
0.6700000000000728,3982,5.94229431904864,3.0485557051992718
0.6700000000000728,3983,5.942205756581027,3.0492795265919774
0.6700000000000728,3984,5.942113012068206,3.05000192594761
0.6700000000000728,3985,5.942016085510179,3.05072290326617
0.6700000000000728,3986,5.941914976906944,3.0514424585476565
0.6700000000000728,3987,5.9418096862585035,3.05216059179207
0.6700000000000728,3988,5.941700213564855,3.0528773029994114
0.6700000000000728,3989,5.941586558825999,3.0535925921696796
0.6700000000000728,3990,5.941468722041937,3.054306459302875
0.6700000000000728,3991,5.941346703212667,3.0550189043989975
0.6700000000000728,3992,5.941220502338191,3.055729927458047
0.6700000000000728,3993,5.941090119418508,3.0564395284800234
0.6700000000000728,3994,5.940955554453617,3.057147707464927
0.6700000000000728,3995,5.94081680744352,3.0578544644127583
0.6700000000000728,3996,5.940673878388215,3.058559799323516
0.6700000000000728,3997,5.940526767287704,3.0592637121972013
0.6700000000000728,3998,5.940375474141985,3.0599662030338135
0.6700000000000728,3999,5.94021999895106,3.0606672718333527
0.6700000000000728,4000,5.940060341714928,3.0613669185958194
0.6700000000000728,4001,5.939896502433589,3.062065143321213
0.6700000000000728,4002,5.939728481107042,3.062761946009534
0.6700000000000728,4003,5.939556277735289,3.063457326660781
0.6700000000000728,4004,5.939379892318328,3.0641512852749564
0.6700000000000728,4005,5.939199324856161,3.064843821852058
0.6700000000000728,4006,5.939014575348786,3.0655349363920874
0.6700000000000728,4007,5.938825643796205,3.0662246288950437
0.6700000000000728,4008,5.938825643796205,3.0662246288950437
0.6700000000000728,4009,5.9387301325086135,3.0665691196372538
0.6700000000000728,4010,5.938634621221021,3.0669136103794634
0.6700000000000728,4011,5.938539109933428,3.0672581011216735
0.6700000000000728,4012,5.9384435986458355,3.067602591863883
0.6700000000000728,4013,5.938348087358244,3.0679470826060933
0.6700000000000728,4014,5.938252576070651,3.068291573348303
0.6700000000000728,4015,5.938157064783058,3.068636064090513
0.6700000000000728,4016,5.938061553495466,3.0689805548327227
0.6700000000000728,4017,5.937966042207874,3.069325045574933
0.6700000000000728,4018,5.937870530920281,3.0696695363171425
0.6700000000000728,4019,5.937775019632689,3.0700140270593526
0.6700000000000728,4020,5.937679508345096,3.070358517801562
0.6700000000000728,4021,5.937583997057504,3.0707030085437723
0.6700000000000728,4022,5.9374884857699115,3.071047499285982
0.6700000000000728,4023,5.937392974482319,3.071391990028192
0.6700000000000728,4024,5.937297463194726,3.0717364807704026
0.6700000000000728,4025,5.937201951907134,3.0720809715126123
0.6700000000000728,4026,5.937106440619542,3.0724254622548224
0.6700000000000728,4027,5.937010929331949,3.072769952997032
0.6700000000000728,4028,5.936915418044356,3.073114443739242
0.6700000000000728,4029,5.936819906756765,3.073458934481452
0.6700000000000728,4030,5.936724395469172,3.073803425223662
0.6700000000000728,4031,5.936628884181579,3.0741479159658716
0.6700000000000728,4032,5.936533372893987,3.0744924067080817
0.6700000000000728,4033,5.936437861606395,3.0748368974502913
0.6700000000000728,4034,5.936342350318803,3.0751813881925014
0.6700000000000728,4035,5.9362468390312095,3.075525878934711
0.6700000000000728,4036,5.936151327743618,3.075870369676921
0.6700000000000728,4037,5.936055816456025,3.076214860419131
0.6700000000000728,4038,5.935960305168433,3.076559351161341
0.6700000000000728,4039,5.93586479388084,3.0769038419035506
0.6700000000000728,4040,5.935769282593248,3.0772483326457607
0.6700000000000728,4041,5.935673771305655,3.0775928233879704
0.6700000000000728,4042,5.9355782600180635,3.0779373141301805
0.6700000000000728,4043,5.93548274873047,3.0782818048723906
0.6700000000000728,4044,5.935387237442878,3.0786262956146
0.6700000000000728,4045,5.935291726155286,3.0789707863568108
0.6700000000000728,4046,5.935196214867695,3.0793152770990204
0.6700000000000728,4047,5.935100703580101,3.0796597678412305
0.6700000000000728,4048,5.935005192292509,3.08000425858344
0.6700000000000728,4049,5.934909681004917,3.0803487493256503
0.6700000000000728,4050,5.934814169717325,3.08069324006786
0.6700000000000728,4051,5.934718658429732,3.08103773081007
0.6700000000000728,4052,5.93462314714214,3.0813822215522797
0.6700000000000728,4053,5.934527635854547,3.08172671229449
0.6700000000000728,4054,5.934432124566955,3.0820712030366995
0.6700000000000728,4055,5.934336613279362,3.0824156937789096
0.6700000000000728,4056,5.93424110199177,3.0827601845211197
0.6700000000000728,4057,5.934145590704177,3.0831046752633293
0.6700000000000728,4058,5.934050079416585,3.083449166005539
0.6700000000000728,4059,5.933954568128993,3.083793656747749
0.6700000000000728,4060,5.9338590568414,3.084138147489959
0.6700000000000728,4061,5.933763545553807,3.084482638232169
0.6700000000000728,4062,5.933668034266216,3.084827128974379
0.6700000000000728,4063,5.933572522978622,3.085171619716589
0.6700000000000728,4064,5.93347701169103,3.085516110458799
0.6700000000000728,4065,5.933381500403438,3.085860601201009
0.6700000000000728,4066,5.933285989115846,3.086205091943219
0.6700000000000728,4067,5.933190477828253,3.0865495826854286
0.6700000000000728,4068,5.9330949665406605,3.0868940734276387
0.6700000000000728,4069,5.932999455253068,3.0872385641698483
0.6700000000000728,4070,5.932903943965476,3.0875830549120584
0.6700000000000728,4071,5.932808432677884,3.087927545654268
0.6700000000000728,4072,5.932712921390291,3.088272036396478
0.6700000000000728,4073,5.932617410102699,3.0886165271386883
0.6700000000000728,4074,5.932521898815106,3.088961017880898
0.6700000000000728,4075,5.9324263875275145,3.089305508623108
0.6700000000000728,4076,5.932330876239921,3.0896499993653177
0.6700000000000728,4077,5.932235364952329,3.089994490107528
0.6700000000000728,4078,5.9321398536647365,3.0903389808497375
0.6700000000000728,4079,5.932044342377145,3.0906834715919476
0.6700000000000728,4080,5.931948831089551,3.091027962334157
0.6700000000000728,4081,5.931853319801959,3.0913724530763673
0.6700000000000728,4082,5.931757808514367,3.091716943818577
0.6700000000000728,4083,5.931662297226774,3.092061434560787
0.6700000000000728,4084,5.931566785939181,3.0924059253029967
0.6700000000000728,4085,5.93147127465159,3.092750416045207
0.6700000000000728,4086,5.931375763363997,3.0930949067874165
0.6700000000000728,4087,5.931280252076405,3.0934393975296266
0.6700000000000728,4088,5.931184740788812,3.0937838882718367
0.6700000000000728,4089,5.93108922950122,3.0941283790140464
0.6700000000000728,4090,5.930993718213627,3.094472869756256
0.6700000000000728,4091,5.930898206926035,3.094817360498466
0.6700000000000728,4092,5.930802695638442,3.095161851240676
0.6700000000000728,4093,5.93070718435085,3.095506341982886
0.6700000000000728,4094,5.930611673063257,3.095850832725096
0.6700000000000728,4095,5.930516161775666,3.096195323467306
0.6700000000000728,4096,5.930420650488073,3.0965398142095157
0.6700000000000728,4097,5.930325139200481,3.096884304951726
0.6700000000000728,4098,5.9302296279128885,3.097228795693936
0.6700000000000728,4099,5.930134116625297,3.0975732864361456
0.6700000000000728,4100,5.930038605337703,3.0979177771783557
0.6700000000000728,4101,5.929943094050111,3.0982622679205654
0.6700000000000728,4102,5.929847582762519,3.098606758662776
0.6700000000000728,4103,5.929752071474927,3.0989512494049856
0.6700000000000728,4104,5.929656560187334,3.0992957401471957
0.6700000000000728,4105,5.929561048899742,3.0996402308894053
0.6700000000000728,4106,5.929465537612149,3.0999847216316154
0.6700000000000728,4107,5.929370026324557,3.1003292123738255
0.6700000000000728,4108,5.929274515036964,3.100673703116035
0.6700000000000728,4109,5.929179003749372,3.101018193858245
0.6700000000000728,4110,5.92908349246178,3.101362684600455
0.6700000000000728,4111,5.9289879811741875,3.101707175342665
0.6700000000000728,4112,5.928892469886595,3.1020516660848747
0.6700000000000728,4113,5.928796958599002,3.1023961568270844
0.6700000000000728,4114,5.92870144731141,3.1027406475692945
0.6700000000000728,4115,5.928605936023818,3.1030851383115046
0.6700000000000728,4116,5.928510424736226,3.1034296290537142
0.6700000000000728,4117,5.928414913448632,3.1037741197959243
0.6700000000000728,4118,5.928319402161041,3.104118610538134
0.6700000000000728,4119,5.928223890873448,3.104463101280344
0.6700000000000728,4120,5.928128379585855,3.1048075920225537
0.6700000000000728,4121,5.928032868298263,3.105152082764764
0.6700000000000728,4122,5.927937357010671,3.105496573506974
0.6700000000000728,4123,5.927841845723078,3.1058410642491836
0.6700000000000728,4124,5.927746334435486,3.1061855549913933
0.6700000000000728,4125,5.927650823147893,3.1065300457336034
0.6700000000000728,4126,5.927555311860301,3.1068745364758135
0.6700000000000728,4127,5.927459800572708,3.107219027218023
0.6700000000000728,4128,5.927364289285116,3.107563517960233
0.6700000000000728,4129,5.927268777997523,3.107908008702443
0.6700000000000728,4130,5.927173266709931,3.108252499444653
0.6700000000000728,4131,5.927077755422339,3.1085969901868626
0.6700000000000728,4132,5.926982244134747,3.1089414809290727
0.6700000000000728,4133,5.926886732847153,3.109285971671283
0.6700000000000728,4134,5.9267912215595615,3.109630462413493
0.6700000000000728,4135,5.92669571027197,3.1099749531557026
0.6700000000000728,4136,5.926600198984376,3.1103194438979127
0.6700000000000728,4137,5.926504687696784,3.1106639346401224
0.6700000000000728,4138,5.926409176409192,3.1110084253823325
0.6700000000000728,4139,5.9263136651216,3.1113529161245426
0.6700000000000728,4140,5.926218153834007,3.1116974068667522
0.6700000000000728,4141,5.9261226425464155,3.112041897608962
0.6700000000000728,4142,5.926027131258822,3.112386388351172
0.6700000000000728,4143,5.92593161997123,3.112730879093382
0.6700000000000728,4144,5.9258361086836375,3.1130753698355917
0.6700000000000728,4145,5.925740597396045,3.113419860577802
0.6700000000000728,4146,5.925645086108452,3.1137643513200115
0.6700000000000728,4147,5.92554957482086,3.1141088420622216
0.6700000000000728,4148,5.925454063533268,3.1144533328044313
0.6700000000000728,4149,5.925358552245676,3.1147978235466414
0.6700000000000728,4150,5.925263040958082,3.1151423142888515
0.6700000000000728,4151,5.925167529670491,3.115486805031061
0.6700000000000728,4152,5.925072018382898,3.115831295773271
0.6700000000000728,4153,5.924976507095305,3.116175786515481
0.6700000000000728,4154,5.924880995807713,3.1165202772576905
0.6700000000000728,4155,5.924785484520121,3.1168647679999006
0.6700000000000728,4156,5.924689973232528,3.1172092587421103
0.6700000000000728,4157,5.9245944619449356,3.1175537494843204
0.6700000000000728,4158,5.924498950657344,3.1178982402265305
0.6700000000000728,4159,5.924403439369751,3.11824273096874
0.6700000000000728,4160,5.924307928082159,3.11858722171095
0.6700000000000728,4161,5.924212416794566,3.11893171245316
0.6700000000000728,4162,5.924116905506974,3.11927620319537
0.6700000000000728,4163,5.924021394219381,3.1196206939375797
0.6700000000000728,4164,5.923925882931789,3.1199651846797893
0.6700000000000728,4165,5.923830371644197,3.120309675422
0.6700000000000728,4166,5.923734860356604,3.12065416616421
0.6700000000000728,4167,5.923639349069012,3.12099865690642
0.6700000000000728,4168,5.92354383778142,3.1213431476486297
0.6700000000000728,4169,5.923448326493826,3.1216876383908394
0.6700000000000728,4170,5.9233528152062345,3.1220321291330495
0.6700000000000728,4171,5.923257303918642,3.1223766198752596
0.6700000000000728,4172,5.92316179263105,3.1227211106174693
0.6700000000000728,4173,5.923066281343457,3.123065601359679
0.6700000000000728,4174,5.922970770055865,3.123410092101889
0.6700000000000728,4175,5.922875258768272,3.123754582844099
0.6700000000000728,4176,5.92277974748068,3.124099073586309
0.6700000000000728,4177,5.922684236193088,3.1244435643285184
0.6700000000000728,4178,5.922588724905495,3.124788055070729
0.6700000000000728,4179,5.922493213617903,3.1251325458129386
0.6700000000000728,4180,5.9223977023303105,3.1254770365551483
0.6700000000000728,4181,5.922302191042718,3.1258215272973584
0.6700000000000728,4182,5.922206679755126,3.1261660180395685
0.6700000000000728,4183,5.9221111684675325,3.126510508781778
0.6700000000000728,4184,5.922015657179941,3.1268549995239883
0.6700000000000728,4185,5.921920145892349,3.1271994902661984
0.6700000000000728,4186,5.921824634604756,3.127543981008408
0.6700000000000728,4187,5.921729123317164,3.127888471750618
0.6700000000000728,4188,5.921633612029572,3.1282329624928282
0.6700000000000728,4189,5.921538100741979,3.128577453235038
0.6700000000000728,4190,5.9214425894543865,3.1289219439772475
0.6700000000000728,4191,5.921347078166795,3.1292664347194576
0.6700000000000728,4192,5.921251566879201,3.1296109254616677
0.6700000000000728,4193,5.921156055591609,3.1299554162038774
0.6700000000000728,4194,5.921060544304017,3.130299906946087
0.6700000000000728,4195,5.920965033016424,3.130644397688297
0.6700000000000728,4196,5.920869521728832,3.1309888884305073
0.6700000000000728,4197,5.92077401044124,3.131333379172717
0.6700000000000728,4198,5.920678499153647,3.131677869914927
0.6700000000000728,4199,5.920582987866055,3.132022360657137
0.6700000000000728,4200,5.9204874765784625,3.132366851399347
0.6700000000000728,4201,5.92039196529087,3.132711342141557
0.6700000000000728,4202,5.920296454003278,3.133055832883767
0.6700000000000728,4203,5.9202009427156845,3.1334003236259766
0.6700000000000728,4204,5.920105431428093,3.1337448143681863
0.6700000000000728,4205,5.9200099201405,3.1340893051103964
0.6700000000000728,4206,5.919914408852907,3.1344337958526065
0.6700000000000728,4207,5.919818897565316,3.134778286594816
0.6700000000000728,4208,5.919723386277724,3.135122777337026
0.6700000000000728,4209,5.91962787499013,3.135467268079236
0.6700000000000728,4210,5.9195323637025385,3.135811758821446
0.6700000000000728,4211,5.919436852414946,3.1361562495636557
0.6700000000000728,4212,5.919341341127353,3.1365007403058662
0.6700000000000728,4213,5.919245829839761,3.136845231048076
0.6700000000000728,4214,5.919150318552169,3.1371897217902855
0.6700000000000728,4215,5.919054807264576,3.1375342125324956
0.6700000000000728,4216,5.918959295976984,3.1378787032747057
0.6700000000000728,4217,5.918863784689392,3.1382231940169154
0.6700000000000728,4218,5.918768273401799,3.138567684759125
0.6700000000000728,4219,5.918672762114207,3.1389121755013356
0.6700000000000728,4220,5.918577250826615,3.1392566662435453
0.6700000000000728,4221,5.918481739539022,3.1396011569857554
0.6700000000000728,4222,5.91838622825143,3.1399456477279655
0.6700000000000728,4223,5.9182907169638375,3.140290138470175
0.6700000000000728,4224,5.918195205676245,3.140634629212385
0.6700000000000728,4225,5.918099694388653,3.140979119954595
0.6700000000000728,4226,5.91800418310106,3.141323610696805
0.6700000000000728,4227,5.917908671813468,3.1416681014390146
0.6700000000000728,4228,5.917813160525876,3.1420125921812243
0.6700000000000728,4229,5.917717649238282,3.1423570829234344
0.6700000000000728,4230,5.917622137950691,3.1427015736656445
0.6700000000000728,4231,5.917526626663098,3.143046064407854
0.6700000000000728,4232,5.917431115375505,3.1433905551500643
0.6700000000000728,4233,5.9173356040879135,3.1437350458922744
0.6700000000000728,4234,5.917240092800321,3.144079536634484
0.6700000000000728,4235,5.917144581512728,3.144424027376694
0.6700000000000728,4236,5.917049070225136,3.1447685181189042
0.6700000000000728,4237,5.916953558937544,3.145113008861114
0.6700000000000728,4238,5.916858047649951,3.1454574996033235
0.6700000000000728,4239,5.916762536362359,3.1458019903455336
0.6700000000000728,4240,5.916667025074766,3.1461464810877438
0.6700000000000728,4241,5.916571513787174,3.1464909718299534
0.6700000000000728,4242,5.916476002499581,3.146835462572163
0.6700000000000728,4243,5.916380491211989,3.1471799533143736
0.6700000000000728,4244,5.916284979924397,3.1475244440565833
0.6700000000000728,4245,5.916189468636804,3.147868934798793
0.6700000000000728,4246,5.9160939573492115,3.148213425541003
0.6700000000000728,4247,5.91599844606162,3.148557916283213
0.6700000000000728,4248,5.915902934774027,3.148902407025423
0.6700000000000728,4249,5.915807423486434,3.1492468977676324
0.6700000000000728,4250,5.915711912198843,3.149591388509842
0.6700000000000728,4251,5.915616400911249,3.1499358792520527
0.6700000000000728,4252,5.915520889623657,3.1502803699942623
0.6700000000000728,4253,5.915425378336065,3.1506248607364724
0.6700000000000728,4254,5.915329867048472,3.1509693514786825
0.6700000000000728,4255,5.91523435576088,3.151313842220892
0.6700000000000728,4256,5.9151388444732875,3.151658332963102
0.6700000000000728,4257,5.915043333185695,3.152002823705312
0.6700000000000728,4258,5.914947821898103,3.152347314447522
0.6700000000000728,4259,5.91485231061051,3.1526918051897317
0.6700000000000728,4260,5.914756799322918,3.1530362959319413
0.6700000000000728,4261,5.914661288035326,3.1533807866741514
0.6700000000000728,4262,5.914565776747732,3.1537252774163615
0.6700000000000728,4263,5.914470265460141,3.154069768158571
0.6700000000000728,4264,5.914374754172548,3.1544142589007813
0.6700000000000728,4265,5.914279242884955,3.1547587496429914
0.6700000000000728,4266,5.9141837315973635,3.155103240385201
0.6700000000000728,4267,5.914088220309771,3.155447731127411
0.6700000000000728,4268,5.913992709022178,3.1557922218696213
0.6700000000000728,4269,5.913897197734586,3.156136712611831
0.6700000000000728,4270,5.913801686446993,3.1564812033540406
0.6700000000000728,4271,5.913706175159401,3.1568256940962507
0.6700000000000728,4272,5.913610663871809,3.157170184838461
0.6700000000000728,4273,5.913515152584217,3.1575146755806704
0.6700000000000728,4274,5.913419641296624,3.15785916632288
0.6700000000000728,4275,5.913324130009032,3.15820365706509
0.6700000000000728,4276,5.91322861872144,3.1585481478073003
0.6700000000000728,4277,5.913133107433847,3.15889263854951
0.6700000000000728,4278,5.913037596146255,3.15923712929172
0.6700000000000728,4279,5.912942084858662,3.15958162003393
0.6700000000000728,4280,5.91284657357107,3.15992611077614
0.6700000000000728,4281,5.912751062283477,3.1602706015183495
0.6700000000000728,4282,5.9126555509958845,3.16061509226056
0.6700000000000728,4283,5.912560039708293,3.1609595830027697
0.6700000000000728,4284,5.9124645284207,3.1613040737449793
0.6700000000000728,4285,5.912369017133107,3.1616485644871895
0.6700000000000728,4286,5.912273505845516,3.1619930552293996
0.6700000000000728,4287,5.912177994557922,3.162337545971609
0.6700000000000728,4288,5.91208248327033,3.1626820367138193
0.6700000000000728,4289,5.911986971982738,3.1630265274560294
0.6700000000000728,4290,5.911891460695145,3.163371018198239
0.6700000000000728,4291,5.911795949407553,3.1637155089404487
0.6700000000000728,4292,5.9117004381199605,3.164059999682659
0.6700000000000728,4293,5.911604926832368,3.164404490424869
0.6700000000000728,4294,5.911509415544776,3.1647489811670786
0.6700000000000728,4295,5.911413904257183,3.1650934719092882
0.6700000000000728,4296,5.911318392969591,3.1654379626514983
0.6700000000000728,4297,5.911222881681999,3.1657824533937085
0.6700000000000728,4298,5.911127370394406,3.166126944135918
0.6700000000000728,4299,5.911031859106814,3.166471434878128
0.6700000000000728,4300,5.910936347819222,3.1668159256203383
0.6700000000000728,4301,5.910840836531628,3.167160416362548
0.6700000000000728,4302,5.9107453252440365,3.1675049071047576
0.6700000000000728,4303,5.910649813956444,3.1678493978469677
0.6700000000000728,4304,5.910554302668851,3.168193888589178
0.6700000000000728,4305,5.910458791381259,3.1685383793313875
0.6700000000000728,4306,5.910363280093667,3.168882870073598
0.6700000000000728,4307,5.910267768806074,3.1692273608158077
0.6700000000000728,4308,5.910172257518482,3.1695718515580174
0.6700000000000728,4309,5.9100767462308905,3.1699163423002275
0.6700000000000728,4310,5.909981234943297,3.1702608330424376
0.6700000000000728,4311,5.909885723655705,3.170605323784647
0.6700000000000728,4312,5.9097902123681125,3.170949814526857
0.6700000000000728,4313,5.90969470108052,3.171294305269067
0.6700000000000728,4314,5.909599189792928,3.171638796011277
0.6700000000000728,4315,5.909503678505335,3.1719832867534867
0.6700000000000728,4316,5.909408167217743,3.1723277774956964
0.6700000000000728,4317,5.909312655930151,3.172672268237907
0.6700000000000728,4318,5.909217144642557,3.1730167589801166
0.6700000000000728,4319,5.909121633354966,3.1733612497223262
0.6700000000000728,4320,5.909026122067373,3.173705740464536
0.6700000000000728,4321,5.90893061077978,3.1740502312067465
0.6700000000000728,4322,5.9088350994921885,3.174394721948956
0.6700000000000728,4323,5.908739588204596,3.174739212691166
0.6700000000000728,4324,5.908644076917003,3.1750837034333763
0.6700000000000728,4325,5.908548565629411,3.175428194175586
0.6700000000000728,4326,5.908453054341819,3.175772684917796
0.6700000000000728,4327,5.908357543054226,3.1761171756600057
0.6700000000000728,4328,5.908262031766634,3.176461666402216
0.6700000000000728,4329,5.908166520479041,3.1768061571444255
0.6700000000000728,4330,5.908071009191449,3.1771506478866356
0.6700000000000728,4331,5.907975497903856,3.1774951386288453
0.6700000000000728,4332,5.907879986616264,3.1778396293710554
0.6700000000000728,4333,5.907784475328672,3.178184120113265
0.6700000000000728,4334,5.90768896404108,3.178528610855475
0.6700000000000728,4335,5.907593452753487,3.1788731015976848
0.6700000000000728,4336,5.907497941465895,3.179217592339895
0.6700000000000728,4337,5.907402430178303,3.1795620830821054
0.6700000000000728,4338,5.9073069188907095,3.179906573824315
0.6700000000000728,4339,5.907211407603118,3.1802510645665247
0.6700000000000728,4340,5.907115896315525,3.1805955553087344
0.6700000000000728,4341,5.907020385027932,3.180940046050945
0.6700000000000728,4342,5.906924873740341,3.1812845367931546
0.6700000000000728,4343,5.906829362452748,3.1816290275353643
0.6700000000000728,4344,5.906733851165155,3.181973518277574
0.6700000000000728,4345,5.9066383398775635,3.1823180090197845
0.6700000000000728,4346,5.90654282858997,3.182662499761994
0.6700000000000728,4347,5.906447317302378,3.1830069905042038
0.6700000000000728,4348,5.906351806014786,3.1833514812464143
0.6700000000000728,4349,5.906256294727193,3.183695971988624
0.6700000000000728,4350,5.906160783439601,3.184040462730834
0.6700000000000728,4351,5.906065272152008,3.1843849534730437
0.6700000000000728,4352,5.905969760864417,3.184729444215254
0.6700000000000728,4353,5.905874249576824,3.1850739349574635
0.6700000000000728,4354,5.905778738289231,3.1854184256996736
0.6700000000000728,4355,5.905683227001639,3.1857629164418833
0.6700000000000728,4356,5.905587715714047,3.1861074071840934
0.6700000000000728,4357,5.905492204426454,3.186451897926303
0.6700000000000728,4358,5.9053966931388615,3.186796388668513
0.6700000000000728,4359,5.905301181851269,3.187140879410723
0.6700000000000728,4360,5.905205670563676,3.187485370152933
0.6700000000000728,4361,5.905110159276084,3.187829860895143
0.6700000000000728,4362,5.905014647988493,3.1881743516373526
0.6700000000000728,4363,5.904919136700899,3.1885188423795627
0.6700000000000728,4364,5.904823625413307,3.1888633331217724
0.6700000000000728,4365,5.904728114125715,3.1892078238639825
0.6700000000000728,4366,5.904632602838123,3.1895523146061926
0.6700000000000728,4367,5.904537091550529,3.1898968053484023
0.6700000000000728,4368,5.9044415802629375,3.1902412960906124
0.6700000000000728,4369,5.904346068975345,3.190585786832822
0.6700000000000728,4370,5.904250557687753,3.190930277575032
0.6700000000000728,4371,5.90415504640016,3.1912747683172418
0.6700000000000728,4372,5.904059535112568,3.191619259059452
0.6700000000000728,4373,5.903964023824975,3.1919637498016615
0.6700000000000728,4374,5.903868512537383,3.1923082405438716
0.6700000000000728,4375,5.903773001249791,3.1926527312860813
0.6700000000000728,4376,5.903677489962198,3.1929972220282914
0.6700000000000728,4377,5.903581978674605,3.193341712770501
0.6700000000000728,4378,5.9034864673870135,3.193686203512711
0.6700000000000728,4379,5.903390956099422,3.1940306942549213
0.6700000000000728,4380,5.903295444811828,3.1943751849971314
0.6700000000000728,4381,5.903199933524236,3.194719675739341
0.6700000000000728,4382,5.903104422236644,3.1950641664815507
0.6700000000000728,4383,5.903008910949051,3.195408657223761
0.6700000000000728,4384,5.902913399661459,3.195753147965971
0.6700000000000728,4385,5.902817888373866,3.1960976387081805
0.6700000000000728,4386,5.902722377086274,3.19644212945039
0.6700000000000728,4387,5.902626865798682,3.1967866201926007
0.6700000000000728,4388,5.90253135451109,3.1971311109348104
0.6700000000000728,4389,5.902435843223497,3.1974756016770205
0.6700000000000728,4390,5.902340331935904,3.1978200924192306
0.6700000000000728,4391,5.9022448206483125,3.1981645831614403
0.6700000000000728,4392,5.90214930936072,3.1985090739036504
0.6700000000000728,4393,5.902053798073127,3.19885356464586
0.6700000000000728,4394,5.9019582867855345,3.19919805538807
0.6700000000000728,4395,5.901862775497943,3.1995425461302798
0.6700000000000728,4396,5.90176726421035,3.19988703687249
0.6700000000000728,4397,5.901671752922757,3.2002315276146995
0.6700000000000728,4398,5.901576241635165,3.2005760183569096
0.6700000000000728,4399,5.901480730347573,3.2009205090991193
0.6700000000000728,4400,5.90138521905998,3.2012649998413294
0.6700000000000728,4401,5.9012897077723885,3.2016094905835395
0.6700000000000728,4402,5.901194196484795,3.201953981325749
0.6700000000000728,4403,5.901098685197203,3.2022984720679593
0.6700000000000728,4404,5.901003173909611,3.202642962810169
0.6700000000000728,4405,5.900907662622019,3.202987453552379
0.6700000000000728,4406,5.900812151334426,3.2033319442945887
0.6700000000000728,4407,5.900716640046833,3.2036764350367988
0.6700000000000728,4408,5.900621128759241,3.2040209257790084
0.6700000000000728,4409,5.900525617471649,3.2043654165212185
0.6700000000000728,4410,5.900430106184055,3.204709907263428
0.6700000000000728,4411,5.900334594896464,3.2050543980056387
0.6700000000000728,4412,5.900239083608872,3.2053988887478484
0.6700000000000728,4413,5.900143572321279,3.205743379490058
0.6700000000000728,4414,5.9000480610336865,3.2060878702322686
0.6700000000000728,4415,5.899952549746094,3.2064323609744783
0.6700000000000728,4416,5.899857038458502,3.206776851716688
0.6700000000000728,4417,5.899761527170909,3.2071213424588976
0.6700000000000728,4418,5.899666015883318,3.207465833201108
0.6700000000000728,4419,5.899570504595724,3.2078103239433178
0.6700000000000728,4420,5.899474993308132,3.208154814685528
0.6700000000000728,4421,5.89937948202054,3.2084993054277375
0.6700000000000728,4422,5.899283970732948,3.2088437961699476
0.6700000000000728,4423,5.899188459445354,3.2091882869121573
0.6700000000000728,4424,5.8990929481577625,3.2095327776543674
0.6700000000000728,4425,5.89899743687017,3.2098772683965775
0.6700000000000728,4426,5.898901925582578,3.210221759138787
0.6700000000000728,4427,5.898806414294985,3.2105662498809973
0.6700000000000728,4428,5.898710903007393,3.210910740623207
0.6700000000000728,4429,5.8986153917198,3.211255231365417
0.6700000000000728,4430,5.898519880432208,3.2115997221076267
0.6700000000000728,4431,5.898424369144616,3.2119442128498368
0.6700000000000728,4432,5.898328857857024,3.212288703592047
0.6700000000000728,4433,5.89823334656943,3.2126331943342565
0.6700000000000728,4434,5.8981378352818385,3.2129776850764666
0.6700000000000728,4435,5.898042323994246,3.2133221758186763
0.6700000000000728,4436,5.897946812706654,3.2136666665608864
0.6700000000000728,4437,5.8978513014190606,3.214011157303096
0.6700000000000728,4438,5.897755790131469,3.214355648045306
0.6700000000000728,4439,5.897660278843876,3.214700138787516
0.6700000000000728,4440,5.897564767556284,3.215044629529726
0.6700000000000728,4441,5.897469256268691,3.2153891202719356
0.6700000000000728,4442,5.897373744981099,3.2157336110141457
0.6700000000000728,4443,5.897278233693507,3.216078101756356
0.6700000000000728,4444,5.897182722405915,3.2164225924985654
0.6700000000000728,4445,5.897087211118322,3.2167670832407755
0.6700000000000728,4446,5.896991699830729,3.217111573982985
0.6700000000000728,4447,5.896896188543137,3.2174560647251953
0.6700000000000728,4448,5.896800677255545,3.217800555467405
0.6700000000000728,4449,5.896705165967953,3.218145046209615
0.6700000000000728,4450,5.8966096546803595,3.2184895369518247
0.6700000000000728,4451,5.896514143392768,3.218834027694035
0.6700000000000728,4452,5.896418632105175,3.2191785184362445
0.6700000000000728,4453,5.896323120817583,3.219523009178455
0.6700000000000728,4454,5.89622760952999,3.2198674999206647
0.6700000000000728,4455,5.896132098242398,3.2202119906628743
0.6700000000000728,4456,5.896036586954805,3.220556481405085
0.6700000000000728,4457,5.8959410756672135,3.2209009721472945
0.6700000000000728,4458,5.89584556437962,3.2212454628895046
0.6700000000000728,4459,5.895750053092028,3.2215899536317143
0.6700000000000728,4460,5.8956545418044355,3.2219344443739244
0.6700000000000728,4461,5.895559030516844,3.222278935116134
0.6700000000000728,4462,5.895463519229251,3.222623425858344
0.6700000000000728,4463,5.895368007941658,3.222967916600554
0.6700000000000728,4464,5.895272496654066,3.223312407342764
0.6700000000000728,4465,5.895176985366474,3.2236568980849736
0.6700000000000728,4466,5.895081474078881,3.2240013888271837
0.6700000000000728,4467,5.894985962791289,3.224345879569394
0.6700000000000728,4468,5.894890451503696,3.2246903703116034
0.6700000000000728,4469,5.894794940216104,3.2250348610538135
0.6700000000000728,4470,5.8946994289285115,3.225379351796023
0.6700000000000728,4471,5.894603917640919,3.2257238425382333
0.6700000000000728,4472,5.894508406353327,3.226068333280443
0.6700000000000728,4473,5.894412895065734,3.226412824022653
0.6700000000000728,4474,5.894317383778143,3.2267573147648627
0.6700000000000728,4475,5.894221872490549,3.227101805507073
0.6700000000000728,4476,5.894126361202957,3.2274462962492825
0.6700000000000728,4477,5.894030849915365,3.2277907869914926
0.6700000000000728,4478,5.893935338627773,3.2281352777337027
0.6700000000000728,4479,5.89383982734018,3.2284797684759123
0.6700000000000728,4480,5.8937443160525875,3.2288242592181224
0.6700000000000728,4481,5.893648804764995,3.229168749960332
0.6700000000000728,4482,5.893553293477403,3.229513240702542
0.6700000000000728,4483,5.89345778218981,3.229857731444752
0.6700000000000728,4484,5.893362270902218,3.2302022221869624
0.6700000000000728,4485,5.893266759614625,3.230546712929172
0.6700000000000728,4486,5.893171248327033,3.230891203671382
0.6700000000000728,4487,5.893075737039441,3.231235694413592
0.6700000000000728,4488,5.892980225751849,3.2315801851558015
0.6700000000000728,4489,5.892884714464255,3.2319246758980116
0.6700000000000728,4490,5.8927892031766635,3.2322691666402212
0.6700000000000728,4491,5.892693691889071,3.2326136573824313
0.6700000000000728,4492,5.892598180601479,3.2329581481246414
0.6700000000000728,4493,5.892502669313886,3.2333026388668515
0.6700000000000728,4494,5.892407158026294,3.233647129609061
0.6700000000000728,4495,5.892311646738701,3.2339916203512713
0.6700000000000728,4496,5.892216135451109,3.234336111093481
0.6700000000000728,4497,5.892120624163517,3.234680601835691
0.6700000000000728,4498,5.892025112875924,3.235025092577901
0.6700000000000728,4499,5.891929601588331,3.235369583320111
0.6700000000000728,4500,5.89183409030074,3.235714074062321
0.6700000000000728,4501,5.891738579013147,3.2360585648045306
0.6700000000000728,4502,5.891643067725554,3.2364030555467407
0.6700000000000728,4503,5.891547556437962,3.2367475462889503
0.6700000000000728,4504,5.89145204515037,3.2370920370311604
0.6700000000000728,4505,5.891356533862777,3.23743652777337
0.6700000000000728,4506,5.8912610225751845,3.23778101851558
0.6700000000000728,4507,5.891165511287592,3.23812550925779
0.6700000000000728,4508,5.89107,3.23847
