Time_sec,Waypoint_Index,X,Y
0.0,0,1.5436031896565447,-1.3250546447329548
0.0,1,1.5445461677023267,-1.3241356108796054
0.0,2,1.5454891457481081,-1.3232165770262563
0.0,3,1.54643212379389,-1.3222975431729072
0.0,4,1.547375101839672,-1.321378509319558
0.0,5,1.548318079885454,-1.3204594754662087
0.0,6,1.5492610579312354,-1.3195404416128593
0.0,7,1.5502040359770173,-1.3186214077595104
0.0,8,1.5511470140227992,-1.317702373906161
0.0,9,1.5520899920685811,-1.3167833400528117
0.0,10,1.5530329701143626,-1.3158643061994626
0.0,11,1.5539759481601445,-1.3149452723461135
0.0,12,1.5549189262059264,-1.3140262384927643
0.0,13,1.5558619042517083,-1.313107204639415
0.0,14,1.5568048822974898,-1.3121881707860656
0.0,15,1.5577478603432717,-1.3112691369327165
0.0,16,1.5586908383890536,-1.3103501030793674
0.0,17,1.5596338164348353,-1.3094310692260183
0.0,18,1.560576794480617,-1.308512035372669
0.0,19,1.561519772526399,-1.3075930015193196
0.0,20,1.5624627505721809,-1.3066739676659707
0.0,21,1.5634057286179626,-1.3057549338126213
0.0,22,1.5643487066637443,-1.304835899959272
0.0,23,1.5652916847095262,-1.3039168661059228
0.0,24,1.566234662755308,-1.3029978322525737
0.0,25,1.5671776408010896,-1.3020787983992246
0.0,26,1.5681206188468715,-1.3011597645458752
0.0,27,1.5690635968926534,-1.3002407306925259
0.0,28,1.5700065749384353,-1.2993216968391768
0.0,29,1.5709495529842168,-1.2984026629858276
0.0,30,1.5718925310299987,-1.2974836291324783
0.0,31,1.5728355090757806,-1.2965645952791292
0.0,32,1.5737784871215623,-1.2956455614257798
0.0,33,1.574721465167344,-1.294726527572431
0.0,34,1.575664443213126,-1.2938074937190815
0.0,35,1.5766074212589078,-1.2928884598657322
0.0,36,1.5775503993046895,-1.291969426012383
0.0,37,1.5784933773504715,-1.291050392159034
0.0,38,1.5794363553962534,-1.2901313583056848
0.0,39,1.580379333442035,-1.2892123244523357
0.0,40,1.5813223114878168,-1.2882932905989863
0.0,41,1.5822652895335987,-1.2873742567456372
0.0,42,1.5832082675793806,-1.2864552228922879
0.0,43,1.5841512456251623,-1.285536189038939
0.0,44,1.585094223670944,-1.2846171551855896
0.0,45,1.586037201716726,-1.2836981213322403
0.0,46,1.5869801797625078,-1.2827790874788911
0.0,47,1.5879231578082895,-1.2818600536255418
0.0,48,1.5888661358540712,-1.2809410197721927
0.0,49,1.5898091138998531,-1.2800219859188435
0.0,50,1.590752091945635,-1.2791029520654942
0.0,51,1.5916950699914165,-1.278183918212145
0.0,52,1.5926380480371984,-1.277264884358796
0.0,53,1.5935810260829804,-1.2763458505054466
0.0,54,1.594524004128762,-1.2754268166520975
0.0,55,1.5954669821745437,-1.274507782798748
0.0,56,1.5964099602203257,-1.2735887489453992
0.0,57,1.5973529382661076,-1.2726697150920498
0.0,58,1.5982959163118893,-1.2717506812387005
0.0,59,1.599238894357671,-1.2708316473853514
0.0,60,1.6001818724034529,-1.269912613532002
0.0,61,1.6011248504492348,-1.268993579678653
0.0,62,1.6020678284950165,-1.2680745458253038
0.0,63,1.6030108065407982,-1.2671555119719544
0.0,64,1.6039537845865801,-1.2662364781186053
0.0,65,1.6048967626323618,-1.2653174442652562
0.0,66,1.6058397406781437,-1.2643984104119068
0.0,67,1.6067827187239254,-1.2634793765585577
0.0,68,1.6077256967697073,-1.2625603427052083
0.0,69,1.608668674815489,-1.2616413088518592
0.0,70,1.609611652861271,-1.26072227499851
0.0,71,1.6105546309070526,-1.2598032411451607
0.0,72,1.6114976089528346,-1.2588842072918116
0.0,73,1.6124405869986163,-1.2579651734384623
0.0,74,1.6133835650443982,-1.2570461395851131
0.0,75,1.6143265430901799,-1.256127105731764
0.0,76,1.6152695211359616,-1.2552080718784147
0.0,77,1.6162124991817435,-1.2542890380250653
0.0,78,1.6171554772275252,-1.2533700041717164
0.0,79,1.618098455273307,-1.252450970318367
0.0,80,1.6190414333190888,-1.251531936465018
0.0,81,1.6199844113648707,-1.2506129026116686
0.0,82,1.6209273894106524,-1.2496938687583192
0.0,83,1.6218703674564343,-1.2487748349049703
0.0,84,1.622813345502216,-1.247855801051621
0.0,85,1.623756323547998,-1.2469367671982718
0.0,86,1.6246993015937796,-1.2460177333449225
0.0,87,1.6256422796395615,-1.2450986994915736
0.0,88,1.6265852576853435,-1.2441796656382245
0.0,89,1.6275282357311252,-1.2432606317848751
0.0,90,1.628471213776907,-1.2423415979315258
0.0,91,1.629414191822689,-1.2414225640781766
0.0,92,1.6303571698684707,-1.2405035302248273
0.0,93,1.6313001479142524,-1.2395844963714784
0.0,94,1.6322431259600343,-1.238665462518129
0.0,95,1.6331861040058162,-1.2377464286647797
0.0,96,1.634129082051598,-1.2368273948114306
0.0,97,1.6350720600973796,-1.2359083609580814
0.0,98,1.6360150381431615,-1.2349893271047323
0.0,99,1.6369580161889434,-1.234070293251383
0.0,100,1.6379009942347251,-1.2331512593980336
0.0,101,1.6388439722805068,-1.2322322255446845
0.0,102,1.6397869503262887,-1.2313131916913354
0.0,103,1.6407299283720707,-1.2303941578379862
0.0,104,1.6416729064178521,-1.2294751239846369
0.0,105,1.642615884463634,-1.2285560901312875
0.0,106,1.643558862509416,-1.2276370562779386
0.0,107,1.6445018405551977,-1.2267180224245893
0.0,108,1.6454448186009794,-1.2257989885712401
0.0,109,1.6463877966467613,-1.2248799547178908
0.0,110,1.6473307746925432,-1.2239609208645417
0.0,111,1.6482737527383249,-1.2230418870111925
0.0,112,1.6492167307841066,-1.2221228531578432
0.0,113,1.6501597088298885,-1.2212038193044938
0.0,114,1.6511026868756704,-1.2202847854511447
0.0,115,1.652045664921452,-1.2193657515977956
0.0,116,1.6529886429672338,-1.2184467177444465
0.0,117,1.6539316210130157,-1.2175276838910971
0.0,118,1.6548745990587976,-1.2166086500377478
0.0,119,1.6558175771045793,-1.2156896161843989
0.0,120,1.656760555150361,-1.2147705823310495
0.0,121,1.657703533196143,-1.2138515484777002
0.0,122,1.6586465112419246,-1.212932514624351
0.0,123,1.6595894892877066,-1.212013480771002
0.0,124,1.6605324673334882,-1.2110944469176528
0.0,125,1.6614754453792702,-1.2101754130643034
0.0,126,1.6624184234250519,-1.209256379210954
0.0,127,1.6633614014708336,-1.208337345357605
0.0,128,1.6643043795166155,-1.2074183115042558
0.0,129,1.6652473575623974,-1.2064992776509067
0.0,130,1.666190335608179,-1.2055802437975573
0.0,131,1.6671333136539608,-1.2046612099442082
0.0,132,1.6680762916997427,-1.2037421760908589
0.0,133,1.6690192697455246,-1.2028231422375097
0.0,134,1.6699622477913063,-1.2019041083841606
0.0,135,1.670905225837088,-1.2009850745308113
0.0,136,1.67184820388287,-1.2000660406774621
0.0,137,1.6727911819286518,-1.199147006824113
0.0,138,1.6737341599744335,-1.1982279729707637
0.0,139,1.6746771380202152,-1.1973089391174145
0.0,140,1.6756201160659971,-1.1963899052640652
0.0,141,1.676563094111779,-1.195470871410716
0.0,142,1.6775060721575608,-1.194551837557367
0.0,143,1.6784490502033425,-1.1936328037040176
0.0,144,1.6793920282491244,-1.1927137698506685
0.0,145,1.680335006294906,-1.191794735997319
0.0,146,1.6812779843406878,-1.19087570214397
0.0,147,1.6822209623864697,-1.1899566682906206
0.0,148,1.6831639404322514,-1.1890376344372715
0.0,149,1.6841069184780333,-1.1881186005839224
0.0,150,1.685049896523815,-1.187199566730573
0.0,151,1.685992874569597,-1.186280532877224
0.0,152,1.6869358526153786,-1.1853614990238746
0.0,153,1.6878788306611605,-1.1844424651705254
0.0,154,1.6888218087069422,-1.1835234313171763
0.0,155,1.6897647867527241,-1.1826043974638272
0.0,156,1.6907077647985058,-1.1816853636104778
0.0,157,1.6916507428442877,-1.1807663297571287
0.0,158,1.6925937208900694,-1.1798472959037793
0.0,159,1.6935366989358513,-1.1789282620504302
0.0,160,1.694479676981633,-1.178009228197081
0.0,161,1.695422655027415,-1.1770901943437317
0.0,162,1.6963656330731967,-1.1761711604903826
0.0,163,1.6973086111189786,-1.1752521266370333
0.0,164,1.6982515891647603,-1.1743330927836841
0.0,165,1.6991945672105422,-1.173414058930335
0.0,166,1.7001375452563239,-1.1724950250769857
0.0,167,1.7010805233021058,-1.1715759912236365
0.0,168,1.7020235013478875,-1.1706569573702872
0.0,169,1.7029664793936694,-1.169737923516938
0.0,170,1.703909457439451,-1.168818889663589
0.0,171,1.704852435485233,-1.1678998558102396
0.0,172,1.7057954135310147,-1.1669808219568905
0.0,173,1.7067383915767966,-1.166061788103541
0.0,174,1.7076813696225783,-1.165142754250192
0.0,175,1.7086243476683602,-1.1642237203968429
0.0,176,1.7095673257141417,-1.1633046865434937
0.0,177,1.7105103037599236,-1.1623856526901446
0.0,178,1.7114532818057056,-1.1614666188367953
0.0,179,1.7123962598514875,-1.1605475849834461
0.0,180,1.7133392378972692,-1.1596285511300968
0.0,181,1.7142822159430509,-1.1587095172767476
0.0,182,1.7152251939888328,-1.1577904834233983
0.0,183,1.7161681720346147,-1.1568714495700492
0.0,184,1.7171111500803964,-1.1559524157167
0.0,185,1.718054128126178,-1.1550333818633507
0.0,186,1.71899710617196,-1.1541143480100016
0.0,187,1.719940084217742,-1.1531953141566524
0.0,188,1.7208830622635236,-1.152276280303303
0.0,189,1.7218260403093053,-1.151357246449954
0.0,190,1.7227690183550872,-1.1504382125966046
0.0,191,1.7237119964008691,-1.1495191787432555
0.0,192,1.7246549744466508,-1.1486001448899064
0.0,193,1.7255979524924325,-1.1476811110365572
0.0,194,1.7265409305382144,-1.1467620771832079
0.0,195,1.7274839085839964,-1.1458430433298585
0.0,196,1.728426886629778,-1.1449240094765094
0.0,197,1.7293698646755598,-1.1440049756231603
0.0,198,1.7303128427213417,-1.1430859417698112
0.0,199,1.7312558207671236,-1.1421669079164618
0.0,200,1.732198798812905,-1.1412478740631127
0.0,201,1.733141776858687,-1.1403288402097633
0.0,202,1.734084754904469,-1.1394098063564142
0.0,203,1.7350277329502508,-1.138490772503065
0.0,204,1.7359707109960323,-1.137571738649716
0.0,205,1.7369136890418142,-1.1366527047963666
0.0,206,1.7378566670875961,-1.1357336709430172
0.0,207,1.738799645133378,-1.1348146370896681
0.0,208,1.7397426231791595,-1.133895603236319
0.0,209,1.7406856012249414,-1.1329765693829699
0.0,210,1.7416285792707233,-1.1320575355296207
0.0,211,1.7425715573165053,-1.1311385016762714
0.0,212,1.743514535362287,-1.1302194678229223
0.0,213,1.7444575134080686,-1.129300433969573
0.0,214,1.7454004914538506,-1.1283814001162238
0.0,215,1.7463434694996325,-1.1274623662628747
0.0,216,1.7472864475454142,-1.1265433324095253
0.0,217,1.7482294255911959,-1.1256242985561762
0.0,218,1.7491724036369778,-1.1247052647028268
0.0,219,1.7501153816827597,-1.1237862308494777
0.0,220,1.7510583597285414,-1.1228671969961286
0.0,221,1.752001337774323,-1.1219481631427795
0.0,222,1.752944315820105,-1.12102912928943
0.0,223,1.753887293865887,-1.120110095436081
0.0,224,1.7548302719116686,-1.1191910615827316
0.0,225,1.7557732499574503,-1.1182720277293825
0.0,226,1.7567162280032322,-1.1173529938760332
0.0,227,1.7576592060490142,-1.116433960022684
0.0,228,1.7586021840947956,-1.1155149261693347
0.0,229,1.7595451621405775,-1.1145958923159855
0.0,230,1.7604881401863595,-1.1136768584626364
0.0,231,1.7614311182321414,-1.112757824609287
0.0,232,1.7623740962779229,-1.111838790755938
0.0,233,1.7633170743237048,-1.1109197569025886
0.0,234,1.7642600523694867,-1.1100007230492395
0.0,235,1.7652030304152686,-1.1090816891958903
0.0,236,1.76614600846105,-1.1081626553425412
0.0,237,1.767088986506832,-1.1072436214891919
0.0,238,1.768031964552614,-1.1063245876358425
0.0,239,1.7689749425983958,-1.1054055537824934
0.0,240,1.7699179206441773,-1.1044865199291443
0.0,241,1.7708608986899592,-1.1035674860757951
0.0,242,1.771803876735741,-1.1026484522224458
0.0,243,1.7727468547815228,-1.1017294183690967
0.0,244,1.7736898328273045,-1.1008103845157473
0.0,245,1.7746328108730864,-1.0998913506623982
0.0,246,1.7755757889188681,-1.098972316809049
0.0,247,1.77651876696465,-1.0980532829556997
0.0,248,1.7774617450104317,-1.0971342491023506
0.0,249,1.7784047230562137,-1.0962152152490012
0.0,250,1.7793477011019954,-1.095296181395652
0.0,251,1.780290679147777,-1.094377147542303
0.0,252,1.781233657193559,-1.0934581136889536
0.0,253,1.7821766352393407,-1.0925390798356045
0.0,254,1.7831196132851226,-1.0916200459822551
0.0,255,1.7840625913309043,-1.090701012128906
0.0,256,1.7850055693766862,-1.089781978275557
0.0,257,1.785948547422468,-1.0888629444222075
0.0,258,1.7868915254682498,-1.0879439105688584
0.0,259,1.7878345035140315,-1.087024876715509
0.0,260,1.7887774815598134,-1.08610584286216
0.0,261,1.7897204596055951,-1.0851868090088108
0.0,262,1.790663437651377,-1.0842677751554617
0.0,263,1.7916064156971587,-1.0833487413021123
0.0,264,1.7925493937429406,-1.082429707448763
0.0,265,1.7934923717887223,-1.0815106735954139
0.0,266,1.7944353498345043,-1.0805916397420647
0.0,267,1.795378327880286,-1.0796726058887156
0.0,268,1.7963213059260679,-1.0787535720353663
0.0,269,1.7972642839718496,-1.0778345381820171
0.0,270,1.7982072620176315,-1.0769155043286678
0.0,271,1.7991502400634132,-1.0759964704753187
0.0,272,1.800093218109195,-1.0750774366219695
0.0,273,1.8010361961549768,-1.0741584027686204
0.0,274,1.8019791742007587,-1.073239368915271
0.0,275,1.8029221522465404,-1.0723203350619217
0.0,276,1.803865130292322,-1.0714013012085726
0.0,277,1.804808108338104,-1.0704822673552234
0.0,278,1.8057510863838857,-1.0695632335018743
0.0,279,1.8066940644296676,-1.068644199648525
0.0,280,1.8076370424754493,-1.0677251657951758
0.0,281,1.8085800205212312,-1.0668061319418265
0.0,282,1.809522998567013,-1.0658870980884774
0.0,283,1.8104659766127948,-1.0649680642351282
0.0,284,1.8114089546585765,-1.064049030381779
0.0,285,1.8123519327043585,-1.0631299965284298
0.0,286,1.8132949107501402,-1.0622109626750804
0.0,287,1.814237888795922,-1.0612919288217313
0.0,288,1.8151808668417038,-1.060372894968382
0.0,289,1.8161238448874855,-1.059453861115033
0.0,290,1.8170668229332674,-1.0585348272616837
0.0,291,1.8180098009790493,-1.0576157934083343
0.0,292,1.818952779024831,-1.0566967595549852
0.0,293,1.8198957570706127,-1.055777725701636
0.0,294,1.8208387351163946,-1.054858691848287
0.0,295,1.8217817131621765,-1.0539396579949376
0.0,296,1.8227246912079582,-1.0530206241415883
0.0,297,1.82366766925374,-1.0521015902882391
0.0,298,1.8246106472995218,-1.05118255643489
0.0,299,1.8255536253453037,-1.0502635225815409
0.0,300,1.8264966033910854,-1.0493444887281915
0.0,301,1.8274395814368671,-1.0484254548748424
0.0,302,1.828382559482649,-1.047506421021493
0.0,303,1.829325537528431,-1.046587387168144
0.0,304,1.8302685155742124,-1.0456683533147948
0.0,305,1.8312114936199944,-1.0447493194614457
0.0,306,1.8321544716657763,-1.0438302856080963
0.0,307,1.8330974497115582,-1.042911251754747
0.0,308,1.8340404277573397,-1.0419922179013978
0.0,309,1.8349834058031216,-1.0410731840480487
0.0,310,1.8359263838489035,-1.0401541501946996
0.0,311,1.8368693618946854,-1.0392351163413502
0.0,312,1.8378123399404669,-1.0383160824880011
0.0,313,1.8387553179862488,-1.0373970486346518
0.0,314,1.8396982960320307,-1.0364780147813026
0.0,315,1.8406412740778126,-1.0355589809279535
0.0,316,1.8415842521235941,-1.0346399470746042
0.0,317,1.842527230169376,-1.033720913221255
0.0,318,1.843470208215158,-1.0328018793679057
0.0,319,1.8444131862609399,-1.0318828455145566
0.0,320,1.8453561643067213,-1.0309638116612074
0.0,321,1.8462991423525033,-1.0300447778078583
0.0,322,1.8472421203982852,-1.029125743954509
0.0,323,1.848185098444067,-1.0282067101011596
0.0,324,1.8491280764898486,-1.0272876762478105
0.0,325,1.8500710545356305,-1.0263686423944614
0.0,326,1.8510140325814124,-1.0254496085411122
0.0,327,1.8519570106271943,-1.0245305746877629
0.0,328,1.8528999886729758,-1.0236115408344135
0.0,329,1.8538429667187577,-1.0226925069810644
0.0,330,1.8547859447645396,-1.0217734731277153
0.0,331,1.8557289228103215,-1.020854439274366
0.0,332,1.856671900856103,-1.0199354054210168
0.0,333,1.857614878901885,-1.0190163715676677
0.0,334,1.8585578569476668,-1.0180973377143183
0.0,335,1.8595008349934488,-1.0171783038609692
0.0,336,1.8604438130392302,-1.01625927000762
0.0,337,1.8613867910850121,-1.0153402361542707
0.0,338,1.862329769130794,-1.0144212023009216
0.0,339,1.863272747176576,-1.0135021684475722
0.0,340,1.8642157252223575,-1.012583134594223
0.0,341,1.8651587032681394,-1.011664100740874
0.0,342,1.8661016813139213,-1.0107450668875246
0.0,343,1.8670446593597032,-1.0098260330341755
0.0,344,1.8679876374054847,-1.0089069991808264
0.0,345,1.8689306154512666,-1.007987965327477
0.0,346,1.8698735934970485,-1.007068931474128
0.0,347,1.8708165715428304,-1.0061498976207788
0.0,348,1.871759549588612,-1.0052308637674294
0.0,349,1.8727025276343938,-1.0043118299140803
0.0,350,1.8736455056801757,-1.003392796060731
0.0,351,1.8745884837259577,-1.0024737622073818
0.0,352,1.8755314617717391,-1.0015547283540327
0.0,353,1.876474439817521,-1.0006356945006836
0.0,354,1.877417417863303,-0.9997166606473342
0.0,355,1.8783603959090847,-0.998797626793985
0.0,356,1.8793033739548664,-0.9978785929406357
0.0,357,1.8802463520006483,-0.9969595590872866
0.0,358,1.8811893300464302,-0.9960405252339374
0.0,359,1.8821323080922119,-0.9951214913805881
0.0,360,1.8830752861379936,-0.9942024575272389
0.0,361,1.8840182641837755,-0.9932834236738897
0.0,362,1.8849612422295574,-0.9923643898205405
0.0,363,1.885904220275339,-0.9914453559671914
0.0,364,1.8868471983211208,-0.9905263221138421
0.0,365,1.8877901763669027,-0.9896072882604929
0.0,366,1.8887331544126844,-0.9886882544071437
0.0,367,1.8896761324584663,-0.9877692205537945
0.0,368,1.890619110504248,-0.9868501867004453
0.0,369,1.89156208855003,-0.985931152847096
0.0,370,1.8925050665958116,-0.9850121189937469
0.0,371,1.8934480446415936,-0.9840930851403976
0.0,372,1.8943910226873752,-0.9831740512870484
0.0,373,1.8953340007331572,-0.9822550174336991
0.0,374,1.8962769787789389,-0.9813359835803499
0.0,375,1.8972199568247208,-0.9804169497270008
0.0,376,1.8981629348705025,-0.9794979158736516
0.0,377,1.8991059129162844,-0.9785788820203024
0.0,378,1.900048890962066,-0.9776598481669532
0.0,379,1.9009918690078478,-0.9767408143136039
0.0,380,1.9019348470536297,-0.9758217804602547
0.0,381,1.9028778250994116,-0.9749027466069056
0.0,382,1.9038208031451933,-0.9739837127535562
0.0,383,1.904763781190975,-0.9730646789002071
0.0,384,1.905706759236757,-0.9721456450468579
0.0,385,1.9066497372825388,-0.9712266111935086
0.0,386,1.9075927153283205,-0.9703075773401595
0.0,387,1.9085356933741022,-0.9693885434868101
0.0,388,1.9094786714198841,-0.968469509633461
0.0,389,1.9104216494656658,-0.9675504757801119
0.0,390,1.9113646275114478,-0.9666314419267626
0.0,391,1.9123076055572295,-0.9657124080734134
0.0,392,1.9132505836030114,-0.9647933742200642
0.0,393,1.914193561648793,-0.9638743403667149
0.0,394,1.915136539694575,-0.9629553065133658
0.0,395,1.9160795177403567,-0.9620362726600166
0.0,396,1.9170224957861386,-0.9611172388066673
0.0,397,1.9179654738319203,-0.9601982049533181
0.0,398,1.9189084518777022,-0.9592791710999689
0.0,399,1.919851429923484,-0.9583601372466197
0.0,400,1.9207944079692658,-0.9574411033932706
0.0,401,1.9217373860150475,-0.9565220695399212
0.0,402,1.9226803640608294,-0.9556030356865721
0.0,403,1.9236233421066111,-0.9546840018332229
0.0,404,1.924566320152393,-0.9537649679798736
0.0,405,1.9255092981981747,-0.9528459341265244
0.0,406,1.9264522762439567,-0.9519269002731752
0.0,407,1.9273952542897383,-0.951007866419826
0.0,408,1.9283382323355203,-0.9500888325664768
0.0,409,1.929281210381302,-0.9491697987131276
0.0,410,1.9302241884270839,-0.9482507648597783
0.0,411,1.9311671664728656,-0.9473317310064291
0.0,412,1.9321101445186473,-0.94641269715308
0.0,413,1.9330531225644292,-0.9454936632997308
0.0,414,1.933996100610211,-0.9445746294463815
0.0,415,1.9349390786559928,-0.9436555955930322
0.0,416,1.9358820567017745,-0.9427365617396831
0.0,417,1.9368250347475564,-0.9418175278863339
0.0,418,1.937768012793338,-0.9408984940329848
0.0,419,1.9387109908391198,-0.9399794601796356
0.0,420,1.9396539688849017,-0.9390604263262863
0.0,421,1.9405969469306836,-0.9381413924729372
0.0,422,1.9415399249764653,-0.9372223586195879
0.0,423,1.942482903022247,-0.9363033247662387
0.0,424,1.943425881068029,-0.9353842909128894
0.0,425,1.9443688591138109,-0.9344652570595402
0.0,426,1.9453118371595925,-0.9335462232061911
0.0,427,1.9462548152053742,-0.9326271893528418
0.0,428,1.9471977932511562,-0.9317081554994927
0.0,429,1.948140771296938,-0.9307891216461434
0.0,430,1.9490837493427198,-0.9298700877927941
0.0,431,1.9500267273885015,-0.928951053939445
0.0,432,1.9509697054342834,-0.9280320200860959
0.0,433,1.9519126834800653,-0.9271129862327465
0.0,434,1.952855661525847,-0.9261939523793974
0.0,435,1.9537986395716287,-0.9252749185260482
0.0,436,1.9547416176174106,-0.9243558846726989
0.0,437,1.9556845956631925,-0.9234368508193498
0.0,438,1.9566275737089742,-0.9225178169660004
0.0,439,1.957570551754756,-0.9215987831126513
0.0,440,1.9585135298005378,-0.9206797492593021
0.0,441,1.9594565078463198,-0.9197607154059528
0.0,442,1.9603994858921014,-0.9188416815526037
0.0,443,1.9613424639378831,-0.9179226476992544
0.0,444,1.962285441983665,-0.9170036138459052
0.0,445,1.9632284200294468,-0.9160845799925561
0.0,446,1.9641713980752287,-0.9151655461392069
0.0,447,1.9651143761210104,-0.9142465122858575
0.0,448,1.9660573541667923,-0.9133274784325084
0.0,449,1.967000332212574,-0.9124084445791592
0.0,450,1.967943310258356,-0.91148941072581
0.0,451,1.9688862883041376,-0.9105703768724608
0.0,452,1.9698292663499195,-0.9096513430191115
0.0,453,1.9707722443957012,-0.9087323091657623
0.0,454,1.9717152224414831,-0.9078132753124132
0.0,455,1.9726582004872648,-0.9068942414590639
0.0,456,1.9736011785330467,-0.9059752076057146
0.0,457,1.9745441565788284,-0.9050561737523655
0.0,458,1.9754871346246103,-0.9041371398990162
0.0,459,1.976430112670392,-0.9032181060456671
0.0,460,1.977373090716174,-0.9022990721923179
0.0,461,1.9783160687619556,-0.9013800383389686
0.0,462,1.9792590468077376,-0.9004610044856194
0.0,463,1.9802020248535193,-0.8995419706322703
0.0,464,1.9811450028993012,-0.898622936778921
0.0,465,1.9820879809450829,-0.8977039029255719
0.0,466,1.9830309589908648,-0.8967848690722225
0.0,467,1.9839739370366465,-0.8958658352188733
0.0,468,1.9849169150824284,-0.8949468013655242
0.0,469,1.98585989312821,-0.894027767512175
0.0,470,1.986802871173992,-0.8931087336588257
0.0,471,1.9877458492197737,-0.8921896998054765
0.0,472,1.9886888272655554,-0.8912706659521273
0.0,473,1.9896318053113373,-0.8903516320987781
0.0,474,1.9905747833571192,-0.889432598245429
0.0,475,1.991517761402901,-0.8885135643920796
0.0,476,1.9924607394486826,-0.8875945305387305
0.0,477,1.9934037174944645,-0.8866754966853813
0.0,478,1.9943466955402465,-0.8857564628320321
0.0,479,1.9952896735860282,-0.8848374289786828
0.0,480,1.9962326516318099,-0.8839183951253337
0.0,481,1.9971756296775918,-0.8829993612719844
0.0,482,1.9981186077233737,-0.8820803274186353
0.0,483,1.9990615857691552,-0.881161293565286
0.0,484,2.000004563814937,-0.8802422597119368
0.0,485,2.000947541860719,-0.8793232258585876
0.0,486,2.001890519906501,-0.8784041920052384
0.0,487,2.0028334979522824,-0.8774851581518892
0.0,488,2.0037764759980643,-0.8765661242985401
0.0,489,2.004719454043846,-0.8756470904451907
0.0,490,2.005662432089628,-0.8747280565918415
0.0,491,2.0066054101354096,-0.8738090227384924
0.0,492,2.0075483881811915,-0.8728899888851431
0.0,493,2.0084913662269734,-0.871970955031794
0.0,494,2.0094343442727554,-0.8710519211784447
0.0,495,2.010377322318537,-0.8701328873250955
0.0,496,2.0113203003643187,-0.8692138534717463
0.0,497,2.0122632784101,-0.8682948196183972
0.0,498,2.013206256455882,-0.8673757857650478
0.0,499,2.014149234501664,-0.8664567519116987
0.0,500,2.015092212547446,-0.8655377180583494
0.0,501,2.015092212547446,-0.8655377180583494
0.0,502,2.016978082682945,-0.8637002884193399
0.0,503,2.0188637809063144,-0.8618641349157079
0.0,504,2.0207493072175544,-0.8600292575474535
0.0,505,2.0226346616166646,-0.8581956563145767
0.0,506,2.0245198441036454,-0.8563633312170778
0.0,507,2.0264048546784967,-0.8545322822549564
0.0,508,2.028289693341219,-0.8527025094282125
0.0,509,2.030174360091811,-0.8508740127368464
0.0,510,2.0320588549302743,-0.8490467921808579
0.0,511,2.0339431778566075,-0.8472208477602469
0.0,512,2.035827328870812,-0.8453961794750137
0.0,513,2.037711307972886,-0.8435727873251581
0.0,514,2.0395951151628315,-0.8417506713106799
0.0,515,2.041478750440647,-0.8399298314315797
0.0,516,2.043362213806333,-0.8381102676878569
0.0,517,2.04524550525989,-0.8362919800795119
0.0,518,2.0471286248013167,-0.8344749686065444
0.0,519,2.0490115724306146,-0.8326592332689544
0.0,520,2.050894348147783,-0.8308447740667423
0.0,521,2.0527769519528216,-0.8290315909999078
0.0,522,2.0546593838457308,-0.8272196840684508
0.0,523,2.0565416438265105,-0.8254090532723716
0.0,524,2.0584237318951604,-0.8235996986116699
0.0,525,2.0603056480516813,-0.8217916200863459
0.0,526,2.0621873922960727,-0.8199848176963995
0.0,527,2.0640689646283343,-0.8181792914418308
0.0,528,2.0659503650484665,-0.8163750413226396
0.0,529,2.0678315935564693,-0.8145720673388261
0.0,530,2.0697126501523426,-0.8127703694903903
0.0,531,2.0715935348360865,-0.8109699477773321
0.0,532,2.0734742476077006,-0.8091708021996514
0.0,533,2.0753547884671857,-0.8073729327573484
0.0,534,2.0772351574145413,-0.8055763394504232
0.0,535,2.079115354449767,-0.8037810222788755
0.0,536,2.080995379572864,-0.8019869812427055
0.0,537,2.0828752327838305,-0.8001942163419131
0.0,538,2.0847549140826684,-0.7984027275764985
0.0,539,2.086634423469376,-0.7966125149464612
0.0,540,2.088513760943955,-0.7948235784518018
0.0,541,2.0903929265064036,-0.7930359180925198
0.0,542,2.0922719201567235,-0.7912495338686156
0.0,543,2.0941507418949135,-0.789464425780089
0.0,544,2.096029391720974,-0.7876805938269401
0.0,545,2.097907869634905,-0.7858980380091687
0.0,546,2.0997861756367064,-0.784116758326775
0.0,547,2.1016643097263787,-0.782336754779759
0.0,548,2.1035422719039216,-0.7805580273681204
0.0,549,2.105420062169335,-0.7787805760918597
0.0,550,2.1072976805226182,-0.7770044009509766
0.0,551,2.109175126963773,-0.7752295019454709
0.0,552,2.111052401492797,-0.7734558790753431
0.0,553,2.1129295041096925,-0.771683532340593
0.0,554,2.1148064348144584,-0.7699124617412202
0.0,555,2.1166831936070944,-0.7681426672772252
0.0,556,2.118559780487601,-0.7663741489486078
0.0,557,2.1204361954559783,-0.764606906755368
0.0,558,2.122312438512226,-0.762840940697506
0.0,559,2.124188509656345,-0.7610762507750215
0.0,560,2.1260644088883334,-0.7593128369879147
0.0,561,2.127940136208193,-0.7575506993361855
0.0,562,2.1298156916159225,-0.755789837819834
0.0,563,2.1316910751115232,-0.7540302524388599
0.0,564,2.133566286694994,-0.7522719431932637
0.0,565,2.135441326366335,-0.750514910083045
0.0,566,2.1373161941255474,-0.748759153108204
0.0,567,2.13919088997263,-0.7470046722687406
0.0,568,2.1410654139075826,-0.7452514675646549
0.0,569,2.1429397659304064,-0.7434995389959467
0.0,570,2.1448139460411,-0.7417488865626163
0.0,571,2.146687954239665,-0.7399995102646633
0.0,572,2.1485617905260996,-0.7382514101020882
0.0,573,2.1504354549004057,-0.7365045860748906
0.0,574,2.1523089473625814,-0.7347590381830705
0.0,575,2.154182267912628,-0.7330147664266283
0.0,576,2.156055416550545,-0.7312717708055635
0.0,577,2.157928393276333,-0.7295300513198766
0.0,578,2.1598011980899905,-0.727789607969567
0.0,579,2.16167383099152,-0.7260504407546353
0.0,580,2.1635462919809187,-0.7243125496750811
0.0,581,2.1654185810581885,-0.7225759347309046
0.0,582,2.167290698223329,-0.7208405959221057
0.0,583,2.16916264347634,-0.7191065332486846
0.0,584,2.171034416817221,-0.717373746710641
0.0,585,2.1729060182459725,-0.7156422363079751
0.0,586,2.174777447762595,-0.7139120020406867
0.0,587,2.1766487053670875,-0.7121830439087758
0.0,588,2.178519791059451,-0.7104553619122428
0.0,589,2.1803907048396853,-0.7087289560510875
0.0,590,2.1822614467077894,-0.7070038263253098
0.0,591,2.1841320166637646,-0.7052799727349096
0.0,592,2.18600241470761,-0.7035573952798869
0.0,593,2.1878726408393256,-0.7018360939602422
0.0,594,2.1897426950589116,-0.7001160687759749
0.0,595,2.191612577366369,-0.6983973197270852
0.0,596,2.1934822877616966,-0.6966798468135731
0.0,597,2.1953518262448943,-0.6949636500354388
0.0,598,2.1972211928159626,-0.6932487293926821
0.0,599,2.1990903874749015,-0.691535084885303
0.0,600,2.2009594102217114,-0.6898227165133015
0.0,601,2.2028282610563914,-0.6881116242766778
0.0,602,2.204696939978942,-0.6864018081754315
0.0,603,2.206565446989363,-0.684693268209563
0.0,604,2.208433782087655,-0.682986004379072
0.0,605,2.210301945273817,-0.6812800166839585
0.0,606,2.2121699365478493,-0.6795753051242232
0.0,607,2.214037755909753,-0.6778718696998649
0.0,608,2.215905403359526,-0.6761697104108846
0.0,609,2.2177728788971702,-0.6744688272572819
0.0,610,2.219640182522685,-0.6727692202390567
0.0,611,2.22150731423607,-0.6710708893562092
0.0,612,2.223374274037326,-0.6693738346087393
0.0,613,2.2252410619264524,-0.6676780559966471
0.0,614,2.227107677903449,-0.6659835535199324
0.0,615,2.228974121968316,-0.6642903271785956
0.0,616,2.2308403941210537,-0.6625983769726361
0.0,617,2.2327064943616626,-0.6609077029020545
0.0,618,2.2345724226901416,-0.6592183049668505
0.0,619,2.2364381791064907,-0.6575301831670239
0.0,620,2.238303763610711,-0.6558433375025752
0.0,621,2.2401691762028006,-0.6541577679735041
0.0,622,2.2420344168827615,-0.6524734745798105
0.0,623,2.2438994856505934,-0.6507904573214947
0.0,624,2.245764382506295,-0.6491087161985565
0.0,625,2.2476291074498675,-0.6474282512109958
0.0,626,2.2494936604813107,-0.6457490623588128
0.0,627,2.2513580416006236,-0.6440711496420075
0.0,628,2.253222250807808,-0.6423945130605798
0.0,629,2.255086288102863,-0.6407191526145298
0.0,630,2.2569501534857874,-0.6390450683038572
0.0,631,2.258813846956583,-0.6373722601285624
0.0,632,2.2606773685152493,-0.6357007280886453
0.0,633,2.2625407181617856,-0.6340304721841057
0.0,634,2.264403895896193,-0.6323614924149439
0.0,635,2.2662669017184705,-0.6306937887811596
0.0,636,2.2681297356286185,-0.6290273612827528
0.0,637,2.269992397626637,-0.6273622099197239
0.0,638,2.2718548877125264,-0.6256983346920725
0.0,639,2.2737172058862862,-0.6240357355997989
0.0,640,2.275579352147916,-0.6223744126429026
0.0,641,2.2774413264974167,-0.6207143658213843
0.0,642,2.2793031289347887,-0.6190555951352434
0.0,643,2.2811647594600304,-0.6173981005844802
0.0,644,2.283026218073142,-0.6157418821690945
0.0,645,2.284887504774125,-0.6140869398890867
0.0,646,2.286748619562978,-0.6124332737444563
0.0,647,2.2886095624397016,-0.6107808837352037
0.0,648,2.290470333404296,-0.6091297698613285
0.0,649,2.292330932456761,-0.6074799321228311
0.0,650,2.2941913595970966,-0.6058313705197115
0.0,651,2.296051614825302,-0.6041840850519693
0.0,652,2.2979116981413785,-0.6025380757196048
0.0,653,2.299771609545326,-0.600893342522618
0.0,654,2.301631349037143,-0.5992498854610088
0.0,655,2.3034909166168314,-0.5976077045347771
0.0,656,2.3053503122843892,-0.5959667997439232
0.0,657,2.3072095360398186,-0.5943271710884468
0.0,658,2.309068587883118,-0.5926888185683482
0.0,659,2.310927467814288,-0.591051742183627
0.0,660,2.312786175833329,-0.5894159419342837
0.0,661,2.31464471194024,-0.5877814178203179
0.0,662,2.316503076135021,-0.5861481698417298
0.0,663,2.3183612684176733,-0.5845161979985193
0.0,664,2.320219288788196,-0.5828855022906864
0.0,665,2.322077137246589,-0.581256082718231
0.0,666,2.3239348137928526,-0.5796279392811534
0.0,667,2.325792318426987,-0.5780010719794535
0.0,668,2.3276496511489917,-0.5763754808131311
0.0,669,2.3295068119588667,-0.5747511657821863
0.0,670,2.3313638008566127,-0.5731281268866193
0.0,671,2.333220617842229,-0.5715063641264299
0.0,672,2.3350772629157155,-0.569885877501618
0.0,673,2.3369337360770728,-0.5682666670121839
0.0,674,2.3387900373263006,-0.5666487326581273
0.0,675,2.3406461666633986,-0.5650320744394484
0.0,676,2.3425021240883677,-0.5634166923561471
0.0,677,2.3443579096012073,-0.5618025864082236
0.0,678,2.346213523201917,-0.5601897565956775
0.0,679,2.3480689648904973,-0.5585782029185092
0.0,680,2.349924234666948,-0.5569679253767185
0.0,681,2.3517793325312697,-0.5553589239703054
0.0,682,2.3536342584834617,-0.5537511986992699
0.0,683,2.355489012523524,-0.552144749563612
0.0,684,2.357343594651457,-0.5505395765633319
0.0,685,2.3591980048672605,-0.5489356796984293
0.0,686,2.361052243170935,-0.5473330589689043
0.0,687,2.362906309562479,-0.545731714374757
0.0,688,2.364760204041894,-0.5441316459159874
0.0,689,2.3666139266091797,-0.5425328535925954
0.0,690,2.3684674772643355,-0.5409353374045809
0.0,691,2.3703208560073623,-0.5393390973519442
0.0,692,2.3721740628382593,-0.537744133434685
0.0,693,2.374027097757027,-0.5361504456528036
0.0,694,2.375879960763665,-0.5345580340062996
0.0,695,2.3777326518581736,-0.5329668984951734
0.0,696,2.379585171040553,-0.5313770391194248
0.0,697,2.3814375183108023,-0.5297884558790539
0.0,698,2.3832896936689227,-0.5282011487740605
0.0,699,2.3851416971149133,-0.5266151178044448
0.0,700,2.386993528648775,-0.5250303629702068
0.0,701,2.3888451882705066,-0.5234468842713463
0.0,702,2.3906966759801085,-0.5218646817078636
0.0,703,2.3925479917775814,-0.5202837552797583
0.0,704,2.394399135662925,-0.5187041049870308
0.0,705,2.3962501076361384,-0.5171257308296808
0.0,706,2.3981009076972226,-0.5155486328077087
0.0,707,2.399951535846178,-0.513972810921114
0.0,708,2.401801992083003,-0.5123982651698971
0.0,709,2.403652276407699,-0.5108249955540577
0.0,710,2.4055023888202656,-0.5092530020735961
0.0,711,2.4073523293207026,-0.507682284728512
0.0,712,2.40920209790901,-0.5061128435188056
0.0,713,2.411051694585188,-0.5045446784444767
0.0,714,2.412901119349236,-0.5029777895055255
0.0,715,2.414750372201155,-0.5014121767019519
0.0,716,2.4165994531409445,-0.49984784003375604
0.0,717,2.4184483621686046,-0.4982847795009378
0.0,718,2.4202970992841353,-0.4967229951034971
0.0,719,2.422145664487536,-0.4951624868414341
0.0,720,2.423994057778808,-0.49360325471474875
0.0,721,2.42584227915795,-0.492045298723441
0.0,722,2.427690328624963,-0.4904886188675109
0.0,723,2.4295382061798456,-0.4889332151469584
0.0,724,2.4313859118225993,-0.48737908756178355
0.0,725,2.4332334455532236,-0.48582623611198633
0.0,726,2.435080807371718,-0.48427466079756676
0.0,727,2.4369279972780835,-0.48272436161852483
0.0,728,2.438775015272319,-0.4811753385748605
0.0,729,2.4406218613544253,-0.4796275916665738
0.0,730,2.442468535524402,-0.4780811208936648
0.0,731,2.4443150377822493,-0.4765359262561334
0.0,732,2.4461613681279673,-0.47499200775397965
0.0,733,2.4480075265615553,-0.4734493653872035
0.0,734,2.449853513083014,-0.471907999155805
0.0,735,2.451699327692343,-0.47036790905978415
0.0,736,2.453544970389543,-0.4688290950991409
0.0,737,2.4553904411746137,-0.4672915572738753
0.0,738,2.4572357400475546,-0.4657552955839873
0.0,739,2.4590808670083657,-0.464220310029477
0.0,740,2.460925822057048,-0.4626866006103442
0.0,741,2.4627706051935996,-0.46115416732658915
0.0,742,2.464615216418023,-0.4596230101782117
0.0,743,2.4664596557303162,-0.45809312916521194
0.0,744,2.46830392313048,-0.4565645242875897
0.0,745,2.4701480186185147,-0.4550371955453452
0.0,746,2.4719919421944194,-0.45351114293847833
0.0,747,2.473835693858195,-0.4519863664669891
0.0,748,2.475679273609841,-0.4504628661308774
0.0,749,2.477522681449358,-0.44894064193014355
0.0,750,2.479365917376745,-0.4474196938647871
0.0,751,2.4812089813920024,-0.4459000219348084
0.0,752,2.4830518734951306,-0.4443816261402073
0.0,753,2.4848945936861293,-0.4428645064809838
0.0,754,2.4867371419649986,-0.44134866295713804
0.0,755,2.488579518331738,-0.4398340955686698
0.0,756,2.490421722786348,-0.4383208043155793
0.0,757,2.492263755328829,-0.43680878919786637
0.0,758,2.49410561595918,-0.43529805021553103
0.0,759,2.4959473046774017,-0.4337885873685734
0.0,760,2.4977888214834945,-0.43228040065699336
0.0,761,2.499630166377457,-0.43077349008079097
0.0,762,2.50147133935929,-0.4292678556399662
0.0,763,2.503312340428994,-0.4277634973345191
0.0,764,2.5051531695865683,-0.4262604151644496
0.0,765,2.506993826832013,-0.4247586091297578
0.0,766,2.5088343121653285,-0.42325807923044356
0.0,767,2.5106746255865144,-0.421758825466507
0.0,768,2.5125147670955705,-0.42026084783794804
0.0,769,2.5143547366924976,-0.4187641463447668
0.0,770,2.516194534377295,-0.41726872098696305
0.0,771,2.5180341601499627,-0.415774571764537
0.0,772,2.5198736140105016,-0.4142816986774886
0.0,773,2.5217128959589106,-0.41279010172581776
0.0,774,2.5235520059951897,-0.4112997809095247
0.0,775,2.52539094411934,-0.40981073622860914
0.0,776,2.52722971033136,-0.4083229676830713
0.0,777,2.5290683046312514,-0.40683647527291106
0.0,778,2.530906727019013,-0.40535125899812846
0.0,779,2.5327449774946453,-0.4038673188587235
0.0,780,2.5345830560581475,-0.40238465485469616
0.0,781,2.5364209627095207,-0.4009032669860464
0.0,782,2.5382586974487644,-0.39942315525277433
0.0,783,2.5400962602758783,-0.3979443196548799
0.0,784,2.541933651190863,-0.39646676019236315
0.0,785,2.5437708701937183,-0.394990476865224
0.0,786,2.545607917284444,-0.3935154696734624
0.0,787,2.54744479246304,-0.39204173861707853
0.0,788,2.549281495729507,-0.3905692836960723
0.0,789,2.5511180270838443,-0.38909810491044367
0.0,790,2.5529543865260513,-0.3876282022601927
0.0,791,2.5547905740561303,-0.38615957574531934
0.0,792,2.556626589674079,-0.38469222536582365
0.0,793,2.558462433379898,-0.3832261511217055
0.0,794,2.5602981051735876,-0.3817613530129651
0.0,795,2.5621336050551484,-0.38029783103960224
0.0,796,2.563968933024579,-0.3788355852016171
0.0,797,2.5658040890818805,-0.37737461549900947
0.0,798,2.5676390732270526,-0.37591492193177956
0.0,799,2.569473885460095,-0.3744565044999273
0.0,800,2.5713085257810073,-0.37299936320345267
0.0,801,2.573142994189791,-0.3715434980423556
0.0,802,2.574977290686445,-0.3700889090166362
0.0,803,2.5768114152709694,-0.36863559612629443
0.0,804,2.5786453679433645,-0.3671835593713303
0.0,805,2.5804791487036303,-0.36573279875174386
0.0,806,2.582312757551766,-0.36428331426753496
0.0,807,2.5841461944877726,-0.3628351059187038
0.0,808,2.5859794595116496,-0.3613881737052502
0.0,809,2.5878125526233973,-0.3599425176271743
0.0,810,2.5896454738230155,-0.3584981376844759
0.0,811,2.591478223110504,-0.35705503387715526
0.0,812,2.593310800485863,-0.3556132062052122
0.0,813,2.5951432059490926,-0.3541726546686468
0.0,814,2.596975439500193,-0.352733379267459
0.0,815,2.5988075011391634,-0.35129538000164884
0.0,816,2.6006393908660046,-0.34985865687121637
0.0,817,2.6024711086807164,-0.3484232098761615
0.0,818,2.604302654583299,-0.3469890390164842
0.0,819,2.6061340285737513,-0.34555614429218456
0.0,820,2.6079652306520744,-0.34412452570326263
0.0,821,2.6097962608182685,-0.3426941832497183
0.0,822,2.611627119072333,-0.3412651169315516
0.0,823,2.6134578054142676,-0.3398373267487625
0.0,824,2.6152883198440726,-0.33841081270135104
0.0,825,2.617118662361749,-0.3369855747893173
0.0,826,2.6189488329672947,-0.3355616130126611
0.0,827,2.620778831660712,-0.33413892737138257
0.0,828,2.622608658441999,-0.33271751786548165
0.0,829,2.6244383133111575,-0.3312973844949584
0.0,830,2.6262677962681855,-0.32987852725981276
0.0,831,2.6280971073130845,-0.32846094616004473
0.0,832,2.629926246445854,-0.3270446411956544
0.0,833,2.6317552136664943,-0.3256296123666417
0.0,834,2.6335840089750047,-0.32421585967300653
0.0,835,2.635412632371386,-0.3228033831147491
0.0,836,2.637241083855637,-0.3213921826918693
0.0,837,2.639069363427759,-0.31998225840436706
0.0,838,2.6408974710877517,-0.3185736102522425
0.0,839,2.642725406835615,-0.3171662382354956
0.0,840,2.6445531706713483,-0.3157601423541263
0.0,841,2.6463807625949527,-0.3143553226081346
0.0,842,2.648208182606427,-0.3129517789975206
0.0,843,2.6500354307057723,-0.31154951152228416
0.0,844,2.651862506892988,-0.31014852018242545
0.0,845,2.653689411168074,-0.3087488049779443
0.0,846,2.655516143531031,-0.3073503659088408
0.0,847,2.657342703981858,-0.30595320297511497
0.0,848,2.6591690925205556,-0.30455731617676673
0.0,849,2.660995309147124,-0.30316270551379615
0.0,850,2.6628213538615633,-0.30176937098620316
0.0,851,2.664647226663872,-0.30037731259398787
0.0,852,2.666472927554052,-0.29898653033715017
0.0,853,2.668298456532102,-0.29759702421569023
0.0,854,2.670123813598023,-0.2962087942296078
0.0,855,2.671948998751814,-0.29482184037890297
0.0,856,2.6737740119934763,-0.29343616266357586
0.0,857,2.6755988533230086,-0.29205176108362635
0.0,858,2.6774235227404115,-0.29066863563905443
0.0,859,2.6792480202456854,-0.2892867863298602
0.0,860,2.681072345838829,-0.2879062131560436
0.0,861,2.682896499519843,-0.2865269161176046
0.0,862,2.6847204812887284,-0.28514889521454323
0.0,863,2.6865442911454838,-0.28377215044685955
0.0,864,2.68836792909011,-0.2823966818145535
0.0,865,2.690191395122606,-0.281022489317625
0.0,866,2.6920146892429733,-0.2796495729560742
0.0,867,2.693837811451211,-0.2782779327299011
0.0,868,2.695660761747319,-0.27690756863910554
0.0,869,2.6974835401312975,-0.27553848068368764
0.0,870,2.699306146603147,-0.2741706688636474
0.0,871,2.7011285811628665,-0.2728041331789847
0.0,872,2.7029508438104566,-0.2714388736296997
0.0,873,2.7047729345459173,-0.2700748902157923
0.0,874,2.7065948533692485,-0.2687121829372626
0.0,875,2.70841660028045,-0.2673507517941105
0.0,876,2.7102381752795224,-0.265990596786336
0.0,877,2.712059578366465,-0.2646317179139392
0.0,878,2.713880809541278,-0.26327411517692
0.0,879,2.7157018688039622,-0.2619177885752784
0.0,880,2.7175227561545165,-0.2605627381090145
0.0,881,2.719343471592941,-0.2592089637781282
0.0,882,2.7211640151192364,-0.25785646558261954
0.0,883,2.722984386733402,-0.2565052435224885
0.0,884,2.7248045864354387,-0.2551552975977351
0.0,885,2.7266246142253454,-0.25380662780835933
0.0,886,2.7284444701031223,-0.2524592341543612
0.0,887,2.7302641540687707,-0.25111311663574065
0.0,888,2.732083666122289,-0.24976827525249787
0.0,889,2.733903006263678,-0.24842471000463265
0.0,890,2.7357221744929374,-0.24708242089214502
0.0,891,2.7375411708100676,-0.24574140791503507
0.0,892,2.739359995215068,-0.24440167107330277
0.0,893,2.7411786477079394,-0.24306321036694808
0.0,894,2.7429971282886805,-0.24172602579597102
0.0,895,2.7448154369572926,-0.24039011736037158
0.0,896,2.7466335737137753,-0.2390554850601498
0.0,897,2.748451538558128,-0.23772212889530564
0.0,898,2.750269331490352,-0.23639004886583914
0.0,899,2.752086952510446,-0.23505924497175026
0.0,900,2.7539044016184104,-0.23372971721303898
0.0,901,2.7557216788142456,-0.2324014655897054
0.0,902,2.7575387840979513,-0.2310744901017494
0.0,903,2.7593557174695276,-0.22974879074917104
0.0,904,2.761172478928974,-0.22842436753197035
0.0,905,2.7629890684762914,-0.22710122045014722
0.0,906,2.764805486111479,-0.22577934950370177
0.0,907,2.766621731834537,-0.224458754692634
0.0,908,2.768437805645466,-0.2231394360169438
0.0,909,2.7702537075442653,-0.22182139347663127
0.0,910,2.772069437530935,-0.22050462707169632
0.0,911,2.773884995605475,-0.21918913680213908
0.0,912,2.7757003817678862,-0.2178749226679594
0.0,913,2.7775155960181674,-0.21656198466915744
0.0,914,2.7793306383563197,-0.21525032280573306
0.0,915,2.7811455087823416,-0.21393993707768633
0.0,916,2.7829602072962345,-0.21263082748501722
0.0,917,2.784774733897998,-0.21132299402772575
0.0,918,2.786589088587632,-0.21001643670581197
0.0,919,2.7884032713651363,-0.20871115551927577
0.0,920,2.790217282230511,-0.20740715046811717
0.0,921,2.792031121183757,-0.20610442155233624
0.0,922,2.7938447882248725,-0.20480296877193294
0.0,923,2.79565828335386,-0.2035027921269073
0.0,924,2.797471606570716,-0.2022038916172592
0.0,925,2.7992847578754443,-0.20090626724298885
0.0,926,2.8010977372680417,-0.19960991900409608
0.0,927,2.8029105447485105,-0.19831484690058096
0.0,928,2.8047231803168495,-0.19702105093244346
0.0,929,2.806535643973059,-0.19572853109968358
0.0,930,2.8083479357171393,-0.19443728740230135
0.0,931,2.8101600555490895,-0.19314731984029676
0.0,932,2.811972003468911,-0.1918586284136698
0.0,933,2.8137837794766027,-0.19057121312242048
0.0,934,2.815595383572165,-0.18928507396654878
0.0,935,2.8174068157555974,-0.18800021094605474
0.0,936,2.819218076026901,-0.1867166240609383
0.0,937,2.8210291643860748,-0.1854343133111995
0.0,938,2.822840080833119,-0.18415327869683834
0.0,939,2.8246508253680336,-0.18287352021785483
0.0,940,2.826461397990819,-0.18159503787424894
0.0,941,2.8282717987014747,-0.18031783166602067
0.0,942,2.8300820275000014,-0.17904190159317007
0.0,943,2.831892084386398,-0.17776724765569707
0.0,944,2.8337019693606655,-0.17649386985360171
0.0,945,2.8355116824228035,-0.175221768186884
0.0,946,2.8373212235728116,-0.17395094265554392
0.0,947,2.8391305928106907,-0.17268139325958148
0.0,948,2.8409397901364404,-0.17141311999899667
0.0,949,2.84274881555006,-0.1701461228737895
0.0,950,2.84455766905155,-0.16888040188395992
0.0,951,2.8463663506409116,-0.16761595702950802
0.0,952,2.8481748603181427,-0.1663527883104337
0.0,953,2.849983198083245,-0.16509089572673707
0.0,954,2.8517913639362176,-0.1638302792784181
0.0,955,2.8535993578770604,-0.1625709389654767
0.0,956,2.8554071799057743,-0.16131287478791295
0.0,957,2.8572148300223583,-0.16005608674572683
0.0,958,2.859022308226813,-0.15880057483891835
0.0,959,2.860829614519138,-0.15754633906748752
0.0,960,2.8626367488993334,-0.1562933794314343
0.0,961,2.8644437113673997,-0.15504169593075873
0.0,962,2.8662505019233366,-0.15379128856546082
0.0,963,2.8680571205671437,-0.1525421573355405
0.0,964,2.8698635672988213,-0.15129430224099782
0.0,965,2.871669842118369,-0.15004772328183277
0.0,966,2.8734759450257883,-0.1488024204580454
0.0,967,2.875281876021077,-0.14755839376963562
0.0,968,2.8770876351042376,-0.14631564321660348
0.0,969,2.8788932222752672,-0.14507416879894897
0.0,970,2.8806986375341683,-0.1438339705166721
0.0,971,2.88250388088094,-0.14259504836977288
0.0,972,2.884308952315582,-0.14135740235825128
0.0,973,2.8861138518380938,-0.14012103248210733
0.0,974,2.8879185794484767,-0.13888593874134098
0.0,975,2.8897231351467303,-0.1376521211359523
0.0,976,2.891527518932854,-0.1364195796659412
0.0,977,2.8933317308068487,-0.1351883143313078
0.0,978,2.8951357707687135,-0.133958325132052
0.0,979,2.896939638818449,-0.13272961206817385
0.0,980,2.898743334956055,-0.1315021751396733
0.0,981,2.9005468591815315,-0.13027601434655048
0.0,982,2.9023502114948783,-0.12905112968880522
0.0,983,2.904153391896096,-0.12782752116643759
0.0,984,2.905956400385184,-0.12660518877944762
0.0,985,2.9077592369621423,-0.12538413252783526
0.0,986,2.9095619016269714,-0.12416435241160054
0.0,987,2.9113643943796714,-0.12294584843074344
0.0,988,2.913166715220241,-0.12172862058526399
0.0,989,2.914968864148682,-0.12051266887516217
0.0,990,2.9167708411649933,-0.11929799330043798
0.0,991,2.918572646269175,-0.11808459386109142
0.0,992,2.920374279461227,-0.11687247055712252
0.0,993,2.9221757407411495,-0.11566162338853123
0.0,994,2.9239770301089427,-0.11445205235531757
0.0,995,2.9257781475646065,-0.11324375745748157
0.0,996,2.927579093108141,-0.11203673869502319
0.0,997,2.9293798667395454,-0.11083099606794243
0.0,998,2.931180468458821,-0.10962652957623932
0.0,999,2.9329808982659666,-0.10842333921991384
0.0,1000,2.934781156160983,-0.10722142499896599
0.0,1001,2.9365812421438697,-0.10602078691339578
0.0,1002,2.9365812421438697,-0.10602078691339578
0.0,1003,2.9383805421706817,-0.10482088689551587
0.0,1004,2.9401784421974724,-0.10362118687763895
0.0,1005,2.9419749422242423,-0.10242168685976502
0.0,1006,2.9437700422509914,-0.10122238684189405
0.0,1007,2.9455637422777197,-0.10002328682402607
0.0,1008,2.9473560423044267,-0.09882438680616107
0.0,1009,2.949146942331113,-0.09762568678829903
0.0,1010,2.950936442357779,-0.09642718677044
0.0,1011,2.9527245423844235,-0.09522888675258394
0.0,1012,2.9545112424110473,-0.09403078673473085
0.0,1013,2.956296542437651,-0.09283288671688077
0.0,1014,2.958080442464233,-0.09163518669903364
0.0,1015,2.959862942490794,-0.09043768668118948
0.0,1016,2.9616440425173347,-0.08924038666334833
0.0,1017,2.963423742543854,-0.08804328664551014
0.0,1018,2.9652020425703527,-0.08684638662767497
0.0,1019,2.9669789425968305,-0.08564968660984273
0.0,1020,2.9687544426232875,-0.0844531865920135
0.0,1021,2.9705285426497237,-0.08325688657418724
0.0,1022,2.972301242676139,-0.08206078655636395
0.0,1023,2.9740725427025336,-0.08086488653854365
0.0,1024,2.975842442728907,-0.07966918652072634
0.0,1025,2.9776109427552595,-0.078473686502912
0.0,1026,2.9793780427815917,-0.07727838648510063
0.0,1027,2.9811437428079026,-0.07608328646729227
0.0,1028,2.9829080428341928,-0.07488838644948687
0.0,1029,2.984670942860462,-0.07369368643168445
0.0,1030,2.98643244288671,-0.07249918641388502
0.0,1031,2.9881925429129375,-0.07130488639608855
0.0,1032,2.989951242939145,-0.07011078637829508
0.0,1033,2.9917085429653305,-0.06891688636050458
0.0,1034,2.9934644429914954,-0.06772318634271707
0.0,1035,2.995218943017639,-0.06652968632493253
0.0,1036,2.9969720430437623,-0.06533638630715097
0.0,1037,2.998723743069865,-0.06414328628937238
0.0,1038,3.0004740430959465,-0.06295038627159678
0.0,1039,3.0022229431220073,-0.061757686253824204
0.0,1040,3.0039704431480474,-0.06056518623605457
0.0,1041,3.0057165431740667,-0.05937288621828791
0.0,1042,3.0074612432000642,-0.058180786200524234
0.0,1043,3.0092045432260415,-0.05698888618276352
0.0,1044,3.0109464432519983,-0.05579718616500582
0.0,1045,3.0126869432779335,-0.054605686147251094
0.0,1046,3.0144260433038474,-0.05341438612949935
0.0,1047,3.0161637433297415,-0.052223286111750575
0.0,1048,3.0179000433556142,-0.05103238609400479
0.0,1049,3.0196349433814667,-0.04984168607626195
0.0,1050,3.0213684434072974,-0.04865118605852213
0.0,1051,3.0231005434331077,-0.04746088604078527
0.0,1052,3.0248312434588973,-0.0462707860230514
0.0,1053,3.026560543484666,-0.045080886005320495
0.0,1054,3.028288443510414,-0.04389118598759259
0.0,1055,3.0300149435361408,-0.04270168596986767
0.0,1056,3.0317400435618467,-0.04151238595214572
0.0,1057,3.0334637435875313,-0.04032328593442675
0.0,1058,3.0351860436131957,-0.03913438591671075
0.0,1059,3.036906943638839,-0.03794568589899774
0.0,1060,3.038626443664462,-0.036757185881287714
0.0,1061,3.0403445436900634,-0.03556888586358066
0.0,1062,3.042061243715644,-0.03438078584587659
0.0,1063,3.043776543741204,-0.03319288582817549
0.0,1064,3.045490443766743,-0.03200518581047739
0.0,1065,3.047202943792262,-0.03081768579278226
0.0,1066,3.048914043817759,-0.02963038577509011
0.0,1067,3.0506237438432353,-0.02844328575740094
0.0,1068,3.052332043868691,-0.027256385739714752
0.0,1069,3.0540389438941262,-0.02606968572203154
0.0,1070,3.05574444391954,-0.02488318570435132
0.0,1071,3.0574485439449326,-0.023696885686674066
0.0,1072,3.059151243970305,-0.02251078566899979
0.0,1073,3.060852543995656,-0.021324885651328503
0.0,1074,3.062552444020987,-0.020139185633660208
0.0,1075,3.064250944046296,-0.018953685615994892
0.0,1076,3.065948044071585,-0.017768385598332548
0.0,1077,3.067643744096853,-0.016583285580673165
0.0,1078,3.0693380441221003,-0.015398385563016792
0.0,1079,3.071030944147326,-0.014213685545363374
0.0,1080,3.072722444172532,-0.01302918552771295
0.0,1081,3.074412544197716,-0.011844885510065505
0.0,1082,3.0761012442228792,-0.010660785492421037
0.0,1083,3.077788544248022,-0.009476885474779564
0.0,1084,3.0794744442731443,-0.008293185457141052
0.0,1085,3.081158944298245,-0.007109685439505527
0.0,1086,3.0828420443233253,-0.005926385421872982
0.0,1087,3.0845237443483846,-0.004743285404243427
0.0,1088,3.086204044373423,-0.0035603853866168246
0.0,1089,3.087882944398441,-0.0023776853689932154
0.0,1090,3.0895604444234377,-0.0011951853513726372
0.0,1091,3.091236544448414,-1.2885333754977454e-05
0.0,1092,3.0929112444733686,0.0011692146838596772
0.0,1093,3.0945845444983027,0.0023511147014713667
0.0,1094,3.096256444523216,0.0035328147190800616
0.0,1095,3.0979269445481084,0.0047143147366857895
0.0,1096,3.0995960445729795,0.005895614754288535
0.0,1097,3.1012637445978304,0.007076714771888287
0.0,1098,3.1029300446226604,0.008257614789485081
0.0,1099,3.104594944647469,0.009438314807078865
0.0,1100,3.1062584446722576,0.010618814824669698
0.0,1101,3.107920544697025,0.011799114842257537
0.0,1102,3.1095812447217708,0.012979214859842405
0.0,1103,3.1112405447464964,0.014159114877424293
0.0,1104,3.1128984447712016,0.015338814895003182
0.0,1105,3.114554944795885,0.016518314912579095
0.0,1106,3.116210044820548,0.017697614930152056
0.0,1107,3.11786374484519,0.018876714947721987
0.0,1108,3.119516044869811,0.020055614965288963
0.0,1109,3.1211669448944113,0.021234314982852973
0.0,1110,3.122816444918991,0.022412815000413977
0.0,1111,3.124464544943549,0.02359111501797203
0.0,1112,3.1261112449680866,0.02476921503552708
0.0,1113,3.127756544992604,0.025947115053079162
0.0,1114,3.1294004450171,0.027124815070628267
0.0,1115,3.131042945041575,0.028302315088174376
0.0,1116,3.1326840450660294,0.02947961510571751
0.0,1117,3.1343237450904624,0.030656715123257676
0.0,1118,3.1359620451148746,0.03183361514079485
0.0,1119,3.137598945139267,0.03301031515832906
0.0,1120,3.139234445163638,0.03418681517586028
0.0,1121,3.1408685451879883,0.03536311519338851
0.0,1122,3.142501245212317,0.03653921521091376
0.0,1123,3.144132545236625,0.03771511522843604
0.0,1124,3.1457624452609125,0.03889081524595532
0.0,1125,3.1473909452851787,0.04006631526347165
0.0,1126,3.1490180453094245,0.04124161528098497
0.0,1127,3.1506437453336495,0.04241671529849533
0.0,1128,3.1522680453578538,0.0435916153160027
0.0,1129,3.1538909453820363,0.04476631533350711
0.0,1130,3.155512445406199,0.04594081535100851
0.0,1131,3.1571325454303403,0.047115115368506946
0.0,1132,3.1587512454544604,0.04828921538600242
0.0,1133,3.1603685454785606,0.049463115403494885
0.0,1134,3.1619844455026387,0.05063681542098438
0.0,1135,3.163598945526697,0.051810315438470894
0.0,1136,3.1652120455507338,0.05298361545595443
0.0,1137,3.16682374557475,0.05415671547343498
0.0,1138,3.1684340455987456,0.05532961549091254
0.0,1139,3.17004294562272,0.05650231550838715
0.0,1140,3.171650445646674,0.05767481552585874
0.0,1141,3.1732565456706068,0.05884711554332739
0.0,1142,3.174861245694518,0.06001921556079303
0.0,1143,3.1764645457184097,0.06119111557825572
0.0,1144,3.17806644574228,0.06236281559571541
0.0,1145,3.179666945766129,0.06353431561317212
0.0,1146,3.1812660457899575,0.06470561563062585
0.0,1147,3.1828637458137647,0.06587671564807657
0.0,1148,3.184460045837551,0.06704761566552433
0.0,1149,3.1860549458613168,0.06821831568296913
0.0,1150,3.1876484458850625,0.06938881570041094
0.0,1151,3.1892405459087865,0.07055911571784976
0.0,1152,3.1908312459324897,0.07172921573528562
0.0,1153,3.192420545956172,0.07289911575271849
0.0,1154,3.1940084459798337,0.07406881577014837
0.0,1155,3.1955949460034745,0.07523831578757528
0.0,1156,3.197180046027094,0.07640761580499922
0.0,1157,3.198763746050693,0.07757671582242016
0.0,1158,3.200346046074271,0.07874561583983813
0.0,1159,3.2019269460978284,0.07991431585725312
0.0,1160,3.203506446121365,0.08108281587466512
0.0,1161,3.2050845461448803,0.08225111589207415
0.0,1162,3.2066612461683754,0.0834192159094802
0.0,1163,3.208236546191849,0.08458711592688328
0.0,1164,3.209810446215302,0.08575481594428334
0.0,1165,3.211382946238734,0.08692231596168046
0.0,1166,3.212954046262145,0.08808961597907458
0.0,1167,3.2145237462855354,0.08925671599646574
0.0,1168,3.216092046308905,0.0904236160138539
0.0,1169,3.2176589463322536,0.09159031603123907
0.0,1170,3.219224446355581,0.0927568160486213
0.0,1171,3.220788546378888,0.09392311606600051
0.0,1172,3.222351246402174,0.09508921608337678
0.0,1173,3.223912546425439,0.09625511610075002
0.0,1174,3.225472446448684,0.09742081611812031
0.0,1175,3.227030946471907,0.0985863161354876
0.0,1176,3.2285880464951093,0.09975161615285194
0.0,1177,3.230143746518291,0.10091671617021328
0.0,1178,3.231698046541453,0.10208161618757161
0.0,1179,3.233250946564593,0.103246316204927
0.0,1180,3.234802446587712,0.1044108162222794
0.0,1181,3.23635254661081,0.10557511623962881
0.0,1182,3.237901246633888,0.10673921625697527
0.0,1183,3.239448546656944,0.10790311627431873
0.0,1184,3.24099444667998,0.10906681629165921
0.0,1185,3.242538946702995,0.11023031630899671
0.0,1186,3.244082046725988,0.11139361632633124
0.0,1187,3.245623746748962,0.11255671634366277
0.0,1188,3.2471640467719136,0.11371961636099134
0.0,1189,3.248702946794846,0.11488231637831692
0.0,1190,3.250240446817756,0.11604481639563953
0.0,1191,3.2517765468406457,0.11720711641295914
0.0,1192,3.2533112468635146,0.11836921643027579
0.0,1193,3.2548445468863627,0.11953111644758943
0.0,1194,3.25637644690919,0.12069281646490011
0.0,1195,3.2579069469319957,0.12185431648220782
0.0,1196,3.259436046954781,0.12301561649951254
0.0,1197,3.2609637469775454,0.12417671651681428
0.0,1198,3.2624900470002896,0.12533761653411304
0.0,1199,3.2640149470230124,0.1264983165514088
0.0,1200,3.2655384470457145,0.12765881656870162
0.0,1201,3.267060547068395,0.12881911658599143
0.0,1202,3.2685812470910554,0.12997921660327827
0.0,1203,3.2701005471136946,0.13113911662056213
0.0,1204,3.271618447136313,0.13229881663784301
0.0,1205,3.2731349471589106,0.13345831665512092
0.0,1206,3.2746500471814874,0.13461761667239583
0.0,1207,3.276163747204043,0.13577671668966776
0.0,1208,3.2776760472265782,0.1369356167069367
0.0,1209,3.2791869472490927,0.1380943167242027
0.0,1210,3.280696447271586,0.1392528167414657
0.0,1211,3.2822045472940586,0.14041111675872567
0.0,1212,3.28371124731651,0.14156921677598272
0.0,1213,3.285216547338941,0.14272711679323677
0.0,1214,3.286720447361351,0.14388481681048784
0.0,1215,3.2882229473837397,0.14504231682773594
0.0,1216,3.289724047406108,0.14619961684498106
0.0,1217,3.2912237474284547,0.14735671686222318
0.0,1218,3.2927220474507815,0.14851361687946232
0.0,1219,3.2942189474730874,0.14967031689669852
0.0,1220,3.2957144474953717,0.15082681691393168
0.0,1221,3.2972085475176356,0.1519831169311619
0.0,1222,3.2987012475398787,0.15313921694838917
0.0,1223,3.3001925475621006,0.1542951169656134
0.0,1224,3.3016824475843016,0.1554508169828347
0.0,1225,3.3031709476064823,0.15660631700005298
0.0,1226,3.3046580476286413,0.15776161701726832
0.0,1227,3.306143747650781,0.15891671703448063
0.0,1228,3.3076280476728983,0.16007161705168999
0.0,1229,3.309110947694995,0.16122631706889634
0.0,1230,3.310592447717071,0.16238081708609975
0.0,1231,3.3120725477391266,0.16353511710330015
0.0,1232,3.313551247761161,0.16468921712049758
0.0,1233,3.3150285477831747,0.16584311713769204
0.0,1234,3.3165044478051673,0.1669968171548835
0.0,1235,3.3179789478271386,0.168150317172072
0.0,1236,3.3194520478490896,0.16930361718925752
0.0,1237,3.32092374787102,0.17045671720644004
0.0,1238,3.322394047892929,0.1716096172236196
0.0,1239,3.323862947914817,0.17276231724079616
0.0,1240,3.325330447936685,0.17391481725796976
0.0,1241,3.3267965479585313,0.17506711727514035
0.0,1242,3.328261247980356,0.17621921729230794
0.0,1243,3.3297245480021616,0.17737111730947258
0.0,1244,3.3311864480239453,0.17852281732663428
0.0,1245,3.3326469480457086,0.17967431734379297
0.0,1246,3.334106048067451,0.18082561736094865
0.0,1247,3.3355637480891724,0.1819767173781014
0.0,1248,3.3370200481108725,0.18312761739525113
0.0,1249,3.3384749481325526,0.18427831741239792
0.0,1250,3.3399284481542115,0.1854288174295417
0.0,1251,3.341380548175849,0.18657911744668249
0.0,1252,3.3428312481974665,0.18772921746382032
0.0,1253,3.3442805482190625,0.18887911748095515
0.0,1254,3.345728448240638,0.19002881749808703
0.0,1255,3.3471749482621926,0.1911783175152159
0.0,1256,3.3486200482837263,0.19232761753234184
0.0,1257,3.350063748305239,0.19347671754946477
0.0,1258,3.351506048326731,0.1946256175665847
0.0,1259,3.352946948348202,0.19577431758370167
0.0,1260,3.3543864483696524,0.19692281760081562
0.0,1261,3.3558245483910816,0.19807111761792665
0.0,1262,3.3572612484124904,0.1992192176350347
0.0,1263,3.358696548433878,0.20036711765213971
0.0,1264,3.3601304484552452,0.20151481766924179
0.0,1265,3.3615629484765908,0.20266231768634085
0.0,1266,3.3629940484979155,0.20380961770343697
0.0,1267,3.36442374851922,0.2049567177205301
0.0,1268,3.3658520485405035,0.20610361773762026
0.0,1269,3.367278948561766,0.2072503177547074
0.0,1270,3.3687044485830073,0.2083968177717916
0.0,1271,3.370128548604228,0.20954311778887277
0.0,1272,3.371551248625428,0.21068921780595098
0.0,1273,3.372972548646607,0.21183511782302625
0.0,1274,3.3743924486677654,0.2129808178400985
0.0,1275,3.3758109486889025,0.2141263178571678
0.0,1276,3.377228048710019,0.21527161787423407
0.0,1277,3.378643748731114,0.2164167178912974
0.0,1278,3.380058048752189,0.2175616179083577
0.0,1279,3.3814709487732433,0.21870631792541512
0.0,1280,3.382882448794276,0.21985081794246947
0.0,1281,3.384292548815288,0.2209951179595209
0.0,1282,3.385701248836279,0.22213921797656927
0.0,1283,3.38710854885725,0.22328311799361475
0.0,1284,3.3885144488781993,0.22442681801065723
0.0,1285,3.389918948899128,0.2255703180276967
0.0,1286,3.3913220489200357,0.22671361804473317
0.0,1287,3.3927237489409228,0.22785671806176672
0.0,1288,3.394124048961789,0.22899961807879726
0.0,1289,3.3955229489826344,0.2301423180958248
0.0,1290,3.396920449003458,0.23128481811284937
0.0,1291,3.398316549024262,0.23242711812987088
0.0,1292,3.399711249045045,0.23356921814688952
0.0,1293,3.4011045490658063,0.23471111816390516
0.0,1294,3.4024964490865477,0.2358528181809178
0.0,1295,3.4038869491072674,0.2369943181979275
0.0,1296,3.4052760491279663,0.23813561821493417
0.0,1297,3.4066637491486444,0.2392767182319379
0.0,1298,3.408050049169302,0.24041761824893865
0.0,1299,3.409434949189939,0.24155831826593643
0.0,1300,3.4108184492105544,0.2426988182829312
0.0,1301,3.41220054923115,0.24383911829992297
0.0,1302,3.4135812492517235,0.24497921831691177
0.0,1303,3.4149605492722768,0.2461191183338976
0.0,1304,3.416338449292809,0.24725881835088048
0.0,1305,3.4177149493133205,0.24839831836786036
0.0,1306,3.419090049333811,0.24953761838483723
0.0,1307,3.420463749354281,0.25067671840181116
0.0,1308,3.42183604937473,0.2518156184187821
0.0,1309,3.4232069493951576,0.25295431843575
0.0,1310,3.4245764494155653,0.25409281845271503
0.0,1311,3.4259445494359513,0.255231118469677
0.0,1312,3.4273112494563165,0.256369218486636
0.0,1313,3.428676549476661,0.25750711850359204
0.0,1314,3.4300404494969845,0.2586448185205451
0.0,1315,3.4314029495172877,0.25978231853749517
0.0,1316,3.4327640495375698,0.26091961855444223
0.0,1317,3.4341237495578305,0.2620567185713864
0.0,1318,3.435482049578071,0.2631936185883275
0.0,1319,3.4368389495982905,0.2643303186052657
0.0,1320,3.438194449618489,0.26546681862220084
0.0,1321,3.4395485496386664,0.26660311863913305
0.0,1322,3.4409012496588236,0.2677392186560622
0.0,1323,3.442252549678959,0.26887511867298847
0.0,1324,3.4436024496990747,0.2700108186899117
0.0,1325,3.4449509497191686,0.271146318706832
0.0,1326,3.4462980497392417,0.27228161872374923
0.0,1327,3.4476437497592944,0.2734167187406636
0.0,1328,3.448988049779326,0.27455161875757494
0.0,1329,3.450330949799337,0.27568631877448324
0.0,1330,3.451672449819327,0.27682081879138865
0.0,1331,3.4530125498392956,0.27795511880829105
0.0,1332,3.454351249859244,0.27908921882519044
0.0,1333,3.455688549879171,0.28022311884208684
0.0,1334,3.4570244498990776,0.28135681885898034
0.0,1335,3.4583589499189635,0.2824903188758707
0.0,1336,3.459692049938828,0.2836236188927583
0.0,1337,3.461023749958672,0.28475671890964277
0.0,1338,3.462354049978495,0.28588961892652426
0.0,1339,3.4636829499982973,0.2870223189434028
0.0,1340,3.4650104500180783,0.2881548189602784
0.0,1341,3.4663365500378385,0.289287118977151
0.0,1342,3.4676612500575787,0.2904192189940206
0.0,1343,3.4689845500772973,0.2915511190108872
0.0,1344,3.470306450096995,0.29268281902775084
0.0,1345,3.471626950116672,0.2938143190446115
0.0,1346,3.4729460501363283,0.2949456190614692
0.0,1347,3.4742637501559637,0.2960767190783239
0.0,1348,3.4755800501755774,0.2972076190951756
0.0,1349,3.476894950195171,0.29833831911202435
0.0,1350,3.478208450214744,0.29946881912887013
0.0,1351,3.4795205502342963,0.3005991191457129
0.0,1352,3.480831250253827,0.30172921916255274
0.0,1353,3.482140550273337,0.30285911917938957
0.0,1354,3.4834484502928262,0.30398881919622334
0.0,1355,3.4847549503122943,0.3051183192130542
0.0,1356,3.4860600503317416,0.3062476192298821
0.0,1357,3.4873637503511685,0.307376719246707
0.0,1358,3.488666050370574,0.30850561926352893
0.0,1359,3.4899669503899595,0.30963431928034785
0.0,1360,3.4912664504093236,0.3107628192971638
0.0,1361,3.4925645504286664,0.3118911193139768
0.0,1362,3.493861250447989,0.3130192193307868
0.0,1363,3.49515655046729,0.3141471193475938
0.0,1364,3.496450450486571,0.31527481936439783
0.0,1365,3.497742950505831,0.3164023193811989
0.0,1366,3.4990340505250694,0.317529619397997
0.0,1367,3.500323750544287,0.31865671941479207
0.0,1368,3.5016120505634847,0.31978361943158423
0.0,1369,3.5028989505826615,0.3209103194483734
0.0,1370,3.5041844506018163,0.3220368194651595
0.0,1371,3.505468550620951,0.3231631194819427
0.0,1372,3.5067512506400647,0.3242892194987229
0.0,1373,3.5080325506591574,0.32541511951550006
0.0,1374,3.50931245067823,0.3265408195322744
0.0,1375,3.510590950697281,0.3276663195490456
0.0,1376,3.511868050716311,0.3287916195658139
0.0,1377,3.5131437507353205,0.3299167195825792
0.0,1378,3.5144180507543092,0.33104161959934153
0.0,1379,3.5156909507732768,0.3321663196161009
0.0,1380,3.5169624507922235,0.3332908196328572
0.0,1381,3.5182325508111494,0.3344151196496105
0.0,1382,3.5195012508300545,0.33553921966636097
0.0,1383,3.5207685508489392,0.3366631196831084
0.0,1384,3.5220344508678023,0.3377868196998528
0.0,1385,3.5232989508866446,0.3389103197165943
0.0,1386,3.524562050905466,0.34003361973333274
0.0,1387,3.5258237509242667,0.3411567197500682
0.0,1388,3.5270840509430474,0.34227961976680077
0.0,1389,3.5283429509618065,0.3434023197835303
0.0,1390,3.5296004509805448,0.34452481980025684
0.0,1391,3.5308565509992618,0.3456471198169804
0.0,1392,3.5321112510179584,0.346769219833701
0.0,1393,3.533364551036634,0.3478911198504186
0.0,1394,3.534616451055289,0.3490128198671333
0.0,1395,3.5358669510739227,0.3501343198838449
0.0,1396,3.5371160510925357,0.3512556199005536
0.0,1397,3.5383637511111283,0.35237671991725933
0.0,1398,3.5396100511296993,0.353497619933962
0.0,1399,3.5408549511482494,0.35461831995066173
0.0,1400,3.5420984511667792,0.35573881996735846
0.0,1401,3.543340551185288,0.35685911998405223
0.0,1402,3.544581251203776,0.35797922000074306
0.0,1403,3.545820551222243,0.3590991200174309
0.0,1404,3.547058451240689,0.3602188200341157
0.0,1405,3.5482949512591144,0.3613383200507975
0.0,1406,3.5495300512775185,0.3624576200674764
0.0,1407,3.5507637512959023,0.3635767200841523
0.0,1408,3.5519960513142648,0.3646956201008252
0.0,1409,3.553226951332607,0.3658143201174951
0.0,1410,3.554456451350928,0.36693282013416206
0.0,1411,3.555684551369228,0.368051120150826
0.0,1412,3.5569112513875067,0.36916922016748704
0.0,1413,3.5581365514057652,0.37028712018414506
0.0,1414,3.559360451424003,0.37140482020080007
0.0,1415,3.5605829514422194,0.37252232021745213
0.0,1416,3.561804051460415,0.3736396202341012
0.0,1417,3.5630237514785903,0.3747567202507473
0.0,1418,3.564242051496745,0.37587362026739046
0.0,1419,3.565458951514878,0.37699032028403046
0.0,1420,3.5666744515329905,0.3781068203006676
0.0,1421,3.5678885515510816,0.3792231203173018
0.0,1422,3.569101251569152,0.3803392203339329
0.0,1423,3.570312551587202,0.38145512035056117
0.0,1424,3.5715224516052313,0.38257082036718637
0.0,1425,3.572730951623239,0.3836863203838086
0.0,1426,3.5739380516412265,0.38480162040042787
0.0,1427,3.575143751659192,0.38591672041704417
0.0,1428,3.576348051677138,0.3870316204336575
0.0,1429,3.5775509516950628,0.38814632045026787
0.0,1430,3.5787524517129663,0.38926082046687516
0.0,1431,3.579952551730849,0.3903751204834795
0.0,1432,3.581151251748711,0.3914892205000809
0.0,1433,3.582348551766552,0.39260312051667934
0.0,1434,3.5835444517843724,0.3937168205332747
0.0,1435,3.584738951802172,0.39483032054986716
0.0,1436,3.5859320518199507,0.39594362056645666
0.0,1437,3.5871237518377086,0.39705672058304314
0.0,1438,3.588314051855445,0.3981696205996266
0.0,1439,3.589502951873161,0.3992823206162071
0.0,1440,3.5906904518908562,0.40039482063278464
0.0,1441,3.591876551908531,0.4015071206493593
0.0,1442,3.593061251926184,0.4026192206659308
0.0,1443,3.5942445519438166,0.4037311206824995
0.0,1444,3.595426451961428,0.4048428206990651
0.0,1445,3.596606951979019,0.4059543207156277
0.0,1446,3.597786051996589,0.4070656207321874
0.0,1447,3.598963752014138,0.40817672074874406
0.0,1448,3.6001400520316666,0.4092876207652978
0.0,1449,3.6013149520491736,0.41039832078184846
0.0,1450,3.6024884520666607,0.41150882079839624
0.0,1451,3.603660552084126,0.41261912081494095
0.0,1452,3.6048312521015706,0.4137292208314828
0.0,1453,3.6060005521189944,0.4148391208480215
0.0,1454,3.6071684521363974,0.41594882086455737
0.0,1455,3.6083349521537795,0.4170583208810902
0.0,1456,3.6095000521711413,0.4181676208976201
0.0,1457,3.610663752188482,0.41927672091414697
0.0,1458,3.611826052205801,0.42038562093067083
0.0,1459,3.6129869522230997,0.4214943209471918
0.0,1460,3.614146452240378,0.4226028209637097
0.0,1461,3.615304552257635,0.4237111209802247
0.0,1462,3.616461252274871,0.42481922099673664
0.0,1463,3.6176165522920862,0.42592712101324565
0.0,1464,3.618770452309281,0.4270348210297517
0.0,1465,3.619922952326455,0.4281423210462547
0.0,1466,3.6210740523436074,0.4292496210627547
0.0,1467,3.6222237523607395,0.4303567210792518
0.0,1468,3.62337205237785,0.43146362109574593
0.0,1469,3.6245189523949404,0.4325703211122371
0.0,1470,3.6256644524120096,0.4336768211287252
0.0,1471,3.6268085524290576,0.43478312114521034
0.0,1472,3.6279512524460857,0.43588922116169254
0.0,1473,3.6290925524630926,0.43699512117817174
0.0,1474,3.6302324524800786,0.43810082119464794
0.0,1475,3.6313709524970434,0.4392063212111212
0.0,1476,3.6325080525139875,0.44031162122759143
0.0,1477,3.6336437525309107,0.4414167212440587
0.0,1478,3.6347780525478126,0.44252162126052297
0.0,1479,3.6359109525646947,0.4436263212769843
0.0,1480,3.637042452581555,0.44473082129344266
0.0,1481,3.638172552598395,0.445835121309898
0.0,1482,3.6393012526152138,0.4469392213263503
0.0,1483,3.6404285526320117,0.44804312134279967
0.0,1484,3.641554452648789,0.4491468213592461
0.0,1485,3.6426789526655456,0.45025032137568954
0.0,1486,3.643802052682281,0.45135362139213
0.0,1487,3.6449237526989955,0.45245672140856746
0.0,1488,3.6460440527156894,0.45355962142500195
0.0,1489,3.647162952732362,0.4546623214414335
0.0,1490,3.6482804527490145,0.455764821457862
0.0,1491,3.6493965527656456,0.45686712147428754
0.0,1492,3.6505112527822554,0.4579692214907101
0.0,1493,3.6516245527988453,0.4590711215071297
0.0,1494,3.6527364528154136,0.4601728215235463
0.0,1495,3.6538469528319615,0.46127432153995995
0.0,1496,3.6549560528484886,0.4623756215563706
0.0,1497,3.6560637528649944,0.46347672157277825
0.0,1498,3.6571700528814794,0.4645776215891829
0.0,1499,3.658274952897944,0.46567832160558464
0.0,1500,3.6593784529143876,0.4667788216219834
0.0,1501,3.6604805529308098,0.46787912163837914
0.0,1502,3.6615812529472116,0.4689792216547719
0.0,1503,3.6615812529472116,0.4689792216547719
0.0,1504,3.662681452963606,0.47007982167117207
0.0,1505,3.663782052980006,0.47118162168759026
0.0,1506,3.6648830529964127,0.47228462170402624
0.0,1507,3.6659844530128245,0.47338882172048
0.0,1508,3.6670862530292423,0.47449422173695177
0.0,1509,3.6681884530456665,0.4756008217534414
0.0,1510,3.669291053062097,0.47670862176994894
0.0,1511,3.670394053078532,0.47781762178647436
0.0,1512,3.671497453094975,0.4789278218030176
0.0,1513,3.672601253111422,0.4800392218195787
0.0,1514,3.673705453127876,0.48115182183615773
0.0,1515,3.674810053144336,0.4822656218527547
0.0,1516,3.675915053160802,0.4833806218693695
0.0,1517,3.6770204531772737,0.4844968218860022
0.0,1518,3.678126253193751,0.4856142219026527
0.0,1519,3.679232453210235,0.4867328219193211
0.0,1520,3.6803390532267244,0.4878526219360075
0.0,1521,3.6814460532432203,0.48897362195271166
0.0,1522,3.6825534532597213,0.4900958219694337
0.0,1523,3.683661253276229,0.4912192219861737
0.0,1524,3.6847694532927426,0.49234382200293153
0.0,1525,3.6858780533092617,0.4934696220197073
0.0,1526,3.686987053325787,0.49459662203650084
0.0,1527,3.6880964533423186,0.49572482205331236
0.0,1528,3.689206253358856,0.4968542220701418
0.0,1529,3.6903164533753996,0.497984822086989
0.0,1530,3.691427053391948,0.49911662210385416
0.0,1531,3.6925380534085037,0.5002496221207372
0.0,1532,3.693649453425065,0.5013838221376381
0.0,1533,3.694761253441632,0.5025192221545568
0.0,1534,3.6958734534582045,0.5036558221714934
0.0,1535,3.6969860534747836,0.504793622188448
0.0,1536,3.698099053491369,0.5059326222054205
0.0,1537,3.6992124535079594,0.5070728222224107
0.0,1538,3.7003262535245565,0.5082142222394189
0.0,1539,3.7014404535411596,0.509356822256445
0.0,1540,3.702555053557769,0.510500622273489
0.0,1541,3.703670053574384,0.5116456222905509
0.0,1542,3.704785453591004,0.5127918223076305
0.0,1543,3.7059012536076312,0.5139392223247281
0.0,1544,3.707017453624264,0.5150878223418436
0.0,1545,3.708134053640902,0.5162376223589771
0.0,1546,3.709251053657547,0.5173886223761281
0.0,1547,3.7103684536741977,0.5185408223932972
0.0,1548,3.711486253690854,0.5196942224104844
0.0,1549,3.712604453707517,0.5208488224276893
0.0,1550,3.713723053724185,0.522004622444912
0.0,1551,3.7148420537408593,0.5231616224621526
0.0,1552,3.7159614537575396,0.524319822479411
0.0,1553,3.7170812537742264,0.5254792224966875
0.0,1554,3.7182014537909187,0.5266398225139819
0.0,1555,3.7193220538076175,0.527801622531294
0.0,1556,3.720443053824321,0.528964622548624
0.0,1557,3.7215644538410313,0.5301288225659719
0.0,1558,3.722686253857747,0.5312942225833378
0.0,1559,3.723808453874469,0.5324608226007215
0.0,1560,3.724931053891197,0.533628622618123
0.0,1561,3.7260540539079314,0.5347976226355425
0.0,1562,3.727177453924672,0.5359678226529798
0.0,1563,3.7283012539414173,0.537139222670435
0.0,1564,3.7294254539581693,0.5383118226879081
0.0,1565,3.7305500539749263,0.5394856227053991
0.0,1566,3.7316750539916907,0.540660622722908
0.0,1567,3.7328004540084603,0.5418368227404347
0.0,1568,3.7339262540252363,0.5430142227579795
0.0,1569,3.735052454042018,0.5441928227755418
0.0,1570,3.7361790540588053,0.5453726227931223
0.0,1571,3.737306054075599,0.5465536228107205
0.0,1572,3.7384334540923985,0.5477358228283368
0.0,1573,3.7395612541092036,0.5489192228459707
0.0,1574,3.7406894541260156,0.5501038228636227
0.0,1575,3.7418180541428328,0.5512896228812925
0.0,1576,3.7429470541596563,0.5524766228989801
0.0,1577,3.7440764541764855,0.5536648229166857
0.0,1578,3.7452062541933206,0.5548542229344091
0.0,1579,3.7463364542101623,0.5560448229521504
0.0,1580,3.7474670542270094,0.5572366229699096
0.0,1581,3.748598054243863,0.5584296229876867
0.0,1582,3.7497294542607222,0.5596238230054816
0.0,1583,3.750861254277587,0.5608192230232945
0.0,1584,3.751993454294458,0.5620158230411253
0.0,1585,3.7531260543113354,0.5632136230589738
0.0,1586,3.7542590543282186,0.5644126230768405
0.0,1587,3.7553924543451074,0.5656128230947247
0.0,1588,3.756526254362002,0.566814223112627
0.0,1589,3.7576604543789034,0.5680168231305471
0.0,1590,3.75879505439581,0.5692206231484852
0.0,1591,3.7599300544127234,0.5704256231664412
0.0,1592,3.761065454429642,0.5716318231844149
0.0,1593,3.7622012544465666,0.5728392232024065
0.0,1594,3.7633374544634974,0.574047823220416
0.0,1595,3.7644740544804343,0.5752576232384434
0.0,1596,3.7656110544973767,0.5764686232564887
0.0,1597,3.766748454514325,0.5776808232745521
0.0,1598,3.76788625453128,0.5788942232926331
0.0,1599,3.7690244545482403,0.580108823310732
0.0,1600,3.770163054565207,0.5813246233288488
0.0,1601,3.771302054582179,0.5825416233469836
0.0,1602,3.772441454599158,0.5837598233651362
0.0,1603,3.7735812546161425,0.5849792233833067
0.0,1604,3.774721454633132,0.5861998234014949
0.0,1605,3.775862054650129,0.5874216234197013
0.0,1606,3.777003054667131,0.5886446234379253
0.0,1607,3.778144454684139,0.5898688234561674
0.0,1608,3.779286254701153,0.5910942234744273
0.0,1609,3.7804284547181735,0.592320823492705
0.0,1610,3.781571054735199,0.5935486235110007
0.0,1611,3.782714054752231,0.5947776235293142
0.0,1612,3.7838574547692696,0.5960078235476456
0.0,1613,3.7850012547863137,0.5972392235659948
0.0,1614,3.7861454548033633,0.598471823584362
0.0,1615,3.7872900548204194,0.5997056236027472
0.0,1616,3.7884350548374806,0.6009406236211501
0.0,1617,3.7895804548545486,0.6021768236395708
0.0,1618,3.790726254871622,0.6034142236580095
0.0,1619,3.791872454888702,0.6046528236764661
0.0,1620,3.7930190549057876,0.6058926236949407
0.0,1621,3.7941660549228793,0.6071336237134329
0.0,1622,3.7953134549399774,0.6083758237319432
0.0,1623,3.7964612549570798,0.6096192237504713
0.0,1624,3.7976094549741894,0.6108638237690172
0.0,1625,3.7987580549913056,0.6121096237875812
0.0,1626,3.7999070550084264,0.613356623806163
0.0,1627,3.801056455025554,0.6146048238247624
0.0,1628,3.8022062550426874,0.61585422384338
0.0,1629,3.8033564550598267,0.6171048238620154
0.0,1630,3.804507055076972,0.6183566238806687
0.0,1631,3.8056580550941232,0.6196096238993398
0.0,1632,3.80680945511128,0.6208638239180287
0.0,1633,3.807961255128444,0.6221192239367358
0.0,1634,3.8091134551456127,0.6233758239554605
0.0,1635,3.8102660551627876,0.6246336239742032
0.0,1636,3.811419055179969,0.6258926239929639
0.0,1637,3.812572455197156,0.6271528240117423
0.0,1638,3.8137262552143483,0.6284142240305385
0.0,1639,3.8148804552315476,0.6296768240493527
0.0,1640,3.8160350552487525,0.6309406240681849
0.0,1641,3.8171900552659634,0.6322056240870348
0.0,1642,3.8183454552831804,0.6334718241059026
0.0,1643,3.819501255300403,0.6347392241247884
0.0,1644,3.8206574553176322,0.6360078241436921
0.0,1645,3.8218140553348667,0.6372776241626135
0.0,1646,3.8229710553521072,0.6385486241815529
0.0,1647,3.8241284553693538,0.6398208242005101
0.0,1648,3.825286255386606,0.6410942242194853
0.0,1649,3.8264444554038644,0.6423688242384782
0.0,1650,3.827603055421129,0.6436446242574891
0.0,1651,3.828762055438399,0.6449216242765179
0.0,1652,3.8299214554556755,0.6461998242955646
0.0,1653,3.8310812554729576,0.6474792243146292
0.0,1654,3.8322414554902466,0.6487598243337115
0.0,1655,3.8334020555075408,0.6500416243528118
0.0,1656,3.834563055524841,0.6513246243719301
0.0,1657,3.835724455542147,0.6526088243910662
0.0,1658,3.836886255559459,0.65389422441022
0.0,1659,3.8380484555767778,0.655180824429392
0.0,1660,3.8392110555941015,0.6564686244485817
0.0,1661,3.8403740556114316,0.6577576244677892
0.0,1662,3.8415374556287674,0.6590478244870147
0.0,1663,3.84270125564611,0.660339224506258
0.0,1664,3.8438654556634577,0.6616318245255193
0.0,1665,3.8450300556808115,0.6629256245447984
0.0,1666,3.846195055698171,0.6642206245640954
0.0,1667,3.8473604557155374,0.6655168245834103
0.0,1668,3.8485262557329087,0.6668142246027431
0.0,1669,3.8496924557502865,0.6681128246220938
0.0,1670,3.8508590557676703,0.6694126246414622
0.0,1671,3.8520260557850596,0.6707136246608486
0.0,1672,3.8531934558024554,0.6720158246802529
0.0,1673,3.854361255819857,0.6733192246996751
0.0,1674,3.8555294558372646,0.6746238247191152
0.0,1675,3.8566980558546784,0.6759296247385732
0.0,1676,3.8578670558720978,0.677236624758049
0.0,1677,3.8590364558895227,0.6785448247775426
0.0,1678,3.860206255906954,0.6798542247970543
0.0,1679,3.861376455924392,0.6811648248165837
0.0,1680,3.8625470559418353,0.682476624836131
0.0,1681,3.8637180559592847,0.6837896248556963
0.0,1682,3.8648894559767397,0.6851038248752794
0.0,1683,3.866061255994201,0.6864192248948804
0.0,1684,3.867233456011668,0.6877358249144992
0.0,1685,3.868406056029141,0.689053624934136
0.0,1686,3.8695790560466206,0.6903726249537907
0.0,1687,3.870752456064105,0.6916928249734631
0.0,1688,3.871926256081596,0.6930142249931536
0.0,1689,3.873100456099093,0.6943368250128619
0.0,1690,3.874275056116596,0.6956606250325879
0.0,1691,3.875450056134105,0.6969856250523321
0.0,1692,3.8766254561516202,0.698311825072094
0.0,1693,3.877801256169141,0.6996392250918737
0.0,1694,3.8789774561866674,0.7009678251116714
0.0,1695,3.8801540562042005,0.7022976251314871
0.0,1696,3.881331056221739,0.7036286251513204
0.0,1697,3.8825084562392833,0.7049608251711718
0.0,1698,3.8836862562568335,0.7062942251910409
0.0,1699,3.884864456274391,0.7076288252109281
0.0,1700,3.8860430562919532,0.708964625230833
0.0,1701,3.8872220563095214,0.7103016252507559
0.0,1702,3.8884014563270957,0.7116398252706966
0.0,1703,3.8895812563446763,0.7129792252906553
0.0,1704,3.890761456362263,0.7143198253106318
0.0,1705,3.891942056379855,0.7156616253306262
0.0,1706,3.8931230563974535,0.7170046253506384
0.0,1707,3.8943044564150577,0.7183488253706686
0.0,1708,3.8954862564326675,0.7196942253907165
0.0,1709,3.8966684564502834,0.7210408254107825
0.0,1710,3.897851056467906,0.7223886254308662
0.0,1711,3.899034056485534,0.7237376254509679
0.0,1712,3.9002174565031686,0.7250878254710875
0.0,1713,3.9014012565208085,0.7264392254912249
0.0,1714,3.902585456538455,0.7277918255113802
0.0,1715,3.9037700565561066,0.7291456255315534
0.0,1716,3.9049550565737645,0.7305006255517446
0.0,1717,3.9061404565914284,0.7318568255719535
0.0,1718,3.907326256609098,0.7332142255921803
0.0,1719,3.9085124566267737,0.734572825612425
0.0,1720,3.9096990566444556,0.7359326256326877
0.0,1721,3.910886056662143,0.7372936256529681
0.0,1722,3.9120734566798365,0.7386558256732665
0.0,1723,3.913261256697536,0.7400192256935827
0.0,1724,3.914449456715242,0.7413838257139168
0.0,1725,3.9156380567329534,0.7427496257342688
0.0,1726,3.9168270567506713,0.7441166257546388
0.0,1727,3.9180164567683944,0.7454848257750265
0.0,1728,3.919206256786124,0.7468542257954321
0.0,1729,3.920396456803859,0.7482248258158557
0.0,1730,3.9215870568216005,0.749596625836297
0.0,1731,3.9227780568393475,0.7509696258567564
0.0,1732,3.9239694568571006,0.7523438258772337
0.0,1733,3.92516125687486,0.7537192258977286
0.0,1734,3.926353456892625,0.7550958259182416
0.0,1735,3.927546056910397,0.7564736259387723
0.0,1736,3.9287390569281735,0.757852625959321
0.0,1737,3.9299324569459566,0.7592328259798877
0.0,1738,3.9311262569637457,0.7606142260004721
0.0,1739,3.9323204569815404,0.7619968260210745
0.0,1740,3.9335150569993416,0.7633806260416947
0.0,1741,3.9347100570171483,0.7647656260623328
0.0,1742,3.935905457034961,0.7661518260829887
0.0,1743,3.9371012570527797,0.7675392261036625
0.0,1744,3.938297457070604,0.7689278261243543
0.0,1745,3.9394940570884347,0.7703176261450639
0.0,1746,3.9406910571062714,0.7717086261657915
0.0,1747,3.941888457124114,0.7731008261865369
0.0,1748,3.943086257141963,0.7744942262073002
0.0,1749,3.9442844571598172,0.7758888262280814
0.0,1750,3.945483057177678,0.7772846262488804
0.0,1751,3.9466820571955443,0.7786816262696973
0.0,1752,3.947881457213417,0.7800798262905322
0.0,1753,3.9490812572312954,0.7814792263113848
0.0,1754,3.9502814572491802,0.7828798263322554
0.0,1755,3.9514820572670706,0.7842816263531438
0.0,1756,3.952683057284966,0.78568462637405
0.0,1757,3.953884457302869,0.7870888263949744
0.0,1758,3.955086257320777,0.7884942264159165
0.0,1759,3.9562884573386907,0.7899008264368763
0.0,1760,3.957491057356611,0.7913086264578543
0.0,1761,3.9586940573745375,0.79271762647885
0.0,1762,3.9598974573924695,0.7941278264998637
0.0,1763,3.961101257410407,0.7955392265208951
0.0,1764,3.962305457428351,0.7969518265419444
0.0,1765,3.9635100574463014,0.7983656265630118
0.0,1766,3.9647150574642573,0.799780626584097
0.0,1767,3.965920457482219,0.8011968266051999
0.0,1768,3.967126257500187,0.8026142266263209
0.0,1769,3.9683324575181604,0.8040328266474597
0.0,1770,3.9695390575361404,0.8054526266686163
0.0,1771,3.9707460575541265,0.8068736266897909
0.0,1772,3.971953457572118,0.8082958267109832
0.0,1773,3.9731612575901156,0.8097192267321935
0.0,1774,3.9743694576081188,0.8111438267534217
0.0,1775,3.9755780576261284,0.8125696267746678
0.0,1776,3.9767870576441444,0.8139966267959319
0.0,1777,3.977996457662166,0.8154248268172137
0.0,1778,3.979206257680193,0.8168542268385134
0.0,1779,3.980416457698226,0.818284826859831
0.0,1780,3.981627057716266,0.8197166268811665
0.0,1781,3.9828380577343108,0.8211496269025198
0.0,1782,3.984049457752363,0.8225838269238912
0.0,1783,3.985261257770419,0.8240192269452802
0.0,1784,3.986473457788483,0.8254558269666872
0.0,1785,3.9876860578065516,0.826893626988112
0.0,1786,3.9888990578246273,0.8283326270095549
0.0,1787,3.9901124578427076,0.8297728270310155
0.0,1788,3.991326257860795,0.831214227052494
0.0,1789,3.992540457878888,0.8326568270739905
0.0,1790,3.993755057896987,0.8341006270955049
0.0,1791,3.9949700579150917,0.835545627117037
0.0,1792,3.9961854579332026,0.836991827138587
0.0,1793,3.99740125795132,0.8384392271601548
0.0,1794,3.9986174579694422,0.8398878271817407
0.0,1795,3.999834057987571,0.8413376272033444
0.0,1796,4.0010510580057055,0.8427886272249661
0.0,1797,4.002268458023846,0.8442408272466055
0.0,1798,4.003486258041993,0.8456942272682628
0.0,1799,4.004704458060146,0.8471488272899379
0.0,1800,4.005923058078304,0.8486046273116312
0.0,1801,4.007142058096468,0.8500616273333422
0.0,1802,4.008361458114639,0.851519827355071
0.0,1803,4.009581258132815,0.8529792273768178
0.0,1804,4.010801458150998,0.8544398273985824
0.0,1805,4.012022058169187,0.855901627420365
0.0,1806,4.013243058187381,0.8573646274421654
0.0,1807,4.014464458205581,0.8588288274639836
0.0,1808,4.015686258223788,0.8602942274858199
0.0,1809,4.016908458242,0.8617608275076738
0.0,1810,4.018131058260217,0.8632286275295458
0.0,1811,4.0193540582784415,0.8646976275514356
0.0,1812,4.020577458296671,0.8661678275733433
0.0,1813,4.021801258314908,0.8676392275952689
0.0,1814,4.02302545833315,0.8691118276172123
0.0,1815,4.024250058351398,0.8705856276391737
0.0,1816,4.0254750583696515,0.8720606276611528
0.0,1817,4.026700458387912,0.8735368276831499
0.0,1818,4.027926258406177,0.8750142277051649
0.0,1819,4.029152458424449,0.8764928277271977
0.0,1820,4.030379058442727,0.8779726277492486
0.0,1821,4.031606058461011,0.8794536277713172
0.0,1822,4.032833458479301,0.8809358277934036
0.0,1823,4.034061258497596,0.8824192278155081
0.0,1824,4.035289458515898,0.8839038278376303
0.0,1825,4.036518058534205,0.8853896278597704
0.0,1826,4.037747058552519,0.8868766278819284
0.0,1827,4.038976458570838,0.8883648279041043
0.0,1828,4.040206258589164,0.8898542279262982
0.0,1829,4.041436458607495,0.8913448279485099
0.0,1830,4.042667058625833,0.8928366279707394
0.0,1831,4.043898058644176,0.8943296279929869
0.0,1832,4.045129458662525,0.8958238280152521
0.0,1833,4.04636125868088,0.8973192280375353
0.0,1834,4.047593458699241,0.8988158280598364
0.0,1835,4.048826058717609,0.9003136280821553
0.0,1836,4.050059058735982,0.9018126281044921
0.0,1837,4.051292458754361,0.903312828126847
0.0,1838,4.052526258772746,0.9048142281492195
0.0,1839,4.053760458791137,0.90631682817161
0.0,1840,4.054995058809534,0.9078206281940183
0.0,1841,4.056230058827937,0.9093256282164446
0.0,1842,4.0574654588463455,0.9108318282388888
0.0,1843,4.058701258864761,0.9123392282613507
0.0,1844,4.059937458883182,0.9138478282838307
0.0,1845,4.061174058901608,0.9153576283063284
0.0,1846,4.062411058920041,0.9168686283288441
0.0,1847,4.06364845893848,0.9183808283513777
0.0,1848,4.064886258956925,0.9198942283739291
0.0,1849,4.066124458975375,0.9214088283964983
0.0,1850,4.067363058993832,0.9229246284190855
0.0,1851,4.068602059012294,0.9244416284416905
0.0,1852,4.069841459030763,0.9259598284643136
0.0,1853,4.071081259049237,0.9274792284869544
0.0,1854,4.072321459067718,0.928999828509613
0.0,1855,4.073562059086203,0.9305216285322896
0.0,1856,4.074803059104696,0.932044628554984
0.0,1857,4.076044459123194,0.9335688285776964
0.0,1858,4.077286259141699,0.9350942286004267
0.0,1859,4.078528459160209,0.9366208286231748
0.0,1860,4.079771059178725,0.9381486286459407
0.0,1861,4.081014059197248,0.9396776286687247
0.0,1862,4.082257459215775,0.9412078286915264
0.0,1863,4.083501259234309,0.942739228714346
0.0,1864,4.084745459252849,0.9442718287371835
0.0,1865,4.085990059271396,0.9458056287600389
0.0,1866,4.087235059289948,0.9473406287829123
0.0,1867,4.088480459308506,0.9488768288058034
0.0,1868,4.089726259327069,0.9504142288287124
0.0,1869,4.09097245934564,0.9519528288516393
0.0,1870,4.092219059364215,0.9534926288745842
0.0,1871,4.093466059382797,0.9550336288975468
0.0,1872,4.094713459401385,0.9565758289205275
0.0,1873,4.095961259419978,0.9581192289435259
0.0,1874,4.097209459438577,0.9596638289665421
0.0,1875,4.098458059457183,0.9612096289895764
0.0,1876,4.099707059475795,0.9627566290126286
0.0,1877,4.100956459494412,0.9643048290356985
0.0,1878,4.102206259513036,0.9658542290587864
0.0,1879,4.103456459531666,0.9674048290818921
0.0,1880,4.104707059550301,0.9689566291050158
0.0,1881,4.105958059568942,0.9705096291281573
0.0,1882,4.107209459587589,0.9720638291513166
0.0,1883,4.108461259606242,0.973619229174494
0.0,1884,4.109713459624902,0.9751758291976891
0.0,1885,4.110966059643567,0.9767336292209021
0.0,1886,4.112219059662238,0.9782926292441331
0.0,1887,4.113472459680915,0.9798528292673817
0.0,1888,4.114726259699598,0.9814142292906485
0.0,1889,4.115980459718288,0.9829768293139332
0.0,1890,4.1172350597369824,0.9845406293372354
0.0,1891,4.1184900597556835,0.9861056293605558
0.0,1892,4.11974545977439,0.987671829383894
0.0,1893,4.121001259793103,0.9892392294072501
0.0,1894,4.122257459811822,0.9908078294306241
0.0,1895,4.123514059830547,0.9923776294540159
0.0,1896,4.1247710598492775,0.9939486294774256
0.0,1897,4.126028459868014,0.9955208295008532
0.0,1898,4.127286259886757,0.9970942295242988
0.0,1899,4.1285444599055054,0.9986688295477619
0.0,1900,4.12980305992426,1.0002446295712433
0.0,1901,4.131062059943021,1.0018216295947424
0.0,1902,4.132321459961787,1.0033998296182594
0.0,1903,4.13358125998056,1.0049792296417945
0.0,1904,4.134841459999338,1.0065598296653473
0.0,1905,4.136102060018123,1.0081416296889179
0.0,1906,4.137363060036913,1.0097246297125064
0.0,1907,4.138624460055709,1.0113088297361128
0.0,1908,4.139886260074512,1.012894229759737
0.0,1909,4.141148460093319,1.0144808297833792
0.0,1910,4.142411060112134,1.0160686298070392
0.0,1911,4.143674060130954,1.0176576298307172
0.0,1912,4.14493746014978,1.019247829854413
0.0,1913,4.1462012601686125,1.0208392298781268
0.0,1914,4.14746546018745,1.0224318299018582
0.0,1915,4.148730060206294,1.0240256299256079
0.0,1916,4.1499950602251445,1.025620629949375
0.0,1917,4.151260460244,1.0272168299731603
0.0,1918,4.152526260262862,1.0288142299969634
0.0,1919,4.15379246028173,1.0304128300207847
0.0,1920,4.155059060300603,1.0320126300446233
0.0,1921,4.1563260603194845,1.0336136300684802
0.0,1922,4.1575934603383695,1.0352158300923548
0.0,1923,4.158861260357261,1.036819230116247
0.0,1924,4.160129460376158,1.0384238301401576
0.0,1925,4.161398060395062,1.040029630164086
0.0,1926,4.1626670604139715,1.041636630188032
0.0,1927,4.163936460432887,1.043244830211996
0.0,1928,4.165206260451808,1.044854230235978
0.0,1929,4.1664764604707365,1.046464830259978
0.0,1930,4.16774706048967,1.0480766302839957
0.0,1931,4.169018060508609,1.0496896303080312
0.0,1932,4.170289460527554,1.0513038303320845
0.0,1933,4.171561260546506,1.0529192303561559
0.0,1934,4.172833460565463,1.0545358303802452
0.0,1935,4.1741060605844265,1.0561536304043522
0.0,1936,4.175379060603396,1.0577726304284771
0.0,1937,4.17665246062237,1.0593928304526201
0.0,1938,4.177926260641351,1.061014230476781
0.0,1939,4.179200460660338,1.0626368305009595
0.0,1940,4.180475060679331,1.064260630525156
0.0,1941,4.181750060698331,1.0658856305493702
0.0,1942,4.183025460717336,1.0675118305736027
0.0,1943,4.184301260736347,1.0691392305978529
0.0,1944,4.185577460755363,1.0707678306221209
0.0,1945,4.186854060774387,1.0723976306464067
0.0,1946,4.188131060793415,1.0740286306707105
0.0,1947,4.18940846081245,1.0756608306950322
0.0,1948,4.190686260831491,1.0772942307193718
0.0,1949,4.191964460850537,1.0789288307437293
0.0,1950,4.19324306086959,1.0805646307681047
0.0,1951,4.194522060888648,1.0822016307924978
0.0,1952,4.195801460907713,1.0838398308169088
0.0,1953,4.197081260926784,1.085479230841338
0.0,1954,4.1983614609458595,1.0871198308657846
0.0,1955,4.199642060964942,1.0887616308902495
0.0,1956,4.200923060984031,1.090404630914732
0.0,1957,4.202204461003125,1.0920488309392324
0.0,1958,4.203486261022225,1.093694230963751
0.0,1959,4.204768461041332,1.095340830988287
0.0,1960,4.206051061060443,1.0969886310128412
0.0,1961,4.207334061079562,1.0986376310374133
0.0,1962,4.208617461098686,1.1002878310620032
0.0,1963,4.209901261117817,1.101939231086611
0.0,1964,4.211185461136952,1.1035918311112365
0.0,1965,4.212470061156094,1.10524563113588
0.0,1966,4.213755061175243,1.1069006311605416
0.0,1967,4.215040461194397,1.1085568311852207
0.0,1968,4.216326261213556,1.110214231209918
0.0,1969,4.217612461232722,1.111872831234633
0.0,1970,4.218899061251895,1.113532631259366
0.0,1971,4.220186061271072,1.1151936312841169
0.0,1972,4.221473461290255,1.1168558313088857
0.0,1973,4.222761261309445,1.1185192313336723
0.0,1974,4.224049461328641,1.1201838313584769
0.0,1975,4.225338061347842,1.121849631383299
0.0,1976,4.226627061367051,1.1235166314081395
0.0,1977,4.227916461386264,1.1251848314329973
0.0,1978,4.2292062614054835,1.1268542314578733
0.0,1979,4.230496461424709,1.1285248314827672
0.0,1980,4.23178706144394,1.130196631507679
0.0,1981,4.2330780614631776,1.1318696315326087
0.0,1982,4.234369461482421,1.1335438315575561
0.0,1983,4.23566126150167,1.1352192315825216
0.0,1984,4.236953461520925,1.1368958316075048
0.0,1985,4.2382460615401865,1.138573631632506
0.0,1986,4.239539061559454,1.140252631657525
0.0,1987,4.240832461578727,1.141932831682562
0.0,1988,4.242126261598006,1.1436142317076168
0.0,1989,4.243420461617291,1.1452968317326895
0.0,1990,4.244715061636582,1.14698063175778
0.0,1991,4.24601006165588,1.1486656317828887
0.0,1992,4.247305461675182,1.1503518318080148
0.0,1993,4.248601261694492,1.152039231833159
0.0,1994,4.249897461713806,1.153727831858321
0.0,1995,4.251194061733127,1.1554176318835012
0.0,1996,4.252491061752454,1.157108631908699
0.0,1997,4.253788461771787,1.158800831933915
0.0,1998,4.255086261791125,1.1604942319591485
0.0,1999,4.2563844618104705,1.1621888319843998
0.0,2000,4.2576830618298205,1.1638846320096692
0.0,2001,4.258982061849177,1.1655816320349566
0.0,2002,4.26028146186854,1.1672798320602618
0.0,2003,4.261581261887908,1.1689792320855847
0.0,2004,4.261581261887908,1.1689792320855847
0.0,2005,4.262880761907273,1.1706778321108957
0.0,2006,4.264179261926622,1.1723736321361653
0.0,2007,4.265476761945956,1.174066632161393
0.0,2008,4.266773261965275,1.1757568321865788
0.0,2009,4.26806876198458,1.1774442322117231
0.0,2010,4.269363262003869,1.1791288322368256
0.0,2011,4.270656762023144,1.1808106322618863
0.0,2012,4.271949262042404,1.1824896322869056
0.0,2013,4.273240762061648,1.1841658323118827
0.0,2014,4.274531262080878,1.1858392323368183
0.0,2015,4.2758207621000945,1.1875098323617121
0.0,2016,4.277109262119293,1.1891776323865644
0.0,2017,4.278396762138479,1.1908426324113748
0.0,2018,4.279683262157648,1.1925048324361436
0.0,2019,4.280968762176804,1.1941642324608706
0.0,2020,4.282253262195945,1.195820832485556
0.0,2021,4.283536762215071,1.1974746325101993
0.0,2022,4.284819262234181,1.199125632534801
0.0,2023,4.286100762253277,1.200773832559361
0.0,2024,4.287381262272358,1.2024192325838796
0.0,2025,4.288660762291424,1.204061832608356
0.0,2026,4.289939262310475,1.205701632632791
0.0,2027,4.291216762329511,1.2073386326571844
0.0,2028,4.292493262348533,1.2089728326815357
0.0,2029,4.29376876236754,1.2106042327058453
0.0,2030,4.295043262386531,1.2122328327301135
0.0,2031,4.296316762405507,1.2138586327543397
0.0,2032,4.297589262424469,1.2154816327785243
0.0,2033,4.298860762443416,1.2171018328026673
0.0,2034,4.300131262462347,1.2187192328267684
0.0,2035,4.301400762481265,1.2203338328508277
0.0,2036,4.302669262500167,1.2219456328748455
0.0,2037,4.303936762519054,1.2235546328988216
0.0,2038,4.305203262537926,1.2251608329227557
0.0,2039,4.306468762556784,1.2267642329466482
0.0,2040,4.307733262575626,1.2283648329704988
0.0,2041,4.308996762594455,1.2299626329943085
0.0,2042,4.310259262613267,1.2315576330180757
0.0,2043,4.311520762632065,1.2331498330418011
0.0,2044,4.312781262650849,1.2347392330654852
0.0,2045,4.314040762669616,1.2363258330891274
0.0,2046,4.315299262688369,1.2379096331127277
0.0,2047,4.316556762707107,1.2394906331362865
0.0,2048,4.3178132627258305,1.2410688331598037
0.0,2049,4.319068762744539,1.242644233183279
0.0,2050,4.320323262763233,1.2442168332067125
0.0,2051,4.321576762781911,1.2457866332301042
0.0,2052,4.322829262800576,1.2473536332534545
0.0,2053,4.324080762819224,1.2489178332767628
0.0,2054,4.3253312628378575,1.2504792333000294
0.0,2055,4.3265807628564765,1.2520378333232545
0.0,2056,4.32782926287508,1.2535936333464377
0.0,2057,4.32907676289367,1.255146633369579
0.0,2058,4.330323262912244,1.256696833392679
0.0,2059,4.331568762930804,1.2582442334157369
0.0,2060,4.332813262949348,1.2597888334387533
0.0,2061,4.334056762967878,1.2613306334617278
0.0,2062,4.335299262986393,1.2628696334846607
0.0,2063,4.336540763004892,1.2644058335075519
0.0,2064,4.337781263023377,1.2659392335304014
0.0,2065,4.339020763041846,1.267469833553209
0.0,2066,4.340259263060301,1.268997633575975
0.0,2067,4.341496763078742,1.2705226335986994
0.0,2068,4.342733263097167,1.2720448336213819
0.0,2069,4.343968763115578,1.2735642336440227
0.0,2070,4.345203263133973,1.275080833666622
0.0,2071,4.346436763152354,1.276594633689179
0.0,2072,4.34766926317072,1.2781056337116947
0.0,2073,4.348900763189071,1.2796138337341687
0.0,2074,4.350131263207406,1.281119233756601
0.0,2075,4.351360763225727,1.2826218337789916
0.0,2076,4.352589263244033,1.2841216338013401
0.0,2077,4.353816763262324,1.2856186338236473
0.0,2078,4.355043263280601,1.2871128338459124
0.0,2079,4.3562687632988615,1.288604233868136
0.0,2080,4.3574932633171075,1.290092833890318
0.0,2081,4.35871676333534,1.291578633912458
0.0,2082,4.3599392633535565,1.2930616339345566
0.0,2083,4.361160763371758,1.294541833956613
0.0,2084,4.362381263389945,1.296019233978628
0.0,2085,4.363600763408117,1.2974938340006015
0.0,2086,4.364819263426274,1.298965634022533
0.0,2087,4.366036763444416,1.3004346340444226
0.0,2088,4.367253263462543,1.301900834066271
0.0,2089,4.368468763480656,1.3033642340880771
0.0,2090,4.369683263498754,1.3048248341098418
0.0,2091,4.370896763516836,1.3062826341315648
0.0,2092,4.372109263534904,1.3077376341532463
0.0,2093,4.373320763552957,1.3091898341748855
0.0,2094,4.374531263570995,1.3106392341964834
0.0,2095,4.375740763589018,1.3120858342180393
0.0,2096,4.376949263607026,1.3135296342395537
0.0,2097,4.378156763625019,1.3149706342610263
0.0,2098,4.379363263642998,1.3164088342824571
0.0,2099,4.3805687636609605,1.3178442343038461
0.0,2100,4.381773263678909,1.3192768343251937
0.0,2101,4.382976763696843,1.3207066343464993
0.0,2102,4.384179263714761,1.3221336343677632
0.0,2103,4.385380763732665,1.3235578343889856
0.0,2104,4.386581263750554,1.324979234410166
0.0,2105,4.387780763768428,1.3263978344313048
0.0,2106,4.388979263786287,1.327813634452402
0.0,2107,4.390176763804131,1.3292266344734571
0.0,2108,4.3913732638219605,1.3306368344944708
0.0,2109,4.392568763839775,1.3320442345154428
0.0,2110,4.393763263857574,1.3334488345363729
0.0,2111,4.394956763875358,1.3348506345572613
0.0,2112,4.396149263893127,1.336249634578108
0.0,2113,4.397340763910883,1.337645834598913
0.0,2114,4.398531263928622,1.3390392346196764
0.0,2115,4.399720763946347,1.3404298346403978
0.0,2116,4.400909263964058,1.3418176346610777
0.0,2117,4.402096763981753,1.3432026346817159
0.0,2118,4.403283263999433,1.3445848347023124
0.0,2119,4.404468764017098,1.3459642347228669
0.0,2120,4.405653264034749,1.3473408347433797
0.0,2121,4.406836764052384,1.3487146347638512
0.0,2122,4.408019264070005,1.3500856347842805
0.0,2123,4.40920076408761,1.3514538348046683
0.0,2124,4.410381264105202,1.3528192348250143
0.0,2125,4.411560764122777,1.3541818348453185
0.0,2126,4.412739264140338,1.355541634865581
0.0,2127,4.413916764157885,1.3568986348858019
0.0,2128,4.4150932641754155,1.358252834905981
0.0,2129,4.416268764192933,1.3596042349261186
0.0,2130,4.4174432642104335,1.3609528349462143
0.0,2131,4.41861676422792,1.3622986349662682
0.0,2132,4.419789264245391,1.3636416349862803
0.0,2133,4.420960764262848,1.364981835006251
0.0,2134,4.4221312642802895,1.36631923502618
0.0,2135,4.423300764297717,1.3676538350460672
0.0,2136,4.424469264315129,1.3689856350659122
0.0,2137,4.425636764332526,1.370314635085716
0.0,2138,4.426803264349908,1.3716408351054779
0.0,2139,4.427968764367275,1.372964235125198
0.0,2140,4.429133264384627,1.3742848351448766
0.0,2141,4.430296764401966,1.3756026351645134
0.0,2142,4.431459264419288,1.3769176351841084
0.0,2143,4.432620764436596,1.3782298352036615
0.0,2144,4.433781264453888,1.3795392352231732
0.0,2145,4.4349407644711665,1.3808458352426431
0.0,2146,4.436099264488429,1.3821496352620712
0.0,2147,4.437256764505677,1.3834506352814575
0.0,2148,4.438413264522911,1.3847488353008024
0.0,2149,4.4395687645401285,1.3860442353201052
0.0,2150,4.440723264557332,1.3873368353393665
0.0,2151,4.44187676457452,1.388626635358586
0.0,2152,4.4430292645916944,1.3899136353777637
0.0,2153,4.444180764608852,1.3911978353968997
0.0,2154,4.445331264625997,1.3924792354159943
0.0,2155,4.446480764643125,1.3937578354350466
0.0,2156,4.44762926466024,1.3950336354540576
0.0,2157,4.448776764677339,1.396306635473027
0.0,2158,4.449923264694423,1.3975768354919542
0.0,2159,4.451068764711492,1.3988442355108401
0.0,2160,4.452213264728546,1.400108835529684
0.0,2161,4.453356764745585,1.4013706355484863
0.0,2162,4.45449926476261,1.402629635567247
0.0,2163,4.45564076477962,1.4038858355859658
0.0,2164,4.456781264796614,1.4051392356046428
0.0,2165,4.457920764813594,1.4063898356232782
0.0,2166,4.459059264830559,1.4076376356418718
0.0,2167,4.46019676484751,1.4088826356604238
0.0,2168,4.461333264864445,1.410124835678934
0.0,2169,4.462468764881365,1.4113642356974025
0.0,2170,4.46360326489827,1.4126008357158293
0.0,2171,4.464736764915161,1.4138346357342144
0.0,2172,4.465869264932036,1.415065635752558
0.0,2173,4.467000764948897,1.4162938357708594
0.0,2174,4.468131264965742,1.4175192357891193
0.0,2175,4.4692607649825735,1.4187418358073374
0.0,2176,4.4703892649993895,1.419961635825514
0.0,2177,4.47151676501619,1.4211786358436485
0.0,2178,4.472643265032977,1.4223928358617415
0.0,2179,4.473768765049748,1.423604235879793
0.0,2180,4.4748932650665045,1.4248128358978023
0.0,2181,4.476016765083246,1.4260186359157703
0.0,2182,4.477139265099972,1.4272216359336962
0.0,2183,4.478260765116684,1.4284218359515808
0.0,2184,4.479381265133381,1.4296192359694233
0.0,2185,4.4805007651500635,1.4308138359872244
0.0,2186,4.48161926516673,1.4320056360049835
0.0,2187,4.482736765183382,1.433194636022701
0.0,2188,4.483853265200019,1.4343808360403767
0.0,2189,4.4849687652166415,1.4355642360580108
0.0,2190,4.4860832652332485,1.4367448360756032
0.0,2191,4.487196765249841,1.4379226360931538
0.0,2192,4.488309265266419,1.4390976361106624
0.0,2193,4.489420765282981,1.4402698361281296
0.0,2194,4.49053126529953,1.4414392361455552
0.0,2195,4.491640765316062,1.4426058361629388
0.0,2196,4.49274926533258,1.4437696361802808
0.0,2197,4.493856765349083,1.4449306361975809
0.0,2198,4.494963265365572,1.4460888362148396
0.0,2199,4.496068765382045,1.4472442362320563
0.0,2200,4.497173265398502,1.4483968362492314
0.0,2201,4.498276765414946,1.4495466362663647
0.0,2202,4.499379265431375,1.4506936362834564
0.0,2203,4.500480765447788,1.4518378363005064
0.0,2204,4.501581265464187,1.4529792363175145
0.0,2205,4.502680765480571,1.454117836334481
0.0,2206,4.50377926549694,1.455253636351406
0.0,2207,4.504876765513294,1.456386636368289
0.0,2208,4.505973265529633,1.45751683638513
0.0,2209,4.507068765545958,1.4586442364019296
0.0,2210,4.508163265562266,1.4597688364186874
0.0,2211,4.509256765578561,1.4608906364354035
0.0,2212,4.51034926559484,1.4620096364520778
0.0,2213,4.5114407656111055,1.4631258364687105
0.0,2214,4.512531265627355,1.4642392364853016
0.0,2215,4.513620765643591,1.4653498365018511
0.0,2216,4.5147092656598105,1.4664576365183584
0.0,2217,4.515796765676016,1.4675626365348242
0.0,2218,4.516883265692205,1.4686648365512482
0.0,2219,4.51796876570838,1.4697642365676304
0.0,2220,4.519053265724541,1.4708608365839713
0.0,2221,4.520136765740686,1.47195463660027
0.0,2222,4.521219265756816,1.4730456366165272
0.0,2223,4.522300765772932,1.4741338366327428
0.0,2224,4.523381265789033,1.4752192366489165
0.0,2225,4.524460765805118,1.4763018366650487
0.0,2226,4.525539265821189,1.4773816366811388
0.0,2227,4.526616765837246,1.4784586366971872
0.0,2228,4.527693265853286,1.4795328367131941
0.0,2229,4.528768765869313,1.4806042367291592
0.0,2230,4.529843265885324,1.4816728367450827
0.0,2231,4.5309167659013205,1.4827386367609643
0.0,2232,4.531989265917302,1.4838016367768043
0.0,2233,4.533060765933269,1.4848618367926025
0.0,2234,4.53413126594922,1.485919236808359
0.0,2235,4.535200765965158,1.4869738368240737
0.0,2236,4.53626926598108,1.4880256368397466
0.0,2237,4.537336765996986,1.4890746368553782
0.0,2238,4.538403266012878,1.4901208368709675
0.0,2239,4.539468766028755,1.4911642368865154
0.0,2240,4.540533266044617,1.4922048369020218
0.0,2241,4.541596766060465,1.4932426369174863
0.0,2242,4.542659266076297,1.4942776369329087
0.0,2243,4.543720766092115,1.4953098369482896
0.0,2244,4.5447812661079166,1.4963392369636288
0.0,2245,4.545840766123705,1.4973658369789264
0.0,2246,4.546899266139478,1.498389636994182
0.0,2247,4.547956766155235,1.4994106370093963
0.0,2248,4.549013266170979,1.5004288370245686
0.0,2249,4.5500687661867065,1.5014442370396992
0.0,2250,4.551123266202421,1.5024568370547882
0.0,2251,4.5521767662181185,1.5034666370698355
0.0,2252,4.553229266233803,1.5044736370848408
0.0,2253,4.55428076624947,1.5054778370998048
0.0,2254,4.555331266265124,1.5064792371147266
0.0,2255,4.556380766280763,1.5074778371296071
0.0,2256,4.557429266296388,1.5084736371444456
0.0,2257,4.558476766311996,1.5094666371592425
0.0,2258,4.559523266327591,1.5104568371739975
0.0,2259,4.560568766343169,1.511444237188711
0.0,2260,4.561613266358734,1.5124288372033825
0.0,2261,4.562656766374283,1.5134106372180125
0.0,2262,4.563699266389817,1.5143896372326007
0.0,2263,4.564740766405337,1.5153658372471475
0.0,2264,4.565781266420841,1.5163392372616522
0.0,2265,4.566820766436331,1.5173098372761151
0.0,2266,4.567859266451807,1.5182776372905367
0.0,2267,4.568896766467266,1.5192426373049162
0.0,2268,4.569933266482711,1.520204837319254
0.0,2269,4.570968766498141,1.52116423733355
0.0,2270,4.572003266513557,1.5221208373478046
0.0,2271,4.573036766528957,1.5230746373620174
0.0,2272,4.574069266544343,1.5240256373761885
0.0,2273,4.5751007665597125,1.5249738373903177
0.0,2274,4.576131266575069,1.525919237404405
0.0,2275,4.577160766590409,1.526861837418451
0.0,2276,4.578189266605735,1.5278016374324552
0.0,2277,4.579216766621046,1.5287386374464176
0.0,2278,4.580243266636343,1.5296728374603383
0.0,2279,4.581268766651624,1.5306042374742173
0.0,2280,4.582293266666889,1.5315328374880544
0.0,2281,4.583316766682141,1.5324586375018499
0.0,2282,4.584339266697378,1.5333816375156037
0.0,2283,4.585360766712599,1.5343018375293158
0.0,2284,4.586381266727805,1.5352192375429858
0.0,2285,4.587400766742997,1.5361338375566147
0.0,2286,4.588419266758174,1.5370456375702015
0.0,2287,4.589436766773336,1.5379546375837467
0.0,2288,4.590453266788483,1.53886083759725
0.0,2289,4.591468766803615,1.539764237610712
0.0,2290,4.592483266818733,1.5406648376241319
0.0,2291,4.593496766833835,1.5415626376375102
0.0,2292,4.594509266848922,1.5424576376508465
0.0,2293,4.595520766863994,1.5433498376641412
0.0,2294,4.596531266879052,1.5442392376773946
0.0,2295,4.597540766894094,1.5451258376906059
0.0,2296,4.598549266909123,1.5460096377037755
0.0,2297,4.599556766924136,1.5468906377169034
0.0,2298,4.600563266939133,1.5477688377299896
0.0,2299,4.6015687669541165,1.548644237743034
0.0,2300,4.602573266969085,1.5495168377560367
0.0,2301,4.603576766984039,1.550386637768998
0.0,2302,4.604579266998977,1.551253637781917
0.0,2303,4.6055807670139,1.5521178377947948
0.0,2304,4.606581267028809,1.5529792378076306
0.0,2305,4.607580767043702,1.5538378378204247
0.0,2306,4.608579267058581,1.5546936378331773
0.0,2307,4.609576767073445,1.5555466378458878
0.0,2308,4.610573267088295,1.5563968378585569
0.0,2309,4.611568767103129,1.5572442378711842
0.0,2310,4.612563267117947,1.5580888378837696
0.0,2311,4.613556767132752,1.5589306378963133
0.0,2312,4.614549267147542,1.5597696379088155
0.0,2313,4.615540767162316,1.5606058379212757
0.0,2314,4.616531267177075,1.5614392379336945
0.0,2315,4.61752076719182,1.5622698379460713
0.0,2316,4.61850926720655,1.5630976379584065
0.0,2317,4.619496767221265,1.5639226379707
0.0,2318,4.620483267235965,1.5647448379829516
0.0,2319,4.621468767250651,1.565564237995162
0.0,2320,4.62245326726532,1.56638083800733
0.0,2321,4.623436767279975,1.5671946380194566
0.0,2322,4.624419267294615,1.5680056380315415
0.0,2323,4.625400767309242,1.5688138380435845
0.0,2324,4.626381267323852,1.569619238055586
0.0,2325,4.627360767338447,1.5704218380675457
0.0,2326,4.628339267353028,1.5712216380794637
0.0,2327,4.629316767367594,1.5720186380913397
0.0,2328,4.630293267382145,1.5728128381031743
0.0,2329,4.631268767396681,1.5736042381149673
0.0,2330,4.632243267411202,1.5743928381267183
0.0,2331,4.633216767425708,1.5751786381384274
0.0,2332,4.634189267440201,1.5759616381500954
0.0,2333,4.635160767454677,1.576741838161721
0.0,2334,4.636131267469138,1.5775192381733052
0.0,2335,4.6371007674835845,1.5782938381848475
0.0,2336,4.638069267498016,1.5790656381963484
0.0,2337,4.639036767512434,1.5798346382078075
0.0,2338,4.640003267526836,1.5806008382192247
0.0,2339,4.640968767541223,1.5813642382306001
0.0,2340,4.641933267555594,1.582124838241934
0.0,2341,4.642896767569952,1.582882638253226
0.0,2342,4.643859267584294,1.5836376382644763
0.0,2343,4.644820767598622,1.5843898382756851
0.0,2344,4.645781267612934,1.585139238286852
0.0,2345,4.646740767627232,1.5858858382979772
0.0,2346,4.647699267641515,1.5866296383090606
0.0,2347,4.648656767655783,1.5873706383201025
0.0,2348,4.649613267670036,1.5881088383311024
0.0,2349,4.650568767684273,1.5888442383420607
0.0,2350,4.651523267698497,1.5895768383529774
0.0,2351,4.652476767712705,1.5903066383638524
0.0,2352,4.6534292677268985,1.5910336383746855
0.0,2353,4.654380767741078,1.591757838385477
0.0,2354,4.6553312677552405,1.5924792383962263
0.0,2355,4.656280767769388,1.5931978384069345
0.0,2356,4.6572292677835225,1.5939136384176007
0.0,2357,4.658176767797642,1.5946266384282253
0.0,2358,4.659123267811745,1.595336838438808
0.0,2359,4.660068767825836,1.5960442384493492
0.0,2360,4.661013267839909,1.5967488384598485
0.0,2361,4.661956767853969,1.597450638470306
0.0,2362,4.6628992678680135,1.5981496384807221
0.0,2363,4.663840767882042,1.5988458384910964
0.0,2364,4.664781267896057,1.5995392385014287
0.0,2365,4.665720767910056,1.6002298385117193
0.0,2366,4.666659267924041,1.6009176385219686
0.0,2367,4.6675967679380115,1.6016026385321758
0.0,2368,4.668533267951966,1.6022848385423414
0.0,2369,4.669468767965906,1.602964238552465
0.0,2370,4.670403267979831,1.6036408385625474
0.0,2371,4.671336767993742,1.6043146385725877
0.0,2372,4.6722692680076365,1.6049856385825865
0.0,2373,4.673200768021516,1.6056538385925434
0.0,2374,4.674131268035382,1.6063192386024585
0.0,2375,4.675060768049233,1.606981838612332
0.0,2376,4.675989268063068,1.607641638622164
0.0,2377,4.6769167680768895,1.608298638631954
0.0,2378,4.677843268090696,1.6089528386417022
0.0,2379,4.6787687681044865,1.609604238651409
0.0,2380,4.679693268118263,1.6102528386610737
0.0,2381,4.680616768132024,1.610898638670697
0.0,2382,4.68153926814577,1.6115416386802783
0.0,2383,4.682460768159501,1.6121818386898181
0.0,2384,4.6833812681732185,1.6128192386993163
0.0,2385,4.68430076818692,1.6134538387087725
0.0,2386,4.685219268200607,1.614085638718187
0.0,2387,4.686136768214278,1.61471463872756
0.0,2388,4.687053268227935,1.6153408387368908
0.0,2389,4.687968768241577,1.6159642387461801
0.0,2390,4.688883268255204,1.616584838755428
0.0,2391,4.689796768268817,1.6172026387646339
0.0,2392,4.690709268282414,1.617817638773798
0.0,2393,4.691620768295996,1.6184298387829206
0.0,2394,4.692531268309564,1.6190392387920012
0.0,2395,4.693440768323116,1.6196458388010404
0.0,2396,4.694349268336655,1.6202496388100378
0.0,2397,4.695256768350177,1.6208506388189932
0.0,2398,4.6961632683636845,1.6214488388279071
0.0,2399,4.697068768377179,1.6220442388367795
0.0,2400,4.697973268390656,1.6226368388456096
0.0,2401,4.698876768404119,1.6232266388543986
0.0,2402,4.699779268417567,1.6238136388631457
0.0,2403,4.700680768431001,1.6243978388718507
0.0,2404,4.70158126844442,1.6249792388805142
0.0,2405,4.702480768457823,1.625557838889136
0.0,2406,4.7033792684712115,1.6261336388977161
0.0,2407,4.704276768484585,1.6267066389062546
0.0,2408,4.705173268497944,1.6272768389147512
0.0,2409,4.7060687685112885,1.6278442389232062
0.0,2410,4.706963268524617,1.6284088389316191
0.0,2411,4.707856768537932,1.6289706389399905
0.0,2412,4.708749268551231,1.6295296389483207
0.0,2413,4.709640768564515,1.6300858389566084
0.0,2414,4.710531268577785,1.6306392389648547
0.0,2415,4.711420768591039,1.6311898389730595
0.0,2416,4.712309268604279,1.6317376389812224
0.0,2417,4.713196768617504,1.6322826389893432
0.0,2418,4.714083268630714,1.6328248389974227
0.0,2419,4.714968768643908,1.6333642390054603
0.0,2420,4.715853268657089,1.6339008390134566
0.0,2421,4.716736768670254,1.6344346390214106
0.0,2422,4.717619268683404,1.6349656390293235
0.0,2423,4.71850076869654,1.635493839037194
0.0,2424,4.719381268709659,1.636019239045023
0.0,2425,4.720260768722765,1.6365418390528104
0.0,2426,4.721139268735856,1.6370616390605561
0.0,2427,4.722016768748932,1.6375786390682598
0.0,2428,4.722893268761993,1.638092839075922
0.0,2429,4.723768768775038,1.6386042390835425
0.0,2430,4.7246432687880695,1.6391128390911214
0.0,2431,4.725516768801086,1.6396186390986585
0.0,2432,4.726389268814087,1.6401216391061535
0.0,2433,4.727260768827073,1.640621839113607
0.0,2434,4.728131268840045,1.6411192391210188
0.0,2435,4.729000768853002,1.641613839128389
0.0,2436,4.729869268865944,1.6421056391357174
0.0,2437,4.73073676887887,1.6425946391430042
0.0,2438,4.7316032688917815,1.6430808391502492
0.0,2439,4.732468768904679,1.6435642391574523
0.0,2440,4.733333268917561,1.6440448391646139
0.0,2441,4.7341967689304285,1.6445226391717336
0.0,2442,4.73505926894328,1.6449976391788117
0.0,2443,4.735920768956118,1.645469839185848
0.0,2444,4.73678126896894,1.6459392391928427
0.0,2445,4.737640768981748,1.6464058391997956
0.0,2446,4.73849926899454,1.6468696392067068
0.0,2447,4.739356769007318,1.647330639213576
0.0,2448,4.740213269020081,1.6477888392204036
0.0,2449,4.741068769032829,1.6482442392271899
0.0,2450,4.741923269045562,1.648696839233934
0.0,2451,4.74277676905828,1.6491466392406366
0.0,2452,4.743629269070984,1.6495936392472974
0.0,2453,4.744480769083672,1.6500378392539163
0.0,2454,4.745331269096345,1.650479239260494
0.0,2455,4.746180769109003,1.6509178392670294
0.0,2456,4.747029269121647,1.6513536392735235
0.0,2457,4.747876769134276,1.6517866392799756
0.0,2458,4.74872326914689,1.6522168392863863
0.0,2459,4.749568769159488,1.652644239292755
0.0,2460,4.750413269172073,1.6530688392990818
0.0,2461,4.751256769184642,1.653490639305367
0.0,2462,4.7520992691971955,1.6539096393116108
0.0,2463,4.752940769209736,1.6543258393178126
0.0,2464,4.75378126922226,1.6547392393239728
0.0,2465,4.754620769234769,1.6551498393300912
0.0,2466,4.755459269247265,1.655557639336168
0.0,2467,4.756296769259744,1.6559626393422031
0.0,2468,4.757133269272209,1.6563648393481962
0.0,2469,4.757968769284659,1.6567642393541477
0.0,2470,4.758803269297093,1.6571608393600574
0.0,2471,4.759636769309513,1.6575546393659257
0.0,2472,4.760469269321919,1.6579456393717518
0.0,2473,4.761300769334309,1.6583338393775364
0.0,2474,4.762131269346685,1.6587192393832795
0.0,2475,4.762960769359045,1.6591018393889807
0.0,2476,4.763789269371391,1.65948163939464
0.0,2477,4.764616769383721,1.659858639400258
0.0,2478,4.765443269396037,1.6602328394058339
0.0,2479,4.766268769408338,1.660604239411368
0.0,2480,4.767093269420624,1.6609728394168606
0.0,2481,4.767916769432896,1.6613386394223117
0.0,2482,4.768739269445152,1.6617016394277206
0.0,2483,4.769560769457392,1.662061839433088
0.0,2484,4.7703812694696195,1.6624192394384139
0.0,2485,4.771200769481831,1.6627738394436977
0.0,2486,4.772019269494026,1.66312563944894
0.0,2487,4.772836769506209,1.6634746394541404
0.0,2488,4.773653269518376,1.6638208394592993
0.0,2489,4.774468769530528,1.6641642394644163
0.0,2490,4.775283269542665,1.6645048394694915
0.0,2491,4.776096769554787,1.6648426394745253
0.0,2492,4.776909269566894,1.6651776394795172
0.0,2493,4.777720769578987,1.6655098394844672
0.0,2494,4.778531269591063,1.6658392394893755
0.0,2495,4.779340769603126,1.6661658394942422
0.0,2496,4.7801492696151735,1.6664896394990674
0.0,2497,4.780956769627206,1.6668106395038507
0.0,2498,4.7817632696392245,1.6671288395085924
0.0,2499,4.782568769651227,1.667444239513292
0.0,2500,4.783373269663215,1.66775683951795
0.0,2501,4.784176769675189,1.6680666395225667
0.0,2502,4.784979269687146,1.6683736395271411
0.0,2503,4.78578076969909,1.6686778395316741
0.0,2504,4.786581269711018,1.6689792395361653
0.0,2505,4.786581269711018,1.6689792395361653
0.0,2506,4.787380569722929,1.6692798395406445
0.0,2507,4.788178469734818,1.669581639545142
0.0,2508,4.788974969746687,1.669884639549657
0.0,2509,4.789770069758536,1.6701888395541897
0.0,2510,4.790563769770362,1.6704942395587405
0.0,2511,4.791356069782169,1.6708008395633094
0.0,2512,4.792146969793953,1.6711086395678958
0.0,2513,4.792936469805717,1.6714176395725004
0.0,2514,4.793724569817461,1.6717278395771225
0.0,2515,4.794511269829184,1.6720392395817627
0.0,2516,4.795296569840886,1.6723518395864208
0.0,2517,4.796080469852567,1.6726656395910968
0.0,2518,4.796862969864227,1.672980639595791
0.0,2519,4.797644069875867,1.6732968396005026
0.0,2520,4.798423769887485,1.673614239605232
0.0,2521,4.799202069899082,1.67393283960998
0.0,2522,4.799978969910659,1.6742526396147452
0.0,2523,4.800754469922214,1.6745736396195283
0.0,2524,4.801528569933749,1.6748958396243294
0.0,2525,4.802301269945264,1.6752192396291485
0.0,2526,4.803072569956757,1.6755438396339852
0.0,2527,4.80384246996823,1.6758696396388402
0.0,2528,4.804610969979682,1.6761966396437127
0.0,2529,4.805378069991111,1.6765248396486034
0.0,2530,4.806143770002522,1.6768542396535118
0.0,2531,4.80690807001391,1.6771848396584381
0.0,2532,4.807670970025279,1.6775166396633825
0.0,2533,4.808432470036626,1.6778496396683444
0.0,2534,4.809192570047953,1.6781838396733244
0.0,2535,4.8099512700592575,1.6785192396783222
0.0,2536,4.810708570070543,1.6788558396833377
0.0,2537,4.811464470081806,1.6791936396883715
0.0,2538,4.812218970093049,1.6795326396934231
0.0,2539,4.81297207010427,1.6798728396984923
0.0,2540,4.813723770115472,1.6802142397035797
0.0,2541,4.814474070126653,1.6805568397086847
0.0,2542,4.815222970137813,1.6809006397138082
0.0,2543,4.815970470148952,1.6812456397189492
0.0,2544,4.816716570160069,1.6815918397241079
0.0,2545,4.817461270171165,1.6819392397292845
0.0,2546,4.8182045701822425,1.682287839734479
0.0,2547,4.818946470193297,1.6826376397396916
0.0,2548,4.819686970204332,1.6829886397449219
0.0,2549,4.820426070215345,1.6833408397501697
0.0,2550,4.821163770226338,1.6836942397554362
0.0,2551,4.82190007023731,1.68404883976072
0.0,2552,4.82263497024826,1.6844046397660217
0.0,2553,4.82336847025919,1.6847616397713416
0.0,2554,4.824100570270099,1.685119839776679
0.0,2555,4.8248312702809875,1.6854792397820346
0.0,2556,4.825560570291855,1.6858398397874077
0.0,2557,4.8262884703027025,1.6862016397927992
0.0,2558,4.827014970313527,1.6865646397982081
0.0,2559,4.8277400703243325,1.6869288398036353
0.0,2560,4.828463770335117,1.6872942398090802
0.0,2561,4.829186070345878,1.6876608398145427
0.0,2562,4.829906970356621,1.6880286398200235
0.0,2563,4.830626470367343,1.6883976398255223
0.0,2564,4.831344570378043,1.6887678398310384
0.0,2565,4.8320612703887225,1.6891392398365728
0.0,2566,4.832776570399382,1.689511839842125
0.0,2567,4.833490470410019,1.689885639847695
0.0,2568,4.834202970420637,1.690260639853283
0.0,2569,4.834914070431233,1.6906368398588887
0.0,2570,4.835623770441808,1.6910142398645125
0.0,2571,4.836332070452363,1.6913928398701539
0.0,2572,4.8370389704628955,1.6917726398758135
0.0,2573,4.8377444704734085,1.6921536398814907
0.0,2574,4.838448570483901,1.692535839887186
0.0,2575,4.839151270494371,1.692919239892899
0.0,2576,4.839852570504822,1.69330383989863
0.0,2577,4.840552470515251,1.693689639904379
0.0,2578,4.8412509705256594,1.6940766399101457
0.0,2579,4.841948070536048,1.6944648399159303
0.0,2580,4.842643770546414,1.6948542399217328
0.0,2581,4.843338070556761,1.6952448399275533
0.0,2582,4.844030970567085,1.6956366399333915
0.0,2583,4.8447224705773895,1.6960296399392476
0.0,2584,4.845412570587673,1.6964238399451217
0.0,2585,4.846101270597935,1.6968192399510134
0.0,2586,4.846788570608177,1.6972158399569235
0.0,2587,4.847474470618398,1.6976136399628512
0.0,2588,4.848158970628597,1.6980126399687965
0.0,2589,4.848842070638776,1.6984128399747602
0.0,2590,4.849523770648934,1.6988142399807415
0.0,2591,4.850204070659071,1.6992168399867404
0.0,2592,4.850882970669188,1.6996206399927576
0.0,2593,4.851560470679284,1.7000256399987932
0.0,2594,4.852236570689358,1.700431840004846
0.0,2595,4.852911270699413,1.7008392400109162
0.0,2596,4.853584570709446,1.7012478400170052
0.0,2597,4.8542564707194575,1.7016576400231118
0.0,2598,4.854926970729449,1.702068640029236
0.0,2599,4.855596070739418,1.7024808400353781
0.0,2600,4.856263770749369,1.7028942400415386
0.0,2601,4.856930070759298,1.7033088400477165
0.0,2602,4.857594970769205,1.7037246400539123
0.0,2603,4.858258470779092,1.7041416400601261
0.0,2604,4.858920570788958,1.7045598400663577
0.0,2605,4.859581270798804,1.7049792400726074
0.0,2606,4.860240570808627,1.7053998400788748
0.0,2607,4.86089847081843,1.7058216400851602
0.0,2608,4.861554970828213,1.7062446400914633
0.0,2609,4.862210070837975,1.7066688400977843
0.0,2610,4.862863770847716,1.7070942401041234
0.0,2611,4.863516070857436,1.7075208401104802
0.0,2612,4.864166970867135,1.7079486401168547
0.0,2613,4.864816470876813,1.7083776401232473
0.0,2614,4.865464570886471,1.7088078401296578
0.0,2615,4.866111270896108,1.709239240136086
0.0,2616,4.866756570905723,1.7096718401425326
0.0,2617,4.867400470915318,1.7101056401489965
0.0,2618,4.868042970924892,1.7105406401554786
0.0,2619,4.868684070934445,1.7109768401619785
0.0,2620,4.869323770943977,1.7114142401684962
0.0,2621,4.869962070953489,1.7118528401750317
0.0,2622,4.87059897096298,1.7122926401815852
0.0,2623,4.871234470972449,1.7127336401881568
0.0,2624,4.871868570981898,1.7131758401947461
0.0,2625,4.872501270991326,1.7136192402013533
0.0,2626,4.873132571000733,1.7140638402079782
0.0,2627,4.873762471010119,1.7145096402146212
0.0,2628,4.874390971019484,1.7149566402212821
0.0,2629,4.875018071028829,1.7154048402279607
0.0,2630,4.8756437710381535,1.7158542402346573
0.0,2631,4.876268071047455,1.7163048402413719
0.0,2632,4.876890971056738,1.716756640248104
0.0,2633,4.877512471065998,1.7172096402548542
0.0,2634,4.878132571075238,1.7176638402616222
0.0,2635,4.878751271084457,1.7181192402684082
0.0,2636,4.879368571093656,1.7185758402752123
0.0,2637,4.8799844711028335,1.719033640282034
0.0,2638,4.880598971111991,1.7194926402888737
0.0,2639,4.881212071121126,1.7199528402957311
0.0,2640,4.881823771130242,1.7204142403026066
0.0,2641,4.882434071139336,1.7208768403095
0.0,2642,4.883042971148409,1.7213406403164113
0.0,2643,4.883650471157462,1.7218056403233402
0.0,2644,4.884256571166493,1.722271840330287
0.0,2645,4.884861271175504,1.7227392403372517
0.0,2646,4.885464571184493,1.7232078403442346
0.0,2647,4.886066471193463,1.7236776403512353
0.0,2648,4.886666971202411,1.7241486403582533
0.0,2649,4.887266071211339,1.7246208403652896
0.0,2650,4.887863771220244,1.725094240372344
0.0,2651,4.8884600712291295,1.7255688403794158
0.0,2652,4.889054971237995,1.7260446403865057
0.0,2653,4.889648471246839,1.7265216403936137
0.0,2654,4.890240571255661,1.7269998404007396
0.0,2655,4.890831271264464,1.7274792404078831
0.0,2656,4.891420571273245,1.7279598404150445
0.0,2657,4.892008471282005,1.728441640422224
0.0,2658,4.892594971290745,1.7289246404294212
0.0,2659,4.893180071299463,1.7294088404366363
0.0,2660,4.893763771308162,1.729894240443869
0.0,2661,4.894346071316838,1.7303808404511203
0.0,2662,4.894926971325494,1.730868640458389
0.0,2663,4.895506471334129,1.7313576404656756
0.0,2664,4.896084571342745,1.7318478404729805
0.0,2665,4.896661271351337,1.7323392404803026
0.0,2666,4.89723657135991,1.732831840487643
0.0,2667,4.897810471368461,1.7333256404950015
0.0,2668,4.898382971376992,1.7338206405023773
0.0,2669,4.898954071385502,1.7343168405097713
0.0,2670,4.8995237713939925,1.7348142405171834
0.0,2671,4.900092071402461,1.735312840524613
0.0,2672,4.900658971410907,1.7358126405320604
0.0,2673,4.901224471419334,1.7363136405395259
0.0,2674,4.9017885714277405,1.7368158405470093
0.0,2675,4.902351271436125,1.7373192405545104
0.0,2676,4.902912571444489,1.7378238405620297
0.0,2677,4.903472471452832,1.7383296405695667
0.0,2678,4.904030971461154,1.7388366405771216
0.0,2679,4.904588071469456,1.7393448405846943
0.0,2680,4.905143771477737,1.7398542405922848
0.0,2681,4.905698071485996,1.7403648405998937
0.0,2682,4.906250971494235,1.74087664060752
0.0,2683,4.906802471502454,1.7413896406151643
0.0,2684,4.907352571510651,1.7419038406228267
0.0,2685,4.907901271518828,1.7424192406305066
0.0,2686,4.908448571526982,1.7429358406382045
0.0,2687,4.908994471535117,1.7434536406459205
0.0,2688,4.90953897154323,1.743972640653654
0.0,2689,4.910082071551323,1.7444928406614055
0.0,2690,4.910623771559395,1.745014240669175
0.0,2691,4.911164071567446,1.7455368406769622
0.0,2692,4.911702971575477,1.7460606406847676
0.0,2693,4.912240471583487,1.7465856406925908
0.0,2694,4.912776571591475,1.7471118407004318
0.0,2695,4.913311271599442,1.7476392407082908
0.0,2696,4.913844571607389,1.7481678407161674
0.0,2697,4.914376471615315,1.7486976407240622
0.0,2698,4.91490697162322,1.7492286407319746
0.0,2699,4.915436071631104,1.7497608407399048
0.0,2700,4.9159637716389675,1.7502942407478532
0.0,2701,4.91649007164681,1.7508288407558195
0.0,2702,4.9170149716546305,1.7513646407638035
0.0,2703,4.917538471662432,1.7519016407718055
0.0,2704,4.918060571670212,1.7524398407798252
0.0,2705,4.918581271677971,1.7529792407878628
0.0,2706,4.919100571685709,1.7535198407959185
0.0,2707,4.919618471693426,1.754061640803992
0.0,2708,4.920134971701123,1.7546046408120834
0.0,2709,4.920650071708799,1.7551488408201923
0.0,2710,4.921163771716454,1.7556942408283194
0.0,2711,4.921676071724087,1.7562408408364645
0.0,2712,4.9221869717317,1.7567886408446274
0.0,2713,4.922696471739292,1.757337640852808
0.0,2714,4.923204571746864,1.7578878408610068
0.0,2715,4.9237112717544145,1.7584392408692235
0.0,2716,4.924216571761945,1.7589918408774579
0.0,2717,4.9247204717694535,1.75954564088571
0.0,2718,4.9252229717769405,1.7601006408939803
0.0,2719,4.925724071784408,1.760656840902268
0.0,2720,4.926223771791854,1.761214240910574
0.0,2721,4.926722071799279,1.761772840918898
0.0,2722,4.927218971806684,1.7623326409272395
0.0,2723,4.927714471814067,1.762893640935599
0.0,2724,4.928208571821429,1.7634558409439767
0.0,2725,4.928701271828771,1.7640192409523718
0.0,2726,4.929192571836092,1.7645838409607852
0.0,2727,4.9296824718433925,1.7651496409692162
0.0,2728,4.930170971850671,1.765716640977665
0.0,2729,4.93065807185793,1.766284840986132
0.0,2730,4.931143771865168,1.7668542409946166
0.0,2731,4.931628071872384,1.7674248410031193
0.0,2732,4.932110971879579,1.76799664101164
0.0,2733,4.932592471886755,1.768569641020178
0.0,2734,4.933072571893909,1.7691438410287343
0.0,2735,4.933551271901043,1.7697192410373086
0.0,2736,4.934028571908154,1.7702958410459007
0.0,2737,4.934504471915246,1.7708736410545105
0.0,2738,4.934978971922317,1.7714526410631382
0.0,2739,4.935452071929367,1.772032841071784
0.0,2740,4.9359237719363955,1.7726142410804473
0.0,2741,4.936394071943403,1.773196841089129
0.0,2742,4.93686297195039,1.773780641097828
0.0,2743,4.937330471957357,1.7743656411065454
0.0,2744,4.937796571964302,1.7749518411152803
0.0,2745,4.938261271971227,1.775539241124033
0.0,2746,4.93872457197813,1.7761278411328039
0.0,2747,4.939186471985012,1.7767176411415926
0.0,2748,4.939646971991874,1.777308641150399
0.0,2749,4.9401060719987155,1.7779008411592236
0.0,2750,4.940563772005536,1.778494241168066
0.0,2751,4.941020072012336,1.7790888411769261
0.0,2752,4.941474972019114,1.7796846411858043
0.0,2753,4.941928472025872,1.7802816411947004
0.0,2754,4.942380572032608,1.780879841203614
0.0,2755,4.942831272039324,1.781479241212546
0.0,2756,4.943280572046019,1.7820798412214955
0.0,2757,4.943728472052694,1.7826816412304631
0.0,2758,4.944174972059347,1.7832846412394483
0.0,2759,4.944620072065979,1.7838888412484517
0.0,2760,4.945063772072591,1.7844942412574727
0.0,2761,4.945506072079182,1.785100841266512
0.0,2762,4.945946972085752,1.7857086412755687
0.0,2763,4.946386472092301,1.7863176412846438
0.0,2764,4.946824572098829,1.7869278412937364
0.0,2765,4.947261272105337,1.787539241302847
0.0,2766,4.9476965721118225,1.7881518413119755
0.0,2767,4.948130472118288,1.788765641321122
0.0,2768,4.9485629721247335,1.7893806413302857
0.0,2769,4.948994072131158,1.7899968413394682
0.0,2770,4.9494237721375605,1.790614241348668
0.0,2771,4.949852072143942,1.791232841357886
0.0,2772,4.950278972150304,1.7918526413671216
0.0,2773,4.950704472156644,1.7924736413763753
0.0,2774,4.951128572162964,1.793095841385647
0.0,2775,4.9515512721692625,1.7937192413949363
0.0,2776,4.95197257217554,1.7943438414042432
0.0,2777,4.952392472181797,1.7949696414135685
0.0,2778,4.952810972188034,1.7955966414229116
0.0,2779,4.953228072194249,1.7962248414322728
0.0,2780,4.953643772200444,1.7968542414416513
0.0,2781,4.9540580722066165,1.797484841451048
0.0,2782,4.9544709722127696,1.7981166414604628
0.0,2783,4.954882472218902,1.7987496414698951
0.0,2784,4.955292572225012,1.7993838414793455
0.0,2785,4.955701272231103,1.8000192414888136
0.0,2786,4.956108572237172,1.8006558414982996
0.0,2787,4.95651447224322,1.8012936415078034
0.0,2788,4.956918972249248,1.8019326415173254
0.0,2789,4.957322072255255,1.8025728415268651
0.0,2790,4.9577237722612395,1.8032142415364227
0.0,2791,4.958124072267204,1.8038568415459981
0.0,2792,4.958522972273149,1.8045006415555918
0.0,2793,4.958920472279072,1.8051456415652027
0.0,2794,4.959316572284974,1.8057918415748317
0.0,2795,4.959711272290856,1.806439241584479
0.0,2796,4.960104572296717,1.807087841594144
0.0,2797,4.960496472302556,1.8077376416038264
0.0,2798,4.9608869723083755,1.808388641613527
0.0,2799,4.961276072314173,1.8090408416232457
0.0,2800,4.961663772319951,1.8096942416329822
0.0,2801,4.962050072325707,1.8103488416427365
0.0,2802,4.962434972331443,1.811004641652509
0.0,2803,4.9628184723371565,1.8116616416622988
0.0,2804,4.963200572342851,1.8123198416721067
0.0,2805,4.963581272348524,1.8129792416819324
0.0,2806,4.963960572354175,1.813639841691776
0.0,2807,4.964338472359806,1.8143016417016378
0.0,2808,4.964714972365417,1.814964641711517
0.0,2809,4.965090072371007,1.8156288417214148
0.0,2810,4.965463772376575,1.8162942417313297
0.0,2811,4.965836072382123,1.8169608417412628
0.0,2812,4.966206972387649,1.817628641751214
0.0,2813,4.966576472393156,1.8182976417611831
0.0,2814,4.96694457239864,1.8189678417711694
0.0,2815,4.967311272404105,1.8196392417811742
0.0,2816,4.967676572409548,1.8203118417911968
0.0,2817,4.9680404724149705,1.8209856418012373
0.0,2818,4.968402972420372,1.8216606418112955
0.0,2819,4.968764072425753,1.8223368418213717
0.0,2820,4.969123772431113,1.8230142418314657
0.0,2821,4.969482072436453,1.8236928418415776
0.0,2822,4.969838972441771,1.8243726418517074
0.0,2823,4.9701944724470675,1.825053641861855
0.0,2824,4.970548572452344,1.8257358418720206
0.0,2825,4.9709012724576,1.826419241882204
0.0,2826,4.971252572462834,1.8271038418924055
0.0,2827,4.971602472468049,1.827789641902625
0.0,2828,4.971950972473241,1.8284766419128617
0.0,2829,4.972298072478414,1.8291648419231166
0.0,2830,4.972643772483565,1.8298542419333896
0.0,2831,4.972988072488695,1.8305448419436803
0.0,2832,4.973330972493805,1.8312366419539892
0.0,2833,4.973672472498894,1.8319296419643156
0.0,2834,4.974012572503962,1.8326238419746599
0.0,2835,4.9743512725090095,1.8333192419850222
0.0,2836,4.974688572514035,1.8340158419954022
0.0,2837,4.97502447251904,1.8347136420058006
0.0,2838,4.975358972524025,1.8354126420162165
0.0,2839,4.9756920725289895,1.8361128420266501
0.0,2840,4.976023772533932,1.8368142420371019
0.0,2841,4.976354072538853,1.8375168420475712
0.0,2842,4.976682972543754,1.8382206420580587
0.0,2843,4.977010472548635,1.8389256420685642
0.0,2844,4.977336572553494,1.8396318420790871
0.0,2845,4.977661272558332,1.8403392420896285
0.0,2846,4.97798457256315,1.8410478421001875
0.0,2847,4.978306472567946,1.841757642110764
0.0,2848,4.978626972572722,1.842468642121359
0.0,2849,4.978946072577477,1.8431808421319715
0.0,2850,4.979263772582211,1.843894242142602
0.0,2851,4.9795800725869235,1.8446088421532503
0.0,2852,4.979894972591616,1.8453246421639165
0.0,2853,4.980208472596288,1.8460416421746006
0.0,2854,4.9805205726009385,1.8467598421853029
0.0,2855,4.980831272605569,1.8474792421960227
0.0,2856,4.981140572610177,1.8481998422067605
0.0,2857,4.981448472614765,1.8489216422175159
0.0,2858,4.981754972619333,1.8496446422282897
0.0,2859,4.982060072623879,1.850368842239081
0.0,2860,4.982363772628405,1.8510942422498906
0.0,2861,4.9826660726329095,1.8518208422607176
0.0,2862,4.982966972637392,1.8525486422715625
0.0,2863,4.983266472641857,1.8532776422824258
0.0,2864,4.983564572646298,1.8540078422933064
0.0,2865,4.983861272650719,1.854739242304205
0.0,2866,4.984156572655119,1.8554718423151217
0.0,2867,4.984450472659498,1.856205642326056
0.0,2868,4.984742972663858,1.8569406423370085
0.0,2869,4.985034072668196,1.8576768423479788
0.0,2870,4.985323772672512,1.858414242358967
0.0,2871,4.985612072676808,1.8591528423699728
0.0,2872,4.985898972681083,1.8598926423809967
0.0,2873,4.986184472685338,1.8606336423920384
0.0,2874,4.986468572689571,1.8613758424030982
0.0,2875,4.986751272693784,1.8621192424141757
0.0,2876,4.9870325726979745,1.8628638424252708
0.0,2877,4.987312472702146,1.8636096424363844
0.0,2878,4.987590972706296,1.8643566424475155
0.0,2879,4.987868072710425,1.8651048424586645
0.0,2880,4.988143772714533,1.8658542424698314
0.0,2881,4.988418072718621,1.8666048424810162
0.0,2882,4.988690972722687,1.867356642492219
0.0,2883,4.988962472726733,1.8681096425034398
0.0,2884,4.989232572730757,1.868863842514678
0.0,2885,4.989501272734762,1.8696192425259344
0.0,2886,4.989768572738745,1.8703758425372086
0.0,2887,4.990034472742707,1.8711336425485006
0.0,2888,4.990298972746649,1.8718926425598106
0.0,2889,4.990562072750569,1.8726528425711386
0.0,2890,4.990823772754468,1.8734142425824842
0.0,2891,4.991084072758348,1.8741768425938479
0.0,2892,4.991342972762205,1.8749406426052293
0.0,2893,4.991600472766042,1.8757056426166288
0.0,2894,4.9918565727698585,1.876471842628046
0.0,2895,4.992111272773654,1.8772392426394813
0.0,2896,4.9923645727774275,1.8780078426509343
0.0,2897,4.992616472781182,1.8787776426624054
0.0,2898,4.992866972784914,1.8795486426738939
0.0,2899,4.993116072788626,1.8803208426854008
0.0,2900,4.993363772792318,1.8810942426969253
0.0,2901,4.993610072795987,1.8818688427084675
0.0,2902,4.993854972799637,1.882644642720028
0.0,2903,4.994098472803265,1.8834216427316062
0.0,2904,4.994340572806872,1.884199842743202
0.0,2905,4.99458127281046,1.8849792427548162
0.0,2906,4.994820572814025,1.8857598427664484
0.0,2907,4.99505847281757,1.8865416427780977
0.0,2908,4.995294972821094,1.8873246427897654
0.0,2909,4.9955300728245975,1.888108842801451
0.0,2910,4.99576377282808,1.888894242813154
0.0,2911,4.995996072831542,1.8896808428248755
0.0,2912,4.996226972834982,1.8904686428366144
0.0,2913,4.996456472838402,1.8912576428483716
0.0,2914,4.996684572841801,1.8920478428601464
0.0,2915,4.996911272845179,1.8928392428719394
0.0,2916,4.997136572848536,1.8936318428837497
0.0,2917,4.997360472851873,1.8944256428955786
0.0,2918,4.997582972855189,1.8952206429074248
0.0,2919,4.997804072858483,1.896016842919289
0.0,2920,4.998023772861757,1.8968142429311712
0.0,2921,4.99824207286501,1.8976128429430714
0.0,2922,4.998458972868241,1.8984126429549895
0.0,2923,4.998674472871453,1.8992136429669255
0.0,2924,4.998888572874644,1.900015842978879
0.0,2925,4.999101272877812,1.9008192429908504
0.0,2926,4.999312572880961,1.9016238430028398
0.0,2927,4.999522472884089,1.9024296430148475
0.0,2928,4.999730972887195,1.9032366430268723
0.0,2929,4.999938072890282,1.9040448430389159
0.0,2930,5.000143772893347,1.9048542430509765
0.0,2931,5.000348072896392,1.9056648430630556
0.0,2932,5.000550972899415,1.9064766430751523
0.0,2933,5.000752472902417,1.9072896430872668
0.0,2934,5.000952572905399,1.9081038430993993
0.0,2935,5.00115127290836,1.9089192431115498
0.0,2936,5.0013485729113,1.909735843123718
0.0,2937,5.001544472914219,1.9105536431359043
0.0,2938,5.001738972917117,1.9113726431481084
0.0,2939,5.001932072919995,1.9121928431603306
0.0,2940,5.002123772922851,1.9130142431725703
0.0,2941,5.002314072925687,1.9138368431848278
0.0,2942,5.002502972928502,1.9146606431971034
0.0,2943,5.002690472931295,1.9154856432093967
0.0,2944,5.002876572934069,1.9163118432217083
0.0,2945,5.003061272936821,1.9171392432340373
0.0,2946,5.003244572939553,1.9179678432463847
0.0,2947,5.003426472942263,1.9187976432587497
0.0,2948,5.003606972944953,1.9196286432711325
0.0,2949,5.003786072947622,1.9204608432835333
0.0,2950,5.00396377295027,1.9212942432959519
0.0,2951,5.004140072952897,1.9221288433083883
0.0,2952,5.004314972955503,1.9229646433208427
0.0,2953,5.004488472958088,1.9238016433333152
0.0,2954,5.004660572960653,1.9246398433458052
0.0,2955,5.004831272963196,1.9254792433583132
0.0,2956,5.005000572965718,1.926319843370839
0.0,2957,5.00516847296822,1.927161643383383
0.0,2958,5.005334972970702,1.9280046433959446
0.0,2959,5.005500072973162,1.9288488434085242
0.0,2960,5.005663772975601,1.9296942434211215
0.0,2961,5.005826072978021,1.930540843433737
0.0,2962,5.005986972980418,1.93138864344637
0.0,2963,5.006146472982794,1.9322376434590212
0.0,2964,5.00630457298515,1.93308784347169
0.0,2965,5.006461272987486,1.933939243484377
0.0,2966,5.006616572989799,1.9347918434970817
0.0,2967,5.006770472992093,1.9356456435098044
0.0,2968,5.006922972994365,1.936500643522545
0.0,2969,5.007074072996616,1.9373568435353032
0.0,2970,5.007223772998848,1.9382142435480794
0.0,2971,5.007372073001057,1.9390728435608735
0.0,2972,5.007518973003247,1.9399326435736857
0.0,2973,5.0076644730054145,1.9407936435865154
0.0,2974,5.007808573007561,1.9416558435993634
0.0,2975,5.007951273009688,1.9425192436122292
0.0,2976,5.008092573011794,1.9433838436251125
0.0,2977,5.008232473013878,1.9442496436380141
0.0,2978,5.008370973015942,1.9451166436509333
0.0,2979,5.008508073017985,1.9459848436638705
0.0,2980,5.008643773020007,1.9468542436768255
0.0,2981,5.0087780730220075,1.9477248436897985
0.0,2982,5.008910973023989,1.9485966437027893
0.0,2983,5.009042473025948,1.9494696437157981
0.0,2984,5.009172573027887,1.9503438437288247
0.0,2985,5.009301273029805,1.951219243741869
0.0,2986,5.009428573031701,1.9520958437549314
0.0,2987,5.009554473033577,1.9529736437680116
0.0,2988,5.009678973035433,1.9538526437811097
0.0,2989,5.009802073037267,1.954732843794226
0.0,2990,5.00992377303908,1.9556142438073596
0.0,2991,5.0100440730408735,1.9564968438205115
0.0,2992,5.010162973042645,1.9573806438336812
0.0,2993,5.010280473044396,1.9582656438468686
0.0,2994,5.010396573046126,1.9591518438600741
0.0,2995,5.010511273047834,1.9600392438732972
0.0,2996,5.010624573049523,1.9609278438865383
0.0,2997,5.010736473051191,1.9618176438997974
0.0,2998,5.010846973052837,1.9627086439130743
0.0,2999,5.010956073054463,1.9636008439263692
0.0,3000,5.011063773056068,1.964494243939682
0.0,3001,5.011170073057651,1.9653888439530125
0.0,3002,5.011274973059215,1.966284643966361
0.0,3003,5.011378473060757,1.9671816439797274
0.0,3004,5.011480573062279,1.9680798439931118
0.0,3005,5.011581273063779,1.9689792440065137
0.0,3006,5.011581273063779,1.9689792440065137
0.0,3007,5.011683073065296,1.9698797440199323
0.0,3008,5.011788473066868,1.9707812440333656
0.0,3009,5.01189747306849,1.971683744046814
0.0,3010,5.012010073070168,1.9725872440602772
0.0,3011,5.0121262730719005,1.973491744073755
0.0,3012,5.012246073073686,1.9743972440872481
0.0,3013,5.012369473075523,1.975303744100756
0.0,3014,5.012496473077416,1.9762112441142787
0.0,3015,5.012627073079362,1.9771197441278163
0.0,3016,5.012761273081362,1.978029244141369
0.0,3017,5.012899073083417,1.9789397441549366
0.0,3018,5.013040473085523,1.9798512441685192
0.0,3019,5.013185473087684,1.9807637441821164
0.0,3020,5.013334073089898,1.9816772441957287
0.0,3021,5.013486273092166,1.9825917442093555
0.0,3022,5.013642073094488,1.9835072442229977
0.0,3023,5.013801473096862,1.9844237442366546
0.0,3024,5.013964473099291,1.9853412442503264
0.0,3025,5.014131073101773,1.986259744264013
0.0,3026,5.01430127310431,1.9871792442777148
0.0,3027,5.0144750731069,1.9880997442914312
0.0,3028,5.014652473109543,1.9890212443051627
0.0,3029,5.014833473112241,1.989943744318909
0.0,3030,5.015018073114991,1.99086724433267
0.0,3031,5.015206273117796,1.9917917443464463
0.0,3032,5.015398073120654,1.9927172443602372
0.0,3033,5.015593473123565,1.9936437443740431
0.0,3034,5.015792473126531,1.9945712443878643
0.0,3035,5.01599507312955,1.9954997444016997
0.0,3036,5.016201273132622,1.9964292444155505
0.0,3037,5.016411073135748,1.997359744429416
0.0,3038,5.016624473138927,1.9982912444432963
0.0,3039,5.016841473142161,1.9992237444571919
0.0,3040,5.017062073145449,2.0001572444711018
0.0,3041,5.01728627314879,2.0010917444850267
0.0,3042,5.017514073152184,2.002027244498967
0.0,3043,5.017745473155634,2.0029637445129223
0.0,3044,5.0179804731591355,2.003901244526892
0.0,3045,5.01821907316269,2.004839744540877
0.0,3046,5.0184612731663,2.0057792445548768
0.0,3047,5.018707073169963,2.006719744568891
0.0,3048,5.018956473173678,2.0076612445829207
0.0,3049,5.019209473177448,2.008603744596965
0.0,3050,5.019466073181272,2.009547244611024
0.0,3051,5.0197262731851495,2.010491744625098
0.0,3052,5.0199900731890805,2.0114372446391875
0.0,3053,5.020257473193065,2.0123837446532913
0.0,3054,5.0205284731971025,2.0133312446674103
0.0,3055,5.020803073201194,2.0142797446815437
0.0,3056,5.021081273205341,2.0152292446956928
0.0,3057,5.021363073209541,2.016179744709856
0.0,3058,5.0216484732137925,2.017131244724035
0.0,3059,5.021937473218099,2.018083744738228
0.0,3060,5.02223007322246,2.019037244752436
0.0,3061,5.022526273226872,2.019991744766659
0.0,3062,5.02282607323134,2.0209472447808974
0.0,3063,5.023129473235862,2.0219037447951504
0.0,3064,5.0234364732404355,2.0228612448094183
0.0,3065,5.023747073245064,2.023819744823701
0.0,3066,5.024061273249746,2.0247792448379984
0.0,3067,5.024379073254481,2.025739744852311
0.0,3068,5.02470047325927,2.0267012448666386
0.0,3069,5.0250254732641135,2.027663744880981
0.0,3070,5.02535407326901,2.028627244895338
0.0,3071,5.02568627327396,2.0295917449097103
0.0,3072,5.026022073278964,2.030557244924098
0.0,3073,5.0263614732840205,2.0315237449384993
0.0,3074,5.026704473289132,2.032491244952916
0.0,3075,5.027051073294297,2.033459744967348
0.0,3076,5.027401273299516,2.0344292449817942
0.0,3077,5.027755073304787,2.035399744996256
0.0,3078,5.028112473310113,2.0363712450107325
0.0,3079,5.0284734733154925,2.0373437450252236
0.0,3080,5.028838073320925,2.0383172450397304
0.0,3081,5.029206273326412,2.0392917450542516
0.0,3082,5.029578073331952,2.0402672450687875
0.0,3083,5.029953473337546,2.0412437450833383
0.0,3084,5.0303324733431936,2.0422212450979047
0.0,3085,5.030715073348894,2.043199745112485
0.0,3086,5.03110127335465,2.0441792451270806
0.0,3087,5.031491073360458,2.0451597451416914
0.0,3088,5.03188447336632,2.046141245156317
0.0,3089,5.032281473372236,2.0471237451709574
0.0,3090,5.032682073378205,2.0481072451856126
0.0,3091,5.033086273384229,2.049091745200283
0.0,3092,5.0334940733903055,2.050077245214968
0.0,3093,5.033905473396435,2.051063745229668
0.0,3094,5.03432047340262,2.052051245244383
0.0,3095,5.034739073408858,2.0530397452591127
0.0,3096,5.035161273415149,2.0540292452738576
0.0,3097,5.035587073421494,2.055019745288617
0.0,3098,5.036016473427892,2.0560112453033916
0.0,3099,5.036449473434345,2.0570037453181813
0.0,3100,5.036886073440851,2.0579972453329853
0.0,3101,5.037326273447411,2.058991745347805
0.0,3102,5.037770073454023,2.059987245362639
0.0,3103,5.03821747346069,2.060983745377488
0.0,3104,5.0386684734674105,2.0619812453923516
0.0,3105,5.039123073474186,2.062979745407231
0.0,3106,5.039581273481013,2.0639792454221246
0.0,3107,5.040043073487893,2.064979745437033
0.0,3108,5.040508473494828,2.0659812454519564
0.0,3109,5.040977473501817,2.066983745466895
0.0,3110,5.041450073508859,2.067987245481848
0.0,3111,5.041926273515955,2.0689917454968163
0.0,3112,5.042406073523105,2.0699972455117996
0.0,3113,5.042889473530307,2.0710037455267973
0.0,3114,5.043376473537565,2.0720112455418103
0.0,3115,5.043867073544876,2.073019745556838
0.0,3116,5.04436127355224,2.0740292455718805
0.0,3117,5.044859073559657,2.0750397455869383
0.0,3118,5.045360473567129,2.076051245602011
0.0,3119,5.045865473574654,2.0770637456170986
0.0,3120,5.046374073582232,2.0780772456322008
0.0,3121,5.046886273589865,2.0790917456473177
0.0,3122,5.047402073597551,2.08010724566245
0.0,3123,5.047921473605291,2.081123745677597
0.0,3124,5.048444473613084,2.082141245692759
0.0,3125,5.0489710736209314,2.083159745707936
0.0,3126,5.049501273628831,2.0841792457231274
0.0,3127,5.050035073636785,2.085199745738334
0.0,3128,5.0505724736447934,2.086221245753556
0.0,3129,5.051113473652855,2.087243745768792
0.0,3130,5.0516580736609695,2.0882672457840434
0.0,3131,5.05220627366914,2.0892917457993097
0.0,3132,5.052758073677362,2.0903172458145907
0.0,3133,5.053313473685638,2.091343745829887
0.0,3134,5.053872473693967,2.0923712458451975
0.0,3135,5.054435073702351,2.0933997458605234
0.0,3136,5.055001273710788,2.0944292458758644
0.0,3137,5.055571073719278,2.09545974589122
0.0,3138,5.056144473727823,2.0964912459065905
0.0,3139,5.056721473736421,2.097523745921976
0.0,3140,5.057302073745072,2.0985572459373767
0.0,3141,5.057886273753777,2.0995917459527917
0.0,3142,5.058474073762537,2.100627245968222
0.0,3143,5.05906547377135,2.1016637459836667
0.0,3144,5.059660473780215,2.1027012459991266
0.0,3145,5.060259073789135,2.1037397460146017
0.0,3146,5.060861273798109,2.104779246030091
0.0,3147,5.061467073807136,2.105819746045596
0.0,3148,5.062076473816217,2.106861246061116
0.0,3149,5.06268947382535,2.10790374607665
0.0,3150,5.063306073834539,2.1089472460921996
0.0,3151,5.063926273843781,2.1099917461077635
0.0,3152,5.064550073853074,2.1110372461233426
0.0,3153,5.065177473862423,2.1120837461389366
0.0,3154,5.065808473871827,2.1131312461545457
0.0,3155,5.066443073881283,2.1141797461701692
0.0,3156,5.067081273890793,2.1152292461858084
0.0,3157,5.067723073900356,2.116279746201462
0.0,3158,5.068368473909974,2.1173312462171303
0.0,3159,5.069017473919644,2.118383746232814
0.0,3160,5.06967007392937,2.1194372462485127
0.0,3161,5.0703262739391475,2.1204917462642254
0.0,3162,5.070986073948979,2.121547246279954
0.0,3163,5.071649473958864,2.122603746295697
0.0,3164,5.0723164739688045,2.123661246311455
0.0,3165,5.072987073978797,2.124719746327228
0.0,3166,5.073661273988843,2.125779246343016
0.0,3167,5.074339073998943,2.1268397463588182
0.0,3168,5.075020474009096,2.127901246374636
0.0,3169,5.075705474019303,2.1289637463904683
0.0,3170,5.076394074029564,2.130027246406316
0.0,3171,5.077086274039878,2.131091746422178
0.0,3172,5.077782074050248,2.132157246438055
0.0,3173,5.07848147406067,2.133223746453947
0.0,3174,5.079184474071145,2.134291246469854
0.0,3175,5.079891074081674,2.135359746485776
0.0,3176,5.080601274092257,2.136429246501713
0.0,3177,5.081315074102893,2.1374997465176646
0.0,3178,5.082032474113583,2.1385712465336315
0.0,3179,5.082753474124327,2.1396437465496128
0.0,3180,5.083478074135125,2.1407172465656092
0.0,3181,5.084206274145976,2.1417917465816205
0.0,3182,5.08493807415688,2.1428672465976466
0.0,3183,5.085673474167839,2.143943746613688
0.0,3184,5.086412474178851,2.145021246629744
0.0,3185,5.087155074189916,2.146099746645815
0.0,3186,5.087901274201036,2.1471792466619006
0.0,3187,5.088651074212208,2.148259746678001
0.0,3188,5.089404474223436,2.149341246694117
0.0,3189,5.090161474234716,2.1504237467102474
0.0,3190,5.090922074246049,2.1515072467263927
0.0,3191,5.0916862742574365,2.1525917467425533
0.0,3192,5.092454074268877,2.153677246758728
0.0,3193,5.093225474280373,2.1547637467749183
0.0,3194,5.094000474291921,2.1558512467911237
0.0,3195,5.094779074303522,2.1569397468073435
0.0,3196,5.0955612743151795,2.1580292468235784
0.0,3197,5.096347074326888,2.1591197468398278
0.0,3198,5.097136474338652,2.160211246856093
0.0,3199,5.097929474350467,2.161303746872372
0.0,3200,5.098726074362338,2.1623972468886667
0.0,3201,5.099526274374261,2.1634917469049757
0.0,3202,5.10033007438624,2.1645872469213003
0.0,3203,5.1011374743982705,2.1656837469376393
0.0,3204,5.101948474410356,2.166781246953993
0.0,3205,5.102763074422494,2.167879746970362
0.0,3206,5.103581274434686,2.168979246986746
0.0,3207,5.104403074446932,2.170079747003145
0.0,3208,5.105228474459231,2.1711812470195584
0.0,3209,5.1060574744715845,2.1722837470359866
0.0,3210,5.1068900744839905,2.17338724705243
0.0,3211,5.107726274496451,2.1744917470688887
0.0,3212,5.108566074508965,2.1755972470853617
0.0,3213,5.1094094745215335,2.1767037471018504
0.0,3214,5.110256474534154,2.1778112471183526
0.0,3215,5.11110707454683,2.1789197471348714
0.0,3216,5.111961274559558,2.180029247151404
0.0,3217,5.11281907457234,2.181139747167952
0.0,3218,5.113680474585177,2.182251247184514
0.0,3219,5.114545474598066,2.183363747201092
0.0,3220,5.115414074611009,2.1844772472176848
0.0,3221,5.116286274624006,2.185591747234292
0.0,3222,5.117162074637056,2.186707247250914
0.0,3223,5.118041474650161,2.187823747267551
0.0,3224,5.118924474663318,2.1889412472842027
0.0,3225,5.11981107467653,2.19005974730087
0.0,3226,5.120701274689794,2.1911792473175518
0.0,3227,5.121595074703114,2.192299747334249
0.0,3228,5.122492474716486,2.1934212473509604
0.0,3229,5.1233934747299115,2.194543747367687
0.0,3230,5.1242980747433915,2.1956672473844283
0.0,3231,5.125206274756923,2.1967917474011847
0.0,3232,5.1261180747705115,2.1979172474179562
0.0,3233,5.1270334747841515,2.199043747434742
0.0,3234,5.127952474797846,2.200171247451543
0.0,3235,5.128875074811593,2.2012997474683593
0.0,3236,5.129801274825395,2.20242924748519
0.0,3237,5.13073107483925,2.203559747502036
0.0,3238,5.131664474853158,2.2046912475188964
0.0,3239,5.132601474867122,2.205823747535772
0.0,3240,5.133542074881137,2.206957247552663
0.0,3241,5.134486274895207,2.208091747569568
0.0,3242,5.13543407490933,2.2092272475864885
0.0,3243,5.136385474923507,2.2103637476034232
0.0,3244,5.137340474937738,2.2115012476203733
0.0,3245,5.138299074952021,2.212639747637338
0.0,3246,5.139261274966359,2.213779247654318
0.0,3247,5.140227074980751,2.214919747671313
0.0,3248,5.141196474995196,2.216061247688322
0.0,3249,5.142169475009695,2.217203747705347
0.0,3250,5.143146075024247,2.2183472477223862
0.0,3251,5.144126275038854,2.2194917477394407
0.0,3252,5.1451100750535135,2.2206372477565104
0.0,3253,5.146097475068227,2.221783747773594
0.0,3254,5.147088475082994,2.2229312477906937
0.0,3255,5.148083075097815,2.2240797478078074
0.0,3256,5.149081275112689,2.2252292478249363
0.0,3257,5.1500830751276165,2.2263797478420804
0.0,3258,5.151088475142599,2.227531247859239
0.0,3259,5.152097475157634,2.228683747876412
0.0,3260,5.153110075172723,2.2298372478936006
0.0,3261,5.154126275187865,2.2309917479108043
0.0,3262,5.155146075203061,2.2321472479280224
0.0,3263,5.156169475218311,2.2333037479452558
0.0,3264,5.157196475233615,2.234461247962504
0.0,3265,5.158227075248972,2.235619747979767
0.0,3266,5.159261275264383,2.2367792479970445
0.0,3267,5.1602990752798465,2.2379397480143375
0.0,3268,5.161340475295365,2.2391012480316457
0.0,3269,5.162385475310937,2.2402637480489678
0.0,3270,5.163434075326562,2.241427248066305
0.0,3271,5.164486275342242,2.2425917480836577
0.0,3272,5.165542075357974,2.243757248101025
0.0,3273,5.16660147537376,2.2449237481184072
0.0,3274,5.167664475389601,2.246091248135804
0.0,3275,5.1687310754054945,2.2472597481532164
0.0,3276,5.169801275421441,2.2484292481706434
0.0,3277,5.170875075437442,2.2495997481880847
0.0,3278,5.171952475453496,2.2507712482055418
0.0,3279,5.173033475469605,2.251943748223013
0.0,3280,5.174118075485766,2.2531172482404997
0.0,3281,5.175206275501981,2.2542917482580016
0.0,3282,5.17629807551825,2.2554672482755174
0.0,3283,5.177393475534574,2.256643748293049
0.0,3284,5.17849247555095,2.257821248310595
0.0,3285,5.17959507556738,2.258999748328156
0.0,3286,5.180701275583863,2.260179248345732
0.0,3287,5.181811075600401,2.2613597483633225
0.0,3288,5.182924475616992,2.2625412483809284
0.0,3289,5.184041475633636,2.263723748398549
0.0,3290,5.185162075650335,2.2649072484161845
0.0,3291,5.186286275667086,2.266091748433835
0.0,3292,5.1874140756838925,2.2672772484515002
0.0,3293,5.188545475700751,2.2684637484691805
0.0,3294,5.1896804757176636,2.2696512484868756
0.0,3295,5.19081907573463,2.2708397485045855
0.0,3296,5.191961275751651,2.2720292485223106
0.0,3297,5.193107075768725,2.2732197485400505
0.0,3298,5.194256475785852,2.274411248557805
0.0,3299,5.195409475803033,2.275603748575575
0.0,3300,5.196566075820267,2.276797248593359
0.0,3301,5.197726275837556,2.277991748611159
0.0,3302,5.198890075854898,2.279187248628973
0.0,3303,5.200057475872294,2.2803837486468024
0.0,3304,5.201228475889742,2.2815812486646463
0.0,3305,5.202403075907245,2.2827797486825054
0.0,3306,5.203581275924803,2.2839792487003794
0.0,3307,5.204763075942412,2.285179748718268
0.0,3308,5.205948475960076,2.2863812487361717
0.0,3309,5.2071374759777935,2.287583748754091
0.0,3310,5.208330075995565,2.2887872487720244
0.0,3311,5.209526276013389,2.289991748789973
0.0,3312,5.210726076031268,2.291197248807936
0.0,3313,5.2119294760492,2.2924037488259144
0.0,3314,5.213136476067186,2.2936112488439075
0.0,3315,5.214347076085225,2.294819748861915
0.0,3316,5.215561276103319,2.2960292488799388
0.0,3317,5.216779076121465,2.2972397488979763
0.0,3318,5.218000476139665,2.298451248916029
0.0,3319,5.219225476157919,2.2996637489340968
0.0,3320,5.220454076176226,2.300877248952179
0.0,3321,5.221686276194587,2.302091748970277
0.0,3322,5.222922076213003,2.3033072489883892
0.0,3323,5.224161476231471,2.3045237490065165
0.0,3324,5.225404476249993,2.305741249024659
0.0,3325,5.226651076268569,2.3069597490428158
0.0,3326,5.227901276287199,2.308179249060988
0.0,3327,5.229155076305881,2.3093997490791747
0.0,3328,5.230412476324618,2.310621249097376
0.0,3329,5.231673476343408,2.311843749115593
0.0,3330,5.232938076362252,2.3130672491338244
0.0,3331,5.23420627638115,2.314291749152071
0.0,3332,5.235478076400101,2.315517249170332
0.0,3333,5.236753476419107,2.3167437491886087
0.0,3334,5.238032476438166,2.3179712492069
0.0,3335,5.239315076457277,2.3191997492252057
0.0,3336,5.240601276476443,2.320429249243527
0.0,3337,5.241891076495662,2.3216597492618627
0.0,3338,5.243184476514936,2.3228912492802136
0.0,3339,5.244481476534263,2.324123749298579
0.0,3340,5.245782076553644,2.32535724931696
0.0,3341,5.247086276573077,2.326591749335355
0.0,3342,5.2483940765925645,2.3278272493537653
0.0,3343,5.249705476612107,2.3290637493721906
0.0,3344,5.251020476631702,2.330301249390631
0.0,3345,5.252339076651349,2.331539749409086
0.0,3346,5.253661276671052,2.3327792494275563
0.0,3347,5.254987076690808,2.3340197494460413
0.0,3348,5.256316476710618,2.3352612494645406
0.0,3349,5.257649476730481,2.3365037494830556
0.0,3350,5.258986076750398,2.337747249501585
0.0,3351,5.2603262767703685,2.3389917495201296
0.0,3352,5.261670076790393,2.340237249538689
0.0,3353,5.26301747681047,2.3414837495572636
0.0,3354,5.264368476830602,2.342731249575852
0.0,3355,5.265723076850787,2.3439797495944568
0.0,3356,5.267081276871026,2.3452292496130758
0.0,3357,5.268443076891318,2.3464797496317096
0.0,3358,5.269808476911665,2.347731249650358
0.0,3359,5.271177476932063,2.348983749669022
0.0,3360,5.272550076952517,2.3502372496877006
0.0,3361,5.273926276973025,2.351491749706394
0.0,3362,5.275306076993585,2.3527472497251027
0.0,3363,5.276689477014199,2.3540037497438258
0.0,3364,5.278076477034867,2.355261249762564
0.0,3365,5.279467077055589,2.356519749781317
0.0,3366,5.280861277076363,2.3577792498000854
0.0,3367,5.2822590770971924,2.3590397498188684
0.0,3368,5.283660477118076,2.360301249837666
0.0,3369,5.285065477139012,2.3615637498564785
0.0,3370,5.286474077160001,2.3628272498753065
0.0,3371,5.287886277181045,2.3640917498941487
0.0,3372,5.289302077202142,2.365357249913006
0.0,3373,5.2907214772232924,2.3666237499318785
0.0,3374,5.292144477244497,2.3678912499507656
0.0,3375,5.293571077265755,2.369159749969668
0.0,3376,5.295001277287066,2.370429249988585
0.0,3377,5.2964350773084306,2.3716997500075165
0.0,3378,5.29787247732985,2.3729712500264637
0.0,3379,5.2993134773513235,2.3742437500454256
0.0,3380,5.3007580773728495,2.375517250064402
0.0,3381,5.302206277394429,2.3767917500833935
0.0,3382,5.303658077416063,2.3780672501024
0.0,3383,5.30511347743775,2.3793437501214214
0.0,3384,5.306572477459491,2.3806212501404573
0.0,3385,5.308035077481285,2.3818997501595085
0.0,3386,5.309501277503133,2.383179250178575
0.0,3387,5.310971077525036,2.3844597501976557
0.0,3388,5.31244447754699,2.3857412502167517
0.0,3389,5.313921477569,2.387023750235862
0.0,3390,5.315402077591062,2.388307250254988
0.0,3391,5.316886277613178,2.3895917502741284
0.0,3392,5.318374077635348,2.3908772502932836
0.0,3393,5.319865477657572,2.3921637503124544
0.0,3394,5.321360477679849,2.3934512503316396
0.0,3395,5.32285907770218,2.3947397503508396
0.0,3396,5.324361277724564,2.396029250370055
0.0,3397,5.325867077747003,2.3973197503892845
0.0,3398,5.327376477769495,2.3986112504085297
0.0,3399,5.32888947779204,2.399903750427789
0.0,3400,5.330406077814638,2.401197250447064
0.0,3401,5.331926277837292,2.4024917504663534
0.0,3402,5.3334500778599985,2.4037872504856574
0.0,3403,5.334977477882759,2.405083750504977
0.0,3404,5.336508477905572,2.4063812505243116
0.0,3405,5.33804307792844,2.407679750543661
0.0,3406,5.3395812779513605,2.408979250563025
0.0,3407,5.341123077974334,2.410279750582404
0.0,3408,5.342668477997363,2.4115812506017975
0.0,3409,5.344217478020445,2.4128837506212064
0.0,3410,5.34577007804358,2.41418725064063
0.0,3411,5.347326278066769,2.4154917506600686
0.0,3412,5.348886078090012,2.4167972506795214
0.0,3413,5.350449478113308,2.4181037506989904
0.0,3414,5.35201647813666,2.4194112507184737
0.0,3415,5.3535870781600625,2.4207197507379714
0.0,3416,5.35516127818352,2.4220292507574848
0.0,3417,5.356739078207031,2.4233397507770125
0.0,3418,5.3583204782305955,2.424651250796556
0.0,3419,5.359905478254214,2.4259637508161136
0.0,3420,5.361494078277886,2.427277250835686
0.0,3421,5.363086278301612,2.4285917508552735
0.0,3422,5.364682078325392,2.4299072508748765
0.0,3423,5.366281478349224,2.4312237508944934
0.0,3424,5.367884478373111,2.4325412509141255
0.0,3425,5.369491078397051,2.433859750933773
0.0,3426,5.371101278421045,2.435179250953435
0.0,3427,5.372715078445092,2.436499750973112
0.0,3428,5.374332478469193,2.437821250992804
0.0,3429,5.375953478493348,2.4391437510125105
0.0,3430,5.377578078517557,2.4404672510322323
0.0,3431,5.379206278541818,2.441791751051969
0.0,3432,5.380838078566134,2.4431172510717207
0.0,3433,5.382473478590503,2.444443751091487
0.0,3434,5.384112478614927,2.4457712511112684
0.0,3435,5.385755078639403,2.4470997511310646
0.0,3436,5.387401278663933,2.448429251150875
0.0,3437,5.389051078688517,2.4497597511707014
0.0,3438,5.390704478713155,2.451091251190542
0.0,3439,5.392361478737846,2.452423751210398
0.0,3440,5.394022078762591,2.453757251230269
0.0,3441,5.39568627878739,2.4550917512501544
0.0,3442,5.397354078812241,2.4564272512700547
0.0,3443,5.399025478837148,2.4577637512899706
0.0,3444,5.400700478862107,2.4591012513099004
0.0,3445,5.402379078887121,2.460439751329846
0.0,3446,5.404061278912187,2.461779251349806
0.0,3447,5.405747078937307,2.4631197513697813
0.0,3448,5.407436478962482,2.464461251389771
0.0,3449,5.409129478987708,2.465803751409776
0.0,3450,5.41082607901299,2.4671472514297954
0.0,3451,5.4125262790383255,2.46849175144983
0.0,3452,5.414230079063715,2.4698372514698796
0.0,3453,5.415937479089156,2.471183751489944
0.0,3454,5.417648479114652,2.4725312515100235
0.0,3455,5.419363079140201,2.4738797515301174
0.0,3456,5.421081279165804,2.475229251550227
0.0,3457,5.4228030791914605,2.4765797515703505
0.0,3458,5.424528479217172,2.4779312515904897
0.0,3459,5.426257479242936,2.4792837516106436
0.0,3460,5.427990079268754,2.4806372516308124
0.0,3461,5.429726279294625,2.481991751650996
0.0,3462,5.4314660793205505,2.4833472516711943
0.0,3463,5.433209479346528,2.4847037516914074
0.0,3464,5.434956479372562,2.486061251711636
0.0,3465,5.436707079398647,2.487419751731879
0.0,3466,5.438461279424787,2.4887792517521374
0.0,3467,5.44021907945098,2.49013975177241
0.0,3468,5.441980479477227,2.4915012517926987
0.0,3469,5.443745479503528,2.492863751813001
0.0,3470,5.4455140795298815,2.4942272518333186
0.0,3471,5.44728627955629,2.4955917518536515
0.0,3472,5.449062079582751,2.496957251873999
0.0,3473,5.450841479609267,2.4983237518943615
0.0,3474,5.452624479635835,2.4996912519147387
0.0,3475,5.454411079662457,2.5010597519351307
0.0,3476,5.456201279689134,2.5024292519555384
0.0,3477,5.457995079715864,2.5037997519759605
0.0,3478,5.459792479742647,2.5051712519963973
0.0,3479,5.461593479769484,2.506543752016849
0.0,3480,5.463398079796375,2.507917252037316
0.0,3481,5.465206279823318,2.509291752057797
0.0,3482,5.467018079850316,2.510667252078294
0.0,3483,5.468833479877368,2.5120437520988057
0.0,3484,5.470652479904473,2.5134212521193318
0.0,3485,5.472475079931631,2.514799752139873
0.0,3486,5.474301279958844,2.516179252160429
0.0,3487,5.476131079986111,2.5175597521810005
0.0,3488,5.47796448001343,2.518941252201586
0.0,3489,5.479801480040805,2.520323752222187
0.0,3490,5.481642080068231,2.521707252242803
0.0,3491,5.483486280095712,2.5230917522634337
0.0,3492,5.485334080123246,2.524477252284079
0.0,3493,5.487185480150834,2.5258637523047396
0.0,3494,5.489040480178476,2.527251252325415
0.0,3495,5.490899080206171,2.5286397523461055
0.0,3496,5.492761280233919,2.53002925236681
0.0,3497,5.494627080261723,2.53141975238753
0.0,3498,5.496496480289579,2.5328112524082655
0.0,3499,5.498369480317488,2.5342037524290153
0.0,3500,5.500246080345452,2.53559725244978
0.0,3501,5.502126280373469,2.536991752470559
0.0,3502,5.50401008040154,2.538387252491354
0.0,3503,5.505897480429664,2.5397837525121636
0.0,3504,5.507788480457842,2.5411812525329878
0.0,3505,5.509683080486074,2.542579752553827
0.0,3506,5.51158128051436,2.5439792525746814
0.0,3507,5.51158128051436,2.5439792525746814
0.0,3508,5.513479189520067,2.5453785415770067
0.0,3509,5.515372916480571,2.546776408542259
0.0,3510,5.517262461395865,2.548172853470438
0.0,3511,5.519147824265953,2.549567876361545
0.0,3512,5.521029005090833,2.550961477215578
0.0,3513,5.5229060038705065,2.552353656032539
0.0,3514,5.524778820604974,2.553744412812427
0.0,3515,5.526647455294234,2.5551337475552423
0.0,3516,5.528511907938286,2.5565216602609837
0.0,3517,5.530372178537132,2.557908150929653
0.0,3518,5.532228267090771,2.55929321956125
0.0,3519,5.534080173599202,2.560676866155773
0.0,3520,5.535927898062428,2.562059090713224
0.0,3521,5.537771440480445,2.5634398932336016
0.0,3522,5.539610800853255,2.5648192737169064
0.0,3523,5.5414459791808595,2.566197232163138
0.0,3524,5.5432769754632565,2.5675737685722972
0.0,3525,5.5451037897004465,2.5689488829443836
0.0,3526,5.546926421892429,2.570322575279397
0.0,3527,5.548744872039205,2.571694845577337
0.0,3528,5.5505591401407735,2.5730656938382044
0.0,3529,5.552369226197135,2.5744351200619993
0.0,3530,5.554175130208291,2.5758031242487207
0.0,3531,5.555976852174238,2.5771697063983696
0.0,3532,5.55777439209498,2.5785348665109455
0.0,3533,5.559567749970513,2.5798986045864485
0.0,3534,5.561356925800839,2.5812609206248793
0.0,3535,5.563141919585959,2.5826218146262363
0.0,3536,5.564922731325872,2.583981286590521
0.0,3537,5.566699361020578,2.5853393365177326
0.0,3538,5.568471808670077,2.5866959644078706
0.0,3539,5.570240074274369,2.5880511702609366
0.0,3540,5.572004157833454,2.5894049540769295
0.0,3541,5.573764059347331,2.5907573158558495
0.0,3542,5.575519778816002,2.592108255597697
0.0,3543,5.577271316239466,2.593457773302471
0.0,3544,5.5790186716177255,2.594805868970173
0.0,3545,5.580761844950774,2.5961525426008016
0.0,3546,5.582500836238617,2.597497794194357
0.0,3547,5.584235645481253,2.5988416237508396
0.0,3548,5.585966272678681,2.600184031270249
0.0,3549,5.587692717830905,2.6015250167525865
0.0,3550,5.589414980937919,2.6028645801978505
0.0,3551,5.591133061999727,2.604202721606042
0.0,3552,5.592846961016328,2.60553944097716
0.0,3553,5.594556677987722,2.606874738311206
0.0,3554,5.596262212913908,2.608208613608178
0.0,3555,5.597963565794889,2.6095410668680774
0.0,3556,5.599660736630661,2.6108720980909044
0.0,3557,5.601353725421228,2.612201707276659
0.0,3558,5.603042532166587,2.6135298944253393
0.0,3559,5.60472715686674,2.6148566595369473
0.0,3560,5.606407599521684,2.616182002611483
0.0,3561,5.608083860131423,2.617505923648945
0.0,3562,5.609755938695953,2.618828422649335
0.0,3563,5.611423835215277,2.6201494996126513
0.0,3564,5.613087549689394,2.621469154538895
0.0,3565,5.614747082118304,2.6227873874280654
0.0,3566,5.6164024325020065,2.6241041982801634
0.0,3567,5.618053600840502,2.6254195870951884
0.0,3568,5.619700587133792,2.6267335538731404
0.0,3569,5.621343391381874,2.6280460986140195
0.0,3570,5.62298201358475,2.6293572213178265
0.0,3571,5.624616453742417,2.6306669219845595
0.0,3572,5.626246711854878,2.63197520061422
0.0,3573,5.627872787922132,2.633282057206808
0.0,3574,5.62949468194418,2.634587491762323
0.0,3575,5.631112393921019,2.635891504280765
0.0,3576,5.632725923852653,2.6371940947621337
0.0,3577,5.634335271739078,2.6384952632064302
0.0,3578,5.635940437580298,2.6397950096136538
0.0,3579,5.63754142137631,2.6410933339838043
0.0,3580,5.639138223127114,2.6423902363168814
0.0,3581,5.6407308428327125,2.643685716612886
0.0,3582,5.642319280493103,2.644979774871818
0.0,3583,5.643903536108288,2.646272411093677
0.0,3584,5.645483609678266,2.6475636252784627
0.0,3585,5.647059501203036,2.648853417426176
0.0,3586,5.648631210682599,2.6501417875368163
0.0,3587,5.650198738116955,2.6514287356103834
0.0,3588,5.651762083506105,2.6527142616468784
0.0,3589,5.653321246850047,2.6539983656463
0.0,3590,5.654876228148781,2.6552810476086486
0.0,3591,5.65642702740231,2.6565623075339246
0.0,3592,5.657973644610632,2.6578421454221273
0.0,3593,5.659516079773745,2.6591205612732574
0.0,3594,5.661054332891653,2.660397555087315
0.0,3595,5.662588403964354,2.6616731268642995
0.0,3596,5.664118292991846,2.6629472766042106
0.0,3597,5.665643999974132,2.664220004307049
0.0,3598,5.667165524911212,2.665491309972815
0.0,3599,5.668682867803085,2.666761193601508
0.0,3600,5.670196028649749,2.668029655193128
0.0,3601,5.671705007451208,2.6692966947476746
0.0,3602,5.67320980420746,2.670562312265149
0.0,3603,5.674710418918504,2.6718265077455503
0.0,3604,5.676206851584341,2.6730892811888785
0.0,3605,5.677699102204972,2.6743506325951336
0.0,3606,5.679187170780395,2.6756105619643167
0.0,3607,5.680671057310611,2.6768690692964263
0.0,3608,5.68215076179562,2.678126154591463
0.0,3609,5.683626284235423,2.679381817849427
0.0,3610,5.685097624630019,2.680636059070318
0.0,3611,5.6865647829794055,2.6818888782541364
0.0,3612,5.688027759283587,2.683140275400881
0.0,3613,5.689486553542561,2.6843902505105537
0.0,3614,5.690941165756328,2.685638803583153
0.0,3615,5.692391595924889,2.68688593461868
0.0,3616,5.693837844048242,2.6881316436171336
0.0,3617,5.695279910126389,2.6893759305785148
0.0,3618,5.696717794159328,2.6906187955028225
0.0,3619,5.6981514961470605,2.6918602383900576
0.0,3620,5.699581016089585,2.6931002592402202
0.0,3621,5.701006353986903,2.6943388580533094
0.0,3622,5.702427509839016,2.6955760348293256
0.0,3623,5.70384448364592,2.6968117895682693
0.0,3624,5.705257275407617,2.69804612227014
0.0,3625,5.706665885124107,2.699279032934938
0.0,3626,5.708070312795392,2.7005105215626624
0.0,3627,5.709470558421468,2.7017405881533145
0.0,3628,5.710866622002337,2.7029692327068933
0.0,3629,5.712258503537999,2.7041964552233995
0.0,3630,5.713646203028455,2.705422255702833
0.0,3631,5.715029720473703,2.706646634145194
0.0,3632,5.716409055873745,2.707869590550481
0.0,3633,5.717784209228578,2.709091124918696
0.0,3634,5.719155180538206,2.710311237249838
0.0,3635,5.720521969802627,2.7115299275439066
0.0,3636,5.721884577021839,2.712747195800903
0.0,3637,5.723243002195847,2.713963042020826
0.0,3638,5.724597245324646,2.7151774662036767
0.0,3639,5.725947306408239,2.7163904683494535
0.0,3640,5.727293185446625,2.7176020484581587
0.0,3641,5.728634882439803,2.71881220652979
0.0,3642,5.729972397387773,2.7200209425643487
0.0,3643,5.731305730290539,2.7212282565618344
0.0,3644,5.732634881148097,2.7224341485222476
0.0,3645,5.7339598499604465,2.723638618445588
0.0,3646,5.73528063672759,2.7248416663318555
0.0,3647,5.736597241449527,2.72604329218105
0.0,3648,5.737909664126256,2.727243495993171
0.0,3649,5.73921790475778,2.7284422777682202
0.0,3650,5.7405219633440945,2.729639637506196
0.0,3651,5.741821839885203,2.7308355752070983
0.0,3652,5.7431175343811045,2.7320300908709276
0.0,3653,5.744409046831798,2.7332231844976853
0.0,3654,5.745696377237286,2.734414856087369
0.0,3655,5.746979525597567,2.7356051056399804
0.0,3656,5.748258491912641,2.736793933155519
0.0,3657,5.7495332761825075,2.7379813386339844
0.0,3658,5.750803878407167,2.739167322075377
0.0,3659,5.752070298586619,2.740351883479697
0.0,3660,5.7533325367208645,2.7415350228469437
0.0,3661,5.754590592809903,2.7427167401771175
0.0,3662,5.755844466853735,2.743897035470219
0.0,3663,5.757094158852359,2.745075908726247
0.0,3664,5.758339668805776,2.7462533599452024
0.0,3665,5.7595809967139875,2.747429389127085
0.0,3666,5.7608181425769915,2.748603996271895
0.0,3667,5.762051106394789,2.749777181379631
0.0,3668,5.763279888167378,2.750948944450295
0.0,3669,5.76450448789476,2.752119285483886
0.0,3670,5.765724905576937,2.753288204480404
0.0,3671,5.766941141213905,2.7544557014398494
0.0,3672,5.768153194805667,2.7556217763622213
0.0,3673,5.7693610663522215,2.756786429247521
0.0,3674,5.770564755853568,2.757949660095747
0.0,3675,5.771764263309709,2.7591114689069007
0.0,3676,5.772959588720643,2.7602718556809815
0.0,3677,5.77415073208637,2.7614308204179894
0.0,3678,5.77533769340689,2.762588363117924
0.0,3679,5.776520472682202,2.7637444837807865
0.0,3680,5.777699069912307,2.764899182406576
0.0,3681,5.778873485097208,2.766052458995292
0.0,3682,5.780043718236898,2.767204313546935
0.0,3683,5.781209769331384,2.768354746061506
0.0,3684,5.7823716383806625,2.769503756539004
0.0,3685,5.783529325384734,2.770651344979429
0.0,3686,5.784682830343596,2.771797511382781
0.0,3687,5.785832153257253,2.7729422557490597
0.0,3688,5.786977294125703,2.774085578078266
0.0,3689,5.788118252948945,2.7752274783703985
0.0,3690,5.789255029726982,2.7763679566254593
0.0,3691,5.79038762445981,2.7775070128434467
0.0,3692,5.7915160371474315,2.7786446470243615
0.0,3693,5.792640267789848,2.779780859168203
0.0,3694,5.793760316387055,2.780915649274972
0.0,3695,5.794876182939055,2.782049017344668
0.0,3696,5.79598786744585,2.783180963377291
0.0,3697,5.797095369907437,2.7843114873728414
0.0,3698,5.798198690323816,2.7854405893313183
0.0,3699,5.799297828694989,2.786568269252723
0.0,3700,5.8003927850209545,2.7876945271370546
0.0,3701,5.801483559301713,2.788819362984313
0.0,3702,5.802570151537266,2.789942776794499
0.0,3703,5.803652561727611,2.7910647685676118
0.0,3704,5.804730789872749,2.7921853383036517
0.0,3705,5.80580483597268,2.7933044860026186
0.0,3706,5.806874700027403,2.794422211664513
0.0,3707,5.80794038203692,2.7955385152893344
0.0,3708,5.80900188200123,2.796653396877083
0.0,3709,5.810059199920332,2.7977668564277582
0.0,3710,5.8111123357942285,2.798878893941361
0.0,3711,5.812161289622918,2.799989509417891
0.0,3712,5.813206061406399,2.801098702857348
0.0,3713,5.814246651144674,2.802206474259732
0.0,3714,5.815283058837742,2.803312823625043
0.0,3715,5.816315284485603,2.8044177509532813
0.0,3716,5.817343328088258,2.805521256244447
0.0,3717,5.818367189645705,2.8066233394985396
0.0,3718,5.819386869157945,2.807724000715559
0.0,3719,5.820402366624977,2.808823239895506
0.0,3720,5.821413682046804,2.80992105703838
0.0,3721,5.822420815423422,2.8110174521441813
0.0,3722,5.823423766754835,2.8121124252129084
0.0,3723,5.824422536041039,2.813205976244564
0.0,3724,5.825417123282038,2.8142981052391463
0.0,3725,5.826407528477828,2.8153888121966557
0.0,3726,5.827393751628412,2.8164780971170926
0.0,3727,5.828375792733789,2.817565960000456
0.0,3728,5.8293536517939595,2.818652400846747
0.0,3729,5.830327328808923,2.8197374196559646
0.0,3730,5.831296823778678,2.82082101642811
0.0,3731,5.8322621367032275,2.821903191163182
0.0,3732,5.83322326758257,2.8229839438611815
0.0,3733,5.834180216416705,2.8240632745221075
0.0,3734,5.835132983205632,2.8251411831459614
0.0,3735,5.836081567949353,2.826217669732742
0.0,3736,5.837025970647868,2.827292734282449
0.0,3737,5.8379661913011756,2.8283663767950844
0.0,3738,5.838902229909276,2.829438597270646
0.0,3739,5.839834086472169,2.8305093957091354
0.0,3740,5.840761760989855,2.8315787721105514
0.0,3741,5.841685253462334,2.832646726474895
0.0,3742,5.842604563889605,2.833713258802165
0.0,3743,5.84351969227167,2.834778369092363
0.0,3744,5.844430638608529,2.8358420573454874
0.0,3745,5.84533740290018,2.836904323561539
0.0,3746,5.846239985146624,2.837965167740518
0.0,3747,5.8471383853478605,2.839024589882424
0.0,3748,5.84803260350389,2.8400825899872566
0.0,3749,5.848922639614713,2.841139168055017
0.0,3750,5.84980849368033,2.842194324085704
0.0,3751,5.850690165700739,2.8432480580793187
0.0,3752,5.851567655675941,2.8443003700358607
0.0,3753,5.852440963605936,2.8453512599553297
0.0,3754,5.853310089490725,2.846400727837725
0.0,3755,5.854175033330305,2.8474487736830483
0.0,3756,5.85503579512468,2.848495397491298
0.0,3757,5.8558923748738465,2.8495405992624754
0.0,3758,5.856744772577807,2.8505843789965795
0.0,3759,5.8575929882365605,2.8516267366936106
0.0,3760,5.858437021850106,2.8526676723535696
0.0,3761,5.8592768734184455,2.8537071859764547
0.0,3762,5.860112542941578,2.8547452775622677
0.0,3763,5.860944030419502,2.8557819471110073
0.0,3764,5.861771335852221,2.856817194622675
0.0,3765,5.862594459239733,2.8578510200972684
0.0,3766,5.863413400582037,2.85888342353479
0.0,3767,5.864228159879134,2.859914404935238
0.0,3768,5.865038737131024,2.860943964298613
0.0,3769,5.865845132337708,2.861972101624916
0.0,3770,5.866647345499183,2.862998816914146
0.0,3771,5.8674453766154535,2.8640241101663024
0.0,3772,5.868239225686516,2.865047981381387
0.0,3773,5.86902889271237,2.8660704305593976
0.0,3774,5.86981437769302,2.8670914577003357
0.0,3775,5.870595680628461,2.8681110628042013
0.0,3776,5.871372801518695,2.8691292458709934
0.0,3777,5.872145740363722,2.870146006900713
0.0,3778,5.872914497163542,2.8711613458933596
0.0,3779,5.873679071918156,2.872175262848933
0.0,3780,5.874439464627562,2.8731877577674343
0.0,3781,5.875195675291762,2.8741988306488624
0.0,3782,5.875947703910754,2.875208481493217
0.0,3783,5.876695550484539,2.876216710300499
0.0,3784,5.877439215013117,2.877223517070709
0.0,3785,5.878178697496489,2.878228901803845
0.0,3786,5.878913997934653,2.879232864499909
0.0,3787,5.879645116327611,2.880235405158899
0.0,3788,5.8803720526753605,2.8812365237808173
0.0,3789,5.881094806977904,2.882236220365662
0.0,3790,5.881813379235241,2.883234494913434
0.0,3791,5.882527769447369,2.8842313474241332
0.0,3792,5.883237977614292,2.8852267778977594
0.0,3793,5.883944003736008,2.8862207863343126
0.0,3794,5.884645847812516,2.887213372733793
0.0,3795,5.885343509843818,2.888204537096201
0.0,3796,5.886036989829911,2.8891942794215355
0.0,3797,5.8867262877707995,2.8901825997097976
0.0,3798,5.88741140366648,2.8911694979609863
0.0,3799,5.888092337516953,2.892154974175102
0.0,3800,5.88876908932222,2.893139028352145
0.0,3801,5.889441659082279,2.894121660492116
0.0,3802,5.8901100467971315,2.8951028705950135
0.0,3803,5.890774252466777,2.8960826586608377
0.0,3804,5.891434276091216,2.8970610246895894
0.0,3805,5.892090117670447,2.898037968681268
0.0,3806,5.8927417772044715,2.8990134906358738
0.0,3807,5.893389254693289,2.899987590553407
0.0,3808,5.894032550136899,2.9009602684338667
0.0,3809,5.894671663535304,2.901931524277254
0.0,3810,5.895306594888499,2.902901358083569
0.0,3811,5.89593734419649,2.90386976985281
0.0,3812,5.896563911459271,2.9048367595849784
0.0,3813,5.897186296676846,2.905802327280074
0.0,3814,5.897804499849215,2.906766472938097
0.0,3815,5.898418520976377,2.907729196559047
0.0,3816,5.899028360058331,2.9086904981429242
0.0,3817,5.89963401709508,2.9096503776897285
0.0,3818,5.90023549208662,2.9106088351994597
0.0,3819,5.900832785032954,2.911565870672118
0.0,3820,5.90142589593408,2.912521484107703
0.0,3821,5.902014824789999,2.9134756755062154
0.0,3822,5.902599571600712,2.9144284448676556
0.0,3823,5.903180136366218,2.915379792192023
0.0,3824,5.9037565190865156,2.916329717479316
0.0,3825,5.904328719761608,2.9172782207295374
0.0,3826,5.904896738391493,2.9182253019426856
0.0,3827,5.9054605749761695,2.9191709611187613
0.0,3828,5.90602022951564,2.9201151982577636
0.0,3829,5.906575702009905,2.9210580133596933
0.0,3830,5.907126992458961,2.9219994064245496
0.0,3831,5.90767410086281,2.922939377452333
0.0,3832,5.908217027221452,2.923877926443044
0.0,3833,5.908755771534889,2.9248150533966824
0.0,3834,5.909290333803117,2.9257507583132476
0.0,3835,5.909820714026139,2.92668504119274
0.0,3836,5.910346912203953,2.927617902035159
0.0,3837,5.910868928336562,2.9285493408405054
0.0,3838,5.9113867624239615,2.929479357608779
0.0,3839,5.911900414466156,2.93040795233998
0.0,3840,5.912409884463143,2.9313351250341073
0.0,3841,5.912915172414922,2.9322608756911626
0.0,3842,5.913416278321495,2.933185204311145
0.0,3843,5.91391320218286,2.9341081108940537
0.0,3844,5.91440594399902,2.9350295954398904
0.0,3845,5.914894503769971,2.9359496579486537
0.0,3846,5.915378881495715,2.936868298420344
0.0,3847,5.915859077176253,2.937785516854962
0.0,3848,5.916335090811584,2.9387013132525066
0.0,3849,5.916806922401708,2.9396156876129784
0.0,3850,5.917274571946624,2.9405286399363773
0.0,3851,5.917738039446334,2.9414401702227035
0.0,3852,5.918197324900837,2.942350278471957
0.0,3853,5.918652428310133,2.943258964684137
0.0,3854,5.919103349674221,2.9441662288592445
0.0,3855,5.919550088993104,2.945072070997279
0.0,3856,5.919992646266778,2.9459764910982407
0.0,3857,5.920431021495245,2.9468794891621295
0.0,3858,5.920865214678507,2.947781065188946
0.0,3859,5.921295225816561,2.948681219178688
0.0,3860,5.9217210549094075,2.9495799511313585
0.0,3861,5.922142701957046,2.950477261046956
0.0,3862,5.92256016695948,2.9513731489254806
0.0,3863,5.9229734499167055,2.9522676147669316
0.0,3864,5.923382550828725,2.953160658571311
0.0,3865,5.923787469695537,2.954052280338616
0.0,3866,5.924188206517141,2.954942480068849
0.0,3867,5.92458476129354,2.955831257762009
0.0,3868,5.924977134024729,2.9567186134180963
0.0,3869,5.925365324710714,2.9576045470371106
0.0,3870,5.92574933335149,2.958489058619052
0.0,3871,5.9261291599470605,2.9593721481639204
0.0,3872,5.926504804497423,2.9602538156717157
0.0,3873,5.926876267002579,2.961134061142438
0.0,3874,5.927243547462528,2.962012884576088
0.0,3875,5.927606645877269,2.962890285972665
0.0,3876,5.927965562246805,2.9637662653321692
0.0,3877,5.928320296571133,2.9646408226546
0.0,3878,5.928670848850253,2.965513957939958
0.0,3879,5.929017219084168,2.966385671188244
0.0,3880,5.929359407272875,2.9672559623994568
0.0,3881,5.929697413416374,2.968124831573596
0.0,3882,5.930031237514667,2.9689922787106626
0.0,3883,5.930360879567752,2.9698583038106565
0.0,3884,5.930686339575632,2.9707229068735774
0.0,3885,5.931007617538304,2.9715860878994254
0.0,3886,5.931324713455769,2.9724478468882003
0.0,3887,5.931637627328027,2.9733081838399027
0.0,3888,5.931946359155078,2.974167098754532
0.0,3889,5.932250908936922,2.9750245916320885
0.0,3890,5.932551276673559,2.9758806624725724
0.0,3891,5.932847462364989,2.9767353112759833
0.0,3892,5.933139466011211,2.977588538042321
0.0,3893,5.933427287612228,2.978440342771586
0.0,3894,5.933710927168037,2.9792907254637786
0.0,3895,5.933990384678639,2.9801396861188976
0.0,3896,5.934265660144034,2.9809872247369436
0.0,3897,5.934536753564222,2.981833341317917
0.0,3898,5.934803664939203,2.982678035861818
0.0,3899,5.935066394268977,2.983521308368646
0.0,3900,5.935324941553544,2.9843631588384003
0.0,3901,5.935579306792905,2.9852035872710823
0.0,3902,5.935829489987057,2.9860425936666917
0.0,3903,5.936075491136003,2.986880178025227
0.0,3904,5.936317310239742,2.987716340346691
0.0,3905,5.936554947298275,2.9885510806310815
0.0,3906,5.936788402311599,2.9893843988783986
0.0,3907,5.9370176752797175,2.9902162950886435
0.0,3908,5.937242766202628,2.991046769261815
0.0,3909,5.937463675080332,2.991875821397914
0.0,3910,5.9376804019128295,2.99270345149694
0.0,3911,5.937892946700121,2.9935296595588934
0.0,3912,5.938101309442203,2.9943544455837734
0.0,3913,5.938305490139079,2.99517780957158
0.0,3914,5.938505488790748,2.995999751522315
0.0,3915,5.938701305397211,2.9968202714359764
0.0,3916,5.938892939958465,2.997639369312565
0.0,3917,5.939080392474514,2.998457045152081
0.0,3918,5.939263662945354,2.999273298954524
0.0,3919,5.939442751370989,3.000088130719894
0.0,3920,5.939617657751416,3.000901540448191
0.0,3921,5.939788382086636,3.001713528139415
0.0,3922,5.939954924376649,3.0025240937935664
0.0,3923,5.940117284621456,3.0033332374106454
0.0,3924,5.940275462821054,3.0041409589906505
0.0,3925,5.940429458975447,3.0049472585335835
0.0,3926,5.940579273084632,3.0057521360394435
0.0,3927,5.94072490514861,3.0065555915082305
0.0,3928,5.9408663551673815,3.007357624939944
0.0,3929,5.941003623140946,3.0081582363345856
0.0,3930,5.941136709069302,3.0089574256921536
0.0,3931,5.941265612952453,3.0097551930126487
0.0,3932,5.9413903347903965,3.0105515382960713
0.0,3933,5.941510874583133,3.0113464615424217
0.0,3934,5.941627232330662,3.0121399627516983
0.0,3935,5.9417394080329835,3.012932041923902
0.0,3936,5.941847401690099,3.0137226990590333
0.0,3937,5.941951213302008,3.014511934157091
0.0,3938,5.942050842868708,3.0152997472180765
0.0,3939,5.942146290390203,3.0160861382419886
0.0,3940,5.942237555866491,3.016871107228828
0.0,3941,5.942324639297571,3.0176546541785947
0.0,3942,5.942407540683444,3.0184367790912887
0.0,3943,5.94248626002411,3.0192174819669093
0.0,3944,5.94256079731957,3.019996762805457
0.0,3945,5.942631152569821,3.020774621606932
0.0,3946,5.942697325774867,3.0215510583713345
0.0,3947,5.942759316934705,3.0223260730986636
0.0,3948,5.942817126049336,3.0230996657889206
0.0,3949,5.942870753118761,3.0238718364421038
0.0,3950,5.9429201981429784,3.0246425850582144
0.0,3951,5.9429654611219895,3.025411911637252
0.0,3952,5.943006542055793,3.0261798161792166
0.0,3953,5.943043440944388,3.026946298684109
0.0,3954,5.943076157787779,3.0277113591519282
0.0,3955,5.943104692585961,3.0284749975826744
0.0,3956,5.943129045338935,3.0292372139763475
0.0,3957,5.943149216046704,3.029998008332948
0.0,3958,5.943165204709265,3.0307573806524752
0.0,3959,5.94317701132662,3.0315153309349303
0.0,3960,5.943184635898767,3.032271859180312
0.0,3961,5.943188078425708,3.033026965388621
0.0,3962,5.943187338907441,3.0337806495598567
0.0,3963,5.943182417343967,3.0345329116940203
0.0,3964,5.9431733137352865,3.0352837517911104
0.0,3965,5.943160028081399,3.0360331698511276
0.0,3966,5.943142560382304,3.036781165874072
0.0,3967,5.943120910638003,3.037527739859944
0.0,3968,5.943095078848494,3.0382728918087425
0.0,3969,5.943065065013779,3.0390166217204686
0.0,3970,5.943030869133857,3.0397589295951217
0.0,3971,5.942992491208727,3.0404998154327014
0.0,3972,5.94294993123839,3.0412392792332086
0.0,3973,5.9429031892228465,3.041977320996643
0.0,3974,5.942852265162096,3.0427139407230044
0.0,3975,5.942797159056139,3.0434491384122926
0.0,3976,5.942737870904974,3.0441829140645082
0.0,3977,5.9426744007086025,3.0449152676796514
0.0,3978,5.942606748467024,3.045646199257721
0.0,3979,5.942534914180238,3.046375708798718
0.0,3980,5.942458897848246,3.0471037963026424
0.0,3981,5.942378699471047,3.047830461769494
0.0,3982,5.94229431904864,3.0485557051992718
0.0,3983,5.942205756581027,3.0492795265919774
0.0,3984,5.942113012068206,3.05000192594761
0.0,3985,5.942016085510179,3.05072290326617
0.0,3986,5.941914976906944,3.0514424585476565
0.0,3987,5.9418096862585035,3.05216059179207
0.0,3988,5.941700213564855,3.0528773029994114
0.0,3989,5.941586558825999,3.0535925921696796
0.0,3990,5.941468722041937,3.054306459302875
0.0,3991,5.941346703212667,3.0550189043989975
0.0,3992,5.941220502338191,3.055729927458047
0.0,3993,5.941090119418508,3.0564395284800234
0.0,3994,5.940955554453617,3.057147707464927
0.0,3995,5.94081680744352,3.0578544644127583
0.0,3996,5.940673878388215,3.058559799323516
0.0,3997,5.940526767287704,3.0592637121972013
0.0,3998,5.940375474141985,3.0599662030338135
0.0,3999,5.94021999895106,3.0606672718333527
0.0,4000,5.940060341714928,3.0613669185958194
0.0,4001,5.939896502433589,3.062065143321213
0.0,4002,5.939728481107042,3.062761946009534
0.0,4003,5.939556277735289,3.063457326660781
0.0,4004,5.939379892318328,3.0641512852749564
0.0,4005,5.939199324856161,3.064843821852058
0.0,4006,5.939014575348786,3.0655349363920874
0.0,4007,5.938825643796205,3.0662246288950437
0.0,4008,5.938825643796205,3.0662246288950437
0.0,4009,5.9387301325086135,3.0665691196372538
0.0,4010,5.938634621221021,3.0669136103794634
0.0,4011,5.938539109933428,3.0672581011216735
0.0,4012,5.9384435986458355,3.067602591863883
0.0,4013,5.938348087358244,3.0679470826060933
0.0,4014,5.938252576070651,3.068291573348303
0.0,4015,5.938157064783058,3.068636064090513
0.0,4016,5.938061553495466,3.0689805548327227
0.0,4017,5.937966042207874,3.069325045574933
0.0,4018,5.937870530920281,3.0696695363171425
0.0,4019,5.937775019632689,3.0700140270593526
0.0,4020,5.937679508345096,3.070358517801562
0.0,4021,5.937583997057504,3.0707030085437723
0.0,4022,5.9374884857699115,3.071047499285982
0.0,4023,5.937392974482319,3.071391990028192
0.0,4024,5.937297463194726,3.0717364807704026
0.0,4025,5.937201951907134,3.0720809715126123
0.0,4026,5.937106440619542,3.0724254622548224
0.0,4027,5.937010929331949,3.072769952997032
0.0,4028,5.936915418044356,3.073114443739242
0.0,4029,5.936819906756765,3.073458934481452
0.0,4030,5.936724395469172,3.073803425223662
0.0,4031,5.936628884181579,3.0741479159658716
0.0,4032,5.936533372893987,3.0744924067080817
0.0,4033,5.936437861606395,3.0748368974502913
0.0,4034,5.936342350318803,3.0751813881925014
0.0,4035,5.9362468390312095,3.075525878934711
0.0,4036,5.936151327743618,3.075870369676921
0.0,4037,5.936055816456025,3.076214860419131
0.0,4038,5.935960305168433,3.076559351161341
0.0,4039,5.93586479388084,3.0769038419035506
0.0,4040,5.935769282593248,3.0772483326457607
0.0,4041,5.935673771305655,3.0775928233879704
0.0,4042,5.9355782600180635,3.0779373141301805
0.0,4043,5.93548274873047,3.0782818048723906
0.0,4044,5.935387237442878,3.0786262956146
0.0,4045,5.935291726155286,3.0789707863568108
0.0,4046,5.935196214867695,3.0793152770990204
0.0,4047,5.935100703580101,3.0796597678412305
0.0,4048,5.935005192292509,3.08000425858344
0.0,4049,5.934909681004917,3.0803487493256503
0.0,4050,5.934814169717325,3.08069324006786
0.0,4051,5.934718658429732,3.08103773081007
0.0,4052,5.93462314714214,3.0813822215522797
0.0,4053,5.934527635854547,3.08172671229449
0.0,4054,5.934432124566955,3.0820712030366995
0.0,4055,5.934336613279362,3.0824156937789096
0.0,4056,5.93424110199177,3.0827601845211197
0.0,4057,5.934145590704177,3.0831046752633293
0.0,4058,5.934050079416585,3.083449166005539
0.0,4059,5.933954568128993,3.083793656747749
0.0,4060,5.9338590568414,3.084138147489959
0.0,4061,5.933763545553807,3.084482638232169
0.0,4062,5.933668034266216,3.084827128974379
0.0,4063,5.933572522978622,3.085171619716589
0.0,4064,5.93347701169103,3.085516110458799
0.0,4065,5.933381500403438,3.085860601201009
0.0,4066,5.933285989115846,3.086205091943219
0.0,4067,5.933190477828253,3.0865495826854286
0.0,4068,5.9330949665406605,3.0868940734276387
0.0,4069,5.932999455253068,3.0872385641698483
0.0,4070,5.932903943965476,3.0875830549120584
0.0,4071,5.932808432677884,3.087927545654268
0.0,4072,5.932712921390291,3.088272036396478
0.0,4073,5.932617410102699,3.0886165271386883
0.0,4074,5.932521898815106,3.088961017880898
0.0,4075,5.9324263875275145,3.089305508623108
0.0,4076,5.932330876239921,3.0896499993653177
0.0,4077,5.932235364952329,3.089994490107528
0.0,4078,5.9321398536647365,3.0903389808497375
0.0,4079,5.932044342377145,3.0906834715919476
0.0,4080,5.931948831089551,3.091027962334157
0.0,4081,5.931853319801959,3.0913724530763673
0.0,4082,5.931757808514367,3.091716943818577
0.0,4083,5.931662297226774,3.092061434560787
0.0,4084,5.931566785939181,3.0924059253029967
0.0,4085,5.93147127465159,3.092750416045207
0.0,4086,5.931375763363997,3.0930949067874165
0.0,4087,5.931280252076405,3.0934393975296266
0.0,4088,5.931184740788812,3.0937838882718367
0.0,4089,5.93108922950122,3.0941283790140464
0.0,4090,5.930993718213627,3.094472869756256
0.0,4091,5.930898206926035,3.094817360498466
0.0,4092,5.930802695638442,3.095161851240676
0.0,4093,5.93070718435085,3.095506341982886
0.0,4094,5.930611673063257,3.095850832725096
0.0,4095,5.930516161775666,3.096195323467306
0.0,4096,5.930420650488073,3.0965398142095157
0.0,4097,5.930325139200481,3.096884304951726
0.0,4098,5.9302296279128885,3.097228795693936
0.0,4099,5.930134116625297,3.0975732864361456
0.0,4100,5.930038605337703,3.0979177771783557
0.0,4101,5.929943094050111,3.0982622679205654
0.0,4102,5.929847582762519,3.098606758662776
0.0,4103,5.929752071474927,3.0989512494049856
0.0,4104,5.929656560187334,3.0992957401471957
0.0,4105,5.929561048899742,3.0996402308894053
0.0,4106,5.929465537612149,3.0999847216316154
0.0,4107,5.929370026324557,3.1003292123738255
0.0,4108,5.929274515036964,3.100673703116035
0.0,4109,5.929179003749372,3.101018193858245
0.0,4110,5.92908349246178,3.101362684600455
0.0,4111,5.9289879811741875,3.101707175342665
0.0,4112,5.928892469886595,3.1020516660848747
0.0,4113,5.928796958599002,3.1023961568270844
0.0,4114,5.92870144731141,3.1027406475692945
0.0,4115,5.928605936023818,3.1030851383115046
0.0,4116,5.928510424736226,3.1034296290537142
0.0,4117,5.928414913448632,3.1037741197959243
0.0,4118,5.928319402161041,3.104118610538134
0.0,4119,5.928223890873448,3.104463101280344
0.0,4120,5.928128379585855,3.1048075920225537
0.0,4121,5.928032868298263,3.105152082764764
0.0,4122,5.927937357010671,3.105496573506974
0.0,4123,5.927841845723078,3.1058410642491836
0.0,4124,5.927746334435486,3.1061855549913933
0.0,4125,5.927650823147893,3.1065300457336034
0.0,4126,5.927555311860301,3.1068745364758135
0.0,4127,5.927459800572708,3.107219027218023
0.0,4128,5.927364289285116,3.107563517960233
0.0,4129,5.927268777997523,3.107908008702443
0.0,4130,5.927173266709931,3.108252499444653
0.0,4131,5.927077755422339,3.1085969901868626
0.0,4132,5.926982244134747,3.1089414809290727
0.0,4133,5.926886732847153,3.109285971671283
0.0,4134,5.9267912215595615,3.109630462413493
0.0,4135,5.92669571027197,3.1099749531557026
0.0,4136,5.926600198984376,3.1103194438979127
0.0,4137,5.926504687696784,3.1106639346401224
0.0,4138,5.926409176409192,3.1110084253823325
0.0,4139,5.9263136651216,3.1113529161245426
0.0,4140,5.926218153834007,3.1116974068667522
0.0,4141,5.9261226425464155,3.112041897608962
0.0,4142,5.926027131258822,3.112386388351172
0.0,4143,5.92593161997123,3.112730879093382
0.0,4144,5.9258361086836375,3.1130753698355917
0.0,4145,5.925740597396045,3.113419860577802
0.0,4146,5.925645086108452,3.1137643513200115
0.0,4147,5.92554957482086,3.1141088420622216
0.0,4148,5.925454063533268,3.1144533328044313
0.0,4149,5.925358552245676,3.1147978235466414
0.0,4150,5.925263040958082,3.1151423142888515
0.0,4151,5.925167529670491,3.115486805031061
0.0,4152,5.925072018382898,3.115831295773271
0.0,4153,5.924976507095305,3.116175786515481
0.0,4154,5.924880995807713,3.1165202772576905
0.0,4155,5.924785484520121,3.1168647679999006
0.0,4156,5.924689973232528,3.1172092587421103
0.0,4157,5.9245944619449356,3.1175537494843204
0.0,4158,5.924498950657344,3.1178982402265305
0.0,4159,5.924403439369751,3.11824273096874
0.0,4160,5.924307928082159,3.11858722171095
0.0,4161,5.924212416794566,3.11893171245316
0.0,4162,5.924116905506974,3.11927620319537
0.0,4163,5.924021394219381,3.1196206939375797
0.0,4164,5.923925882931789,3.1199651846797893
0.0,4165,5.923830371644197,3.120309675422
0.0,4166,5.923734860356604,3.12065416616421
0.0,4167,5.923639349069012,3.12099865690642
0.0,4168,5.92354383778142,3.1213431476486297
0.0,4169,5.923448326493826,3.1216876383908394
0.0,4170,5.9233528152062345,3.1220321291330495
0.0,4171,5.923257303918642,3.1223766198752596
0.0,4172,5.92316179263105,3.1227211106174693
0.0,4173,5.923066281343457,3.123065601359679
0.0,4174,5.922970770055865,3.123410092101889
0.0,4175,5.922875258768272,3.123754582844099
0.0,4176,5.92277974748068,3.124099073586309
0.0,4177,5.922684236193088,3.1244435643285184
0.0,4178,5.922588724905495,3.124788055070729
0.0,4179,5.922493213617903,3.1251325458129386
0.0,4180,5.9223977023303105,3.1254770365551483
0.0,4181,5.922302191042718,3.1258215272973584
0.0,4182,5.922206679755126,3.1261660180395685
0.0,4183,5.9221111684675325,3.126510508781778
0.0,4184,5.922015657179941,3.1268549995239883
0.0,4185,5.921920145892349,3.1271994902661984
0.0,4186,5.921824634604756,3.127543981008408
0.0,4187,5.921729123317164,3.127888471750618
0.0,4188,5.921633612029572,3.1282329624928282
0.0,4189,5.921538100741979,3.128577453235038
0.0,4190,5.9214425894543865,3.1289219439772475
0.0,4191,5.921347078166795,3.1292664347194576
0.0,4192,5.921251566879201,3.1296109254616677
0.0,4193,5.921156055591609,3.1299554162038774
0.0,4194,5.921060544304017,3.130299906946087
0.0,4195,5.920965033016424,3.130644397688297
0.0,4196,5.920869521728832,3.1309888884305073
0.0,4197,5.92077401044124,3.131333379172717
0.0,4198,5.920678499153647,3.131677869914927
0.0,4199,5.920582987866055,3.132022360657137
0.0,4200,5.9204874765784625,3.132366851399347
0.0,4201,5.92039196529087,3.132711342141557
0.0,4202,5.920296454003278,3.133055832883767
0.0,4203,5.9202009427156845,3.1334003236259766
0.0,4204,5.920105431428093,3.1337448143681863
0.0,4205,5.9200099201405,3.1340893051103964
0.0,4206,5.919914408852907,3.1344337958526065
0.0,4207,5.919818897565316,3.134778286594816
0.0,4208,5.919723386277724,3.135122777337026
0.0,4209,5.91962787499013,3.135467268079236
0.0,4210,5.9195323637025385,3.135811758821446
0.0,4211,5.919436852414946,3.1361562495636557
0.0,4212,5.919341341127353,3.1365007403058662
0.0,4213,5.919245829839761,3.136845231048076
0.0,4214,5.919150318552169,3.1371897217902855
0.0,4215,5.919054807264576,3.1375342125324956
0.0,4216,5.918959295976984,3.1378787032747057
0.0,4217,5.918863784689392,3.1382231940169154
0.0,4218,5.918768273401799,3.138567684759125
0.0,4219,5.918672762114207,3.1389121755013356
0.0,4220,5.918577250826615,3.1392566662435453
0.0,4221,5.918481739539022,3.1396011569857554
0.0,4222,5.91838622825143,3.1399456477279655
0.0,4223,5.9182907169638375,3.140290138470175
0.0,4224,5.918195205676245,3.140634629212385
0.0,4225,5.918099694388653,3.140979119954595
0.0,4226,5.91800418310106,3.141323610696805
0.0,4227,5.917908671813468,3.1416681014390146
0.0,4228,5.917813160525876,3.1420125921812243
0.0,4229,5.917717649238282,3.1423570829234344
0.0,4230,5.917622137950691,3.1427015736656445
0.0,4231,5.917526626663098,3.143046064407854
0.0,4232,5.917431115375505,3.1433905551500643
0.0,4233,5.9173356040879135,3.1437350458922744
0.0,4234,5.917240092800321,3.144079536634484
0.0,4235,5.917144581512728,3.144424027376694
0.0,4236,5.917049070225136,3.1447685181189042
0.0,4237,5.916953558937544,3.145113008861114
0.0,4238,5.916858047649951,3.1454574996033235
0.0,4239,5.916762536362359,3.1458019903455336
0.0,4240,5.916667025074766,3.1461464810877438
0.0,4241,5.916571513787174,3.1464909718299534
0.0,4242,5.916476002499581,3.146835462572163
0.0,4243,5.916380491211989,3.1471799533143736
0.0,4244,5.916284979924397,3.1475244440565833
0.0,4245,5.916189468636804,3.147868934798793
0.0,4246,5.9160939573492115,3.148213425541003
0.0,4247,5.91599844606162,3.148557916283213
0.0,4248,5.915902934774027,3.148902407025423
0.0,4249,5.915807423486434,3.1492468977676324
0.0,4250,5.915711912198843,3.149591388509842
0.0,4251,5.915616400911249,3.1499358792520527
0.0,4252,5.915520889623657,3.1502803699942623
0.0,4253,5.915425378336065,3.1506248607364724
0.0,4254,5.915329867048472,3.1509693514786825
0.0,4255,5.91523435576088,3.151313842220892
0.0,4256,5.9151388444732875,3.151658332963102
0.0,4257,5.915043333185695,3.152002823705312
0.0,4258,5.914947821898103,3.152347314447522
0.0,4259,5.91485231061051,3.1526918051897317
0.0,4260,5.914756799322918,3.1530362959319413
0.0,4261,5.914661288035326,3.1533807866741514
0.0,4262,5.914565776747732,3.1537252774163615
0.0,4263,5.914470265460141,3.154069768158571
0.0,4264,5.914374754172548,3.1544142589007813
0.0,4265,5.914279242884955,3.1547587496429914
0.0,4266,5.9141837315973635,3.155103240385201
0.0,4267,5.914088220309771,3.155447731127411
0.0,4268,5.913992709022178,3.1557922218696213
0.0,4269,5.913897197734586,3.156136712611831
0.0,4270,5.913801686446993,3.1564812033540406
0.0,4271,5.913706175159401,3.1568256940962507
0.0,4272,5.913610663871809,3.157170184838461
0.0,4273,5.913515152584217,3.1575146755806704
0.0,4274,5.913419641296624,3.15785916632288
0.0,4275,5.913324130009032,3.15820365706509
0.0,4276,5.91322861872144,3.1585481478073003
0.0,4277,5.913133107433847,3.15889263854951
0.0,4278,5.913037596146255,3.15923712929172
0.0,4279,5.912942084858662,3.15958162003393
0.0,4280,5.91284657357107,3.15992611077614
0.0,4281,5.912751062283477,3.1602706015183495
0.0,4282,5.9126555509958845,3.16061509226056
0.0,4283,5.912560039708293,3.1609595830027697
0.0,4284,5.9124645284207,3.1613040737449793
0.0,4285,5.912369017133107,3.1616485644871895
0.0,4286,5.912273505845516,3.1619930552293996
0.0,4287,5.912177994557922,3.162337545971609
0.0,4288,5.91208248327033,3.1626820367138193
0.0,4289,5.911986971982738,3.1630265274560294
0.0,4290,5.911891460695145,3.163371018198239
0.0,4291,5.911795949407553,3.1637155089404487
0.0,4292,5.9117004381199605,3.164059999682659
0.0,4293,5.911604926832368,3.164404490424869
0.0,4294,5.911509415544776,3.1647489811670786
0.0,4295,5.911413904257183,3.1650934719092882
0.0,4296,5.911318392969591,3.1654379626514983
0.0,4297,5.911222881681999,3.1657824533937085
0.0,4298,5.911127370394406,3.166126944135918
0.0,4299,5.911031859106814,3.166471434878128
0.0,4300,5.910936347819222,3.1668159256203383
0.0,4301,5.910840836531628,3.167160416362548
0.0,4302,5.9107453252440365,3.1675049071047576
0.0,4303,5.910649813956444,3.1678493978469677
0.0,4304,5.910554302668851,3.168193888589178
0.0,4305,5.910458791381259,3.1685383793313875
0.0,4306,5.910363280093667,3.168882870073598
0.0,4307,5.910267768806074,3.1692273608158077
0.0,4308,5.910172257518482,3.1695718515580174
0.0,4309,5.9100767462308905,3.1699163423002275
0.0,4310,5.909981234943297,3.1702608330424376
0.0,4311,5.909885723655705,3.170605323784647
0.0,4312,5.9097902123681125,3.170949814526857
0.0,4313,5.90969470108052,3.171294305269067
0.0,4314,5.909599189792928,3.171638796011277
0.0,4315,5.909503678505335,3.1719832867534867
0.0,4316,5.909408167217743,3.1723277774956964
0.0,4317,5.909312655930151,3.172672268237907
0.0,4318,5.909217144642557,3.1730167589801166
0.0,4319,5.909121633354966,3.1733612497223262
0.0,4320,5.909026122067373,3.173705740464536
0.0,4321,5.90893061077978,3.1740502312067465
0.0,4322,5.9088350994921885,3.174394721948956
0.0,4323,5.908739588204596,3.174739212691166
0.0,4324,5.908644076917003,3.1750837034333763
0.0,4325,5.908548565629411,3.175428194175586
0.0,4326,5.908453054341819,3.175772684917796
0.0,4327,5.908357543054226,3.1761171756600057
0.0,4328,5.908262031766634,3.176461666402216
0.0,4329,5.908166520479041,3.1768061571444255
0.0,4330,5.908071009191449,3.1771506478866356
0.0,4331,5.907975497903856,3.1774951386288453
0.0,4332,5.907879986616264,3.1778396293710554
0.0,4333,5.907784475328672,3.178184120113265
0.0,4334,5.90768896404108,3.178528610855475
0.0,4335,5.907593452753487,3.1788731015976848
0.0,4336,5.907497941465895,3.179217592339895
0.0,4337,5.907402430178303,3.1795620830821054
0.0,4338,5.9073069188907095,3.179906573824315
0.0,4339,5.907211407603118,3.1802510645665247
0.0,4340,5.907115896315525,3.1805955553087344
0.0,4341,5.907020385027932,3.180940046050945
0.0,4342,5.906924873740341,3.1812845367931546
0.0,4343,5.906829362452748,3.1816290275353643
0.0,4344,5.906733851165155,3.181973518277574
0.0,4345,5.9066383398775635,3.1823180090197845
0.0,4346,5.90654282858997,3.182662499761994
0.0,4347,5.906447317302378,3.1830069905042038
0.0,4348,5.906351806014786,3.1833514812464143
0.0,4349,5.906256294727193,3.183695971988624
0.0,4350,5.906160783439601,3.184040462730834
0.0,4351,5.906065272152008,3.1843849534730437
0.0,4352,5.905969760864417,3.184729444215254
0.0,4353,5.905874249576824,3.1850739349574635
0.0,4354,5.905778738289231,3.1854184256996736
0.0,4355,5.905683227001639,3.1857629164418833
0.0,4356,5.905587715714047,3.1861074071840934
0.0,4357,5.905492204426454,3.186451897926303
0.0,4358,5.9053966931388615,3.186796388668513
0.0,4359,5.905301181851269,3.187140879410723
0.0,4360,5.905205670563676,3.187485370152933
0.0,4361,5.905110159276084,3.187829860895143
0.0,4362,5.905014647988493,3.1881743516373526
0.0,4363,5.904919136700899,3.1885188423795627
0.0,4364,5.904823625413307,3.1888633331217724
0.0,4365,5.904728114125715,3.1892078238639825
0.0,4366,5.904632602838123,3.1895523146061926
0.0,4367,5.904537091550529,3.1898968053484023
0.0,4368,5.9044415802629375,3.1902412960906124
0.0,4369,5.904346068975345,3.190585786832822
0.0,4370,5.904250557687753,3.190930277575032
0.0,4371,5.90415504640016,3.1912747683172418
0.0,4372,5.904059535112568,3.191619259059452
0.0,4373,5.903964023824975,3.1919637498016615
0.0,4374,5.903868512537383,3.1923082405438716
0.0,4375,5.903773001249791,3.1926527312860813
0.0,4376,5.903677489962198,3.1929972220282914
0.0,4377,5.903581978674605,3.193341712770501
0.0,4378,5.9034864673870135,3.193686203512711
0.0,4379,5.903390956099422,3.1940306942549213
0.0,4380,5.903295444811828,3.1943751849971314
0.0,4381,5.903199933524236,3.194719675739341
0.0,4382,5.903104422236644,3.1950641664815507
0.0,4383,5.903008910949051,3.195408657223761
0.0,4384,5.902913399661459,3.195753147965971
0.0,4385,5.902817888373866,3.1960976387081805
0.0,4386,5.902722377086274,3.19644212945039
0.0,4387,5.902626865798682,3.1967866201926007
0.0,4388,5.90253135451109,3.1971311109348104
0.0,4389,5.902435843223497,3.1974756016770205
0.0,4390,5.902340331935904,3.1978200924192306
0.0,4391,5.9022448206483125,3.1981645831614403
0.0,4392,5.90214930936072,3.1985090739036504
0.0,4393,5.902053798073127,3.19885356464586
0.0,4394,5.9019582867855345,3.19919805538807
0.0,4395,5.901862775497943,3.1995425461302798
0.0,4396,5.90176726421035,3.19988703687249
0.0,4397,5.901671752922757,3.2002315276146995
0.0,4398,5.901576241635165,3.2005760183569096
0.0,4399,5.901480730347573,3.2009205090991193
0.0,4400,5.90138521905998,3.2012649998413294
0.0,4401,5.9012897077723885,3.2016094905835395
0.0,4402,5.901194196484795,3.201953981325749
0.0,4403,5.901098685197203,3.2022984720679593
0.0,4404,5.901003173909611,3.202642962810169
0.0,4405,5.900907662622019,3.202987453552379
0.0,4406,5.900812151334426,3.2033319442945887
0.0,4407,5.900716640046833,3.2036764350367988
0.0,4408,5.900621128759241,3.2040209257790084
0.0,4409,5.900525617471649,3.2043654165212185
0.0,4410,5.900430106184055,3.204709907263428
0.0,4411,5.900334594896464,3.2050543980056387
0.0,4412,5.900239083608872,3.2053988887478484
0.0,4413,5.900143572321279,3.205743379490058
0.0,4414,5.9000480610336865,3.2060878702322686
0.0,4415,5.899952549746094,3.2064323609744783
0.0,4416,5.899857038458502,3.206776851716688
0.0,4417,5.899761527170909,3.2071213424588976
0.0,4418,5.899666015883318,3.207465833201108
0.0,4419,5.899570504595724,3.2078103239433178
0.0,4420,5.899474993308132,3.208154814685528
0.0,4421,5.89937948202054,3.2084993054277375
0.0,4422,5.899283970732948,3.2088437961699476
0.0,4423,5.899188459445354,3.2091882869121573
0.0,4424,5.8990929481577625,3.2095327776543674
0.0,4425,5.89899743687017,3.2098772683965775
0.0,4426,5.898901925582578,3.210221759138787
0.0,4427,5.898806414294985,3.2105662498809973
0.0,4428,5.898710903007393,3.210910740623207
0.0,4429,5.8986153917198,3.211255231365417
0.0,4430,5.898519880432208,3.2115997221076267
0.0,4431,5.898424369144616,3.2119442128498368
0.0,4432,5.898328857857024,3.212288703592047
0.0,4433,5.89823334656943,3.2126331943342565
0.0,4434,5.8981378352818385,3.2129776850764666
0.0,4435,5.898042323994246,3.2133221758186763
0.0,4436,5.897946812706654,3.2136666665608864
0.0,4437,5.8978513014190606,3.214011157303096
0.0,4438,5.897755790131469,3.214355648045306
0.0,4439,5.897660278843876,3.214700138787516
0.0,4440,5.897564767556284,3.215044629529726
0.0,4441,5.897469256268691,3.2153891202719356
0.0,4442,5.897373744981099,3.2157336110141457
0.0,4443,5.897278233693507,3.216078101756356
0.0,4444,5.897182722405915,3.2164225924985654
0.0,4445,5.897087211118322,3.2167670832407755
0.0,4446,5.896991699830729,3.217111573982985
0.0,4447,5.896896188543137,3.2174560647251953
0.0,4448,5.896800677255545,3.217800555467405
0.0,4449,5.896705165967953,3.218145046209615
0.0,4450,5.8966096546803595,3.2184895369518247
0.0,4451,5.896514143392768,3.218834027694035
0.0,4452,5.896418632105175,3.2191785184362445
0.0,4453,5.896323120817583,3.219523009178455
0.0,4454,5.89622760952999,3.2198674999206647
0.0,4455,5.896132098242398,3.2202119906628743
0.0,4456,5.896036586954805,3.220556481405085
0.0,4457,5.8959410756672135,3.2209009721472945
0.0,4458,5.89584556437962,3.2212454628895046
0.0,4459,5.895750053092028,3.2215899536317143
0.0,4460,5.8956545418044355,3.2219344443739244
0.0,4461,5.895559030516844,3.222278935116134
0.0,4462,5.895463519229251,3.222623425858344
0.0,4463,5.895368007941658,3.222967916600554
0.0,4464,5.895272496654066,3.223312407342764
0.0,4465,5.895176985366474,3.2236568980849736
0.0,4466,5.895081474078881,3.2240013888271837
0.0,4467,5.894985962791289,3.224345879569394
0.0,4468,5.894890451503696,3.2246903703116034
0.0,4469,5.894794940216104,3.2250348610538135
0.0,4470,5.8946994289285115,3.225379351796023
0.0,4471,5.894603917640919,3.2257238425382333
0.0,4472,5.894508406353327,3.226068333280443
0.0,4473,5.894412895065734,3.226412824022653
0.0,4474,5.894317383778143,3.2267573147648627
0.0,4475,5.894221872490549,3.227101805507073
0.0,4476,5.894126361202957,3.2274462962492825
0.0,4477,5.894030849915365,3.2277907869914926
0.0,4478,5.893935338627773,3.2281352777337027
0.0,4479,5.89383982734018,3.2284797684759123
0.0,4480,5.8937443160525875,3.2288242592181224
0.0,4481,5.893648804764995,3.229168749960332
0.0,4482,5.893553293477403,3.229513240702542
0.0,4483,5.89345778218981,3.229857731444752
0.0,4484,5.893362270902218,3.2302022221869624
0.0,4485,5.893266759614625,3.230546712929172
0.0,4486,5.893171248327033,3.230891203671382
0.0,4487,5.893075737039441,3.231235694413592
0.0,4488,5.892980225751849,3.2315801851558015
0.0,4489,5.892884714464255,3.2319246758980116
0.0,4490,5.8927892031766635,3.2322691666402212
0.0,4491,5.892693691889071,3.2326136573824313
0.0,4492,5.892598180601479,3.2329581481246414
0.0,4493,5.892502669313886,3.2333026388668515
0.0,4494,5.892407158026294,3.233647129609061
0.0,4495,5.892311646738701,3.2339916203512713
0.0,4496,5.892216135451109,3.234336111093481
0.0,4497,5.892120624163517,3.234680601835691
0.0,4498,5.892025112875924,3.235025092577901
0.0,4499,5.891929601588331,3.235369583320111
0.0,4500,5.89183409030074,3.235714074062321
0.0,4501,5.891738579013147,3.2360585648045306
0.0,4502,5.891643067725554,3.2364030555467407
0.0,4503,5.891547556437962,3.2367475462889503
0.0,4504,5.89145204515037,3.2370920370311604
0.0,4505,5.891356533862777,3.23743652777337
0.0,4506,5.8912610225751845,3.23778101851558
0.0,4507,5.891165511287592,3.23812550925779
0.0,4508,5.89107,3.23847
0.6030000000000655,0,1.5436031719657872,-1.3250539688458403
0.6030000000000655,1,1.5445461500292599,-1.324134935668378
0.6030000000000655,2,1.5454891280927323,-1.323215902490916
0.6030000000000655,3,1.546432106156205,-1.3222968693134538
0.6030000000000655,4,1.5473750842196776,-1.321377836135992
0.6030000000000655,5,1.54831806228315,-1.3204588029585298
0.6030000000000655,6,1.5492610403466227,-1.3195397697810678
0.6030000000000655,7,1.5502040184100951,-1.3186207366036056
0.6030000000000655,8,1.5511469964735676,-1.3177017034261433
0.6030000000000655,9,1.5520899745370402,-1.3167826702486813
0.6030000000000655,10,1.5530329526005127,-1.3158636370712191
0.6030000000000655,11,1.5539759306639853,-1.3149446038937573
0.6030000000000655,12,1.554918908727458,-1.314025570716295
0.6030000000000655,13,1.5558618867909304,-1.313106537538833
0.6030000000000655,14,1.556804864854403,-1.3121875043613709
0.6030000000000655,15,1.5577478429178757,-1.3112684711839087
0.6030000000000655,16,1.5586908209813481,-1.3103494380064467
0.6030000000000655,17,1.5596337990448208,-1.3094304048289844
0.6030000000000655,18,1.5605767771082935,-1.3085113716515226
0.6030000000000655,19,1.5615197551717657,-1.3075923384740604
0.6030000000000655,20,1.5624627332352383,-1.3066733052965984
0.6030000000000655,21,1.563405711298711,-1.3057542721191362
0.6030000000000655,22,1.5643486893621834,-1.304835238941674
0.6030000000000655,23,1.565291667425656,-1.303916205764212
0.6030000000000655,24,1.5662346454891285,-1.3029971725867497
0.6030000000000655,25,1.5671776235526012,-1.302078139409288
0.6030000000000655,26,1.5681206016160738,-1.3011591062318257
0.6030000000000655,27,1.5690635796795462,-1.3002400730543637
0.6030000000000655,28,1.570006557743019,-1.2993210398769015
0.6030000000000655,29,1.5709495358064915,-1.2984020066994393
0.6030000000000655,30,1.571892513869964,-1.2974829735219773
0.6030000000000655,31,1.5728354919334364,-1.296563940344515
0.6030000000000655,32,1.573778469996909,-1.2956449071670533
0.6030000000000655,33,1.5747214480603815,-1.294725873989591
0.6030000000000655,34,1.5756644261238542,-1.293806840812129
0.6030000000000655,35,1.5766074041873268,-1.2928878076346668
0.6030000000000655,36,1.5775503822507992,-1.2919687744572046
0.6030000000000655,37,1.5784933603142721,-1.2910497412797428
0.6030000000000655,38,1.5794363383777448,-1.2901307081022806
0.6030000000000655,39,1.5803793164412172,-1.2892116749248186
0.6030000000000655,40,1.5813222945046896,-1.2882926417473564
0.6030000000000655,41,1.582265272568162,-1.2873736085698946
0.6030000000000655,42,1.5832082506316347,-1.2864545753924324
0.6030000000000655,43,1.5841512286951074,-1.2855355422149701
0.6030000000000655,44,1.5850942067585798,-1.2846165090375081
0.6030000000000655,45,1.5860371848220525,-1.283697475860046
0.6030000000000655,46,1.5869801628855251,-1.282778442682584
0.6030000000000655,47,1.5879231409489976,-1.2818594095051217
0.6030000000000655,48,1.5888661190124702,-1.28094037632766
0.6030000000000655,49,1.5898090970759429,-1.2800213431501977
0.6030000000000655,50,1.5907520751394153,-1.2791023099727354
0.6030000000000655,51,1.591695053202888,-1.2781832767952734
0.6030000000000655,52,1.5926380312663604,-1.2772642436178112
0.6030000000000655,53,1.5935810093298328,-1.2763452104403492
0.6030000000000655,54,1.5945239873933055,-1.275426177262887
0.6030000000000655,55,1.595466965456778,-1.2745071440854252
0.6030000000000655,56,1.5964099435202506,-1.273588110907963
0.6030000000000655,57,1.5973529215837232,-1.2726690777305008
0.6030000000000655,58,1.5982958996471957,-1.2717500445530387
0.6030000000000655,59,1.5992388777106683,-1.2708310113755765
0.6030000000000655,60,1.600181855774141,-1.2699119781981145
0.6030000000000655,61,1.6011248338376134,-1.2689929450206523
0.6030000000000655,62,1.602067811901086,-1.2680739118431905
0.6030000000000655,63,1.6030107899645585,-1.2671548786657283
0.6030000000000655,64,1.6039537680280311,-1.266235845488266
0.6030000000000655,65,1.6048967460915036,-1.265316812310804
0.6030000000000655,66,1.605839724154976,-1.2643977791333418
0.6030000000000655,67,1.6067827022184487,-1.2634787459558798
0.6030000000000655,68,1.6077256802819213,-1.2625597127784176
0.6030000000000655,69,1.608668658345394,-1.2616406796009558
0.6030000000000655,70,1.6096116364088664,-1.2607216464234936
0.6030000000000655,71,1.610554614472339,-1.2598026132460314
0.6030000000000655,72,1.6114975925358115,-1.2588835800685694
0.6030000000000655,73,1.6124405705992841,-1.2579645468911071
0.6030000000000655,74,1.6133835486627568,-1.2570455137136451
0.6030000000000655,75,1.6143265267262292,-1.256126480536183
0.6030000000000655,76,1.6152695047897019,-1.255207447358721
0.6030000000000655,77,1.6162124828531743,-1.254288414181259
0.6030000000000655,78,1.6171554609166467,-1.2533693810037967
0.6030000000000655,79,1.6180984389801194,-1.2524503478263347
0.6030000000000655,80,1.6190414170435918,-1.2515313146488725
0.6030000000000655,81,1.6199843951070645,-1.2506122814714105
0.6030000000000655,82,1.6209273731705371,-1.2496932482939482
0.6030000000000655,83,1.6218703512340098,-1.2487742151164865
0.6030000000000655,84,1.6228133292974822,-1.2478551819390242
0.6030000000000655,85,1.6237563073609549,-1.246936148761562
0.6030000000000655,86,1.6246992854244273,-1.2460171155841
0.6030000000000655,87,1.6256422634879,-1.2450980824066378
0.6030000000000655,88,1.6265852415513726,-1.2441790492291758
0.6030000000000655,89,1.627528219614845,-1.2432600160517138
0.6030000000000655,90,1.6284711976783177,-1.2423409828742515
0.6030000000000655,91,1.6294141757417901,-1.2414219496967895
0.6030000000000655,92,1.6303571538052628,-1.2405029165193275
0.6030000000000655,93,1.6313001318687355,-1.2395838833418655
0.6030000000000655,94,1.6322431099322081,-1.2386648501644033
0.6030000000000655,95,1.6331860879956805,-1.2377458169869413
0.6030000000000655,96,1.6341290660591532,-1.236826783809479
0.6030000000000655,97,1.6350720441226256,-1.235907750632017
0.6030000000000655,98,1.636015022186098,-1.2349887174545549
0.6030000000000655,99,1.6369580002495707,-1.2340696842770928
0.6030000000000655,100,1.6379009783130432,-1.2331506510996308
0.6030000000000655,101,1.6388439563765158,-1.2322316179221686
0.6030000000000655,102,1.6397869344399885,-1.2313125847447066
0.6030000000000655,103,1.6407299125034611,-1.2303935515672444
0.6030000000000655,104,1.6416728905669336,-1.2294745183897824
0.6030000000000655,105,1.642615868630406,-1.2285554852123202
0.6030000000000655,106,1.6435588466938786,-1.2276364520348582
0.6030000000000655,107,1.6445018247573513,-1.2267174188573962
0.6030000000000655,108,1.645444802820824,-1.225798385679934
0.6030000000000655,109,1.6463877808842964,-1.2248793525024717
0.6030000000000655,110,1.6473307589477688,-1.2239603193250097
0.6030000000000655,111,1.6482737370112415,-1.2230412861475475
0.6030000000000655,112,1.649216715074714,-1.2221222529700855
0.6030000000000655,113,1.6501596931381866,-1.2212032197926235
0.6030000000000655,114,1.651102671201659,-1.2202841866151615
0.6030000000000655,115,1.6520456492651316,-1.2193651534376992
0.6030000000000655,116,1.6529886273286043,-1.2184461202602372
0.6030000000000655,117,1.653931605392077,-1.217527087082775
0.6030000000000655,118,1.6548745834555494,-1.216608053905313
0.6030000000000655,119,1.655817561519022,-1.2156890207278508
0.6030000000000655,120,1.6567605395824945,-1.2147699875503888
0.6030000000000655,121,1.6577035176459671,-1.2138509543729268
0.6030000000000655,122,1.6586464957094393,-1.2129319211954646
0.6030000000000655,123,1.659589473772912,-1.2120128880180023
0.6030000000000655,124,1.6605324518363846,-1.2110938548405403
0.6030000000000655,125,1.6614754298998573,-1.210174821663078
0.6030000000000655,126,1.6624184079633297,-1.209255788485616
0.6030000000000655,127,1.6633613860268024,-1.208336755308154
0.6030000000000655,128,1.6643043640902748,-1.2074177221306919
0.6030000000000655,129,1.6652473421537475,-1.2064986889532299
0.6030000000000655,130,1.6661903202172201,-1.2055796557757676
0.6030000000000655,131,1.6671332982806928,-1.2046606225983056
0.6030000000000655,132,1.6680762763441652,-1.2037415894208436
0.6030000000000655,133,1.6690192544076379,-1.2028225562433814
0.6030000000000655,134,1.6699622324711103,-1.2019035230659194
0.6030000000000655,135,1.6709052105345827,-1.2009844898884572
0.6030000000000655,136,1.6718481885980554,-1.2000654567109952
0.6030000000000655,137,1.6727911666615278,-1.1991464235335332
0.6030000000000655,138,1.6737341447250005,-1.198227390356071
0.6030000000000655,139,1.6746771227884731,-1.197308357178609
0.6030000000000655,140,1.6756201008519458,-1.1963893240011467
0.6030000000000655,141,1.6765630789154182,-1.1954702908236847
0.6030000000000655,142,1.6775060569788907,-1.1945512576462225
0.6030000000000655,143,1.6784490350423633,-1.1936322244687605
0.6030000000000655,144,1.679392013105836,-1.1927131912912985
0.6030000000000655,145,1.6803349911693084,-1.1917941581138363
0.6030000000000655,146,1.681277969232781,-1.1908751249363743
0.6030000000000655,147,1.6822209472962535,-1.189956091758912
0.6030000000000655,148,1.683163925359726,-1.18903705858145
0.6030000000000655,149,1.6841069034231986,-1.1881180254039878
0.6030000000000655,150,1.685049881486671,-1.1871989922265258
0.6030000000000655,151,1.6859928595501437,-1.1862799590490636
0.6030000000000655,152,1.6869358376136163,-1.1853609258716016
0.6030000000000655,153,1.687878815677089,-1.1844418926941396
0.6030000000000655,154,1.6888217937405614,-1.1835228595166774
0.6030000000000655,155,1.689764771804034,-1.1826038263392153
0.6030000000000655,156,1.6907077498675065,-1.1816847931617531
0.6030000000000655,157,1.6916507279309791,-1.1807657599842911
0.6030000000000655,158,1.6925937059944518,-1.179846726806829
0.6030000000000655,159,1.693536684057924,-1.178927693629367
0.6030000000000655,160,1.6944796621213967,-1.1780086604519049
0.6030000000000655,161,1.6954226401848693,-1.1770896272744427
0.6030000000000655,162,1.696365618248342,-1.1761705940969807
0.6030000000000655,163,1.6973085963118144,-1.1752515609195184
0.6030000000000655,164,1.6982515743752868,-1.1743325277420564
0.6030000000000655,165,1.6991945524387595,-1.1734134945645942
0.6030000000000655,166,1.7001375305022322,-1.1724944613871322
0.6030000000000655,167,1.7010805085657048,-1.1715754282096702
0.6030000000000655,168,1.7020234866291775,-1.170656395032208
0.6030000000000655,169,1.70296646469265,-1.169737361854746
0.6030000000000655,170,1.7039094427561223,-1.1688183286772837
0.6030000000000655,171,1.704852420819595,-1.1678992954998217
0.6030000000000655,172,1.7057953988830674,-1.1669802623223595
0.6030000000000655,173,1.7067383769465398,-1.1660612291448975
0.6030000000000655,174,1.7076813550100125,-1.1651421959674355
0.6030000000000655,175,1.7086243330734852,-1.1642231627899733
0.6030000000000655,176,1.7095673111369578,-1.1633041296125113
0.6030000000000655,177,1.7105102892004305,-1.1623850964350493
0.6030000000000655,178,1.711453267263903,-1.161466063257587
0.6030000000000655,179,1.7123962453273753,-1.160547030080125
0.6030000000000655,180,1.713339223390848,-1.159627996902663
0.6030000000000655,181,1.7142822014543206,-1.1587089637252008
0.6030000000000655,182,1.7152251795177933,-1.1577899305477388
0.6030000000000655,183,1.7161681575812657,-1.1568708973702766
0.6030000000000655,184,1.7171111356447382,-1.1559518641928146
0.6030000000000655,185,1.7180541137082108,-1.1550328310153524
0.6030000000000655,186,1.7189970917716835,-1.1541137978378904
0.6030000000000655,187,1.7199400698351561,-1.1531947646604284
0.6030000000000655,188,1.7208830478986286,-1.1522757314829661
0.6030000000000655,189,1.721826025962101,-1.1513566983055041
0.6030000000000655,190,1.7227690040255736,-1.150437665128042
0.6030000000000655,191,1.7237119820890463,-1.14951863195058
0.6030000000000655,192,1.7246549601525187,-1.1485995987731177
0.6030000000000655,193,1.7255979382159914,-1.1476805655956557
0.6030000000000655,194,1.7265409162794638,-1.1467615324181937
0.6030000000000655,195,1.7274838943429365,-1.1458424992407314
0.6030000000000655,196,1.7284268724064091,-1.1449234660632694
0.6030000000000655,197,1.7293698504698816,-1.1440044328858072
0.6030000000000655,198,1.730312828533354,-1.1430853997083452
0.6030000000000655,199,1.7312558065968267,-1.142166366530883
0.6030000000000655,200,1.7321987846602993,-1.141247333353421
0.6030000000000655,201,1.733141762723772,-1.140328300175959
0.6030000000000655,202,1.7340847407872444,-1.1394092669984968
0.6030000000000655,203,1.7350277188507168,-1.1384902338210348
0.6030000000000655,204,1.7359706969141895,-1.1375712006435725
0.6030000000000655,205,1.7369136749776621,-1.1366521674661105
0.6030000000000655,206,1.7378566530411348,-1.1357331342886483
0.6030000000000655,207,1.7387996311046072,-1.1348141011111863
0.6030000000000655,208,1.7397426091680797,-1.1338950679337243
0.6030000000000655,209,1.7406855872315523,-1.1329760347562623
0.6030000000000655,210,1.741628565295025,-1.1320570015788003
0.6030000000000655,211,1.7425715433584976,-1.131137968401338
0.6030000000000655,212,1.74351452142197,-1.1302189352238758
0.6030000000000655,213,1.7444574994854425,-1.1292999020464138
0.6030000000000655,214,1.7454004775489151,-1.1283808688689518
0.6030000000000655,215,1.7463434556123878,-1.1274618356914896
0.6030000000000655,216,1.7472864336758605,-1.1265428025140276
0.6030000000000655,217,1.7482294117393327,-1.1256237693365656
0.6030000000000655,218,1.7491723898028053,-1.1247047361591034
0.6030000000000655,219,1.750115367866278,-1.1237857029816412
0.6030000000000655,220,1.7510583459297506,-1.1228666698041792
0.6030000000000655,221,1.7520013239932233,-1.1219476366267171
0.6030000000000655,222,1.7529443020566957,-1.121028603449255
0.6030000000000655,223,1.7538872801201681,-1.120109570271793
0.6030000000000655,224,1.7548302581836408,-1.119190537094331
0.6030000000000655,225,1.7557732362471135,-1.1182715039168687
0.6030000000000655,226,1.7567162143105859,-1.1173524707394065
0.6030000000000655,227,1.7576591923740585,-1.1164334375619445
0.6030000000000655,228,1.758602170437531,-1.1155144043844825
0.6030000000000655,229,1.7595451485010036,-1.1145953712070202
0.6030000000000655,230,1.7604881265644763,-1.1136763380295582
0.6030000000000655,231,1.7614311046279487,-1.1127573048520962
0.6030000000000655,232,1.7623740826914212,-1.111838271674634
0.6030000000000655,233,1.7633170607548938,-1.1109192384971718
0.6030000000000655,234,1.7642600388183665,-1.1100002053197098
0.6030000000000655,235,1.765203016881839,-1.1090811721422478
0.6030000000000655,236,1.7661459949453115,-1.1081621389647855
0.6030000000000655,237,1.767088973008784,-1.1072431057873235
0.6030000000000655,238,1.7680319510722566,-1.1063240726098615
0.6030000000000655,239,1.7689749291357293,-1.1054050394323993
0.6030000000000655,240,1.7699179071992017,-1.104486006254937
0.6030000000000655,241,1.7708608852626742,-1.103566973077475
0.6030000000000655,242,1.7718038633261468,-1.102647939900013
0.6030000000000655,243,1.7727468413896195,-1.1017289067225509
0.6030000000000655,244,1.773689819453092,-1.1008098735450889
0.6030000000000655,245,1.7746327975165643,-1.0998908403676269
0.6030000000000655,246,1.775575775580037,-1.0989718071901646
0.6030000000000655,247,1.7765187536435096,-1.0980527740127024
0.6030000000000655,248,1.777461731706982,-1.0971337408352404
0.6030000000000655,249,1.7784047097704545,-1.0962147076577784
0.6030000000000655,250,1.7793476878339272,-1.0952956744803162
0.6030000000000655,251,1.7802906658973998,-1.0943766413028542
0.6030000000000655,252,1.7812336439608725,-1.0934576081253922
0.6030000000000655,253,1.7821766220243451,-1.09253857494793
0.6030000000000655,254,1.7831196000878176,-1.0916195417704677
0.6030000000000655,255,1.78406257815129,-1.0907005085930057
0.6030000000000655,256,1.7850055562147626,-1.0897814754155437
0.6030000000000655,257,1.7859485342782353,-1.0888624422380815
0.6030000000000655,258,1.7868915123417077,-1.0879434090606195
0.6030000000000655,259,1.7878344904051804,-1.0870243758831575
0.6030000000000655,260,1.7887774684686528,-1.0861053427056953
0.6030000000000655,261,1.7897204465321255,-1.085186309528233
0.6030000000000655,262,1.7906634245955981,-1.084267276350771
0.6030000000000655,263,1.7916064026590708,-1.083348243173309
0.6030000000000655,264,1.792549380722543,-1.0824292099958468
0.6030000000000655,265,1.7934923587860157,-1.0815101768183848
0.6030000000000655,266,1.7944353368494883,-1.0805911436409228
0.6030000000000655,267,1.7953783149129607,-1.0796721104634606
0.6030000000000655,268,1.7963212929764334,-1.0787530772859983
0.6030000000000655,269,1.797264271039906,-1.0778340441085363
0.6030000000000655,270,1.7982072491033785,-1.0769150109310743
0.6030000000000655,271,1.7991502271668511,-1.075995977753612
0.6030000000000655,272,1.8000932052303238,-1.07507694457615
0.6030000000000655,273,1.801036183293796,-1.074157911398688
0.6030000000000655,274,1.8019791613572687,-1.0732388782212259
0.6030000000000655,275,1.8029221394207413,-1.0723198450437637
0.6030000000000655,276,1.803865117484214,-1.0714008118663016
0.6030000000000655,277,1.8048080955476866,-1.0704817786888396
0.6030000000000655,278,1.8057510736111588,-1.0695627455113774
0.6030000000000655,279,1.8066940516746315,-1.0686437123339154
0.6030000000000655,280,1.8076370297381041,-1.0677246791564534
0.6030000000000655,281,1.8085800078015766,-1.0668056459789912
0.6030000000000655,282,1.8095229858650492,-1.0658866128015292
0.6030000000000655,283,1.8104659639285219,-1.064967579624067
0.6030000000000655,284,1.8114089419919943,-1.064048546446605
0.6030000000000655,285,1.812351920055467,-1.0631295132691427
0.6030000000000655,286,1.8132948981189396,-1.0622104800916807
0.6030000000000655,287,1.8142378761824118,-1.0612914469142187
0.6030000000000655,288,1.8151808542458845,-1.0603724137367565
0.6030000000000655,289,1.8161238323093571,-1.0594533805592945
0.6030000000000655,290,1.8170668103728296,-1.0585343473818325
0.6030000000000655,291,1.8180097884363022,-1.0576153142043703
0.6030000000000655,292,1.8189527664997749,-1.056696281026908
0.6030000000000655,293,1.8198957445632473,-1.0557772478494463
0.6030000000000655,294,1.82083872262672,-1.054858214671984
0.6030000000000655,295,1.8217817006901926,-1.0539391814945218
0.6030000000000655,296,1.8227246787536648,-1.05302014831706
0.6030000000000655,297,1.8236676568171375,-1.0521011151395978
0.6030000000000655,298,1.8246106348806101,-1.0511820819621356
0.6030000000000655,299,1.8255536129440826,-1.0502630487846734
0.6030000000000655,300,1.8264965910075552,-1.0493440156072116
0.6030000000000655,301,1.827439569071028,-1.0484249824297494
0.6030000000000655,302,1.8283825471345003,-1.0475059492522871
0.6030000000000655,303,1.829325525197973,-1.0465869160748253
0.6030000000000655,304,1.8302685032614456,-1.0456678828973631
0.6030000000000655,305,1.8312114813249178,-1.044748849719901
0.6030000000000655,306,1.8321544593883905,-1.0438298165424387
0.6030000000000655,307,1.8330974374518632,-1.042910783364977
0.6030000000000655,308,1.8340404155153358,-1.0419917501875147
0.6030000000000655,309,1.8349833935788085,-1.0410727170100524
0.6030000000000655,310,1.8359263716422811,-1.0401536838325907
0.6030000000000655,311,1.8368693497057533,-1.0392346506551284
0.6030000000000655,312,1.837812327769226,-1.0383156174776662
0.6030000000000655,313,1.8387553058326986,-1.0373965843002042
0.6030000000000655,314,1.839698283896171,-1.036477551122742
0.6030000000000655,315,1.8406412619596437,-1.03555851794528
0.6030000000000655,316,1.8415842400231164,-1.034639484767818
0.6030000000000655,317,1.8425272180865888,-1.0337204515903557
0.6030000000000655,318,1.8434701961500615,-1.0328014184128937
0.6030000000000655,319,1.8444131742135341,-1.0318823852354315
0.6030000000000655,320,1.8453561522770063,-1.0309633520579695
0.6030000000000655,321,1.846299130340479,-1.0300443188805073
0.6030000000000655,322,1.8472421084039516,-1.0291252857030453
0.6030000000000655,323,1.8481850864674243,-1.0282062525255833
0.6030000000000655,324,1.8491280645308967,-1.027287219348121
0.6030000000000655,325,1.8500710425943694,-1.026368186170659
0.6030000000000655,326,1.8510140206578418,-1.0254491529931968
0.6030000000000655,327,1.8519569987213145,-1.0245301198157348
0.6030000000000655,328,1.852899976784787,-1.0236110866382726
0.6030000000000655,329,1.8538429548482596,-1.0226920534608106
0.6030000000000655,330,1.854785932911732,-1.0217730202833486
0.6030000000000655,331,1.8557289109752046,-1.0208539871058864
0.6030000000000655,332,1.8566718890386773,-1.0199349539284244
0.6030000000000655,333,1.85761486710215,-1.0190159207509621
0.6030000000000655,334,1.8585578451656222,-1.0180968875735001
0.6030000000000655,335,1.8595008232290948,-1.017177854396038
0.6030000000000655,336,1.8604438012925675,-1.016258821218576
0.6030000000000655,337,1.86138677935604,-1.015339788041114
0.6030000000000655,338,1.8623297574195126,-1.0144207548636517
0.6030000000000655,339,1.8632727354829852,-1.0135017216861897
0.6030000000000655,340,1.8642157135464577,-1.0125826885087275
0.6030000000000655,341,1.8651586916099303,-1.0116636553312655
0.6030000000000655,342,1.866101669673403,-1.0107446221538032
0.6030000000000655,343,1.8670446477368752,-1.0098255889763412
0.6030000000000655,344,1.8679876258003478,-1.0089065557988792
0.6030000000000655,345,1.8689306038638205,-1.007987522621417
0.6030000000000655,346,1.869873581927293,-1.007068489443955
0.6030000000000655,347,1.8708165599907656,-1.0061494562664928
0.6030000000000655,348,1.8717595380542382,-1.0052304230890308
0.6030000000000655,349,1.8727025161177107,-1.0043113899115688
0.6030000000000655,350,1.8736454941811833,-1.0033923567341065
0.6030000000000655,351,1.874588472244656,-1.0024733235566445
0.6030000000000655,352,1.8755314503081284,-1.0015542903791825
0.6030000000000655,353,1.8764744283716008,-1.0006352572017203
0.6030000000000655,354,1.8774174064350735,-0.9997162240242583
0.6030000000000655,355,1.8783603844985461,-0.9987971908467962
0.6030000000000655,356,1.8793033625620186,-0.9978781576693341
0.6030000000000655,357,1.8802463406254912,-0.9969591244918721
0.6030000000000655,358,1.8811893186889637,-0.9960400913144098
0.6030000000000655,359,1.8821322967524363,-0.9951210581369477
0.6030000000000655,360,1.883075274815909,-0.9942020249594856
0.6030000000000655,361,1.8840182528793814,-0.9932829917820236
0.6030000000000655,362,1.884961230942854,-0.9923639586045615
0.6030000000000655,363,1.8859042090063267,-0.9914449254270994
0.6030000000000655,364,1.8868471870697991,-0.9905258922496374
0.6030000000000655,365,1.8877901651332718,-0.9896068590721752
0.6030000000000655,366,1.8887331431967445,-0.988687825894713
0.6030000000000655,367,1.8896761212602167,-0.9877687927172509
0.6030000000000655,368,1.8906190993236893,-0.9868497595397889
0.6030000000000655,369,1.891562077387162,-0.9859307263623268
0.6030000000000655,370,1.8925050554506344,-0.9850116931848647
0.6030000000000655,371,1.893448033514107,-0.9840926600074027
0.6030000000000655,372,1.8943910115775797,-0.9831736268299405
0.6030000000000655,373,1.8953339896410522,-0.9822545936524785
0.6030000000000655,374,1.8962769677045248,-0.9813355604750162
0.6030000000000655,375,1.8972199457679972,-0.9804165272975542
0.6030000000000655,376,1.89816292383147,-0.9794974941200921
0.6030000000000655,377,1.8991059018949423,-0.97857846094263
0.6030000000000655,378,1.900048879958415,-0.977659427765168
0.6030000000000655,379,1.9009918580218876,-0.9767403945877058
0.6030000000000655,380,1.90193483608536,-0.9758213614102438
0.6030000000000655,381,1.9028778141488325,-0.9749023282327816
0.6030000000000655,382,1.9038207922123052,-0.9739832950553196
0.6030000000000655,383,1.9047637702757778,-0.9730642618778574
0.6030000000000655,384,1.9057067483392502,-0.9721452287003953
0.6030000000000655,385,1.906649726402723,-0.9712261955229333
0.6030000000000655,386,1.9075927044661956,-0.9703071623454711
0.6030000000000655,387,1.908535682529668,-0.9693881291680091
0.6030000000000655,388,1.9094786605931406,-0.968469095990547
0.6030000000000655,389,1.9104216386566133,-0.9675500628130849
0.6030000000000655,390,1.9113646167200855,-0.9666310296356228
0.6030000000000655,391,1.9123075947835582,-0.9657119964581606
0.6030000000000655,392,1.9132505728470308,-0.9647929632806986
0.6030000000000655,393,1.9141935509105032,-0.9638739301032364
0.6030000000000655,394,1.915136528973976,-0.9629548969257744
0.6030000000000655,395,1.9160795070374486,-0.9620358637483123
0.6030000000000655,396,1.917022485100921,-0.9611168305708502
0.6030000000000655,397,1.9179654631643936,-0.9601977973933881
0.6030000000000655,398,1.9189084412278663,-0.959278764215926
0.6030000000000655,399,1.9198514192913387,-0.958359731038464
0.6030000000000655,400,1.9207943973548114,-0.9574406978610017
0.6030000000000655,401,1.9217373754182838,-0.9565216646835397
0.6030000000000655,402,1.9226803534817565,-0.9556026315060776
0.6030000000000655,403,1.9236233315452291,-0.9546835983286155
0.6030000000000655,404,1.9245663096087016,-0.9537645651511534
0.6030000000000655,405,1.925509287672174,-0.9528455319736913
0.6030000000000655,406,1.9264522657356467,-0.9519264987962293
0.6030000000000655,407,1.9273952437991193,-0.9510074656187671
0.6030000000000655,408,1.9283382218625917,-0.950088432441305
0.6030000000000655,409,1.9292811999260644,-0.9491693992638429
0.6030000000000655,410,1.930224177989537,-0.9482503660863808
0.6030000000000655,411,1.9311671560530095,-0.9473313329089187
0.6030000000000655,412,1.9321101341164821,-0.9464122997314566
0.6030000000000655,413,1.9330531121799548,-0.9454932665539946
0.6030000000000655,414,1.933996090243427,-0.9445742333765325
0.6030000000000655,415,1.9349390683068997,-0.9436552001990703
0.6030000000000655,416,1.9358820463703723,-0.9427361670216082
0.6030000000000655,417,1.9368250244338447,-0.9418171338441462
0.6030000000000655,418,1.9377680024973174,-0.9408981006666841
0.6030000000000655,419,1.93871098056079,-0.9399790674892221
0.6030000000000655,420,1.9396539586242625,-0.9390600343117599
0.6030000000000655,421,1.9405969366877351,-0.9381410011342978
0.6030000000000655,422,1.9415399147512078,-0.9372219679568357
0.6030000000000655,423,1.9424828928146802,-0.9363029347793737
0.6030000000000655,424,1.9434258708781527,-0.9353839016019115
0.6030000000000655,425,1.944368848941625,-0.9344648684244494
0.6030000000000655,426,1.9453118270050977,-0.9335458352469874
0.6030000000000655,427,1.9462548050685704,-0.9326268020695253
0.6030000000000655,428,1.9471977831320428,-0.9317077688920631
0.6030000000000655,429,1.9481407611955155,-0.930788735714601
0.6030000000000655,430,1.9490837392589881,-0.929869702537139
0.6030000000000655,431,1.9500267173224606,-0.9289506693596769
0.6030000000000655,432,1.9509696953859332,-0.9280316361822147
0.6030000000000655,433,1.9519126734494059,-0.9271126030047527
0.6030000000000655,434,1.9528556515128783,-0.9261935698272906
0.6030000000000655,435,1.953798629576351,-0.9252745366498284
0.6030000000000655,436,1.9547416076398236,-0.9243555034723663
0.6030000000000655,437,1.9556845857032958,-0.9234364702949043
0.6030000000000655,438,1.9566275637667685,-0.9225174371174422
0.6030000000000655,439,1.9575705418302412,-0.92159840393998
0.6030000000000655,440,1.9585135198937136,-0.920679370762518
0.6030000000000655,441,1.9594564979571862,-0.9197603375850559
0.6030000000000655,442,1.960399476020659,-0.9188413044075938
0.6030000000000655,443,1.9613424540841313,-0.9179222712301316
0.6030000000000655,444,1.962285432147604,-0.9170032380526696
0.6030000000000655,445,1.9632284102110766,-0.9160842048752075
0.6030000000000655,446,1.964171388274549,-0.9151651716977454
0.6030000000000655,447,1.9651143663380217,-0.9142461385202834
0.6030000000000655,448,1.9660573444014942,-0.9133271053428212
0.6030000000000655,449,1.9670003224649666,-0.9124080721653591
0.6030000000000655,450,1.9679433005284392,-0.9114890389878969
0.6030000000000655,451,1.968886278591912,-0.9105700058104349
0.6030000000000655,452,1.9698292566553843,-0.9096509726329728
0.6030000000000655,453,1.970772234718857,-0.9087319394555107
0.6030000000000655,454,1.9717152127823296,-0.9078129062780487
0.6030000000000655,455,1.972658190845802,-0.9068938731005866
0.6030000000000655,456,1.9736011689092747,-0.9059748399231244
0.6030000000000655,457,1.9745441469727474,-0.9050558067456623
0.6030000000000655,458,1.9754871250362198,-0.9041367735682002
0.6030000000000655,459,1.9764301030996925,-0.9032177403907381
0.6030000000000655,460,1.9773730811631651,-0.902298707213276
0.6030000000000655,461,1.9783160592266373,-0.901379674035814
0.6030000000000655,462,1.97925903729011,-0.9004606408583519
0.6030000000000655,463,1.9802020153535826,-0.8995416076808898
0.6030000000000655,464,1.981144993417055,-0.8986225745034276
0.6030000000000655,465,1.9820879714805277,-0.8977035413259655
0.6030000000000655,466,1.9830309495440004,-0.8967845081485034
0.6030000000000655,467,1.9839739276074728,-0.8958654749710413
0.6030000000000655,468,1.9849169056709455,-0.8949464417935793
0.6030000000000655,469,1.9858598837344181,-0.8940274086161172
0.6030000000000655,470,1.9868028617978906,-0.8931083754386551
0.6030000000000655,471,1.9877458398613632,-0.892189342261193
0.6030000000000655,472,1.9886888179248359,-0.891270309083731
0.6030000000000655,473,1.989631795988308,-0.8903512759062687
0.6030000000000655,474,1.9905747740517807,-0.8894322427288066
0.6030000000000655,475,1.9915177521152534,-0.8885132095513446
0.6030000000000655,476,1.9924607301787258,-0.8875941763738825
0.6030000000000655,477,1.9934037082421985,-0.8866751431964204
0.6030000000000655,478,1.994346686305671,-0.8857561100189583
0.6030000000000655,479,1.9952896643691436,-0.8848370768414963
0.6030000000000655,480,1.9962326424326162,-0.8839180436640341
0.6030000000000655,481,1.9971756204960887,-0.8829990104865721
0.6030000000000655,482,1.998118598559561,-0.8820799773091099
0.6030000000000655,483,1.9990615766230337,-0.8811609441316478
0.6030000000000655,484,2.000004554686506,-0.8802419109541857
0.6030000000000655,485,2.000947532749979,-0.8793228777767237
0.6030000000000655,486,2.0018905108134515,-0.8784038445992616
0.6030000000000655,487,2.002833488876924,-0.8774848114217995
0.6030000000000655,488,2.003776466940397,-0.8765657782443375
0.6030000000000655,489,2.004719445003869,-0.8756467450668752
0.6030000000000655,490,2.0056624230673417,-0.8747277118894131
0.6030000000000655,491,2.0066054011308143,-0.873808678711951
0.6030000000000655,492,2.007548379194287,-0.872889645534489
0.6030000000000655,493,2.008491357257759,-0.8719706123570269
0.6030000000000655,494,2.009434335321232,-0.8710515791795648
0.6030000000000655,495,2.0103773133847045,-0.8701325460021028
0.6030000000000655,496,2.011320291448177,-0.8692135128246407
0.6030000000000655,497,2.01226326951165,-0.8682944796471784
0.6030000000000655,498,2.013206247575122,-0.8673754464697163
0.6030000000000655,499,2.0141492256385947,-0.8664564132922543
0.6030000000000655,500,2.0150922037020673,-0.8655373801147922
0.6030000000000655,501,2.0150922037020673,-0.8655373801147922
0.6030000000000655,502,2.0169780738729126,-0.8636999518262051
0.6030000000000655,503,2.018863772131557,-0.861863799670292
0.6030000000000655,504,2.0207492984780018,-0.860028923647053
0.6030000000000655,505,2.022634652912246,-0.858195323756488
0.6030000000000655,506,2.0245198354342895,-0.8563629999985972
0.6030000000000655,507,2.0264048460441337,-0.8545319523733806
0.6030000000000655,508,2.0282896847417775,-0.8527021808808378
0.6030000000000655,509,2.0301743515272204,-0.8508736855209694
0.6030000000000655,510,2.0320588464004636,-0.8490464662937749
0.6030000000000655,511,2.033943169361506,-0.8472205231992543
0.6030000000000655,512,2.0358273204103488,-0.8453958562374083
0.6030000000000655,513,2.0377112995469906,-0.843572465408236
0.6030000000000655,514,2.039595106771433,-0.8417503507117379
0.6030000000000655,515,2.0414787420836746,-0.8399295121479139
0.6030000000000655,516,2.0433622054837164,-0.8381099497167639
0.6030000000000655,517,2.0452454969715577,-0.8362916634182881
0.6030000000000655,518,2.047128616547199,-0.8344746532524863
0.6030000000000655,519,2.0490115642106397,-0.8326589192193585
0.6030000000000655,520,2.0508943399618804,-0.8308444613189049
0.6030000000000655,521,2.0527769438009207,-0.8290312795511253
0.6030000000000655,522,2.0546593757277605,-0.82721937391602
0.6030000000000655,523,2.0565416357424007,-0.8254087444135886
0.6030000000000655,524,2.05842372384484,-0.8235993910438314
0.6030000000000655,525,2.0603056400350788,-0.8217913138067482
0.6030000000000655,526,2.0621873843131184,-0.8199845127023391
0.6030000000000655,527,2.064068956678957,-0.8181789877306042
0.6030000000000655,528,2.0659503571325954,-0.8163747388915432
0.6030000000000655,529,2.067831585674034,-0.8145717661851563
0.6030000000000655,530,2.069712642303272,-0.8127700696114435
0.6030000000000655,531,2.07159352702031,-0.8109696491704049
0.6030000000000655,532,2.0734742398251473,-0.8091705048620402
0.6030000000000655,533,2.075354780717785,-0.8073726366863497
0.6030000000000655,534,2.077235149698222,-0.8055760446433334
0.6030000000000655,535,2.079115346766459,-0.8037807287329911
0.6030000000000655,536,2.0809953719224956,-0.8019866889553228
0.6030000000000655,537,2.082875225166332,-0.8001939253103287
0.6030000000000655,538,2.0847549064979685,-0.7984024377980088
0.6030000000000655,539,2.086634415917404,-0.7966122264183627
0.6030000000000655,540,2.08851375342464,-0.7948232911713909
0.6030000000000655,541,2.090392919019675,-0.793035632057093
0.6030000000000655,542,2.0922719127025102,-0.7912492490754693
0.6030000000000655,543,2.0941507344731454,-0.7894641422265197
0.6030000000000655,544,2.09602938433158,-0.7876803115102441
0.6030000000000655,545,2.0979078622778147,-0.7858977569266428
0.6030000000000655,546,2.0997861683118484,-0.7841164784757152
0.6030000000000655,547,2.1016643024336825,-0.7823364761574619
0.6030000000000655,548,2.1035422646433166,-0.7805577499718827
0.6030000000000655,549,2.10542005494075,-0.7787802999189776
0.6030000000000655,550,2.107297673325983,-0.7770041259987466
0.6030000000000655,551,2.109175119799016,-0.7752292282111897
0.6030000000000655,552,2.1110523943598487,-0.7734556065563067
0.6030000000000655,553,2.112929497008481,-0.771683261034098
0.6030000000000655,554,2.1148064277449135,-0.7699121916445633
0.6030000000000655,555,2.116683186569145,-0.7681423983877027
0.6030000000000655,556,2.1185597734811767,-0.766373881263516
0.6030000000000655,557,2.120436188481008,-0.7646066402720036
0.6030000000000655,558,2.1223124315686395,-0.7628406754131654
0.6030000000000655,559,2.1241885027440706,-0.761075986687001
0.6030000000000655,560,2.126064402007301,-0.7593125740935109
0.6030000000000655,561,2.1279401293583318,-0.7575504376326947
0.6030000000000655,562,2.129815684797162,-0.7557895773045528
0.6030000000000655,563,2.131691068323792,-0.7540299931090847
0.6030000000000655,564,2.1335662799382216,-0.7522716850462909
0.6030000000000655,565,2.135441319640451,-0.7505146531161712
0.6030000000000655,566,2.1373161874304807,-0.7487588973187255
0.6030000000000655,567,2.1391908833083098,-0.7470044176539539
0.6030000000000655,568,2.141065407273938,-0.7452512141218565
0.6030000000000655,569,2.142939759327367,-0.743499286722433
0.6030000000000655,570,2.1448139394685946,-0.7417486354556837
0.6030000000000655,571,2.146687947697623,-0.7399992603216083
0.6030000000000655,572,2.1485617840144506,-0.7382511613202072
0.6030000000000655,573,2.150435448419078,-0.7365043384514802
0.6030000000000655,574,2.1523089409115053,-0.7347587917154271
0.6030000000000655,575,2.1541822614917323,-0.7330145211120483
0.6030000000000655,576,2.1560554101597593,-0.7312715266413434
0.6030000000000655,577,2.157928386915586,-0.7295298083033127
0.6030000000000655,578,2.1598011917592115,-0.7277893660979561
0.6030000000000655,579,2.161673824690638,-0.7260502000252735
0.6030000000000655,580,2.1635462857098635,-0.724312310085265
0.6030000000000655,581,2.165418574816889,-0.7225756962779306
0.6030000000000655,582,2.1672906920117145,-0.7208403586032703
0.6030000000000655,583,2.16916263729434,-0.7191062970612843
0.6030000000000655,584,2.1710344106647645,-0.717373511651972
0.6030000000000655,585,2.172906012122989,-0.715642002375334
0.6030000000000655,586,2.1747774416690135,-0.71391176923137
0.6030000000000655,587,2.1766486993028376,-0.7121828122200802
0.6030000000000655,588,2.178519785024461,-0.7104551313414644
0.6030000000000655,589,2.1803906988338855,-0.7087287265955228
0.6030000000000655,590,2.1822614407311085,-0.7070035979822552
0.6030000000000655,591,2.184132010716132,-0.7052797455016617
0.6030000000000655,592,2.1860024087889545,-0.7035571691537421
0.6030000000000655,593,2.187872634949577,-0.7018358689384969
0.6030000000000655,594,2.1897426891979994,-0.7001158448559256
0.6030000000000655,595,2.1916125715342214,-0.6983970969060284
0.6030000000000655,596,2.1934822819582434,-0.6966796250888052
0.6030000000000655,597,2.1953518204700653,-0.6949634294042563
0.6030000000000655,598,2.1972211870696863,-0.6932485098523814
0.6030000000000655,599,2.1990903817571072,-0.6915348664331805
0.6030000000000655,600,2.2009594045323286,-0.6898224991466537
0.6030000000000655,601,2.202828255395349,-0.6881114079928011
0.6030000000000655,602,2.2046969343461695,-0.6864015929716225
0.6030000000000655,603,2.20656544138479,-0.684693054083118
0.6030000000000655,604,2.20843377651121,-0.6829857913272875
0.6030000000000655,605,2.2103019397254293,-0.6812798047041311
0.6030000000000655,606,2.2121699310274487,-0.679575094213649
0.6030000000000655,607,2.2140377504172677,-0.6778716598558407
0.6030000000000655,608,2.215905397894886,-0.6761695016307065
0.6030000000000655,609,2.217772873460305,-0.6744686195382468
0.6030000000000655,610,2.219640177113524,-0.6727690135784609
0.6030000000000655,611,2.221507308854542,-0.6710706837513489
0.6030000000000655,612,2.2233742686833597,-0.6693736300569112
0.6030000000000655,613,2.2252410565999776,-0.6676778524951476
0.6030000000000655,614,2.227107672604395,-0.6659833510660579
0.6030000000000655,615,2.228974116696612,-0.6642901257696425
0.6030000000000655,616,2.230840388876629,-0.662598176605901
0.6030000000000655,617,2.2327064891444457,-0.6609075035748337
0.6030000000000655,618,2.2345724175000625,-0.6592181066764407
0.6030000000000655,619,2.2364381739434784,-0.6575299859107214
0.6030000000000655,620,2.2383037584746948,-0.6558431412776764
0.6030000000000655,621,2.24016917109371,-0.6541575727773054
0.6030000000000655,622,2.242034411800525,-0.6524732804096084
0.6030000000000655,623,2.243899480595141,-0.6507902641745857
0.6030000000000655,624,2.2457643774775558,-0.6491085240722371
0.6030000000000655,625,2.24762910244777,-0.6474280601025625
0.6030000000000655,626,2.249493655505785,-0.6457488722655619
0.6030000000000655,627,2.251358036651599,-0.6440709605612355
0.6030000000000655,628,2.253222245885213,-0.6423943249895832
0.6030000000000655,629,2.2550862832066265,-0.6407189655506048
0.6030000000000655,630,2.2569501486158403,-0.6390448822443006
0.6030000000000655,631,2.258813842112853,-0.6373720750706705
0.6030000000000655,632,2.260677363697667,-0.6357005440297144
0.6030000000000655,633,2.2625407133702793,-0.6340302891214326
0.6030000000000655,634,2.264403891130692,-0.6323613103458248
0.6030000000000655,635,2.2662668969789044,-0.630693607702891
0.6030000000000655,636,2.268129730914916,-0.6290271811926311
0.6030000000000655,637,2.269992392938728,-0.6273620308150457
0.6030000000000655,638,2.27185488305034,-0.6256981565701342
0.6030000000000655,639,2.2737172012497506,-0.6240355584578968
0.6030000000000655,640,2.275579347536962,-0.6223742364783333
0.6030000000000655,641,2.2774413219119727,-0.6207141906314442
0.6030000000000655,642,2.2793031243747834,-0.619055420917229
0.6030000000000655,643,2.2811647549253937,-0.6173979273356879
0.6030000000000655,644,2.2830262135638035,-0.6157417098868209
0.6030000000000655,645,2.2848875002900133,-0.614086768570628
0.6030000000000655,646,2.286748615104023,-0.6124331033871091
0.6030000000000655,647,2.288609558005832,-0.6107807143362644
0.6030000000000655,648,2.290470328995441,-0.6091296014180936
0.6030000000000655,649,2.29233092807285,-0.6074797646325971
0.6030000000000655,650,2.2941913552380586,-0.6058312039797747
0.6030000000000655,651,2.296051610491067,-0.6041839194596262
0.6030000000000655,652,2.2979116938318747,-0.6025379110721519
0.6030000000000655,653,2.299771605260483,-0.6008931788173517
0.6030000000000655,654,2.30163134477689,-0.5992497226952256
0.6030000000000655,655,2.303490912381098,-0.5976075427057735
0.6030000000000655,656,2.3053503080731046,-0.5959666388489956
0.6030000000000655,657,2.3072095318529118,-0.5943270111248916
0.6030000000000655,658,2.3090685837205185,-0.5926886595334618
0.6030000000000655,659,2.3109274636759247,-0.5910515840747061
0.6030000000000655,660,2.312786171719131,-0.5894157847486245
0.6030000000000655,661,2.3146447078501367,-0.587781261555217
0.6030000000000655,662,2.316503072068942,-0.5861480144944836
0.6030000000000655,663,2.3183612643755476,-0.5845160435664242
0.6030000000000655,664,2.3202192847699528,-0.5828853487710389
0.6030000000000655,665,2.3220771332521575,-0.5812559301083277
0.6030000000000655,666,2.323934809822162,-0.5796277875782906
0.6030000000000655,667,2.325792314479967,-0.5780009211809276
0.6030000000000655,668,2.327649647225571,-0.5763753309162386
0.6030000000000655,669,2.3295068080589747,-0.5747510167842237
0.6030000000000655,670,2.3313637969801784,-0.573127978784883
0.6030000000000655,671,2.3332206139891816,-0.5715062169182162
0.6030000000000655,672,2.3350772590859847,-0.5698857311842237
0.6030000000000655,673,2.336933732270588,-0.5682665215829052
0.6030000000000655,674,2.3387900335429905,-0.5666485881142608
0.6030000000000655,675,2.340646162903193,-0.5650319307782904
0.6030000000000655,676,2.342502120351195,-0.5634165495749942
0.6030000000000655,677,2.3443579058869974,-0.5618024445043721
0.6030000000000655,678,2.346213519510599,-0.5601896155664241
0.6030000000000655,679,2.3480689612220003,-0.5585780627611501
0.6030000000000655,680,2.349924231021202,-0.5569677860885501
0.6030000000000655,681,2.3517793289082025,-0.5553587855486244
0.6030000000000655,682,2.353634254883003,-0.5537510611413725
0.6030000000000655,683,2.3554890089456038,-0.552144612866795
0.6030000000000655,684,2.357343591096004,-0.5505394407248914
0.6030000000000655,685,2.359198001334204,-0.5489355447156619
0.6030000000000655,686,2.361052239660204,-0.5473329248391064
0.6030000000000655,687,2.362906306074003,-0.545731581095225
0.6030000000000655,688,2.3647602005756023,-0.5441315134840179
0.6030000000000655,689,2.3666139231650014,-0.5425327220054849
0.6030000000000655,690,2.3684674738422,-0.5409352066596257
0.6030000000000655,691,2.3703208526071986,-0.5393389674464408
0.6030000000000655,692,2.372174059459997,-0.5377440043659298
0.6030000000000655,693,2.374027094400595,-0.536150317418093
0.6030000000000655,694,2.375879957428993,-0.5345579066029303
0.6030000000000655,695,2.3777326485451904,-0.5329667719204416
0.6030000000000655,696,2.3795851677491875,-0.5313769133706271
0.6030000000000655,697,2.3814375150409846,-0.5297883309534867
0.6030000000000655,698,2.3832896904205816,-0.5282010246690203
0.6030000000000655,699,2.3851416938879777,-0.526614994517228
0.6030000000000655,700,2.3869935254431742,-0.5250302404981099
0.6030000000000655,701,2.3888451850861703,-0.5234467626116657
0.6030000000000655,702,2.390696672816966,-0.5218645608578957
0.6030000000000655,703,2.3925479886355614,-0.5202836352367998
0.6030000000000655,704,2.394399132541957,-0.5187039857483778
0.6030000000000655,705,2.396250104536152,-0.51712561239263
0.6030000000000655,706,2.3981009046181465,-0.5155485151695564
0.6030000000000655,707,2.399951532787941,-0.5139726940791568
0.6030000000000655,708,2.4018019890455355,-0.5123981491214313
0.6030000000000655,709,2.4036522733909296,-0.5108248802963798
0.6030000000000655,710,2.4055023858241236,-0.5092528876040027
0.6030000000000655,711,2.407352326345117,-0.5076821710442994
0.6030000000000655,712,2.4092020949539106,-0.5061127306172701
0.6030000000000655,713,2.4110516916505036,-0.5045445663229151
0.6030000000000655,714,2.412901116434896,-0.5029776781612341
0.6030000000000655,715,2.4147503693070886,-0.5014120661322271
0.6030000000000655,716,2.416599450267081,-0.49984773023589435
0.6030000000000655,717,2.4184483593148736,-0.49828467047223557
0.6030000000000655,718,2.420297096450465,-0.49672288684125093
0.6030000000000655,719,2.4221456616738566,-0.49516237934294033
0.6030000000000655,720,2.423994054985048,-0.4936031479773038
0.6030000000000655,721,2.4258422763840395,-0.49204519274434144
0.6030000000000655,722,2.4276903258708304,-0.49048851364405316
0.6030000000000655,723,2.429538203445421,-0.4889331106764389
0.6030000000000655,724,2.4313859091078114,-0.48737898384149875
0.6030000000000655,725,2.4332334428580014,-0.4858261331392327
0.6030000000000655,726,2.4350808046959913,-0.48427455856964075
0.6030000000000655,727,2.436927994621781,-0.48272426013272285
0.6030000000000655,728,2.43877501263537,-0.481175237828479
0.6030000000000655,729,2.440621858736759,-0.47962749165690927
0.6030000000000655,730,2.442468532925948,-0.47808102161801364
0.6030000000000655,731,2.444315035202937,-0.47653582771179204
0.6030000000000655,732,2.4461613655677255,-0.47499190993824464
0.6030000000000655,733,2.4480075240203134,-0.47344926829737133
0.6030000000000655,734,2.4498535105607013,-0.471907902789172
0.6030000000000655,735,2.451699325188889,-0.4703678134136468
0.6030000000000655,736,2.453544967904876,-0.46882900017079565
0.6030000000000655,737,2.4553904387086636,-0.46729146306061864
0.6030000000000655,738,2.4572357376002505,-0.4657552020831156
0.6030000000000655,739,2.4590808645796374,-0.4642202172382868
0.6030000000000655,740,2.4609258196468238,-0.46268650852613197
0.6030000000000655,741,2.4627706028018093,-0.4611540759466513
0.6030000000000655,742,2.4646152140445956,-0.4596229194998447
0.6030000000000655,743,2.466459653375181,-0.45809303918571215
0.6030000000000655,744,2.4683039207935664,-0.45656443500425364
0.6030000000000655,745,2.470148016299752,-0.45503710695546934
0.6030000000000655,746,2.471991939893737,-0.4535110550393591
0.6030000000000655,747,2.473835691575521,-0.45198627925592294
0.6030000000000655,748,2.475679271345106,-0.4504627796051608
0.6030000000000655,749,2.4775226792024903,-0.4489405560870729
0.6030000000000655,750,2.479365915147674,-0.4474196087016589
0.6030000000000655,751,2.481208979180658,-0.4458999374489191
0.6030000000000655,752,2.4830518713014413,-0.44438154232885335
0.6030000000000655,753,2.4848945915100247,-0.44286442334146164
0.6030000000000655,754,2.4867371398064075,-0.4413485804867441
0.6030000000000655,755,2.4885795161905904,-0.43983401376470055
0.6030000000000655,756,2.4904217206625727,-0.4383207231753311
0.6030000000000655,757,2.492263753222355,-0.43680870871863586
0.6030000000000655,758,2.494105613869937,-0.43529797039461454
0.6030000000000655,759,2.4959473026053187,-0.4337885082032675
0.6030000000000655,760,2.4977888194285,-0.4322803221445944
0.6030000000000655,761,2.4996301643394814,-0.43077341221859533
0.6030000000000655,762,2.5014713373382627,-0.4292677784252705
0.6030000000000655,763,2.5033123384248435,-0.4277634207646197
0.6030000000000655,764,2.505153167599224,-0.42626033923664297
0.6030000000000655,765,2.506993824861404,-0.4247585338413403
0.6030000000000655,766,2.5088343102113844,-0.42325800457871177
0.6030000000000655,767,2.510674623649164,-0.4217587514487573
0.6030000000000655,768,2.5125147651747435,-0.4202607744514769
0.6030000000000655,769,2.514354734788123,-0.4187640735868706
0.6030000000000655,770,2.516194532489302,-0.4172686488549384
0.6030000000000655,771,2.518034158278281,-0.4157745002556803
0.6030000000000655,772,2.5198736121550596,-0.4142816277890963
0.6030000000000655,773,2.521712894119638,-0.4127900314551863
0.6030000000000655,774,2.5235520041720156,-0.41129971125395043
0.6030000000000655,775,2.5253909423121934,-0.4098106671853886
0.6030000000000655,776,2.527229708540171,-0.40832289924950094
0.6030000000000655,777,2.5290683028559484,-0.40683640744628735
0.6030000000000655,778,2.530906725259526,-0.40535119177574785
0.6030000000000655,779,2.5327449757509024,-0.40386725223788233
0.6030000000000655,780,2.534583054330079,-0.402384588832691
0.6030000000000655,781,2.536420960997055,-0.4009032015601738
0.6030000000000655,782,2.5382586957518316,-0.3994230904203306
0.6030000000000655,783,2.5400962585944074,-0.3979442554131614
0.6030000000000655,784,2.541933649524783,-0.39646669653866645
0.6030000000000655,785,2.5437708685429583,-0.3949904137968456
0.6030000000000655,786,2.5456079156489335,-0.3935154071876987
0.6030000000000655,787,2.5474447908427083,-0.3920416767112259
0.6030000000000655,788,2.549281494124283,-0.3905692223674273
0.6030000000000655,789,2.551118025493657,-0.3890980441563027
0.6030000000000655,790,2.552954384950831,-0.38762814207785223
0.6030000000000655,791,2.554790572495805,-0.3861595161320759
0.6030000000000655,792,2.556626588128579,-0.38469216631897357
0.6030000000000655,793,2.5584624318491525,-0.3832260926385453
0.6030000000000655,794,2.5602981036575256,-0.38176129509079115
0.6030000000000655,795,2.562133603553698,-0.38029777367571105
0.6030000000000655,796,2.563968931537671,-0.37883552839330514
0.6030000000000655,797,2.5658040876094432,-0.37737455924357316
0.6030000000000655,798,2.5676390717690154,-0.3759148662265154
0.6030000000000655,799,2.5694738840163875,-0.3744564493421316
0.6030000000000655,800,2.5713085243515588,-0.372999308590422
0.6030000000000655,801,2.573142992774531,-0.3715434439713864
0.6030000000000655,802,2.574977289285302,-0.37008885548502496
0.6030000000000655,803,2.5768114138838727,-0.36863554313133756
0.6030000000000655,804,2.5786453665702433,-0.3671835069103243
0.6030000000000655,805,2.5804791473444135,-0.36573274682198503
0.6030000000000655,806,2.5823127562063837,-0.3642832628663199
0.6030000000000655,807,2.584146193156154,-0.3628350550433289
0.6030000000000655,808,2.585979458193724,-0.36138812335301196
0.6030000000000655,809,2.587812551319093,-0.3599424677953691
0.6030000000000655,810,2.589645472532262,-0.35849808837040026
0.6030000000000655,811,2.5914782218332313,-0.35705498507810557
0.6030000000000655,812,2.593310799222,-0.35561315791848497
0.6030000000000655,813,2.5951432046985685,-0.35417260689153846
0.6030000000000655,814,2.5969754382629366,-0.352733331997266
0.6030000000000655,815,2.5988074999151047,-0.35129533323566764
0.6030000000000655,816,2.600639389655073,-0.3498586106067434
0.6030000000000655,817,2.60247110748284,-0.3484231641104931
0.6030000000000655,818,2.604302653398407,-0.34698899374691705
0.6030000000000655,819,2.606134027401774,-0.345556099516015
0.6030000000000655,820,2.6079652294929407,-0.3441244814177871
0.6030000000000655,821,2.6097962596719073,-0.3426941394522333
0.6030000000000655,822,2.611627117938674,-0.34126507361935354
0.6030000000000655,823,2.6134578042932395,-0.3398372839191478
0.6030000000000655,824,2.6152883187356055,-0.3384107703516162
0.6030000000000655,825,2.617118661265771,-0.33698553291675876
0.6030000000000655,826,2.618948831883736,-0.3355615716145753
0.6030000000000655,827,2.6207788305895012,-0.334138886445066
0.6030000000000655,828,2.622608657383066,-0.33271747740823077
0.6030000000000655,829,2.624438312264431,-0.3312973445040696
0.6030000000000655,830,2.626267795233595,-0.32987848773258255
0.6030000000000655,831,2.628097106290559,-0.3284609070937695
0.6030000000000655,832,2.629926245435323,-0.3270446025876307
0.6030000000000655,833,2.631755212667886,-0.32562957421416583
0.6030000000000655,834,2.6335840079882495,-0.32421582197337506
0.6030000000000655,835,2.635412631396413,-0.32280334586525844
0.6030000000000655,836,2.637241082892375,-0.3213921458898159
0.6030000000000655,837,2.6390693624761377,-0.3199822220470474
0.6030000000000655,838,2.6408974701477,-0.318573574336953
0.6030000000000655,839,2.642725405907062,-0.31716620275953267
0.6030000000000655,840,2.644553169754224,-0.3157601073147865
0.6030000000000655,841,2.646380761689186,-0.31435528800271434
0.6030000000000655,842,2.648208181711947,-0.3129517448233163
0.6030000000000655,843,2.650035429822508,-0.31154947777659237
0.6030000000000655,844,2.651862506020869,-0.3101484868625425
0.6030000000000655,845,2.65368941030703,-0.3087487720811667
0.6030000000000655,846,2.65551614268099,-0.307350333432465
0.6030000000000655,847,2.65734270314275,-0.3059531709164373
0.6030000000000655,848,2.65916909169231,-0.3045572845330838
0.6030000000000655,849,2.66099530832967,-0.30316267428240434
0.6030000000000655,850,2.662821353054829,-0.301769340164399
0.6030000000000655,851,2.664647225867788,-0.3003772821790677
0.6030000000000655,852,2.666472926768547,-0.2989865003264105
0.6030000000000655,853,2.6682984557571054,-0.2975969946064275
0.6030000000000655,854,2.670123812833464,-0.29620876501911847
0.6030000000000655,855,2.671948997997622,-0.2948218115644835
0.6030000000000655,856,2.67377401124958,-0.29343613424252274
0.6030000000000655,857,2.6755988525893377,-0.29205173305323595
0.6030000000000655,858,2.6774235220168947,-0.29066860799662325
0.6030000000000655,859,2.6792480195322526,-0.2892867590726847
0.6030000000000655,860,2.681072345135409,-0.2879061862814202
0.6030000000000655,861,2.6828964988263655,-0.28652688962282974
0.6030000000000655,862,2.6847204806051224,-0.2851488690969134
0.6030000000000655,863,2.6865442904716783,-0.28377212470367114
0.6030000000000655,864,2.6883679284260342,-0.282396656443103
0.6030000000000655,865,2.69019139446819,-0.2810224643152089
0.6030000000000655,866,2.692014688598145,-0.2796495483199889
0.6030000000000655,867,2.6938378108159005,-0.27827790845744305
0.6030000000000655,868,2.695660761121456,-0.2769075447275712
0.6030000000000655,869,2.69748353951481,-0.27553845713037345
0.6030000000000655,870,2.6993061459959646,-0.2741706456658498
0.6030000000000655,871,2.7011285805649186,-0.27280411033400026
0.6030000000000655,872,2.7029508432216725,-0.27143885113482474
0.6030000000000655,873,2.7047729339662263,-0.2700748680683233
0.6030000000000655,874,2.70659485279858,-0.2687121611344961
0.6030000000000655,875,2.708416599718733,-0.26735073033334283
0.6030000000000655,876,2.710238174726686,-0.2659905756648637
0.6030000000000655,877,2.712059577822439,-0.26463169712905865
0.6030000000000655,878,2.7138808090059916,-0.26327409472592767
0.6030000000000655,879,2.7157018682773435,-0.26191776845547077
0.6030000000000655,880,2.7175227556364954,-0.260562718317688
0.6030000000000655,881,2.719343471083447,-0.2592089443125793
0.6030000000000655,882,2.721164014618199,-0.25785644644014466
0.6030000000000655,883,2.72298438624075,-0.2565052247003841
0.6030000000000655,884,2.7248045859511008,-0.25515527909329766
0.6030000000000655,885,2.7266246137492516,-0.2538066096188853
0.6030000000000655,886,2.728444469635202,-0.252459216277147
0.6030000000000655,887,2.7302641536089527,-0.2511130990680828
0.6030000000000655,888,2.732083665670503,-0.24976825799169275
0.6030000000000655,889,2.7339030058198523,-0.2484246930479767
0.6030000000000655,890,2.7357221740570017,-0.24708240423693476
0.6030000000000655,891,2.7375411703819514,-0.24574139155856692
0.6030000000000655,892,2.7393599947947003,-0.24440165501287314
0.6030000000000655,893,2.741178647295249,-0.24306319459985348
0.6030000000000655,894,2.7429971278835974,-0.24172601031950786
0.6030000000000655,895,2.7448154365597457,-0.24039010217183637
0.6030000000000655,896,2.746633573323694,-0.23905547015683895
0.6030000000000655,897,2.7484515381754417,-0.23772211427451556
0.6030000000000655,898,2.7502693311149895,-0.23639003452486634
0.6030000000000655,899,2.752086952142337,-0.23505923090789116
0.6030000000000655,900,2.7539044012574836,-0.23372970342359006
0.6030000000000655,901,2.7557216784604304,-0.2324014520719631
0.6030000000000655,902,2.757538783751177,-0.2310744768530102
0.6030000000000655,903,2.7593557171297234,-0.2297487777667313
0.6030000000000655,904,2.7611724785960696,-0.22842435481312662
0.6030000000000655,905,2.7629890681502154,-0.22710120799219594
0.6030000000000655,906,2.764805485792161,-0.22577933730393934
0.6030000000000655,907,2.766621731521906,-0.22445874274835687
0.6030000000000655,908,2.768437805339451,-0.22313942432544848
0.6030000000000655,909,2.7702537072447964,-0.22182138203521418
0.6030000000000655,910,2.7720694372379406,-0.22050461587765396
0.6030000000000655,911,2.773884995318885,-0.21918912585276784
0.6030000000000655,912,2.775700381487629,-0.21787491196055575
0.6030000000000655,913,2.7775155957441733,-0.2165619742010178
0.6030000000000655,914,2.779330638088517,-0.21525031257415392
0.6030000000000655,915,2.78114550852066,-0.21393992707996412
0.6030000000000655,916,2.7829602070406034,-0.21263081771844838
0.6030000000000655,917,2.784774733648346,-0.2113229844896068
0.6030000000000655,918,2.786589088343889,-0.2100164273934393
0.6030000000000655,919,2.7884032711272315,-0.20871114642994587
0.6030000000000655,920,2.7902172819983733,-0.20740714159912646
0.6030000000000655,921,2.792031120957315,-0.2061044129009812
0.6030000000000655,922,2.7938447880040567,-0.20480296033551
0.6030000000000655,923,2.7956582831385983,-0.20350278390271287
0.6030000000000655,924,2.797471606360939,-0.2022038836025898
0.6030000000000655,925,2.7992847576710806,-0.2009062594351409
0.6030000000000655,926,2.801097737069021,-0.19960991140036602
0.6030000000000655,927,2.8029105445547615,-0.19831483949826528
0.6030000000000655,928,2.8047231801283017,-0.1970210437288386
0.6030000000000655,929,2.8065356437896414,-0.195728524092086
0.6030000000000655,930,2.808347935538781,-0.19443728058800747
0.6030000000000655,931,2.8101600553757202,-0.19314731321660303
0.6030000000000655,932,2.8119720033004594,-0.19185862197787268
0.6030000000000655,933,2.813783779312999,-0.19057120687181645
0.6030000000000655,934,2.8155953834133376,-0.18928506789843424
0.6030000000000655,935,2.8174068156014758,-0.1880002050577262
0.6030000000000655,936,2.819218075877414,-0.18671661834969216
0.6030000000000655,937,2.821029164241152,-0.18543430777433226
0.6030000000000655,938,2.8228400806926897,-0.18415327333164644
0.6030000000000655,939,2.824650825232027,-0.18287351502163468
0.6030000000000655,940,2.8264613978591644,-0.181595032844297
0.6030000000000655,941,2.828271798574101,-0.18031782679963346
0.6030000000000655,942,2.830082027376838,-0.179041896887644
0.6030000000000655,943,2.8318920842673747,-0.1777672431083286
0.6030000000000655,944,2.833701969245711,-0.17649386546168727
0.6030000000000655,945,2.835511682311847,-0.17522176394772002
0.6030000000000655,946,2.8373212234657825,-0.17395093856642688
0.6030000000000655,947,2.8391305927075186,-0.17268138931780783
0.6030000000000655,948,2.8409397900370537,-0.17141311620186284
0.6030000000000655,949,2.8427488154543887,-0.17014611921859196
0.6030000000000655,950,2.844557668959523,-0.16888039836799512
0.6030000000000655,951,2.846366350552458,-0.16761595365007245
0.6030000000000655,952,2.8481748602331916,-0.1663527850648238
0.6030000000000655,953,2.849983198001726,-0.16509089261224927
0.6030000000000655,954,2.8517913638580596,-0.1638302762923488
0.6030000000000655,955,2.853599357802193,-0.1625709361051224
0.6030000000000655,956,2.8554071798341267,-0.16131287205057013
0.6030000000000655,957,2.8572148299538593,-0.16005608412869193
0.6030000000000655,958,2.8590223081613924,-0.1588005723394878
0.6030000000000655,959,2.860829614456725,-0.15754633668295778
0.6030000000000655,960,2.862636748839857,-0.15629337715910183
0.6030000000000655,961,2.864443711310789,-0.15504169376791999
0.6030000000000655,962,2.866250501869521,-0.1537912865094122
0.6030000000000655,963,2.868057120516053,-0.15254215538357851
0.6030000000000655,964,2.869863567250384,-0.1512943003904189
0.6030000000000655,965,2.8716698420725146,-0.15004772152993337
0.6030000000000655,966,2.873475944982446,-0.14880241880212197
0.6030000000000655,967,2.875281875980176,-0.1475583922069846
0.6030000000000655,968,2.877087635065707,-0.14631564174452133
0.6030000000000655,969,2.8788932222390367,-0.14507416741473217
0.6030000000000655,970,2.8806986375001666,-0.14383396921761707
0.6030000000000655,971,2.8825038808490966,-0.14259504715317609
0.6030000000000655,972,2.884308952285826,-0.14135740122140916
0.6030000000000655,973,2.8861138518103546,-0.14012103142231633
0.6030000000000655,974,2.8879185794226836,-0.13888593775589758
0.6030000000000655,975,2.889723135122812,-0.1376521202221529
0.6030000000000655,976,2.89152751891074,-0.13641957882108233
0.6030000000000655,977,2.893331730786469,-0.13518831355268585
0.6030000000000655,978,2.895135770749997,-0.13395832441696343
0.6030000000000655,979,2.8969396388013244,-0.13272961141391512
0.6030000000000655,980,2.8987433349404514,-0.13150217454354088
0.6030000000000655,981,2.900546859167379,-0.1302760138058408
0.6030000000000655,982,2.902350211482106,-0.12905112920081474
0.6030000000000655,983,2.9041533918846323,-0.12782752072846273
0.6030000000000655,984,2.9059564003749587,-0.12660518838878487
0.6030000000000655,985,2.9077592369530847,-0.12538413218178107
0.6030000000000655,986,2.9095619016190106,-0.12416435210745133
0.6030000000000655,987,2.9113643943727365,-0.1229458481657957
0.6030000000000655,988,2.913166715214262,-0.12172862035681414
0.6030000000000655,989,2.9149688641435874,-0.12051266868050668
0.6030000000000655,990,2.9167708411607123,-0.11929799313687331
0.6030000000000655,991,2.9185726462656367,-0.11808459372591401
0.6030000000000655,992,2.920374279458361,-0.1168724704476288
0.6030000000000655,993,2.922175740738885,-0.11566162330201768
0.6030000000000655,994,2.923977030107209,-0.11445205228908063
0.6030000000000655,995,2.925778147563333,-0.11324375740881769
0.6030000000000655,996,2.9275790931072563,-0.11203673866122883
0.6030000000000655,997,2.929379866738979,-0.11083099604631405
0.6030000000000655,998,2.9311804684585026,-0.10962652956407336
0.6030000000000655,999,2.9329808982658254,-0.10842333921450675
0.6030000000000655,1000,2.9347811561609474,-0.10722142499761421
0.6030000000000655,1001,2.9365812421438697,-0.10602078691339578
0.6030000000000655,1002,2.9365812421438697,-0.10602078691339578
0.6030000000000655,1003,2.9383805421706817,-0.10482088689551587
0.6030000000000655,1004,2.9401784421974724,-0.10362118687763895
0.6030000000000655,1005,2.9419749422242423,-0.10242168685976502
0.6030000000000655,1006,2.9437700422509914,-0.10122238684189405
0.6030000000000655,1007,2.9455637422777197,-0.10002328682402607
0.6030000000000655,1008,2.9473560423044267,-0.09882438680616107
0.6030000000000655,1009,2.949146942331113,-0.09762568678829903
0.6030000000000655,1010,2.950936442357779,-0.09642718677044
0.6030000000000655,1011,2.9527245423844235,-0.09522888675258394
0.6030000000000655,1012,2.9545112424110473,-0.09403078673473085
0.6030000000000655,1013,2.956296542437651,-0.09283288671688077
0.6030000000000655,1014,2.958080442464233,-0.09163518669903364
0.6030000000000655,1015,2.959862942490794,-0.09043768668118948
0.6030000000000655,1016,2.9616440425173347,-0.08924038666334833
0.6030000000000655,1017,2.963423742543854,-0.08804328664551014
0.6030000000000655,1018,2.9652020425703527,-0.08684638662767497
0.6030000000000655,1019,2.9669789425968305,-0.08564968660984273
0.6030000000000655,1020,2.9687544426232875,-0.0844531865920135
0.6030000000000655,1021,2.9705285426497237,-0.08325688657418724
0.6030000000000655,1022,2.972301242676139,-0.08206078655636395
0.6030000000000655,1023,2.9740725427025336,-0.08086488653854365
0.6030000000000655,1024,2.975842442728907,-0.07966918652072634
0.6030000000000655,1025,2.9776109427552595,-0.078473686502912
0.6030000000000655,1026,2.9793780427815917,-0.07727838648510063
0.6030000000000655,1027,2.9811437428079026,-0.07608328646729227
0.6030000000000655,1028,2.9829080428341928,-0.07488838644948687
0.6030000000000655,1029,2.984670942860462,-0.07369368643168445
0.6030000000000655,1030,2.98643244288671,-0.07249918641388502
0.6030000000000655,1031,2.9881925429129375,-0.07130488639608855
0.6030000000000655,1032,2.989951242939145,-0.07011078637829508
0.6030000000000655,1033,2.9917085429653305,-0.06891688636050458
0.6030000000000655,1034,2.9934644429914954,-0.06772318634271707
0.6030000000000655,1035,2.995218943017639,-0.06652968632493253
0.6030000000000655,1036,2.9969720430437623,-0.06533638630715097
0.6030000000000655,1037,2.998723743069865,-0.06414328628937238
0.6030000000000655,1038,3.0004740430959465,-0.06295038627159678
0.6030000000000655,1039,3.0022229431220073,-0.061757686253824204
0.6030000000000655,1040,3.0039704431480474,-0.06056518623605457
0.6030000000000655,1041,3.0057165431740667,-0.05937288621828791
0.6030000000000655,1042,3.0074612432000642,-0.058180786200524234
0.6030000000000655,1043,3.0092045432260415,-0.05698888618276352
0.6030000000000655,1044,3.0109464432519983,-0.05579718616500582
0.6030000000000655,1045,3.0126869432779335,-0.054605686147251094
0.6030000000000655,1046,3.0144260433038474,-0.05341438612949935
0.6030000000000655,1047,3.0161637433297415,-0.052223286111750575
0.6030000000000655,1048,3.0179000433556142,-0.05103238609400479
0.6030000000000655,1049,3.0196349433814667,-0.04984168607626195
0.6030000000000655,1050,3.0213684434072974,-0.04865118605852213
0.6030000000000655,1051,3.0231005434331077,-0.04746088604078527
0.6030000000000655,1052,3.0248312434588973,-0.0462707860230514
0.6030000000000655,1053,3.026560543484666,-0.045080886005320495
0.6030000000000655,1054,3.028288443510414,-0.04389118598759259
0.6030000000000655,1055,3.0300149435361408,-0.04270168596986767
0.6030000000000655,1056,3.0317400435618467,-0.04151238595214572
0.6030000000000655,1057,3.0334637435875313,-0.04032328593442675
0.6030000000000655,1058,3.0351860436131957,-0.03913438591671075
0.6030000000000655,1059,3.036906943638839,-0.03794568589899774
0.6030000000000655,1060,3.038626443664462,-0.036757185881287714
0.6030000000000655,1061,3.0403445436900634,-0.03556888586358066
0.6030000000000655,1062,3.042061243715644,-0.03438078584587659
0.6030000000000655,1063,3.043776543741204,-0.03319288582817549
0.6030000000000655,1064,3.045490443766743,-0.03200518581047739
0.6030000000000655,1065,3.047202943792262,-0.03081768579278226
0.6030000000000655,1066,3.048914043817759,-0.02963038577509011
0.6030000000000655,1067,3.0506237438432353,-0.02844328575740094
0.6030000000000655,1068,3.052332043868691,-0.027256385739714752
0.6030000000000655,1069,3.0540389438941262,-0.02606968572203154
0.6030000000000655,1070,3.05574444391954,-0.02488318570435132
0.6030000000000655,1071,3.0574485439449326,-0.023696885686674066
0.6030000000000655,1072,3.059151243970305,-0.02251078566899979
0.6030000000000655,1073,3.060852543995656,-0.021324885651328503
0.6030000000000655,1074,3.062552444020987,-0.020139185633660208
0.6030000000000655,1075,3.064250944046296,-0.018953685615994892
0.6030000000000655,1076,3.065948044071585,-0.017768385598332548
0.6030000000000655,1077,3.067643744096853,-0.016583285580673165
0.6030000000000655,1078,3.0693380441221003,-0.015398385563016792
0.6030000000000655,1079,3.071030944147326,-0.014213685545363374
0.6030000000000655,1080,3.072722444172532,-0.01302918552771295
0.6030000000000655,1081,3.074412544197716,-0.011844885510065505
0.6030000000000655,1082,3.0761012442228792,-0.010660785492421037
0.6030000000000655,1083,3.077788544248022,-0.009476885474779564
0.6030000000000655,1084,3.0794744442731443,-0.008293185457141052
0.6030000000000655,1085,3.081158944298245,-0.007109685439505527
0.6030000000000655,1086,3.0828420443233253,-0.005926385421872982
0.6030000000000655,1087,3.0845237443483846,-0.004743285404243427
0.6030000000000655,1088,3.086204044373423,-0.0035603853866168246
0.6030000000000655,1089,3.087882944398441,-0.0023776853689932154
0.6030000000000655,1090,3.0895604444234377,-0.0011951853513726372
0.6030000000000655,1091,3.091236544448414,-1.2885333754977454e-05
0.6030000000000655,1092,3.0929112444733686,0.0011692146838596772
0.6030000000000655,1093,3.0945845444983027,0.0023511147014713667
0.6030000000000655,1094,3.096256444523216,0.0035328147190800616
0.6030000000000655,1095,3.0979269445481084,0.0047143147366857895
0.6030000000000655,1096,3.0995960445729795,0.005895614754288535
0.6030000000000655,1097,3.1012637445978304,0.007076714771888287
0.6030000000000655,1098,3.1029300446226604,0.008257614789485081
0.6030000000000655,1099,3.104594944647469,0.009438314807078865
0.6030000000000655,1100,3.1062584446722576,0.010618814824669698
0.6030000000000655,1101,3.107920544697025,0.011799114842257537
0.6030000000000655,1102,3.1095812447217708,0.012979214859842405
0.6030000000000655,1103,3.1112405447464964,0.014159114877424293
0.6030000000000655,1104,3.1128984447712016,0.015338814895003182
0.6030000000000655,1105,3.114554944795885,0.016518314912579095
0.6030000000000655,1106,3.116210044820548,0.017697614930152056
0.6030000000000655,1107,3.11786374484519,0.018876714947721987
0.6030000000000655,1108,3.119516044869811,0.020055614965288963
0.6030000000000655,1109,3.1211669448944113,0.021234314982852973
0.6030000000000655,1110,3.122816444918991,0.022412815000413977
0.6030000000000655,1111,3.124464544943549,0.02359111501797203
0.6030000000000655,1112,3.1261112449680866,0.02476921503552708
0.6030000000000655,1113,3.127756544992604,0.025947115053079162
0.6030000000000655,1114,3.1294004450171,0.027124815070628267
0.6030000000000655,1115,3.131042945041575,0.028302315088174376
0.6030000000000655,1116,3.1326840450660294,0.02947961510571751
0.6030000000000655,1117,3.1343237450904624,0.030656715123257676
0.6030000000000655,1118,3.1359620451148746,0.03183361514079485
0.6030000000000655,1119,3.137598945139267,0.03301031515832906
0.6030000000000655,1120,3.139234445163638,0.03418681517586028
0.6030000000000655,1121,3.1408685451879883,0.03536311519338851
0.6030000000000655,1122,3.142501245212317,0.03653921521091376
0.6030000000000655,1123,3.144132545236625,0.03771511522843604
0.6030000000000655,1124,3.1457624452609125,0.03889081524595532
0.6030000000000655,1125,3.1473909452851787,0.04006631526347165
0.6030000000000655,1126,3.1490180453094245,0.04124161528098497
0.6030000000000655,1127,3.1506437453336495,0.04241671529849533
0.6030000000000655,1128,3.1522680453578538,0.0435916153160027
0.6030000000000655,1129,3.1538909453820363,0.04476631533350711
0.6030000000000655,1130,3.155512445406199,0.04594081535100851
0.6030000000000655,1131,3.1571325454303403,0.047115115368506946
0.6030000000000655,1132,3.1587512454544604,0.04828921538600242
0.6030000000000655,1133,3.1603685454785606,0.049463115403494885
0.6030000000000655,1134,3.1619844455026387,0.05063681542098438
0.6030000000000655,1135,3.163598945526697,0.051810315438470894
0.6030000000000655,1136,3.1652120455507338,0.05298361545595443
0.6030000000000655,1137,3.16682374557475,0.05415671547343498
0.6030000000000655,1138,3.1684340455987456,0.05532961549091254
0.6030000000000655,1139,3.17004294562272,0.05650231550838715
0.6030000000000655,1140,3.171650445646674,0.05767481552585874
0.6030000000000655,1141,3.1732565456706068,0.05884711554332739
0.6030000000000655,1142,3.174861245694518,0.06001921556079303
0.6030000000000655,1143,3.1764645457184097,0.06119111557825572
0.6030000000000655,1144,3.17806644574228,0.06236281559571541
0.6030000000000655,1145,3.179666945766129,0.06353431561317212
0.6030000000000655,1146,3.1812660457899575,0.06470561563062585
0.6030000000000655,1147,3.1828637458137647,0.06587671564807657
0.6030000000000655,1148,3.184460045837551,0.06704761566552433
0.6030000000000655,1149,3.1860549458613168,0.06821831568296913
0.6030000000000655,1150,3.1876484458850625,0.06938881570041094
0.6030000000000655,1151,3.1892405459087865,0.07055911571784976
0.6030000000000655,1152,3.1908312459324897,0.07172921573528562
0.6030000000000655,1153,3.192420545956172,0.07289911575271849
0.6030000000000655,1154,3.1940084459798337,0.07406881577014837
0.6030000000000655,1155,3.1955949460034745,0.07523831578757528
0.6030000000000655,1156,3.197180046027094,0.07640761580499922
0.6030000000000655,1157,3.198763746050693,0.07757671582242016
0.6030000000000655,1158,3.200346046074271,0.07874561583983813
0.6030000000000655,1159,3.2019269460978284,0.07991431585725312
0.6030000000000655,1160,3.203506446121365,0.08108281587466512
0.6030000000000655,1161,3.2050845461448803,0.08225111589207415
0.6030000000000655,1162,3.2066612461683754,0.0834192159094802
0.6030000000000655,1163,3.208236546191849,0.08458711592688328
0.6030000000000655,1164,3.209810446215302,0.08575481594428334
0.6030000000000655,1165,3.211382946238734,0.08692231596168046
0.6030000000000655,1166,3.212954046262145,0.08808961597907458
0.6030000000000655,1167,3.2145237462855354,0.08925671599646574
0.6030000000000655,1168,3.216092046308905,0.0904236160138539
0.6030000000000655,1169,3.2176589463322536,0.09159031603123907
0.6030000000000655,1170,3.219224446355581,0.0927568160486213
0.6030000000000655,1171,3.220788546378888,0.09392311606600051
0.6030000000000655,1172,3.222351246402174,0.09508921608337678
0.6030000000000655,1173,3.223912546425439,0.09625511610075002
0.6030000000000655,1174,3.225472446448684,0.09742081611812031
0.6030000000000655,1175,3.227030946471907,0.0985863161354876
0.6030000000000655,1176,3.2285880464951093,0.09975161615285194
0.6030000000000655,1177,3.230143746518291,0.10091671617021328
0.6030000000000655,1178,3.231698046541453,0.10208161618757161
0.6030000000000655,1179,3.233250946564593,0.103246316204927
0.6030000000000655,1180,3.234802446587712,0.1044108162222794
0.6030000000000655,1181,3.23635254661081,0.10557511623962881
0.6030000000000655,1182,3.237901246633888,0.10673921625697527
0.6030000000000655,1183,3.239448546656944,0.10790311627431873
0.6030000000000655,1184,3.24099444667998,0.10906681629165921
0.6030000000000655,1185,3.242538946702995,0.11023031630899671
0.6030000000000655,1186,3.244082046725988,0.11139361632633124
0.6030000000000655,1187,3.245623746748962,0.11255671634366277
0.6030000000000655,1188,3.2471640467719136,0.11371961636099134
0.6030000000000655,1189,3.248702946794846,0.11488231637831692
0.6030000000000655,1190,3.250240446817756,0.11604481639563953
0.6030000000000655,1191,3.2517765468406457,0.11720711641295914
0.6030000000000655,1192,3.2533112468635146,0.11836921643027579
0.6030000000000655,1193,3.2548445468863627,0.11953111644758943
0.6030000000000655,1194,3.25637644690919,0.12069281646490011
0.6030000000000655,1195,3.2579069469319957,0.12185431648220782
0.6030000000000655,1196,3.259436046954781,0.12301561649951254
0.6030000000000655,1197,3.2609637469775454,0.12417671651681428
0.6030000000000655,1198,3.2624900470002896,0.12533761653411304
0.6030000000000655,1199,3.2640149470230124,0.1264983165514088
0.6030000000000655,1200,3.2655384470457145,0.12765881656870162
0.6030000000000655,1201,3.267060547068395,0.12881911658599143
0.6030000000000655,1202,3.2685812470910554,0.12997921660327827
0.6030000000000655,1203,3.2701005471136946,0.13113911662056213
0.6030000000000655,1204,3.271618447136313,0.13229881663784301
0.6030000000000655,1205,3.2731349471589106,0.13345831665512092
0.6030000000000655,1206,3.2746500471814874,0.13461761667239583
0.6030000000000655,1207,3.276163747204043,0.13577671668966776
0.6030000000000655,1208,3.2776760472265782,0.1369356167069367
0.6030000000000655,1209,3.2791869472490927,0.1380943167242027
0.6030000000000655,1210,3.280696447271586,0.1392528167414657
0.6030000000000655,1211,3.2822045472940586,0.14041111675872567
0.6030000000000655,1212,3.28371124731651,0.14156921677598272
0.6030000000000655,1213,3.285216547338941,0.14272711679323677
0.6030000000000655,1214,3.286720447361351,0.14388481681048784
0.6030000000000655,1215,3.2882229473837397,0.14504231682773594
0.6030000000000655,1216,3.289724047406108,0.14619961684498106
0.6030000000000655,1217,3.2912237474284547,0.14735671686222318
0.6030000000000655,1218,3.2927220474507815,0.14851361687946232
0.6030000000000655,1219,3.2942189474730874,0.14967031689669852
0.6030000000000655,1220,3.2957144474953717,0.15082681691393168
0.6030000000000655,1221,3.2972085475176356,0.1519831169311619
0.6030000000000655,1222,3.2987012475398787,0.15313921694838917
0.6030000000000655,1223,3.3001925475621006,0.1542951169656134
0.6030000000000655,1224,3.3016824475843016,0.1554508169828347
0.6030000000000655,1225,3.3031709476064823,0.15660631700005298
0.6030000000000655,1226,3.3046580476286413,0.15776161701726832
0.6030000000000655,1227,3.306143747650781,0.15891671703448063
0.6030000000000655,1228,3.3076280476728983,0.16007161705168999
0.6030000000000655,1229,3.309110947694995,0.16122631706889634
0.6030000000000655,1230,3.310592447717071,0.16238081708609975
0.6030000000000655,1231,3.3120725477391266,0.16353511710330015
0.6030000000000655,1232,3.313551247761161,0.16468921712049758
0.6030000000000655,1233,3.3150285477831747,0.16584311713769204
0.6030000000000655,1234,3.3165044478051673,0.1669968171548835
0.6030000000000655,1235,3.3179789478271386,0.168150317172072
0.6030000000000655,1236,3.3194520478490896,0.16930361718925752
0.6030000000000655,1237,3.32092374787102,0.17045671720644004
0.6030000000000655,1238,3.322394047892929,0.1716096172236196
0.6030000000000655,1239,3.323862947914817,0.17276231724079616
0.6030000000000655,1240,3.325330447936685,0.17391481725796976
0.6030000000000655,1241,3.3267965479585313,0.17506711727514035
0.6030000000000655,1242,3.328261247980356,0.17621921729230794
0.6030000000000655,1243,3.3297245480021616,0.17737111730947258
0.6030000000000655,1244,3.3311864480239453,0.17852281732663428
0.6030000000000655,1245,3.3326469480457086,0.17967431734379297
0.6030000000000655,1246,3.334106048067451,0.18082561736094865
0.6030000000000655,1247,3.3355637480891724,0.1819767173781014
0.6030000000000655,1248,3.3370200481108725,0.18312761739525113
0.6030000000000655,1249,3.3384749481325526,0.18427831741239792
0.6030000000000655,1250,3.3399284481542115,0.1854288174295417
0.6030000000000655,1251,3.341380548175849,0.18657911744668249
0.6030000000000655,1252,3.3428312481974665,0.18772921746382032
0.6030000000000655,1253,3.3442805482190625,0.18887911748095515
0.6030000000000655,1254,3.345728448240638,0.19002881749808703
0.6030000000000655,1255,3.3471749482621926,0.1911783175152159
0.6030000000000655,1256,3.3486200482837263,0.19232761753234184
0.6030000000000655,1257,3.350063748305239,0.19347671754946477
0.6030000000000655,1258,3.351506048326731,0.1946256175665847
0.6030000000000655,1259,3.352946948348202,0.19577431758370167
0.6030000000000655,1260,3.3543864483696524,0.19692281760081562
0.6030000000000655,1261,3.3558245483910816,0.19807111761792665
0.6030000000000655,1262,3.3572612484124904,0.1992192176350347
0.6030000000000655,1263,3.358696548433878,0.20036711765213971
0.6030000000000655,1264,3.3601304484552452,0.20151481766924179
0.6030000000000655,1265,3.3615629484765908,0.20266231768634085
0.6030000000000655,1266,3.3629940484979155,0.20380961770343697
0.6030000000000655,1267,3.36442374851922,0.2049567177205301
0.6030000000000655,1268,3.3658520485405035,0.20610361773762026
0.6030000000000655,1269,3.367278948561766,0.2072503177547074
0.6030000000000655,1270,3.3687044485830073,0.2083968177717916
0.6030000000000655,1271,3.370128548604228,0.20954311778887277
0.6030000000000655,1272,3.371551248625428,0.21068921780595098
0.6030000000000655,1273,3.372972548646607,0.21183511782302625
0.6030000000000655,1274,3.3743924486677654,0.2129808178400985
0.6030000000000655,1275,3.3758109486889025,0.2141263178571678
0.6030000000000655,1276,3.377228048710019,0.21527161787423407
0.6030000000000655,1277,3.378643748731114,0.2164167178912974
0.6030000000000655,1278,3.380058048752189,0.2175616179083577
0.6030000000000655,1279,3.3814709487732433,0.21870631792541512
0.6030000000000655,1280,3.382882448794276,0.21985081794246947
0.6030000000000655,1281,3.384292548815288,0.2209951179595209
0.6030000000000655,1282,3.385701248836279,0.22213921797656927
0.6030000000000655,1283,3.38710854885725,0.22328311799361475
0.6030000000000655,1284,3.3885144488781993,0.22442681801065723
0.6030000000000655,1285,3.389918948899128,0.2255703180276967
0.6030000000000655,1286,3.3913220489200357,0.22671361804473317
0.6030000000000655,1287,3.3927237489409228,0.22785671806176672
0.6030000000000655,1288,3.394124048961789,0.22899961807879726
0.6030000000000655,1289,3.3955229489826344,0.2301423180958248
0.6030000000000655,1290,3.396920449003458,0.23128481811284937
0.6030000000000655,1291,3.398316549024262,0.23242711812987088
0.6030000000000655,1292,3.399711249045045,0.23356921814688952
0.6030000000000655,1293,3.4011045490658063,0.23471111816390516
0.6030000000000655,1294,3.4024964490865477,0.2358528181809178
0.6030000000000655,1295,3.4038869491072674,0.2369943181979275
0.6030000000000655,1296,3.4052760491279663,0.23813561821493417
0.6030000000000655,1297,3.4066637491486444,0.2392767182319379
0.6030000000000655,1298,3.408050049169302,0.24041761824893865
0.6030000000000655,1299,3.409434949189939,0.24155831826593643
0.6030000000000655,1300,3.4108184492105544,0.2426988182829312
0.6030000000000655,1301,3.41220054923115,0.24383911829992297
0.6030000000000655,1302,3.4135812492517235,0.24497921831691177
0.6030000000000655,1303,3.4149605492722768,0.2461191183338976
0.6030000000000655,1304,3.416338449292809,0.24725881835088048
0.6030000000000655,1305,3.4177149493133205,0.24839831836786036
0.6030000000000655,1306,3.419090049333811,0.24953761838483723
0.6030000000000655,1307,3.420463749354281,0.25067671840181116
0.6030000000000655,1308,3.42183604937473,0.2518156184187821
0.6030000000000655,1309,3.4232069493951576,0.25295431843575
0.6030000000000655,1310,3.4245764494155653,0.25409281845271503
0.6030000000000655,1311,3.4259445494359513,0.255231118469677
0.6030000000000655,1312,3.4273112494563165,0.256369218486636
0.6030000000000655,1313,3.428676549476661,0.25750711850359204
0.6030000000000655,1314,3.4300404494969845,0.2586448185205451
0.6030000000000655,1315,3.4314029495172877,0.25978231853749517
0.6030000000000655,1316,3.4327640495375698,0.26091961855444223
0.6030000000000655,1317,3.4341237495578305,0.2620567185713864
0.6030000000000655,1318,3.435482049578071,0.2631936185883275
0.6030000000000655,1319,3.4368389495982905,0.2643303186052657
0.6030000000000655,1320,3.438194449618489,0.26546681862220084
0.6030000000000655,1321,3.4395485496386664,0.26660311863913305
0.6030000000000655,1322,3.4409012496588236,0.2677392186560622
0.6030000000000655,1323,3.442252549678959,0.26887511867298847
0.6030000000000655,1324,3.4436024496990747,0.2700108186899117
0.6030000000000655,1325,3.4449509497191686,0.271146318706832
0.6030000000000655,1326,3.4462980497392417,0.27228161872374923
0.6030000000000655,1327,3.4476437497592944,0.2734167187406636
0.6030000000000655,1328,3.448988049779326,0.27455161875757494
0.6030000000000655,1329,3.450330949799337,0.27568631877448324
0.6030000000000655,1330,3.451672449819327,0.27682081879138865
0.6030000000000655,1331,3.4530125498392956,0.27795511880829105
0.6030000000000655,1332,3.454351249859244,0.27908921882519044
0.6030000000000655,1333,3.455688549879171,0.28022311884208684
0.6030000000000655,1334,3.4570244498990776,0.28135681885898034
0.6030000000000655,1335,3.4583589499189635,0.2824903188758707
0.6030000000000655,1336,3.459692049938828,0.2836236188927583
0.6030000000000655,1337,3.461023749958672,0.28475671890964277
0.6030000000000655,1338,3.462354049978495,0.28588961892652426
0.6030000000000655,1339,3.4636829499982973,0.2870223189434028
0.6030000000000655,1340,3.4650104500180783,0.2881548189602784
0.6030000000000655,1341,3.4663365500378385,0.289287118977151
0.6030000000000655,1342,3.4676612500575787,0.2904192189940206
0.6030000000000655,1343,3.4689845500772973,0.2915511190108872
0.6030000000000655,1344,3.470306450096995,0.29268281902775084
0.6030000000000655,1345,3.471626950116672,0.2938143190446115
0.6030000000000655,1346,3.4729460501363283,0.2949456190614692
0.6030000000000655,1347,3.4742637501559637,0.2960767190783239
0.6030000000000655,1348,3.4755800501755774,0.2972076190951756
0.6030000000000655,1349,3.476894950195171,0.29833831911202435
0.6030000000000655,1350,3.478208450214744,0.29946881912887013
0.6030000000000655,1351,3.4795205502342963,0.3005991191457129
0.6030000000000655,1352,3.480831250253827,0.30172921916255274
0.6030000000000655,1353,3.482140550273337,0.30285911917938957
0.6030000000000655,1354,3.4834484502928262,0.30398881919622334
0.6030000000000655,1355,3.4847549503122943,0.3051183192130542
0.6030000000000655,1356,3.4860600503317416,0.3062476192298821
0.6030000000000655,1357,3.4873637503511685,0.307376719246707
0.6030000000000655,1358,3.488666050370574,0.30850561926352893
0.6030000000000655,1359,3.4899669503899595,0.30963431928034785
0.6030000000000655,1360,3.4912664504093236,0.3107628192971638
0.6030000000000655,1361,3.4925645504286664,0.3118911193139768
0.6030000000000655,1362,3.493861250447989,0.3130192193307868
0.6030000000000655,1363,3.49515655046729,0.3141471193475938
0.6030000000000655,1364,3.496450450486571,0.31527481936439783
0.6030000000000655,1365,3.497742950505831,0.3164023193811989
0.6030000000000655,1366,3.4990340505250694,0.317529619397997
0.6030000000000655,1367,3.500323750544287,0.31865671941479207
0.6030000000000655,1368,3.5016120505634847,0.31978361943158423
0.6030000000000655,1369,3.5028989505826615,0.3209103194483734
0.6030000000000655,1370,3.5041844506018163,0.3220368194651595
0.6030000000000655,1371,3.505468550620951,0.3231631194819427
0.6030000000000655,1372,3.5067512506400647,0.3242892194987229
0.6030000000000655,1373,3.5080325506591574,0.32541511951550006
0.6030000000000655,1374,3.50931245067823,0.3265408195322744
0.6030000000000655,1375,3.510590950697281,0.3276663195490456
0.6030000000000655,1376,3.511868050716311,0.3287916195658139
0.6030000000000655,1377,3.5131437507353205,0.3299167195825792
0.6030000000000655,1378,3.5144180507543092,0.33104161959934153
0.6030000000000655,1379,3.5156909507732768,0.3321663196161009
0.6030000000000655,1380,3.5169624507922235,0.3332908196328572
0.6030000000000655,1381,3.5182325508111494,0.3344151196496105
0.6030000000000655,1382,3.5195012508300545,0.33553921966636097
0.6030000000000655,1383,3.5207685508489392,0.3366631196831084
0.6030000000000655,1384,3.5220344508678023,0.3377868196998528
0.6030000000000655,1385,3.5232989508866446,0.3389103197165943
0.6030000000000655,1386,3.524562050905466,0.34003361973333274
0.6030000000000655,1387,3.5258237509242667,0.3411567197500682
0.6030000000000655,1388,3.5270840509430474,0.34227961976680077
0.6030000000000655,1389,3.5283429509618065,0.3434023197835303
0.6030000000000655,1390,3.5296004509805448,0.34452481980025684
0.6030000000000655,1391,3.5308565509992618,0.3456471198169804
0.6030000000000655,1392,3.5321112510179584,0.346769219833701
0.6030000000000655,1393,3.533364551036634,0.3478911198504186
0.6030000000000655,1394,3.534616451055289,0.3490128198671333
0.6030000000000655,1395,3.5358669510739227,0.3501343198838449
0.6030000000000655,1396,3.5371160510925357,0.3512556199005536
0.6030000000000655,1397,3.5383637511111283,0.35237671991725933
0.6030000000000655,1398,3.5396100511296993,0.353497619933962
0.6030000000000655,1399,3.5408549511482494,0.35461831995066173
0.6030000000000655,1400,3.5420984511667792,0.35573881996735846
0.6030000000000655,1401,3.543340551185288,0.35685911998405223
0.6030000000000655,1402,3.544581251203776,0.35797922000074306
0.6030000000000655,1403,3.545820551222243,0.3590991200174309
0.6030000000000655,1404,3.547058451240689,0.3602188200341157
0.6030000000000655,1405,3.5482949512591144,0.3613383200507975
0.6030000000000655,1406,3.5495300512775185,0.3624576200674764
0.6030000000000655,1407,3.5507637512959023,0.3635767200841523
0.6030000000000655,1408,3.5519960513142648,0.3646956201008252
0.6030000000000655,1409,3.553226951332607,0.3658143201174951
0.6030000000000655,1410,3.554456451350928,0.36693282013416206
0.6030000000000655,1411,3.555684551369228,0.368051120150826
0.6030000000000655,1412,3.5569112513875067,0.36916922016748704
0.6030000000000655,1413,3.5581365514057652,0.37028712018414506
0.6030000000000655,1414,3.559360451424003,0.37140482020080007
0.6030000000000655,1415,3.5605829514422194,0.37252232021745213
0.6030000000000655,1416,3.561804051460415,0.3736396202341012
0.6030000000000655,1417,3.5630237514785903,0.3747567202507473
0.6030000000000655,1418,3.564242051496745,0.37587362026739046
0.6030000000000655,1419,3.565458951514878,0.37699032028403046
0.6030000000000655,1420,3.5666744515329905,0.3781068203006676
0.6030000000000655,1421,3.5678885515510816,0.3792231203173018
0.6030000000000655,1422,3.569101251569152,0.3803392203339329
0.6030000000000655,1423,3.570312551587202,0.38145512035056117
0.6030000000000655,1424,3.5715224516052313,0.38257082036718637
0.6030000000000655,1425,3.572730951623239,0.3836863203838086
0.6030000000000655,1426,3.5739380516412265,0.38480162040042787
0.6030000000000655,1427,3.575143751659192,0.38591672041704417
0.6030000000000655,1428,3.576348051677138,0.3870316204336575
0.6030000000000655,1429,3.5775509516950628,0.38814632045026787
0.6030000000000655,1430,3.5787524517129663,0.38926082046687516
0.6030000000000655,1431,3.579952551730849,0.3903751204834795
0.6030000000000655,1432,3.581151251748711,0.3914892205000809
0.6030000000000655,1433,3.582348551766552,0.39260312051667934
0.6030000000000655,1434,3.5835444517843724,0.3937168205332747
0.6030000000000655,1435,3.584738951802172,0.39483032054986716
0.6030000000000655,1436,3.5859320518199507,0.39594362056645666
0.6030000000000655,1437,3.5871237518377086,0.39705672058304314
0.6030000000000655,1438,3.588314051855445,0.3981696205996266
0.6030000000000655,1439,3.589502951873161,0.3992823206162071
0.6030000000000655,1440,3.5906904518908562,0.40039482063278464
0.6030000000000655,1441,3.591876551908531,0.4015071206493593
0.6030000000000655,1442,3.593061251926184,0.4026192206659308
0.6030000000000655,1443,3.5942445519438166,0.4037311206824995
0.6030000000000655,1444,3.595426451961428,0.4048428206990651
0.6030000000000655,1445,3.596606951979019,0.4059543207156277
0.6030000000000655,1446,3.597786051996589,0.4070656207321874
0.6030000000000655,1447,3.598963752014138,0.40817672074874406
0.6030000000000655,1448,3.6001400520316666,0.4092876207652978
0.6030000000000655,1449,3.6013149520491736,0.41039832078184846
0.6030000000000655,1450,3.6024884520666607,0.41150882079839624
0.6030000000000655,1451,3.603660552084126,0.41261912081494095
0.6030000000000655,1452,3.6048312521015706,0.4137292208314828
0.6030000000000655,1453,3.6060005521189944,0.4148391208480215
0.6030000000000655,1454,3.6071684521363974,0.41594882086455737
0.6030000000000655,1455,3.6083349521537795,0.4170583208810902
0.6030000000000655,1456,3.6095000521711413,0.4181676208976201
0.6030000000000655,1457,3.610663752188482,0.41927672091414697
0.6030000000000655,1458,3.611826052205801,0.42038562093067083
0.6030000000000655,1459,3.6129869522230997,0.4214943209471918
0.6030000000000655,1460,3.614146452240378,0.4226028209637097
0.6030000000000655,1461,3.615304552257635,0.4237111209802247
0.6030000000000655,1462,3.616461252274871,0.42481922099673664
0.6030000000000655,1463,3.6176165522920862,0.42592712101324565
0.6030000000000655,1464,3.618770452309281,0.4270348210297517
0.6030000000000655,1465,3.619922952326455,0.4281423210462547
0.6030000000000655,1466,3.6210740523436074,0.4292496210627547
0.6030000000000655,1467,3.6222237523607395,0.4303567210792518
0.6030000000000655,1468,3.62337205237785,0.43146362109574593
0.6030000000000655,1469,3.6245189523949404,0.4325703211122371
0.6030000000000655,1470,3.6256644524120096,0.4336768211287252
0.6030000000000655,1471,3.6268085524290576,0.43478312114521034
0.6030000000000655,1472,3.6279512524460857,0.43588922116169254
0.6030000000000655,1473,3.6290925524630926,0.43699512117817174
0.6030000000000655,1474,3.6302324524800786,0.43810082119464794
0.6030000000000655,1475,3.6313709524970434,0.4392063212111212
0.6030000000000655,1476,3.6325080525139875,0.44031162122759143
0.6030000000000655,1477,3.6336437525309107,0.4414167212440587
0.6030000000000655,1478,3.6347780525478126,0.44252162126052297
0.6030000000000655,1479,3.6359109525646947,0.4436263212769843
0.6030000000000655,1480,3.637042452581555,0.44473082129344266
0.6030000000000655,1481,3.638172552598395,0.445835121309898
0.6030000000000655,1482,3.6393012526152138,0.4469392213263503
0.6030000000000655,1483,3.6404285526320117,0.44804312134279967
0.6030000000000655,1484,3.641554452648789,0.4491468213592461
0.6030000000000655,1485,3.6426789526655456,0.45025032137568954
0.6030000000000655,1486,3.643802052682281,0.45135362139213
0.6030000000000655,1487,3.6449237526989955,0.45245672140856746
0.6030000000000655,1488,3.6460440527156894,0.45355962142500195
0.6030000000000655,1489,3.647162952732362,0.4546623214414335
0.6030000000000655,1490,3.6482804527490145,0.455764821457862
0.6030000000000655,1491,3.6493965527656456,0.45686712147428754
0.6030000000000655,1492,3.6505112527822554,0.4579692214907101
0.6030000000000655,1493,3.6516245527988453,0.4590711215071297
0.6030000000000655,1494,3.6527364528154136,0.4601728215235463
0.6030000000000655,1495,3.6538469528319615,0.46127432153995995
0.6030000000000655,1496,3.6549560528484886,0.4623756215563706
0.6030000000000655,1497,3.6560637528649944,0.46347672157277825
0.6030000000000655,1498,3.6571700528814794,0.4645776215891829
0.6030000000000655,1499,3.658274952897944,0.46567832160558464
0.6030000000000655,1500,3.6593784529143876,0.4667788216219834
0.6030000000000655,1501,3.6604805529308098,0.46787912163837914
0.6030000000000655,1502,3.6615812529472116,0.4689792216547719
0.6030000000000655,1503,3.6615812529472116,0.4689792216547719
0.6030000000000655,1504,3.662681452963606,0.47007982167117207
0.6030000000000655,1505,3.663782052980006,0.47118162168759026
0.6030000000000655,1506,3.6648830529964127,0.47228462170402624
0.6030000000000655,1507,3.6659844530128245,0.47338882172048
0.6030000000000655,1508,3.6670862530292423,0.47449422173695177
0.6030000000000655,1509,3.6681884530456665,0.4756008217534414
0.6030000000000655,1510,3.669291053062097,0.47670862176994894
0.6030000000000655,1511,3.670394053078532,0.47781762178647436
0.6030000000000655,1512,3.671497453094975,0.4789278218030176
0.6030000000000655,1513,3.672601253111422,0.4800392218195787
0.6030000000000655,1514,3.673705453127876,0.48115182183615773
0.6030000000000655,1515,3.674810053144336,0.4822656218527547
0.6030000000000655,1516,3.675915053160802,0.4833806218693695
0.6030000000000655,1517,3.6770204531772737,0.4844968218860022
0.6030000000000655,1518,3.678126253193751,0.4856142219026527
0.6030000000000655,1519,3.679232453210235,0.4867328219193211
0.6030000000000655,1520,3.6803390532267244,0.4878526219360075
0.6030000000000655,1521,3.6814460532432203,0.48897362195271166
0.6030000000000655,1522,3.6825534532597213,0.4900958219694337
0.6030000000000655,1523,3.683661253276229,0.4912192219861737
0.6030000000000655,1524,3.6847694532927426,0.49234382200293153
0.6030000000000655,1525,3.6858780533092617,0.4934696220197073
0.6030000000000655,1526,3.686987053325787,0.49459662203650084
0.6030000000000655,1527,3.6880964533423186,0.49572482205331236
0.6030000000000655,1528,3.689206253358856,0.4968542220701418
0.6030000000000655,1529,3.6903164533753996,0.497984822086989
0.6030000000000655,1530,3.691427053391948,0.49911662210385416
0.6030000000000655,1531,3.6925380534085037,0.5002496221207372
0.6030000000000655,1532,3.693649453425065,0.5013838221376381
0.6030000000000655,1533,3.694761253441632,0.5025192221545568
0.6030000000000655,1534,3.6958734534582045,0.5036558221714934
0.6030000000000655,1535,3.6969860534747836,0.504793622188448
0.6030000000000655,1536,3.698099053491369,0.5059326222054205
0.6030000000000655,1537,3.6992124535079594,0.5070728222224107
0.6030000000000655,1538,3.7003262535245565,0.5082142222394189
0.6030000000000655,1539,3.7014404535411596,0.509356822256445
0.6030000000000655,1540,3.702555053557769,0.510500622273489
0.6030000000000655,1541,3.703670053574384,0.5116456222905509
0.6030000000000655,1542,3.704785453591004,0.5127918223076305
0.6030000000000655,1543,3.7059012536076312,0.5139392223247281
0.6030000000000655,1544,3.707017453624264,0.5150878223418436
0.6030000000000655,1545,3.708134053640902,0.5162376223589771
0.6030000000000655,1546,3.709251053657547,0.5173886223761281
0.6030000000000655,1547,3.7103684536741977,0.5185408223932972
0.6030000000000655,1548,3.711486253690854,0.5196942224104844
0.6030000000000655,1549,3.712604453707517,0.5208488224276893
0.6030000000000655,1550,3.713723053724185,0.522004622444912
0.6030000000000655,1551,3.7148420537408593,0.5231616224621526
0.6030000000000655,1552,3.7159614537575396,0.524319822479411
0.6030000000000655,1553,3.7170812537742264,0.5254792224966875
0.6030000000000655,1554,3.7182014537909187,0.5266398225139819
0.6030000000000655,1555,3.7193220538076175,0.527801622531294
0.6030000000000655,1556,3.720443053824321,0.528964622548624
0.6030000000000655,1557,3.7215644538410313,0.5301288225659719
0.6030000000000655,1558,3.722686253857747,0.5312942225833378
0.6030000000000655,1559,3.723808453874469,0.5324608226007215
0.6030000000000655,1560,3.724931053891197,0.533628622618123
0.6030000000000655,1561,3.7260540539079314,0.5347976226355425
0.6030000000000655,1562,3.727177453924672,0.5359678226529798
0.6030000000000655,1563,3.7283012539414173,0.537139222670435
0.6030000000000655,1564,3.7294254539581693,0.5383118226879081
0.6030000000000655,1565,3.7305500539749263,0.5394856227053991
0.6030000000000655,1566,3.7316750539916907,0.540660622722908
0.6030000000000655,1567,3.7328004540084603,0.5418368227404347
0.6030000000000655,1568,3.7339262540252363,0.5430142227579795
0.6030000000000655,1569,3.735052454042018,0.5441928227755418
0.6030000000000655,1570,3.7361790540588053,0.5453726227931223
0.6030000000000655,1571,3.737306054075599,0.5465536228107205
0.6030000000000655,1572,3.7384334540923985,0.5477358228283368
0.6030000000000655,1573,3.7395612541092036,0.5489192228459707
0.6030000000000655,1574,3.7406894541260156,0.5501038228636227
0.6030000000000655,1575,3.7418180541428328,0.5512896228812925
0.6030000000000655,1576,3.7429470541596563,0.5524766228989801
0.6030000000000655,1577,3.7440764541764855,0.5536648229166857
0.6030000000000655,1578,3.7452062541933206,0.5548542229344091
0.6030000000000655,1579,3.7463364542101623,0.5560448229521504
0.6030000000000655,1580,3.7474670542270094,0.5572366229699096
0.6030000000000655,1581,3.748598054243863,0.5584296229876867
0.6030000000000655,1582,3.7497294542607222,0.5596238230054816
0.6030000000000655,1583,3.750861254277587,0.5608192230232945
0.6030000000000655,1584,3.751993454294458,0.5620158230411253
0.6030000000000655,1585,3.7531260543113354,0.5632136230589738
0.6030000000000655,1586,3.7542590543282186,0.5644126230768405
0.6030000000000655,1587,3.7553924543451074,0.5656128230947247
0.6030000000000655,1588,3.756526254362002,0.566814223112627
0.6030000000000655,1589,3.7576604543789034,0.5680168231305471
0.6030000000000655,1590,3.75879505439581,0.5692206231484852
0.6030000000000655,1591,3.7599300544127234,0.5704256231664412
0.6030000000000655,1592,3.761065454429642,0.5716318231844149
0.6030000000000655,1593,3.7622012544465666,0.5728392232024065
0.6030000000000655,1594,3.7633374544634974,0.574047823220416
0.6030000000000655,1595,3.7644740544804343,0.5752576232384434
0.6030000000000655,1596,3.7656110544973767,0.5764686232564887
0.6030000000000655,1597,3.766748454514325,0.5776808232745521
0.6030000000000655,1598,3.76788625453128,0.5788942232926331
0.6030000000000655,1599,3.7690244545482403,0.580108823310732
0.6030000000000655,1600,3.770163054565207,0.5813246233288488
0.6030000000000655,1601,3.771302054582179,0.5825416233469836
0.6030000000000655,1602,3.772441454599158,0.5837598233651362
0.6030000000000655,1603,3.7735812546161425,0.5849792233833067
0.6030000000000655,1604,3.774721454633132,0.5861998234014949
0.6030000000000655,1605,3.775862054650129,0.5874216234197013
0.6030000000000655,1606,3.777003054667131,0.5886446234379253
0.6030000000000655,1607,3.778144454684139,0.5898688234561674
0.6030000000000655,1608,3.779286254701153,0.5910942234744273
0.6030000000000655,1609,3.7804284547181735,0.592320823492705
0.6030000000000655,1610,3.781571054735199,0.5935486235110007
0.6030000000000655,1611,3.782714054752231,0.5947776235293142
0.6030000000000655,1612,3.7838574547692696,0.5960078235476456
0.6030000000000655,1613,3.7850012547863137,0.5972392235659948
0.6030000000000655,1614,3.7861454548033633,0.598471823584362
0.6030000000000655,1615,3.7872900548204194,0.5997056236027472
0.6030000000000655,1616,3.7884350548374806,0.6009406236211501
0.6030000000000655,1617,3.7895804548545486,0.6021768236395708
0.6030000000000655,1618,3.790726254871622,0.6034142236580095
0.6030000000000655,1619,3.791872454888702,0.6046528236764661
0.6030000000000655,1620,3.7930190549057876,0.6058926236949407
0.6030000000000655,1621,3.7941660549228793,0.6071336237134329
0.6030000000000655,1622,3.7953134549399774,0.6083758237319432
0.6030000000000655,1623,3.7964612549570798,0.6096192237504713
0.6030000000000655,1624,3.7976094549741894,0.6108638237690172
0.6030000000000655,1625,3.7987580549913056,0.6121096237875812
0.6030000000000655,1626,3.7999070550084264,0.613356623806163
0.6030000000000655,1627,3.801056455025554,0.6146048238247624
0.6030000000000655,1628,3.8022062550426874,0.61585422384338
0.6030000000000655,1629,3.8033564550598267,0.6171048238620154
0.6030000000000655,1630,3.804507055076972,0.6183566238806687
0.6030000000000655,1631,3.8056580550941232,0.6196096238993398
0.6030000000000655,1632,3.80680945511128,0.6208638239180287
0.6030000000000655,1633,3.807961255128444,0.6221192239367358
0.6030000000000655,1634,3.8091134551456127,0.6233758239554605
0.6030000000000655,1635,3.8102660551627876,0.6246336239742032
0.6030000000000655,1636,3.811419055179969,0.6258926239929639
0.6030000000000655,1637,3.812572455197156,0.6271528240117423
0.6030000000000655,1638,3.8137262552143483,0.6284142240305385
0.6030000000000655,1639,3.8148804552315476,0.6296768240493527
0.6030000000000655,1640,3.8160350552487525,0.6309406240681849
0.6030000000000655,1641,3.8171900552659634,0.6322056240870348
0.6030000000000655,1642,3.8183454552831804,0.6334718241059026
0.6030000000000655,1643,3.819501255300403,0.6347392241247884
0.6030000000000655,1644,3.8206574553176322,0.6360078241436921
0.6030000000000655,1645,3.8218140553348667,0.6372776241626135
0.6030000000000655,1646,3.8229710553521072,0.6385486241815529
0.6030000000000655,1647,3.8241284553693538,0.6398208242005101
0.6030000000000655,1648,3.825286255386606,0.6410942242194853
0.6030000000000655,1649,3.8264444554038644,0.6423688242384782
0.6030000000000655,1650,3.827603055421129,0.6436446242574891
0.6030000000000655,1651,3.828762055438399,0.6449216242765179
0.6030000000000655,1652,3.8299214554556755,0.6461998242955646
0.6030000000000655,1653,3.8310812554729576,0.6474792243146292
0.6030000000000655,1654,3.8322414554902466,0.6487598243337115
0.6030000000000655,1655,3.8334020555075408,0.6500416243528118
0.6030000000000655,1656,3.834563055524841,0.6513246243719301
0.6030000000000655,1657,3.835724455542147,0.6526088243910662
0.6030000000000655,1658,3.836886255559459,0.65389422441022
0.6030000000000655,1659,3.8380484555767778,0.655180824429392
0.6030000000000655,1660,3.8392110555941015,0.6564686244485817
0.6030000000000655,1661,3.8403740556114316,0.6577576244677892
0.6030000000000655,1662,3.8415374556287674,0.6590478244870147
0.6030000000000655,1663,3.84270125564611,0.660339224506258
0.6030000000000655,1664,3.8438654556634577,0.6616318245255193
0.6030000000000655,1665,3.8450300556808115,0.6629256245447984
0.6030000000000655,1666,3.846195055698171,0.6642206245640954
0.6030000000000655,1667,3.8473604557155374,0.6655168245834103
0.6030000000000655,1668,3.8485262557329087,0.6668142246027431
0.6030000000000655,1669,3.8496924557502865,0.6681128246220938
0.6030000000000655,1670,3.8508590557676703,0.6694126246414622
0.6030000000000655,1671,3.8520260557850596,0.6707136246608486
0.6030000000000655,1672,3.8531934558024554,0.6720158246802529
0.6030000000000655,1673,3.854361255819857,0.6733192246996751
0.6030000000000655,1674,3.8555294558372646,0.6746238247191152
0.6030000000000655,1675,3.8566980558546784,0.6759296247385732
0.6030000000000655,1676,3.8578670558720978,0.677236624758049
0.6030000000000655,1677,3.8590364558895227,0.6785448247775426
0.6030000000000655,1678,3.860206255906954,0.6798542247970543
0.6030000000000655,1679,3.861376455924392,0.6811648248165837
0.6030000000000655,1680,3.8625470559418353,0.682476624836131
0.6030000000000655,1681,3.8637180559592847,0.6837896248556963
0.6030000000000655,1682,3.8648894559767397,0.6851038248752794
0.6030000000000655,1683,3.866061255994201,0.6864192248948804
0.6030000000000655,1684,3.867233456011668,0.6877358249144992
0.6030000000000655,1685,3.868406056029141,0.689053624934136
0.6030000000000655,1686,3.8695790560466206,0.6903726249537907
0.6030000000000655,1687,3.870752456064105,0.6916928249734631
0.6030000000000655,1688,3.871926256081596,0.6930142249931536
0.6030000000000655,1689,3.873100456099093,0.6943368250128619
0.6030000000000655,1690,3.874275056116596,0.6956606250325879
0.6030000000000655,1691,3.875450056134105,0.6969856250523321
0.6030000000000655,1692,3.8766254561516202,0.698311825072094
0.6030000000000655,1693,3.877801256169141,0.6996392250918737
0.6030000000000655,1694,3.8789774561866674,0.7009678251116714
0.6030000000000655,1695,3.8801540562042005,0.7022976251314871
0.6030000000000655,1696,3.881331056221739,0.7036286251513204
0.6030000000000655,1697,3.8825084562392833,0.7049608251711718
0.6030000000000655,1698,3.8836862562568335,0.7062942251910409
0.6030000000000655,1699,3.884864456274391,0.7076288252109281
0.6030000000000655,1700,3.8860430562919532,0.708964625230833
0.6030000000000655,1701,3.8872220563095214,0.7103016252507559
0.6030000000000655,1702,3.8884014563270957,0.7116398252706966
0.6030000000000655,1703,3.8895812563446763,0.7129792252906553
0.6030000000000655,1704,3.890761456362263,0.7143198253106318
0.6030000000000655,1705,3.891942056379855,0.7156616253306262
0.6030000000000655,1706,3.8931230563974535,0.7170046253506384
0.6030000000000655,1707,3.8943044564150577,0.7183488253706686
0.6030000000000655,1708,3.8954862564326675,0.7196942253907165
0.6030000000000655,1709,3.8966684564502834,0.7210408254107825
0.6030000000000655,1710,3.897851056467906,0.7223886254308662
0.6030000000000655,1711,3.899034056485534,0.7237376254509679
0.6030000000000655,1712,3.9002174565031686,0.7250878254710875
0.6030000000000655,1713,3.9014012565208085,0.7264392254912249
0.6030000000000655,1714,3.902585456538455,0.7277918255113802
0.6030000000000655,1715,3.9037700565561066,0.7291456255315534
0.6030000000000655,1716,3.9049550565737645,0.7305006255517446
0.6030000000000655,1717,3.9061404565914284,0.7318568255719535
0.6030000000000655,1718,3.907326256609098,0.7332142255921803
0.6030000000000655,1719,3.9085124566267737,0.734572825612425
0.6030000000000655,1720,3.9096990566444556,0.7359326256326877
0.6030000000000655,1721,3.910886056662143,0.7372936256529681
0.6030000000000655,1722,3.9120734566798365,0.7386558256732665
0.6030000000000655,1723,3.913261256697536,0.7400192256935827
0.6030000000000655,1724,3.914449456715242,0.7413838257139168
0.6030000000000655,1725,3.9156380567329534,0.7427496257342688
0.6030000000000655,1726,3.9168270567506713,0.7441166257546388
0.6030000000000655,1727,3.9180164567683944,0.7454848257750265
0.6030000000000655,1728,3.919206256786124,0.7468542257954321
0.6030000000000655,1729,3.920396456803859,0.7482248258158557
0.6030000000000655,1730,3.9215870568216005,0.749596625836297
0.6030000000000655,1731,3.9227780568393475,0.7509696258567564
0.6030000000000655,1732,3.9239694568571006,0.7523438258772337
0.6030000000000655,1733,3.92516125687486,0.7537192258977286
0.6030000000000655,1734,3.926353456892625,0.7550958259182416
0.6030000000000655,1735,3.927546056910397,0.7564736259387723
0.6030000000000655,1736,3.9287390569281735,0.757852625959321
0.6030000000000655,1737,3.9299324569459566,0.7592328259798877
0.6030000000000655,1738,3.9311262569637457,0.7606142260004721
0.6030000000000655,1739,3.9323204569815404,0.7619968260210745
0.6030000000000655,1740,3.9335150569993416,0.7633806260416947
0.6030000000000655,1741,3.9347100570171483,0.7647656260623328
0.6030000000000655,1742,3.935905457034961,0.7661518260829887
0.6030000000000655,1743,3.9371012570527797,0.7675392261036625
0.6030000000000655,1744,3.938297457070604,0.7689278261243543
0.6030000000000655,1745,3.9394940570884347,0.7703176261450639
0.6030000000000655,1746,3.9406910571062714,0.7717086261657915
0.6030000000000655,1747,3.941888457124114,0.7731008261865369
0.6030000000000655,1748,3.943086257141963,0.7744942262073002
0.6030000000000655,1749,3.9442844571598172,0.7758888262280814
0.6030000000000655,1750,3.945483057177678,0.7772846262488804
0.6030000000000655,1751,3.9466820571955443,0.7786816262696973
0.6030000000000655,1752,3.947881457213417,0.7800798262905322
0.6030000000000655,1753,3.9490812572312954,0.7814792263113848
0.6030000000000655,1754,3.9502814572491802,0.7828798263322554
0.6030000000000655,1755,3.9514820572670706,0.7842816263531438
0.6030000000000655,1756,3.952683057284966,0.78568462637405
0.6030000000000655,1757,3.953884457302869,0.7870888263949744
0.6030000000000655,1758,3.955086257320777,0.7884942264159165
0.6030000000000655,1759,3.9562884573386907,0.7899008264368763
0.6030000000000655,1760,3.957491057356611,0.7913086264578543
0.6030000000000655,1761,3.9586940573745375,0.79271762647885
0.6030000000000655,1762,3.9598974573924695,0.7941278264998637
0.6030000000000655,1763,3.961101257410407,0.7955392265208951
0.6030000000000655,1764,3.962305457428351,0.7969518265419444
0.6030000000000655,1765,3.9635100574463014,0.7983656265630118
0.6030000000000655,1766,3.9647150574642573,0.799780626584097
0.6030000000000655,1767,3.965920457482219,0.8011968266051999
0.6030000000000655,1768,3.967126257500187,0.8026142266263209
0.6030000000000655,1769,3.9683324575181604,0.8040328266474597
0.6030000000000655,1770,3.9695390575361404,0.8054526266686163
0.6030000000000655,1771,3.9707460575541265,0.8068736266897909
0.6030000000000655,1772,3.971953457572118,0.8082958267109832
0.6030000000000655,1773,3.9731612575901156,0.8097192267321935
0.6030000000000655,1774,3.9743694576081188,0.8111438267534217
0.6030000000000655,1775,3.9755780576261284,0.8125696267746678
0.6030000000000655,1776,3.9767870576441444,0.8139966267959319
0.6030000000000655,1777,3.977996457662166,0.8154248268172137
0.6030000000000655,1778,3.979206257680193,0.8168542268385134
0.6030000000000655,1779,3.980416457698226,0.818284826859831
0.6030000000000655,1780,3.981627057716266,0.8197166268811665
0.6030000000000655,1781,3.9828380577343108,0.8211496269025198
0.6030000000000655,1782,3.984049457752363,0.8225838269238912
0.6030000000000655,1783,3.985261257770419,0.8240192269452802
0.6030000000000655,1784,3.986473457788483,0.8254558269666872
0.6030000000000655,1785,3.9876860578065516,0.826893626988112
0.6030000000000655,1786,3.9888990578246273,0.8283326270095549
0.6030000000000655,1787,3.9901124578427076,0.8297728270310155
0.6030000000000655,1788,3.991326257860795,0.831214227052494
0.6030000000000655,1789,3.992540457878888,0.8326568270739905
0.6030000000000655,1790,3.993755057896987,0.8341006270955049
0.6030000000000655,1791,3.9949700579150917,0.835545627117037
0.6030000000000655,1792,3.9961854579332026,0.836991827138587
0.6030000000000655,1793,3.99740125795132,0.8384392271601548
0.6030000000000655,1794,3.9986174579694422,0.8398878271817407
0.6030000000000655,1795,3.999834057987571,0.8413376272033444
0.6030000000000655,1796,4.0010510580057055,0.8427886272249661
0.6030000000000655,1797,4.002268458023846,0.8442408272466055
0.6030000000000655,1798,4.003486258041993,0.8456942272682628
0.6030000000000655,1799,4.004704458060146,0.8471488272899379
0.6030000000000655,1800,4.005923058078304,0.8486046273116312
0.6030000000000655,1801,4.007142058096468,0.8500616273333422
0.6030000000000655,1802,4.008361458114639,0.851519827355071
0.6030000000000655,1803,4.009581258132815,0.8529792273768178
0.6030000000000655,1804,4.010801458150998,0.8544398273985824
0.6030000000000655,1805,4.012022058169187,0.855901627420365
0.6030000000000655,1806,4.013243058187381,0.8573646274421654
0.6030000000000655,1807,4.014464458205581,0.8588288274639836
0.6030000000000655,1808,4.015686258223788,0.8602942274858199
0.6030000000000655,1809,4.016908458242,0.8617608275076738
0.6030000000000655,1810,4.018131058260217,0.8632286275295458
0.6030000000000655,1811,4.0193540582784415,0.8646976275514356
0.6030000000000655,1812,4.020577458296671,0.8661678275733433
0.6030000000000655,1813,4.021801258314908,0.8676392275952689
0.6030000000000655,1814,4.02302545833315,0.8691118276172123
0.6030000000000655,1815,4.024250058351398,0.8705856276391737
0.6030000000000655,1816,4.0254750583696515,0.8720606276611528
0.6030000000000655,1817,4.026700458387912,0.8735368276831499
0.6030000000000655,1818,4.027926258406177,0.8750142277051649
0.6030000000000655,1819,4.029152458424449,0.8764928277271977
0.6030000000000655,1820,4.030379058442727,0.8779726277492486
0.6030000000000655,1821,4.031606058461011,0.8794536277713172
0.6030000000000655,1822,4.032833458479301,0.8809358277934036
0.6030000000000655,1823,4.034061258497596,0.8824192278155081
0.6030000000000655,1824,4.035289458515898,0.8839038278376303
0.6030000000000655,1825,4.036518058534205,0.8853896278597704
0.6030000000000655,1826,4.037747058552519,0.8868766278819284
0.6030000000000655,1827,4.038976458570838,0.8883648279041043
0.6030000000000655,1828,4.040206258589164,0.8898542279262982
0.6030000000000655,1829,4.041436458607495,0.8913448279485099
0.6030000000000655,1830,4.042667058625833,0.8928366279707394
0.6030000000000655,1831,4.043898058644176,0.8943296279929869
0.6030000000000655,1832,4.045129458662525,0.8958238280152521
0.6030000000000655,1833,4.04636125868088,0.8973192280375353
0.6030000000000655,1834,4.047593458699241,0.8988158280598364
0.6030000000000655,1835,4.048826058717609,0.9003136280821553
0.6030000000000655,1836,4.050059058735982,0.9018126281044921
0.6030000000000655,1837,4.051292458754361,0.903312828126847
0.6030000000000655,1838,4.052526258772746,0.9048142281492195
0.6030000000000655,1839,4.053760458791137,0.90631682817161
0.6030000000000655,1840,4.054995058809534,0.9078206281940183
0.6030000000000655,1841,4.056230058827937,0.9093256282164446
0.6030000000000655,1842,4.0574654588463455,0.9108318282388888
0.6030000000000655,1843,4.058701258864761,0.9123392282613507
0.6030000000000655,1844,4.059937458883182,0.9138478282838307
0.6030000000000655,1845,4.061174058901608,0.9153576283063284
0.6030000000000655,1846,4.062411058920041,0.9168686283288441
0.6030000000000655,1847,4.06364845893848,0.9183808283513777
0.6030000000000655,1848,4.064886258956925,0.9198942283739291
0.6030000000000655,1849,4.066124458975375,0.9214088283964983
0.6030000000000655,1850,4.067363058993832,0.9229246284190855
0.6030000000000655,1851,4.068602059012294,0.9244416284416905
0.6030000000000655,1852,4.069841459030763,0.9259598284643136
0.6030000000000655,1853,4.071081259049237,0.9274792284869544
0.6030000000000655,1854,4.072321459067718,0.928999828509613
0.6030000000000655,1855,4.073562059086203,0.9305216285322896
0.6030000000000655,1856,4.074803059104696,0.932044628554984
0.6030000000000655,1857,4.076044459123194,0.9335688285776964
0.6030000000000655,1858,4.077286259141699,0.9350942286004267
0.6030000000000655,1859,4.078528459160209,0.9366208286231748
0.6030000000000655,1860,4.079771059178725,0.9381486286459407
0.6030000000000655,1861,4.081014059197248,0.9396776286687247
0.6030000000000655,1862,4.082257459215775,0.9412078286915264
0.6030000000000655,1863,4.083501259234309,0.942739228714346
0.6030000000000655,1864,4.084745459252849,0.9442718287371835
0.6030000000000655,1865,4.085990059271396,0.9458056287600389
0.6030000000000655,1866,4.087235059289948,0.9473406287829123
0.6030000000000655,1867,4.088480459308506,0.9488768288058034
0.6030000000000655,1868,4.089726259327069,0.9504142288287124
0.6030000000000655,1869,4.09097245934564,0.9519528288516393
0.6030000000000655,1870,4.092219059364215,0.9534926288745842
0.6030000000000655,1871,4.093466059382797,0.9550336288975468
0.6030000000000655,1872,4.094713459401385,0.9565758289205275
0.6030000000000655,1873,4.095961259419978,0.9581192289435259
0.6030000000000655,1874,4.097209459438577,0.9596638289665421
0.6030000000000655,1875,4.098458059457183,0.9612096289895764
0.6030000000000655,1876,4.099707059475795,0.9627566290126286
0.6030000000000655,1877,4.100956459494412,0.9643048290356985
0.6030000000000655,1878,4.102206259513036,0.9658542290587864
0.6030000000000655,1879,4.103456459531666,0.9674048290818921
0.6030000000000655,1880,4.104707059550301,0.9689566291050158
0.6030000000000655,1881,4.105958059568942,0.9705096291281573
0.6030000000000655,1882,4.107209459587589,0.9720638291513166
0.6030000000000655,1883,4.108461259606242,0.973619229174494
0.6030000000000655,1884,4.109713459624902,0.9751758291976891
0.6030000000000655,1885,4.110966059643567,0.9767336292209021
0.6030000000000655,1886,4.112219059662238,0.9782926292441331
0.6030000000000655,1887,4.113472459680915,0.9798528292673817
0.6030000000000655,1888,4.114726259699598,0.9814142292906485
0.6030000000000655,1889,4.115980459718288,0.9829768293139332
0.6030000000000655,1890,4.1172350597369824,0.9845406293372354
0.6030000000000655,1891,4.1184900597556835,0.9861056293605558
0.6030000000000655,1892,4.11974545977439,0.987671829383894
0.6030000000000655,1893,4.121001259793103,0.9892392294072501
0.6030000000000655,1894,4.122257459811822,0.9908078294306241
0.6030000000000655,1895,4.123514059830547,0.9923776294540159
0.6030000000000655,1896,4.1247710598492775,0.9939486294774256
0.6030000000000655,1897,4.126028459868014,0.9955208295008532
0.6030000000000655,1898,4.127286259886757,0.9970942295242988
0.6030000000000655,1899,4.1285444599055054,0.9986688295477619
0.6030000000000655,1900,4.12980305992426,1.0002446295712433
0.6030000000000655,1901,4.131062059943021,1.0018216295947424
0.6030000000000655,1902,4.132321459961787,1.0033998296182594
0.6030000000000655,1903,4.13358125998056,1.0049792296417945
0.6030000000000655,1904,4.134841459999338,1.0065598296653473
0.6030000000000655,1905,4.136102060018123,1.0081416296889179
0.6030000000000655,1906,4.137363060036913,1.0097246297125064
0.6030000000000655,1907,4.138624460055709,1.0113088297361128
0.6030000000000655,1908,4.139886260074512,1.012894229759737
0.6030000000000655,1909,4.141148460093319,1.0144808297833792
0.6030000000000655,1910,4.142411060112134,1.0160686298070392
0.6030000000000655,1911,4.143674060130954,1.0176576298307172
0.6030000000000655,1912,4.14493746014978,1.019247829854413
0.6030000000000655,1913,4.1462012601686125,1.0208392298781268
0.6030000000000655,1914,4.14746546018745,1.0224318299018582
0.6030000000000655,1915,4.148730060206294,1.0240256299256079
0.6030000000000655,1916,4.1499950602251445,1.025620629949375
0.6030000000000655,1917,4.151260460244,1.0272168299731603
0.6030000000000655,1918,4.152526260262862,1.0288142299969634
0.6030000000000655,1919,4.15379246028173,1.0304128300207847
0.6030000000000655,1920,4.155059060300603,1.0320126300446233
0.6030000000000655,1921,4.1563260603194845,1.0336136300684802
0.6030000000000655,1922,4.1575934603383695,1.0352158300923548
0.6030000000000655,1923,4.158861260357261,1.036819230116247
0.6030000000000655,1924,4.160129460376158,1.0384238301401576
0.6030000000000655,1925,4.161398060395062,1.040029630164086
0.6030000000000655,1926,4.1626670604139715,1.041636630188032
0.6030000000000655,1927,4.163936460432887,1.043244830211996
0.6030000000000655,1928,4.165206260451808,1.044854230235978
0.6030000000000655,1929,4.1664764604707365,1.046464830259978
0.6030000000000655,1930,4.16774706048967,1.0480766302839957
0.6030000000000655,1931,4.169018060508609,1.0496896303080312
0.6030000000000655,1932,4.170289460527554,1.0513038303320845
0.6030000000000655,1933,4.171561260546506,1.0529192303561559
0.6030000000000655,1934,4.172833460565463,1.0545358303802452
0.6030000000000655,1935,4.1741060605844265,1.0561536304043522
0.6030000000000655,1936,4.175379060603396,1.0577726304284771
0.6030000000000655,1937,4.17665246062237,1.0593928304526201
0.6030000000000655,1938,4.177926260641351,1.061014230476781
0.6030000000000655,1939,4.179200460660338,1.0626368305009595
0.6030000000000655,1940,4.180475060679331,1.064260630525156
0.6030000000000655,1941,4.181750060698331,1.0658856305493702
0.6030000000000655,1942,4.183025460717336,1.0675118305736027
0.6030000000000655,1943,4.184301260736347,1.0691392305978529
0.6030000000000655,1944,4.185577460755363,1.0707678306221209
0.6030000000000655,1945,4.186854060774387,1.0723976306464067
0.6030000000000655,1946,4.188131060793415,1.0740286306707105
0.6030000000000655,1947,4.18940846081245,1.0756608306950322
0.6030000000000655,1948,4.190686260831491,1.0772942307193718
0.6030000000000655,1949,4.191964460850537,1.0789288307437293
0.6030000000000655,1950,4.19324306086959,1.0805646307681047
0.6030000000000655,1951,4.194522060888648,1.0822016307924978
0.6030000000000655,1952,4.195801460907713,1.0838398308169088
0.6030000000000655,1953,4.197081260926784,1.085479230841338
0.6030000000000655,1954,4.1983614609458595,1.0871198308657846
0.6030000000000655,1955,4.199642060964942,1.0887616308902495
0.6030000000000655,1956,4.200923060984031,1.090404630914732
0.6030000000000655,1957,4.202204461003125,1.0920488309392324
0.6030000000000655,1958,4.203486261022225,1.093694230963751
0.6030000000000655,1959,4.204768461041332,1.095340830988287
0.6030000000000655,1960,4.206051061060443,1.0969886310128412
0.6030000000000655,1961,4.207334061079562,1.0986376310374133
0.6030000000000655,1962,4.208617461098686,1.1002878310620032
0.6030000000000655,1963,4.209901261117817,1.101939231086611
0.6030000000000655,1964,4.211185461136952,1.1035918311112365
0.6030000000000655,1965,4.212470061156094,1.10524563113588
0.6030000000000655,1966,4.213755061175243,1.1069006311605416
0.6030000000000655,1967,4.215040461194397,1.1085568311852207
0.6030000000000655,1968,4.216326261213556,1.110214231209918
0.6030000000000655,1969,4.217612461232722,1.111872831234633
0.6030000000000655,1970,4.218899061251895,1.113532631259366
0.6030000000000655,1971,4.220186061271072,1.1151936312841169
0.6030000000000655,1972,4.221473461290255,1.1168558313088857
0.6030000000000655,1973,4.222761261309445,1.1185192313336723
0.6030000000000655,1974,4.224049461328641,1.1201838313584769
0.6030000000000655,1975,4.225338061347842,1.121849631383299
0.6030000000000655,1976,4.226627061367051,1.1235166314081395
0.6030000000000655,1977,4.227916461386264,1.1251848314329973
0.6030000000000655,1978,4.2292062614054835,1.1268542314578733
0.6030000000000655,1979,4.230496461424709,1.1285248314827672
0.6030000000000655,1980,4.23178706144394,1.130196631507679
0.6030000000000655,1981,4.2330780614631776,1.1318696315326087
0.6030000000000655,1982,4.234369461482421,1.1335438315575561
0.6030000000000655,1983,4.23566126150167,1.1352192315825216
0.6030000000000655,1984,4.236953461520925,1.1368958316075048
0.6030000000000655,1985,4.2382460615401865,1.138573631632506
0.6030000000000655,1986,4.239539061559454,1.140252631657525
0.6030000000000655,1987,4.240832461578727,1.141932831682562
0.6030000000000655,1988,4.242126261598006,1.1436142317076168
0.6030000000000655,1989,4.243420461617291,1.1452968317326895
0.6030000000000655,1990,4.244715061636582,1.14698063175778
0.6030000000000655,1991,4.24601006165588,1.1486656317828887
0.6030000000000655,1992,4.247305461675182,1.1503518318080148
0.6030000000000655,1993,4.248601261694492,1.152039231833159
0.6030000000000655,1994,4.249897461713806,1.153727831858321
0.6030000000000655,1995,4.251194061733127,1.1554176318835012
0.6030000000000655,1996,4.252491061752454,1.157108631908699
0.6030000000000655,1997,4.253788461771787,1.158800831933915
0.6030000000000655,1998,4.255086261791125,1.1604942319591485
0.6030000000000655,1999,4.2563844618104705,1.1621888319843998
0.6030000000000655,2000,4.2576830618298205,1.1638846320096692
0.6030000000000655,2001,4.258982061849177,1.1655816320349566
0.6030000000000655,2002,4.26028146186854,1.1672798320602618
0.6030000000000655,2003,4.261581261887908,1.1689792320855847
0.6030000000000655,2004,4.261581261887908,1.1689792320855847
0.6030000000000655,2005,4.262880761907273,1.1706778321108957
0.6030000000000655,2006,4.264179261926622,1.1723736321361653
0.6030000000000655,2007,4.265476761945956,1.174066632161393
0.6030000000000655,2008,4.266773261965275,1.1757568321865788
0.6030000000000655,2009,4.26806876198458,1.1774442322117231
0.6030000000000655,2010,4.269363262003869,1.1791288322368256
0.6030000000000655,2011,4.270656762023144,1.1808106322618863
0.6030000000000655,2012,4.271949262042404,1.1824896322869056
0.6030000000000655,2013,4.273240762061648,1.1841658323118827
0.6030000000000655,2014,4.274531262080878,1.1858392323368183
0.6030000000000655,2015,4.2758207621000945,1.1875098323617121
0.6030000000000655,2016,4.277109262119293,1.1891776323865644
0.6030000000000655,2017,4.278396762138479,1.1908426324113748
0.6030000000000655,2018,4.279683262157648,1.1925048324361436
0.6030000000000655,2019,4.280968762176804,1.1941642324608706
0.6030000000000655,2020,4.282253262195945,1.195820832485556
0.6030000000000655,2021,4.283536762215071,1.1974746325101993
0.6030000000000655,2022,4.284819262234181,1.199125632534801
0.6030000000000655,2023,4.286100762253277,1.200773832559361
0.6030000000000655,2024,4.287381262272358,1.2024192325838796
0.6030000000000655,2025,4.288660762291424,1.204061832608356
0.6030000000000655,2026,4.289939262310475,1.205701632632791
0.6030000000000655,2027,4.291216762329511,1.2073386326571844
0.6030000000000655,2028,4.292493262348533,1.2089728326815357
0.6030000000000655,2029,4.29376876236754,1.2106042327058453
0.6030000000000655,2030,4.295043262386531,1.2122328327301135
0.6030000000000655,2031,4.296316762405507,1.2138586327543397
0.6030000000000655,2032,4.297589262424469,1.2154816327785243
0.6030000000000655,2033,4.298860762443416,1.2171018328026673
0.6030000000000655,2034,4.300131262462347,1.2187192328267684
0.6030000000000655,2035,4.301400762481265,1.2203338328508277
0.6030000000000655,2036,4.302669262500167,1.2219456328748455
0.6030000000000655,2037,4.303936762519054,1.2235546328988216
0.6030000000000655,2038,4.305203262537926,1.2251608329227557
0.6030000000000655,2039,4.306468762556784,1.2267642329466482
0.6030000000000655,2040,4.307733262575626,1.2283648329704988
0.6030000000000655,2041,4.308996762594455,1.2299626329943085
0.6030000000000655,2042,4.310259262613267,1.2315576330180757
0.6030000000000655,2043,4.311520762632065,1.2331498330418011
0.6030000000000655,2044,4.312781262650849,1.2347392330654852
0.6030000000000655,2045,4.314040762669616,1.2363258330891274
0.6030000000000655,2046,4.315299262688369,1.2379096331127277
0.6030000000000655,2047,4.316556762707107,1.2394906331362865
0.6030000000000655,2048,4.3178132627258305,1.2410688331598037
0.6030000000000655,2049,4.319068762744539,1.242644233183279
0.6030000000000655,2050,4.320323262763233,1.2442168332067125
0.6030000000000655,2051,4.321576762781911,1.2457866332301042
0.6030000000000655,2052,4.322829262800576,1.2473536332534545
0.6030000000000655,2053,4.324080762819224,1.2489178332767628
0.6030000000000655,2054,4.3253312628378575,1.2504792333000294
0.6030000000000655,2055,4.3265807628564765,1.2520378333232545
0.6030000000000655,2056,4.32782926287508,1.2535936333464377
0.6030000000000655,2057,4.32907676289367,1.255146633369579
0.6030000000000655,2058,4.330323262912244,1.256696833392679
0.6030000000000655,2059,4.331568762930804,1.2582442334157369
0.6030000000000655,2060,4.332813262949348,1.2597888334387533
0.6030000000000655,2061,4.334056762967878,1.2613306334617278
0.6030000000000655,2062,4.335299262986393,1.2628696334846607
0.6030000000000655,2063,4.336540763004892,1.2644058335075519
0.6030000000000655,2064,4.337781263023377,1.2659392335304014
0.6030000000000655,2065,4.339020763041846,1.267469833553209
0.6030000000000655,2066,4.340259263060301,1.268997633575975
0.6030000000000655,2067,4.341496763078742,1.2705226335986994
0.6030000000000655,2068,4.342733263097167,1.2720448336213819
0.6030000000000655,2069,4.343968763115578,1.2735642336440227
0.6030000000000655,2070,4.345203263133973,1.275080833666622
0.6030000000000655,2071,4.346436763152354,1.276594633689179
0.6030000000000655,2072,4.34766926317072,1.2781056337116947
0.6030000000000655,2073,4.348900763189071,1.2796138337341687
0.6030000000000655,2074,4.350131263207406,1.281119233756601
0.6030000000000655,2075,4.351360763225727,1.2826218337789916
0.6030000000000655,2076,4.352589263244033,1.2841216338013401
0.6030000000000655,2077,4.353816763262324,1.2856186338236473
0.6030000000000655,2078,4.355043263280601,1.2871128338459124
0.6030000000000655,2079,4.3562687632988615,1.288604233868136
0.6030000000000655,2080,4.3574932633171075,1.290092833890318
0.6030000000000655,2081,4.35871676333534,1.291578633912458
0.6030000000000655,2082,4.3599392633535565,1.2930616339345566
0.6030000000000655,2083,4.361160763371758,1.294541833956613
0.6030000000000655,2084,4.362381263389945,1.296019233978628
0.6030000000000655,2085,4.363600763408117,1.2974938340006015
0.6030000000000655,2086,4.364819263426274,1.298965634022533
0.6030000000000655,2087,4.366036763444416,1.3004346340444226
0.6030000000000655,2088,4.367253263462543,1.301900834066271
0.6030000000000655,2089,4.368468763480656,1.3033642340880771
0.6030000000000655,2090,4.369683263498754,1.3048248341098418
0.6030000000000655,2091,4.370896763516836,1.3062826341315648
0.6030000000000655,2092,4.372109263534904,1.3077376341532463
0.6030000000000655,2093,4.373320763552957,1.3091898341748855
0.6030000000000655,2094,4.374531263570995,1.3106392341964834
0.6030000000000655,2095,4.375740763589018,1.3120858342180393
0.6030000000000655,2096,4.376949263607026,1.3135296342395537
0.6030000000000655,2097,4.378156763625019,1.3149706342610263
0.6030000000000655,2098,4.379363263642998,1.3164088342824571
0.6030000000000655,2099,4.3805687636609605,1.3178442343038461
0.6030000000000655,2100,4.381773263678909,1.3192768343251937
0.6030000000000655,2101,4.382976763696843,1.3207066343464993
0.6030000000000655,2102,4.384179263714761,1.3221336343677632
0.6030000000000655,2103,4.385380763732665,1.3235578343889856
0.6030000000000655,2104,4.386581263750554,1.324979234410166
0.6030000000000655,2105,4.387780763768428,1.3263978344313048
0.6030000000000655,2106,4.388979263786287,1.327813634452402
0.6030000000000655,2107,4.390176763804131,1.3292266344734571
0.6030000000000655,2108,4.3913732638219605,1.3306368344944708
0.6030000000000655,2109,4.392568763839775,1.3320442345154428
0.6030000000000655,2110,4.393763263857574,1.3334488345363729
0.6030000000000655,2111,4.394956763875358,1.3348506345572613
0.6030000000000655,2112,4.396149263893127,1.336249634578108
0.6030000000000655,2113,4.397340763910883,1.337645834598913
0.6030000000000655,2114,4.398531263928622,1.3390392346196764
0.6030000000000655,2115,4.399720763946347,1.3404298346403978
0.6030000000000655,2116,4.400909263964058,1.3418176346610777
0.6030000000000655,2117,4.402096763981753,1.3432026346817159
0.6030000000000655,2118,4.403283263999433,1.3445848347023124
0.6030000000000655,2119,4.404468764017098,1.3459642347228669
0.6030000000000655,2120,4.405653264034749,1.3473408347433797
0.6030000000000655,2121,4.406836764052384,1.3487146347638512
0.6030000000000655,2122,4.408019264070005,1.3500856347842805
0.6030000000000655,2123,4.40920076408761,1.3514538348046683
0.6030000000000655,2124,4.410381264105202,1.3528192348250143
0.6030000000000655,2125,4.411560764122777,1.3541818348453185
0.6030000000000655,2126,4.412739264140338,1.355541634865581
0.6030000000000655,2127,4.413916764157885,1.3568986348858019
0.6030000000000655,2128,4.4150932641754155,1.358252834905981
0.6030000000000655,2129,4.416268764192933,1.3596042349261186
0.6030000000000655,2130,4.4174432642104335,1.3609528349462143
0.6030000000000655,2131,4.41861676422792,1.3622986349662682
0.6030000000000655,2132,4.419789264245391,1.3636416349862803
0.6030000000000655,2133,4.420960764262848,1.364981835006251
0.6030000000000655,2134,4.4221312642802895,1.36631923502618
0.6030000000000655,2135,4.423300764297717,1.3676538350460672
0.6030000000000655,2136,4.424469264315129,1.3689856350659122
0.6030000000000655,2137,4.425636764332526,1.370314635085716
0.6030000000000655,2138,4.426803264349908,1.3716408351054779
0.6030000000000655,2139,4.427968764367275,1.372964235125198
0.6030000000000655,2140,4.429133264384627,1.3742848351448766
0.6030000000000655,2141,4.430296764401966,1.3756026351645134
0.6030000000000655,2142,4.431459264419288,1.3769176351841084
0.6030000000000655,2143,4.432620764436596,1.3782298352036615
0.6030000000000655,2144,4.433781264453888,1.3795392352231732
0.6030000000000655,2145,4.4349407644711665,1.3808458352426431
0.6030000000000655,2146,4.436099264488429,1.3821496352620712
0.6030000000000655,2147,4.437256764505677,1.3834506352814575
0.6030000000000655,2148,4.438413264522911,1.3847488353008024
0.6030000000000655,2149,4.4395687645401285,1.3860442353201052
0.6030000000000655,2150,4.440723264557332,1.3873368353393665
0.6030000000000655,2151,4.44187676457452,1.388626635358586
0.6030000000000655,2152,4.4430292645916944,1.3899136353777637
0.6030000000000655,2153,4.444180764608852,1.3911978353968997
0.6030000000000655,2154,4.445331264625997,1.3924792354159943
0.6030000000000655,2155,4.446480764643125,1.3937578354350466
0.6030000000000655,2156,4.44762926466024,1.3950336354540576
0.6030000000000655,2157,4.448776764677339,1.396306635473027
0.6030000000000655,2158,4.449923264694423,1.3975768354919542
0.6030000000000655,2159,4.451068764711492,1.3988442355108401
0.6030000000000655,2160,4.452213264728546,1.400108835529684
0.6030000000000655,2161,4.453356764745585,1.4013706355484863
0.6030000000000655,2162,4.45449926476261,1.402629635567247
0.6030000000000655,2163,4.45564076477962,1.4038858355859658
0.6030000000000655,2164,4.456781264796614,1.4051392356046428
0.6030000000000655,2165,4.457920764813594,1.4063898356232782
0.6030000000000655,2166,4.459059264830559,1.4076376356418718
0.6030000000000655,2167,4.46019676484751,1.4088826356604238
0.6030000000000655,2168,4.461333264864445,1.410124835678934
0.6030000000000655,2169,4.462468764881365,1.4113642356974025
0.6030000000000655,2170,4.46360326489827,1.4126008357158293
0.6030000000000655,2171,4.464736764915161,1.4138346357342144
0.6030000000000655,2172,4.465869264932036,1.415065635752558
0.6030000000000655,2173,4.467000764948897,1.4162938357708594
0.6030000000000655,2174,4.468131264965742,1.4175192357891193
0.6030000000000655,2175,4.4692607649825735,1.4187418358073374
0.6030000000000655,2176,4.4703892649993895,1.419961635825514
0.6030000000000655,2177,4.47151676501619,1.4211786358436485
0.6030000000000655,2178,4.472643265032977,1.4223928358617415
0.6030000000000655,2179,4.473768765049748,1.423604235879793
0.6030000000000655,2180,4.4748932650665045,1.4248128358978023
0.6030000000000655,2181,4.476016765083246,1.4260186359157703
0.6030000000000655,2182,4.477139265099972,1.4272216359336962
0.6030000000000655,2183,4.478260765116684,1.4284218359515808
0.6030000000000655,2184,4.479381265133381,1.4296192359694233
0.6030000000000655,2185,4.4805007651500635,1.4308138359872244
0.6030000000000655,2186,4.48161926516673,1.4320056360049835
0.6030000000000655,2187,4.482736765183382,1.433194636022701
0.6030000000000655,2188,4.483853265200019,1.4343808360403767
0.6030000000000655,2189,4.4849687652166415,1.4355642360580108
0.6030000000000655,2190,4.4860832652332485,1.4367448360756032
0.6030000000000655,2191,4.487196765249841,1.4379226360931538
0.6030000000000655,2192,4.488309265266419,1.4390976361106624
0.6030000000000655,2193,4.489420765282981,1.4402698361281296
0.6030000000000655,2194,4.49053126529953,1.4414392361455552
0.6030000000000655,2195,4.491640765316062,1.4426058361629388
0.6030000000000655,2196,4.49274926533258,1.4437696361802808
0.6030000000000655,2197,4.493856765349083,1.4449306361975809
0.6030000000000655,2198,4.494963265365572,1.4460888362148396
0.6030000000000655,2199,4.496068765382045,1.4472442362320563
0.6030000000000655,2200,4.497173265398502,1.4483968362492314
0.6030000000000655,2201,4.498276765414946,1.4495466362663647
0.6030000000000655,2202,4.499379265431375,1.4506936362834564
0.6030000000000655,2203,4.500480765447788,1.4518378363005064
0.6030000000000655,2204,4.501581265464187,1.4529792363175145
0.6030000000000655,2205,4.502680765480571,1.454117836334481
0.6030000000000655,2206,4.50377926549694,1.455253636351406
0.6030000000000655,2207,4.504876765513294,1.456386636368289
0.6030000000000655,2208,4.505973265529633,1.45751683638513
0.6030000000000655,2209,4.507068765545958,1.4586442364019296
0.6030000000000655,2210,4.508163265562266,1.4597688364186874
0.6030000000000655,2211,4.509256765578561,1.4608906364354035
0.6030000000000655,2212,4.51034926559484,1.4620096364520778
0.6030000000000655,2213,4.5114407656111055,1.4631258364687105
0.6030000000000655,2214,4.512531265627355,1.4642392364853016
0.6030000000000655,2215,4.513620765643591,1.4653498365018511
0.6030000000000655,2216,4.5147092656598105,1.4664576365183584
0.6030000000000655,2217,4.515796765676016,1.4675626365348242
0.6030000000000655,2218,4.516883265692205,1.4686648365512482
0.6030000000000655,2219,4.51796876570838,1.4697642365676304
0.6030000000000655,2220,4.519053265724541,1.4708608365839713
0.6030000000000655,2221,4.520136765740686,1.47195463660027
0.6030000000000655,2222,4.521219265756816,1.4730456366165272
0.6030000000000655,2223,4.522300765772932,1.4741338366327428
0.6030000000000655,2224,4.523381265789033,1.4752192366489165
0.6030000000000655,2225,4.524460765805118,1.4763018366650487
0.6030000000000655,2226,4.525539265821189,1.4773816366811388
0.6030000000000655,2227,4.526616765837246,1.4784586366971872
0.6030000000000655,2228,4.527693265853286,1.4795328367131941
0.6030000000000655,2229,4.528768765869313,1.4806042367291592
0.6030000000000655,2230,4.529843265885324,1.4816728367450827
0.6030000000000655,2231,4.5309167659013205,1.4827386367609643
0.6030000000000655,2232,4.531989265917302,1.4838016367768043
0.6030000000000655,2233,4.533060765933269,1.4848618367926025
0.6030000000000655,2234,4.53413126594922,1.485919236808359
0.6030000000000655,2235,4.535200765965158,1.4869738368240737
0.6030000000000655,2236,4.53626926598108,1.4880256368397466
0.6030000000000655,2237,4.537336765996986,1.4890746368553782
0.6030000000000655,2238,4.538403266012878,1.4901208368709675
0.6030000000000655,2239,4.539468766028755,1.4911642368865154
0.6030000000000655,2240,4.540533266044617,1.4922048369020218
0.6030000000000655,2241,4.541596766060465,1.4932426369174863
0.6030000000000655,2242,4.542659266076297,1.4942776369329087
0.6030000000000655,2243,4.543720766092115,1.4953098369482896
0.6030000000000655,2244,4.5447812661079166,1.4963392369636288
0.6030000000000655,2245,4.545840766123705,1.4973658369789264
0.6030000000000655,2246,4.546899266139478,1.498389636994182
0.6030000000000655,2247,4.547956766155235,1.4994106370093963
0.6030000000000655,2248,4.549013266170979,1.5004288370245686
0.6030000000000655,2249,4.5500687661867065,1.5014442370396992
0.6030000000000655,2250,4.551123266202421,1.5024568370547882
0.6030000000000655,2251,4.5521767662181185,1.5034666370698355
0.6030000000000655,2252,4.553229266233803,1.5044736370848408
0.6030000000000655,2253,4.55428076624947,1.5054778370998048
0.6030000000000655,2254,4.555331266265124,1.5064792371147266
0.6030000000000655,2255,4.556380766280763,1.5074778371296071
0.6030000000000655,2256,4.557429266296388,1.5084736371444456
0.6030000000000655,2257,4.558476766311996,1.5094666371592425
0.6030000000000655,2258,4.559523266327591,1.5104568371739975
0.6030000000000655,2259,4.560568766343169,1.511444237188711
0.6030000000000655,2260,4.561613266358734,1.5124288372033825
0.6030000000000655,2261,4.562656766374283,1.5134106372180125
0.6030000000000655,2262,4.563699266389817,1.5143896372326007
0.6030000000000655,2263,4.564740766405337,1.5153658372471475
0.6030000000000655,2264,4.565781266420841,1.5163392372616522
0.6030000000000655,2265,4.566820766436331,1.5173098372761151
0.6030000000000655,2266,4.567859266451807,1.5182776372905367
0.6030000000000655,2267,4.568896766467266,1.5192426373049162
0.6030000000000655,2268,4.569933266482711,1.520204837319254
0.6030000000000655,2269,4.570968766498141,1.52116423733355
0.6030000000000655,2270,4.572003266513557,1.5221208373478046
0.6030000000000655,2271,4.573036766528957,1.5230746373620174
0.6030000000000655,2272,4.574069266544343,1.5240256373761885
0.6030000000000655,2273,4.5751007665597125,1.5249738373903177
0.6030000000000655,2274,4.576131266575069,1.525919237404405
0.6030000000000655,2275,4.577160766590409,1.526861837418451
0.6030000000000655,2276,4.578189266605735,1.5278016374324552
0.6030000000000655,2277,4.579216766621046,1.5287386374464176
0.6030000000000655,2278,4.580243266636343,1.5296728374603383
0.6030000000000655,2279,4.581268766651624,1.5306042374742173
0.6030000000000655,2280,4.582293266666889,1.5315328374880544
0.6030000000000655,2281,4.583316766682141,1.5324586375018499
0.6030000000000655,2282,4.584339266697378,1.5333816375156037
0.6030000000000655,2283,4.585360766712599,1.5343018375293158
0.6030000000000655,2284,4.586381266727805,1.5352192375429858
0.6030000000000655,2285,4.587400766742997,1.5361338375566147
0.6030000000000655,2286,4.588419266758174,1.5370456375702015
0.6030000000000655,2287,4.589436766773336,1.5379546375837467
0.6030000000000655,2288,4.590453266788483,1.53886083759725
0.6030000000000655,2289,4.591468766803615,1.539764237610712
0.6030000000000655,2290,4.592483266818733,1.5406648376241319
0.6030000000000655,2291,4.593496766833835,1.5415626376375102
0.6030000000000655,2292,4.594509266848922,1.5424576376508465
0.6030000000000655,2293,4.595520766863994,1.5433498376641412
0.6030000000000655,2294,4.596531266879052,1.5442392376773946
0.6030000000000655,2295,4.597540766894094,1.5451258376906059
0.6030000000000655,2296,4.598549266909123,1.5460096377037755
0.6030000000000655,2297,4.599556766924136,1.5468906377169034
0.6030000000000655,2298,4.600563266939133,1.5477688377299896
0.6030000000000655,2299,4.6015687669541165,1.548644237743034
0.6030000000000655,2300,4.602573266969085,1.5495168377560367
0.6030000000000655,2301,4.603576766984039,1.550386637768998
0.6030000000000655,2302,4.604579266998977,1.551253637781917
0.6030000000000655,2303,4.6055807670139,1.5521178377947948
0.6030000000000655,2304,4.606581267028809,1.5529792378076306
0.6030000000000655,2305,4.607580767043702,1.5538378378204247
0.6030000000000655,2306,4.608579267058581,1.5546936378331773
0.6030000000000655,2307,4.609576767073445,1.5555466378458878
0.6030000000000655,2308,4.610573267088295,1.5563968378585569
0.6030000000000655,2309,4.611568767103129,1.5572442378711842
0.6030000000000655,2310,4.612563267117947,1.5580888378837696
0.6030000000000655,2311,4.613556767132752,1.5589306378963133
0.6030000000000655,2312,4.614549267147542,1.5597696379088155
0.6030000000000655,2313,4.615540767162316,1.5606058379212757
0.6030000000000655,2314,4.616531267177075,1.5614392379336945
0.6030000000000655,2315,4.61752076719182,1.5622698379460713
0.6030000000000655,2316,4.61850926720655,1.5630976379584065
0.6030000000000655,2317,4.619496767221265,1.5639226379707
0.6030000000000655,2318,4.620483267235965,1.5647448379829516
0.6030000000000655,2319,4.621468767250651,1.565564237995162
0.6030000000000655,2320,4.62245326726532,1.56638083800733
0.6030000000000655,2321,4.623436767279975,1.5671946380194566
0.6030000000000655,2322,4.624419267294615,1.5680056380315415
0.6030000000000655,2323,4.625400767309242,1.5688138380435845
0.6030000000000655,2324,4.626381267323852,1.569619238055586
0.6030000000000655,2325,4.627360767338447,1.5704218380675457
0.6030000000000655,2326,4.628339267353028,1.5712216380794637
0.6030000000000655,2327,4.629316767367594,1.5720186380913397
0.6030000000000655,2328,4.630293267382145,1.5728128381031743
0.6030000000000655,2329,4.631268767396681,1.5736042381149673
0.6030000000000655,2330,4.632243267411202,1.5743928381267183
0.6030000000000655,2331,4.633216767425708,1.5751786381384274
0.6030000000000655,2332,4.634189267440201,1.5759616381500954
0.6030000000000655,2333,4.635160767454677,1.576741838161721
0.6030000000000655,2334,4.636131267469138,1.5775192381733052
0.6030000000000655,2335,4.6371007674835845,1.5782938381848475
0.6030000000000655,2336,4.638069267498016,1.5790656381963484
0.6030000000000655,2337,4.639036767512434,1.5798346382078075
0.6030000000000655,2338,4.640003267526836,1.5806008382192247
0.6030000000000655,2339,4.640968767541223,1.5813642382306001
0.6030000000000655,2340,4.641933267555594,1.582124838241934
0.6030000000000655,2341,4.642896767569952,1.582882638253226
0.6030000000000655,2342,4.643859267584294,1.5836376382644763
0.6030000000000655,2343,4.644820767598622,1.5843898382756851
0.6030000000000655,2344,4.645781267612934,1.585139238286852
0.6030000000000655,2345,4.646740767627232,1.5858858382979772
0.6030000000000655,2346,4.647699267641515,1.5866296383090606
0.6030000000000655,2347,4.648656767655783,1.5873706383201025
0.6030000000000655,2348,4.649613267670036,1.5881088383311024
0.6030000000000655,2349,4.650568767684273,1.5888442383420607
0.6030000000000655,2350,4.651523267698497,1.5895768383529774
0.6030000000000655,2351,4.652476767712705,1.5903066383638524
0.6030000000000655,2352,4.6534292677268985,1.5910336383746855
0.6030000000000655,2353,4.654380767741078,1.591757838385477
0.6030000000000655,2354,4.6553312677552405,1.5924792383962263
0.6030000000000655,2355,4.656280767769388,1.5931978384069345
0.6030000000000655,2356,4.6572292677835225,1.5939136384176007
0.6030000000000655,2357,4.658176767797642,1.5946266384282253
0.6030000000000655,2358,4.659123267811745,1.595336838438808
0.6030000000000655,2359,4.660068767825836,1.5960442384493492
0.6030000000000655,2360,4.661013267839909,1.5967488384598485
0.6030000000000655,2361,4.661956767853969,1.597450638470306
0.6030000000000655,2362,4.6628992678680135,1.5981496384807221
0.6030000000000655,2363,4.663840767882042,1.5988458384910964
0.6030000000000655,2364,4.664781267896057,1.5995392385014287
0.6030000000000655,2365,4.665720767910056,1.6002298385117193
0.6030000000000655,2366,4.666659267924041,1.6009176385219686
0.6030000000000655,2367,4.6675967679380115,1.6016026385321758
0.6030000000000655,2368,4.668533267951966,1.6022848385423414
0.6030000000000655,2369,4.669468767965906,1.602964238552465
0.6030000000000655,2370,4.670403267979831,1.6036408385625474
0.6030000000000655,2371,4.671336767993742,1.6043146385725877
0.6030000000000655,2372,4.6722692680076365,1.6049856385825865
0.6030000000000655,2373,4.673200768021516,1.6056538385925434
0.6030000000000655,2374,4.674131268035382,1.6063192386024585
0.6030000000000655,2375,4.675060768049233,1.606981838612332
0.6030000000000655,2376,4.675989268063068,1.607641638622164
0.6030000000000655,2377,4.6769167680768895,1.608298638631954
0.6030000000000655,2378,4.677843268090696,1.6089528386417022
0.6030000000000655,2379,4.6787687681044865,1.609604238651409
0.6030000000000655,2380,4.679693268118263,1.6102528386610737
0.6030000000000655,2381,4.680616768132024,1.610898638670697
0.6030000000000655,2382,4.68153926814577,1.6115416386802783
0.6030000000000655,2383,4.682460768159501,1.6121818386898181
0.6030000000000655,2384,4.6833812681732185,1.6128192386993163
0.6030000000000655,2385,4.68430076818692,1.6134538387087725
0.6030000000000655,2386,4.685219268200607,1.614085638718187
0.6030000000000655,2387,4.686136768214278,1.61471463872756
0.6030000000000655,2388,4.687053268227935,1.6153408387368908
0.6030000000000655,2389,4.687968768241577,1.6159642387461801
0.6030000000000655,2390,4.688883268255204,1.616584838755428
0.6030000000000655,2391,4.689796768268817,1.6172026387646339
0.6030000000000655,2392,4.690709268282414,1.617817638773798
0.6030000000000655,2393,4.691620768295996,1.6184298387829206
0.6030000000000655,2394,4.692531268309564,1.6190392387920012
0.6030000000000655,2395,4.693440768323116,1.6196458388010404
0.6030000000000655,2396,4.694349268336655,1.6202496388100378
0.6030000000000655,2397,4.695256768350177,1.6208506388189932
0.6030000000000655,2398,4.6961632683636845,1.6214488388279071
0.6030000000000655,2399,4.697068768377179,1.6220442388367795
0.6030000000000655,2400,4.697973268390656,1.6226368388456096
0.6030000000000655,2401,4.698876768404119,1.6232266388543986
0.6030000000000655,2402,4.699779268417567,1.6238136388631457
0.6030000000000655,2403,4.700680768431001,1.6243978388718507
0.6030000000000655,2404,4.70158126844442,1.6249792388805142
0.6030000000000655,2405,4.702480768457823,1.625557838889136
0.6030000000000655,2406,4.7033792684712115,1.6261336388977161
0.6030000000000655,2407,4.704276768484585,1.6267066389062546
0.6030000000000655,2408,4.705173268497944,1.6272768389147512
0.6030000000000655,2409,4.7060687685112885,1.6278442389232062
0.6030000000000655,2410,4.706963268524617,1.6284088389316191
0.6030000000000655,2411,4.707856768537932,1.6289706389399905
0.6030000000000655,2412,4.708749268551231,1.6295296389483207
0.6030000000000655,2413,4.709640768564515,1.6300858389566084
0.6030000000000655,2414,4.710531268577785,1.6306392389648547
0.6030000000000655,2415,4.711420768591039,1.6311898389730595
0.6030000000000655,2416,4.712309268604279,1.6317376389812224
0.6030000000000655,2417,4.713196768617504,1.6322826389893432
0.6030000000000655,2418,4.714083268630714,1.6328248389974227
0.6030000000000655,2419,4.714968768643908,1.6333642390054603
0.6030000000000655,2420,4.715853268657089,1.6339008390134566
0.6030000000000655,2421,4.716736768670254,1.6344346390214106
0.6030000000000655,2422,4.717619268683404,1.6349656390293235
0.6030000000000655,2423,4.71850076869654,1.635493839037194
0.6030000000000655,2424,4.719381268709659,1.636019239045023
0.6030000000000655,2425,4.720260768722765,1.6365418390528104
0.6030000000000655,2426,4.721139268735856,1.6370616390605561
0.6030000000000655,2427,4.722016768748932,1.6375786390682598
0.6030000000000655,2428,4.722893268761993,1.638092839075922
0.6030000000000655,2429,4.723768768775038,1.6386042390835425
0.6030000000000655,2430,4.7246432687880695,1.6391128390911214
0.6030000000000655,2431,4.725516768801086,1.6396186390986585
0.6030000000000655,2432,4.726389268814087,1.6401216391061535
0.6030000000000655,2433,4.727260768827073,1.640621839113607
0.6030000000000655,2434,4.728131268840045,1.6411192391210188
0.6030000000000655,2435,4.729000768853002,1.641613839128389
0.6030000000000655,2436,4.729869268865944,1.6421056391357174
0.6030000000000655,2437,4.73073676887887,1.6425946391430042
0.6030000000000655,2438,4.7316032688917815,1.6430808391502492
0.6030000000000655,2439,4.732468768904679,1.6435642391574523
0.6030000000000655,2440,4.733333268917561,1.6440448391646139
0.6030000000000655,2441,4.7341967689304285,1.6445226391717336
0.6030000000000655,2442,4.73505926894328,1.6449976391788117
0.6030000000000655,2443,4.735920768956118,1.645469839185848
0.6030000000000655,2444,4.73678126896894,1.6459392391928427
0.6030000000000655,2445,4.737640768981748,1.6464058391997956
0.6030000000000655,2446,4.73849926899454,1.6468696392067068
0.6030000000000655,2447,4.739356769007318,1.647330639213576
0.6030000000000655,2448,4.740213269020081,1.6477888392204036
0.6030000000000655,2449,4.741068769032829,1.6482442392271899
0.6030000000000655,2450,4.741923269045562,1.648696839233934
0.6030000000000655,2451,4.74277676905828,1.6491466392406366
0.6030000000000655,2452,4.743629269070984,1.6495936392472974
0.6030000000000655,2453,4.744480769083672,1.6500378392539163
0.6030000000000655,2454,4.745331269096345,1.650479239260494
0.6030000000000655,2455,4.746180769109003,1.6509178392670294
0.6030000000000655,2456,4.747029269121647,1.6513536392735235
0.6030000000000655,2457,4.747876769134276,1.6517866392799756
0.6030000000000655,2458,4.74872326914689,1.6522168392863863
0.6030000000000655,2459,4.749568769159488,1.652644239292755
0.6030000000000655,2460,4.750413269172073,1.6530688392990818
0.6030000000000655,2461,4.751256769184642,1.653490639305367
0.6030000000000655,2462,4.7520992691971955,1.6539096393116108
0.6030000000000655,2463,4.752940769209736,1.6543258393178126
0.6030000000000655,2464,4.75378126922226,1.6547392393239728
0.6030000000000655,2465,4.754620769234769,1.6551498393300912
0.6030000000000655,2466,4.755459269247265,1.655557639336168
0.6030000000000655,2467,4.756296769259744,1.6559626393422031
0.6030000000000655,2468,4.757133269272209,1.6563648393481962
0.6030000000000655,2469,4.757968769284659,1.6567642393541477
0.6030000000000655,2470,4.758803269297093,1.6571608393600574
0.6030000000000655,2471,4.759636769309513,1.6575546393659257
0.6030000000000655,2472,4.760469269321919,1.6579456393717518
0.6030000000000655,2473,4.761300769334309,1.6583338393775364
0.6030000000000655,2474,4.762131269346685,1.6587192393832795
0.6030000000000655,2475,4.762960769359045,1.6591018393889807
0.6030000000000655,2476,4.763789269371391,1.65948163939464
0.6030000000000655,2477,4.764616769383721,1.659858639400258
0.6030000000000655,2478,4.765443269396037,1.6602328394058339
0.6030000000000655,2479,4.766268769408338,1.660604239411368
0.6030000000000655,2480,4.767093269420624,1.6609728394168606
0.6030000000000655,2481,4.767916769432896,1.6613386394223117
0.6030000000000655,2482,4.768739269445152,1.6617016394277206
0.6030000000000655,2483,4.769560769457392,1.662061839433088
0.6030000000000655,2484,4.7703812694696195,1.6624192394384139
0.6030000000000655,2485,4.771200769481831,1.6627738394436977
0.6030000000000655,2486,4.772019269494026,1.66312563944894
0.6030000000000655,2487,4.772836769506209,1.6634746394541404
0.6030000000000655,2488,4.773653269518376,1.6638208394592993
0.6030000000000655,2489,4.774468769530528,1.6641642394644163
0.6030000000000655,2490,4.775283269542665,1.6645048394694915
0.6030000000000655,2491,4.776096769554787,1.6648426394745253
0.6030000000000655,2492,4.776909269566894,1.6651776394795172
0.6030000000000655,2493,4.777720769578987,1.6655098394844672
0.6030000000000655,2494,4.778531269591063,1.6658392394893755
0.6030000000000655,2495,4.779340769603126,1.6661658394942422
0.6030000000000655,2496,4.7801492696151735,1.6664896394990674
0.6030000000000655,2497,4.780956769627206,1.6668106395038507
0.6030000000000655,2498,4.7817632696392245,1.6671288395085924
0.6030000000000655,2499,4.782568769651227,1.667444239513292
0.6030000000000655,2500,4.783373269663215,1.66775683951795
0.6030000000000655,2501,4.784176769675189,1.6680666395225667
0.6030000000000655,2502,4.784979269687146,1.6683736395271411
0.6030000000000655,2503,4.78578076969909,1.6686778395316741
0.6030000000000655,2504,4.786581269711018,1.6689792395361653
0.6030000000000655,2505,4.786581269711018,1.6689792395361653
0.6030000000000655,2506,4.787380569722929,1.6692798395406445
0.6030000000000655,2507,4.788178469734818,1.669581639545142
0.6030000000000655,2508,4.788974969746687,1.669884639549657
0.6030000000000655,2509,4.789770069758536,1.6701888395541897
0.6030000000000655,2510,4.790563769770362,1.6704942395587405
0.6030000000000655,2511,4.791356069782169,1.6708008395633094
0.6030000000000655,2512,4.792146969793953,1.6711086395678958
0.6030000000000655,2513,4.792936469805717,1.6714176395725004
0.6030000000000655,2514,4.793724569817461,1.6717278395771225
0.6030000000000655,2515,4.794511269829184,1.6720392395817627
0.6030000000000655,2516,4.795296569840886,1.6723518395864208
0.6030000000000655,2517,4.796080469852567,1.6726656395910968
0.6030000000000655,2518,4.796862969864227,1.672980639595791
0.6030000000000655,2519,4.797644069875867,1.6732968396005026
0.6030000000000655,2520,4.798423769887485,1.673614239605232
0.6030000000000655,2521,4.799202069899082,1.67393283960998
0.6030000000000655,2522,4.799978969910659,1.6742526396147452
0.6030000000000655,2523,4.800754469922214,1.6745736396195283
0.6030000000000655,2524,4.801528569933749,1.6748958396243294
0.6030000000000655,2525,4.802301269945264,1.6752192396291485
0.6030000000000655,2526,4.803072569956757,1.6755438396339852
0.6030000000000655,2527,4.80384246996823,1.6758696396388402
0.6030000000000655,2528,4.804610969979682,1.6761966396437127
0.6030000000000655,2529,4.805378069991111,1.6765248396486034
0.6030000000000655,2530,4.806143770002522,1.6768542396535118
0.6030000000000655,2531,4.80690807001391,1.6771848396584381
0.6030000000000655,2532,4.807670970025279,1.6775166396633825
0.6030000000000655,2533,4.808432470036626,1.6778496396683444
0.6030000000000655,2534,4.809192570047953,1.6781838396733244
0.6030000000000655,2535,4.8099512700592575,1.6785192396783222
0.6030000000000655,2536,4.810708570070543,1.6788558396833377
0.6030000000000655,2537,4.811464470081806,1.6791936396883715
0.6030000000000655,2538,4.812218970093049,1.6795326396934231
0.6030000000000655,2539,4.81297207010427,1.6798728396984923
0.6030000000000655,2540,4.813723770115472,1.6802142397035797
0.6030000000000655,2541,4.814474070126653,1.6805568397086847
0.6030000000000655,2542,4.815222970137813,1.6809006397138082
0.6030000000000655,2543,4.815970470148952,1.6812456397189492
0.6030000000000655,2544,4.816716570160069,1.6815918397241079
0.6030000000000655,2545,4.817461270171165,1.6819392397292845
0.6030000000000655,2546,4.8182045701822425,1.682287839734479
0.6030000000000655,2547,4.818946470193297,1.6826376397396916
0.6030000000000655,2548,4.819686970204332,1.6829886397449219
0.6030000000000655,2549,4.820426070215345,1.6833408397501697
0.6030000000000655,2550,4.821163770226338,1.6836942397554362
0.6030000000000655,2551,4.82190007023731,1.68404883976072
0.6030000000000655,2552,4.82263497024826,1.6844046397660217
0.6030000000000655,2553,4.82336847025919,1.6847616397713416
0.6030000000000655,2554,4.824100570270099,1.685119839776679
0.6030000000000655,2555,4.8248312702809875,1.6854792397820346
0.6030000000000655,2556,4.825560570291855,1.6858398397874077
0.6030000000000655,2557,4.8262884703027025,1.6862016397927992
0.6030000000000655,2558,4.827014970313527,1.6865646397982081
0.6030000000000655,2559,4.8277400703243325,1.6869288398036353
0.6030000000000655,2560,4.828463770335117,1.6872942398090802
0.6030000000000655,2561,4.829186070345878,1.6876608398145427
0.6030000000000655,2562,4.829906970356621,1.6880286398200235
0.6030000000000655,2563,4.830626470367343,1.6883976398255223
0.6030000000000655,2564,4.831344570378043,1.6887678398310384
0.6030000000000655,2565,4.8320612703887225,1.6891392398365728
0.6030000000000655,2566,4.832776570399382,1.689511839842125
0.6030000000000655,2567,4.833490470410019,1.689885639847695
0.6030000000000655,2568,4.834202970420637,1.690260639853283
0.6030000000000655,2569,4.834914070431233,1.6906368398588887
0.6030000000000655,2570,4.835623770441808,1.6910142398645125
0.6030000000000655,2571,4.836332070452363,1.6913928398701539
0.6030000000000655,2572,4.8370389704628955,1.6917726398758135
0.6030000000000655,2573,4.8377444704734085,1.6921536398814907
0.6030000000000655,2574,4.838448570483901,1.692535839887186
0.6030000000000655,2575,4.839151270494371,1.692919239892899
0.6030000000000655,2576,4.839852570504822,1.69330383989863
0.6030000000000655,2577,4.840552470515251,1.693689639904379
0.6030000000000655,2578,4.8412509705256594,1.6940766399101457
0.6030000000000655,2579,4.841948070536048,1.6944648399159303
0.6030000000000655,2580,4.842643770546414,1.6948542399217328
0.6030000000000655,2581,4.843338070556761,1.6952448399275533
0.6030000000000655,2582,4.844030970567085,1.6956366399333915
0.6030000000000655,2583,4.8447224705773895,1.6960296399392476
0.6030000000000655,2584,4.845412570587673,1.6964238399451217
0.6030000000000655,2585,4.846101270597935,1.6968192399510134
0.6030000000000655,2586,4.846788570608177,1.6972158399569235
0.6030000000000655,2587,4.847474470618398,1.6976136399628512
0.6030000000000655,2588,4.848158970628597,1.6980126399687965
0.6030000000000655,2589,4.848842070638776,1.6984128399747602
0.6030000000000655,2590,4.849523770648934,1.6988142399807415
0.6030000000000655,2591,4.850204070659071,1.6992168399867404
0.6030000000000655,2592,4.850882970669188,1.6996206399927576
0.6030000000000655,2593,4.851560470679284,1.7000256399987932
0.6030000000000655,2594,4.852236570689358,1.700431840004846
0.6030000000000655,2595,4.852911270699413,1.7008392400109162
0.6030000000000655,2596,4.853584570709446,1.7012478400170052
0.6030000000000655,2597,4.8542564707194575,1.7016576400231118
0.6030000000000655,2598,4.854926970729449,1.702068640029236
0.6030000000000655,2599,4.855596070739418,1.7024808400353781
0.6030000000000655,2600,4.856263770749369,1.7028942400415386
0.6030000000000655,2601,4.856930070759298,1.7033088400477165
0.6030000000000655,2602,4.857594970769205,1.7037246400539123
0.6030000000000655,2603,4.858258470779092,1.7041416400601261
0.6030000000000655,2604,4.858920570788958,1.7045598400663577
0.6030000000000655,2605,4.859581270798804,1.7049792400726074
0.6030000000000655,2606,4.860240570808627,1.7053998400788748
0.6030000000000655,2607,4.86089847081843,1.7058216400851602
0.6030000000000655,2608,4.861554970828213,1.7062446400914633
0.6030000000000655,2609,4.862210070837975,1.7066688400977843
0.6030000000000655,2610,4.862863770847716,1.7070942401041234
0.6030000000000655,2611,4.863516070857436,1.7075208401104802
0.6030000000000655,2612,4.864166970867135,1.7079486401168547
0.6030000000000655,2613,4.864816470876813,1.7083776401232473
0.6030000000000655,2614,4.865464570886471,1.7088078401296578
0.6030000000000655,2615,4.866111270896108,1.709239240136086
0.6030000000000655,2616,4.866756570905723,1.7096718401425326
0.6030000000000655,2617,4.867400470915318,1.7101056401489965
0.6030000000000655,2618,4.868042970924892,1.7105406401554786
0.6030000000000655,2619,4.868684070934445,1.7109768401619785
0.6030000000000655,2620,4.869323770943977,1.7114142401684962
0.6030000000000655,2621,4.869962070953489,1.7118528401750317
0.6030000000000655,2622,4.87059897096298,1.7122926401815852
0.6030000000000655,2623,4.871234470972449,1.7127336401881568
0.6030000000000655,2624,4.871868570981898,1.7131758401947461
0.6030000000000655,2625,4.872501270991326,1.7136192402013533
0.6030000000000655,2626,4.873132571000733,1.7140638402079782
0.6030000000000655,2627,4.873762471010119,1.7145096402146212
0.6030000000000655,2628,4.874390971019484,1.7149566402212821
0.6030000000000655,2629,4.875018071028829,1.7154048402279607
0.6030000000000655,2630,4.8756437710381535,1.7158542402346573
0.6030000000000655,2631,4.876268071047455,1.7163048402413719
0.6030000000000655,2632,4.876890971056738,1.716756640248104
0.6030000000000655,2633,4.877512471065998,1.7172096402548542
0.6030000000000655,2634,4.878132571075238,1.7176638402616222
0.6030000000000655,2635,4.878751271084457,1.7181192402684082
0.6030000000000655,2636,4.879368571093656,1.7185758402752123
0.6030000000000655,2637,4.8799844711028335,1.719033640282034
0.6030000000000655,2638,4.880598971111991,1.7194926402888737
0.6030000000000655,2639,4.881212071121126,1.7199528402957311
0.6030000000000655,2640,4.881823771130242,1.7204142403026066
0.6030000000000655,2641,4.882434071139336,1.7208768403095
0.6030000000000655,2642,4.883042971148409,1.7213406403164113
0.6030000000000655,2643,4.883650471157462,1.7218056403233402
0.6030000000000655,2644,4.884256571166493,1.722271840330287
0.6030000000000655,2645,4.884861271175504,1.7227392403372517
0.6030000000000655,2646,4.885464571184493,1.7232078403442346
0.6030000000000655,2647,4.886066471193463,1.7236776403512353
0.6030000000000655,2648,4.886666971202411,1.7241486403582533
0.6030000000000655,2649,4.887266071211339,1.7246208403652896
0.6030000000000655,2650,4.887863771220244,1.725094240372344
0.6030000000000655,2651,4.8884600712291295,1.7255688403794158
0.6030000000000655,2652,4.889054971237995,1.7260446403865057
0.6030000000000655,2653,4.889648471246839,1.7265216403936137
0.6030000000000655,2654,4.890240571255661,1.7269998404007396
0.6030000000000655,2655,4.890831271264464,1.7274792404078831
0.6030000000000655,2656,4.891420571273245,1.7279598404150445
0.6030000000000655,2657,4.892008471282005,1.728441640422224
0.6030000000000655,2658,4.892594971290745,1.7289246404294212
0.6030000000000655,2659,4.893180071299463,1.7294088404366363
0.6030000000000655,2660,4.893763771308162,1.729894240443869
0.6030000000000655,2661,4.894346071316838,1.7303808404511203
0.6030000000000655,2662,4.894926971325494,1.730868640458389
0.6030000000000655,2663,4.895506471334129,1.7313576404656756
0.6030000000000655,2664,4.896084571342745,1.7318478404729805
0.6030000000000655,2665,4.896661271351337,1.7323392404803026
0.6030000000000655,2666,4.89723657135991,1.732831840487643
0.6030000000000655,2667,4.897810471368461,1.7333256404950015
0.6030000000000655,2668,4.898382971376992,1.7338206405023773
0.6030000000000655,2669,4.898954071385502,1.7343168405097713
0.6030000000000655,2670,4.8995237713939925,1.7348142405171834
0.6030000000000655,2671,4.900092071402461,1.735312840524613
0.6030000000000655,2672,4.900658971410907,1.7358126405320604
0.6030000000000655,2673,4.901224471419334,1.7363136405395259
0.6030000000000655,2674,4.9017885714277405,1.7368158405470093
0.6030000000000655,2675,4.902351271436125,1.7373192405545104
0.6030000000000655,2676,4.902912571444489,1.7378238405620297
0.6030000000000655,2677,4.903472471452832,1.7383296405695667
0.6030000000000655,2678,4.904030971461154,1.7388366405771216
0.6030000000000655,2679,4.904588071469456,1.7393448405846943
0.6030000000000655,2680,4.905143771477737,1.7398542405922848
0.6030000000000655,2681,4.905698071485996,1.7403648405998937
0.6030000000000655,2682,4.906250971494235,1.74087664060752
0.6030000000000655,2683,4.906802471502454,1.7413896406151643
0.6030000000000655,2684,4.907352571510651,1.7419038406228267
0.6030000000000655,2685,4.907901271518828,1.7424192406305066
0.6030000000000655,2686,4.908448571526982,1.7429358406382045
0.6030000000000655,2687,4.908994471535117,1.7434536406459205
0.6030000000000655,2688,4.90953897154323,1.743972640653654
0.6030000000000655,2689,4.910082071551323,1.7444928406614055
0.6030000000000655,2690,4.910623771559395,1.745014240669175
0.6030000000000655,2691,4.911164071567446,1.7455368406769622
0.6030000000000655,2692,4.911702971575477,1.7460606406847676
0.6030000000000655,2693,4.912240471583487,1.7465856406925908
0.6030000000000655,2694,4.912776571591475,1.7471118407004318
0.6030000000000655,2695,4.913311271599442,1.7476392407082908
0.6030000000000655,2696,4.913844571607389,1.7481678407161674
0.6030000000000655,2697,4.914376471615315,1.7486976407240622
0.6030000000000655,2698,4.91490697162322,1.7492286407319746
0.6030000000000655,2699,4.915436071631104,1.7497608407399048
0.6030000000000655,2700,4.9159637716389675,1.7502942407478532
0.6030000000000655,2701,4.91649007164681,1.7508288407558195
0.6030000000000655,2702,4.9170149716546305,1.7513646407638035
0.6030000000000655,2703,4.917538471662432,1.7519016407718055
0.6030000000000655,2704,4.918060571670212,1.7524398407798252
0.6030000000000655,2705,4.918581271677971,1.7529792407878628
0.6030000000000655,2706,4.919100571685709,1.7535198407959185
0.6030000000000655,2707,4.919618471693426,1.754061640803992
0.6030000000000655,2708,4.920134971701123,1.7546046408120834
0.6030000000000655,2709,4.920650071708799,1.7551488408201923
0.6030000000000655,2710,4.921163771716454,1.7556942408283194
0.6030000000000655,2711,4.921676071724087,1.7562408408364645
0.6030000000000655,2712,4.9221869717317,1.7567886408446274
0.6030000000000655,2713,4.922696471739292,1.757337640852808
0.6030000000000655,2714,4.923204571746864,1.7578878408610068
0.6030000000000655,2715,4.9237112717544145,1.7584392408692235
0.6030000000000655,2716,4.924216571761945,1.7589918408774579
0.6030000000000655,2717,4.9247204717694535,1.75954564088571
0.6030000000000655,2718,4.9252229717769405,1.7601006408939803
0.6030000000000655,2719,4.925724071784408,1.760656840902268
0.6030000000000655,2720,4.926223771791854,1.761214240910574
0.6030000000000655,2721,4.926722071799279,1.761772840918898
0.6030000000000655,2722,4.927218971806684,1.7623326409272395
0.6030000000000655,2723,4.927714471814067,1.762893640935599
0.6030000000000655,2724,4.928208571821429,1.7634558409439767
0.6030000000000655,2725,4.928701271828771,1.7640192409523718
0.6030000000000655,2726,4.929192571836092,1.7645838409607852
0.6030000000000655,2727,4.9296824718433925,1.7651496409692162
0.6030000000000655,2728,4.930170971850671,1.765716640977665
0.6030000000000655,2729,4.93065807185793,1.766284840986132
0.6030000000000655,2730,4.931143771865168,1.7668542409946166
0.6030000000000655,2731,4.931628071872384,1.7674248410031193
0.6030000000000655,2732,4.932110971879579,1.76799664101164
0.6030000000000655,2733,4.932592471886755,1.768569641020178
0.6030000000000655,2734,4.933072571893909,1.7691438410287343
0.6030000000000655,2735,4.933551271901043,1.7697192410373086
0.6030000000000655,2736,4.934028571908154,1.7702958410459007
0.6030000000000655,2737,4.934504471915246,1.7708736410545105
0.6030000000000655,2738,4.934978971922317,1.7714526410631382
0.6030000000000655,2739,4.935452071929367,1.772032841071784
0.6030000000000655,2740,4.9359237719363955,1.7726142410804473
0.6030000000000655,2741,4.936394071943403,1.773196841089129
0.6030000000000655,2742,4.93686297195039,1.773780641097828
0.6030000000000655,2743,4.937330471957357,1.7743656411065454
0.6030000000000655,2744,4.937796571964302,1.7749518411152803
0.6030000000000655,2745,4.938261271971227,1.775539241124033
0.6030000000000655,2746,4.93872457197813,1.7761278411328039
0.6030000000000655,2747,4.939186471985012,1.7767176411415926
0.6030000000000655,2748,4.939646971991874,1.777308641150399
0.6030000000000655,2749,4.9401060719987155,1.7779008411592236
0.6030000000000655,2750,4.940563772005536,1.778494241168066
0.6030000000000655,2751,4.941020072012336,1.7790888411769261
0.6030000000000655,2752,4.941474972019114,1.7796846411858043
0.6030000000000655,2753,4.941928472025872,1.7802816411947004
0.6030000000000655,2754,4.942380572032608,1.780879841203614
0.6030000000000655,2755,4.942831272039324,1.781479241212546
0.6030000000000655,2756,4.943280572046019,1.7820798412214955
0.6030000000000655,2757,4.943728472052694,1.7826816412304631
0.6030000000000655,2758,4.944174972059347,1.7832846412394483
0.6030000000000655,2759,4.944620072065979,1.7838888412484517
0.6030000000000655,2760,4.945063772072591,1.7844942412574727
0.6030000000000655,2761,4.945506072079182,1.785100841266512
0.6030000000000655,2762,4.945946972085752,1.7857086412755687
0.6030000000000655,2763,4.946386472092301,1.7863176412846438
0.6030000000000655,2764,4.946824572098829,1.7869278412937364
0.6030000000000655,2765,4.947261272105337,1.787539241302847
0.6030000000000655,2766,4.9476965721118225,1.7881518413119755
0.6030000000000655,2767,4.948130472118288,1.788765641321122
0.6030000000000655,2768,4.9485629721247335,1.7893806413302857
0.6030000000000655,2769,4.948994072131158,1.7899968413394682
0.6030000000000655,2770,4.9494237721375605,1.790614241348668
0.6030000000000655,2771,4.949852072143942,1.791232841357886
0.6030000000000655,2772,4.950278972150304,1.7918526413671216
0.6030000000000655,2773,4.950704472156644,1.7924736413763753
0.6030000000000655,2774,4.951128572162964,1.793095841385647
0.6030000000000655,2775,4.9515512721692625,1.7937192413949363
0.6030000000000655,2776,4.95197257217554,1.7943438414042432
0.6030000000000655,2777,4.952392472181797,1.7949696414135685
0.6030000000000655,2778,4.952810972188034,1.7955966414229116
0.6030000000000655,2779,4.953228072194249,1.7962248414322728
0.6030000000000655,2780,4.953643772200444,1.7968542414416513
0.6030000000000655,2781,4.9540580722066165,1.797484841451048
0.6030000000000655,2782,4.9544709722127696,1.7981166414604628
0.6030000000000655,2783,4.954882472218902,1.7987496414698951
0.6030000000000655,2784,4.955292572225012,1.7993838414793455
0.6030000000000655,2785,4.955701272231103,1.8000192414888136
0.6030000000000655,2786,4.956108572237172,1.8006558414982996
0.6030000000000655,2787,4.95651447224322,1.8012936415078034
0.6030000000000655,2788,4.956918972249248,1.8019326415173254
0.6030000000000655,2789,4.957322072255255,1.8025728415268651
0.6030000000000655,2790,4.9577237722612395,1.8032142415364227
0.6030000000000655,2791,4.958124072267204,1.8038568415459981
0.6030000000000655,2792,4.958522972273149,1.8045006415555918
0.6030000000000655,2793,4.958920472279072,1.8051456415652027
0.6030000000000655,2794,4.959316572284974,1.8057918415748317
0.6030000000000655,2795,4.959711272290856,1.806439241584479
0.6030000000000655,2796,4.960104572296717,1.807087841594144
0.6030000000000655,2797,4.960496472302556,1.8077376416038264
0.6030000000000655,2798,4.9608869723083755,1.808388641613527
0.6030000000000655,2799,4.961276072314173,1.8090408416232457
0.6030000000000655,2800,4.961663772319951,1.8096942416329822
0.6030000000000655,2801,4.962050072325707,1.8103488416427365
0.6030000000000655,2802,4.962434972331443,1.811004641652509
0.6030000000000655,2803,4.9628184723371565,1.8116616416622988
0.6030000000000655,2804,4.963200572342851,1.8123198416721067
0.6030000000000655,2805,4.963581272348524,1.8129792416819324
0.6030000000000655,2806,4.963960572354175,1.813639841691776
0.6030000000000655,2807,4.964338472359806,1.8143016417016378
0.6030000000000655,2808,4.964714972365417,1.814964641711517
0.6030000000000655,2809,4.965090072371007,1.8156288417214148
0.6030000000000655,2810,4.965463772376575,1.8162942417313297
0.6030000000000655,2811,4.965836072382123,1.8169608417412628
0.6030000000000655,2812,4.966206972387649,1.817628641751214
0.6030000000000655,2813,4.966576472393156,1.8182976417611831
0.6030000000000655,2814,4.96694457239864,1.8189678417711694
0.6030000000000655,2815,4.967311272404105,1.8196392417811742
0.6030000000000655,2816,4.967676572409548,1.8203118417911968
0.6030000000000655,2817,4.9680404724149705,1.8209856418012373
0.6030000000000655,2818,4.968402972420372,1.8216606418112955
0.6030000000000655,2819,4.968764072425753,1.8223368418213717
0.6030000000000655,2820,4.969123772431113,1.8230142418314657
0.6030000000000655,2821,4.969482072436453,1.8236928418415776
0.6030000000000655,2822,4.969838972441771,1.8243726418517074
0.6030000000000655,2823,4.9701944724470675,1.825053641861855
0.6030000000000655,2824,4.970548572452344,1.8257358418720206
0.6030000000000655,2825,4.9709012724576,1.826419241882204
0.6030000000000655,2826,4.971252572462834,1.8271038418924055
0.6030000000000655,2827,4.971602472468049,1.827789641902625
0.6030000000000655,2828,4.971950972473241,1.8284766419128617
0.6030000000000655,2829,4.972298072478414,1.8291648419231166
0.6030000000000655,2830,4.972643772483565,1.8298542419333896
0.6030000000000655,2831,4.972988072488695,1.8305448419436803
0.6030000000000655,2832,4.973330972493805,1.8312366419539892
0.6030000000000655,2833,4.973672472498894,1.8319296419643156
0.6030000000000655,2834,4.974012572503962,1.8326238419746599
0.6030000000000655,2835,4.9743512725090095,1.8333192419850222
0.6030000000000655,2836,4.974688572514035,1.8340158419954022
0.6030000000000655,2837,4.97502447251904,1.8347136420058006
0.6030000000000655,2838,4.975358972524025,1.8354126420162165
0.6030000000000655,2839,4.9756920725289895,1.8361128420266501
0.6030000000000655,2840,4.976023772533932,1.8368142420371019
0.6030000000000655,2841,4.976354072538853,1.8375168420475712
0.6030000000000655,2842,4.976682972543754,1.8382206420580587
0.6030000000000655,2843,4.977010472548635,1.8389256420685642
0.6030000000000655,2844,4.977336572553494,1.8396318420790871
0.6030000000000655,2845,4.977661272558332,1.8403392420896285
0.6030000000000655,2846,4.97798457256315,1.8410478421001875
0.6030000000000655,2847,4.978306472567946,1.841757642110764
0.6030000000000655,2848,4.978626972572722,1.842468642121359
0.6030000000000655,2849,4.978946072577477,1.8431808421319715
0.6030000000000655,2850,4.979263772582211,1.843894242142602
0.6030000000000655,2851,4.9795800725869235,1.8446088421532503
0.6030000000000655,2852,4.979894972591616,1.8453246421639165
0.6030000000000655,2853,4.980208472596288,1.8460416421746006
0.6030000000000655,2854,4.9805205726009385,1.8467598421853029
0.6030000000000655,2855,4.980831272605569,1.8474792421960227
0.6030000000000655,2856,4.981140572610177,1.8481998422067605
0.6030000000000655,2857,4.981448472614765,1.8489216422175159
0.6030000000000655,2858,4.981754972619333,1.8496446422282897
0.6030000000000655,2859,4.982060072623879,1.850368842239081
0.6030000000000655,2860,4.982363772628405,1.8510942422498906
0.6030000000000655,2861,4.9826660726329095,1.8518208422607176
0.6030000000000655,2862,4.982966972637392,1.8525486422715625
0.6030000000000655,2863,4.983266472641857,1.8532776422824258
0.6030000000000655,2864,4.983564572646298,1.8540078422933064
0.6030000000000655,2865,4.983861272650719,1.854739242304205
0.6030000000000655,2866,4.984156572655119,1.8554718423151217
0.6030000000000655,2867,4.984450472659498,1.856205642326056
0.6030000000000655,2868,4.984742972663858,1.8569406423370085
0.6030000000000655,2869,4.985034072668196,1.8576768423479788
0.6030000000000655,2870,4.985323772672512,1.858414242358967
0.6030000000000655,2871,4.985612072676808,1.8591528423699728
0.6030000000000655,2872,4.985898972681083,1.8598926423809967
0.6030000000000655,2873,4.986184472685338,1.8606336423920384
0.6030000000000655,2874,4.986468572689571,1.8613758424030982
0.6030000000000655,2875,4.986751272693784,1.8621192424141757
0.6030000000000655,2876,4.9870325726979745,1.8628638424252708
0.6030000000000655,2877,4.987312472702146,1.8636096424363844
0.6030000000000655,2878,4.987590972706296,1.8643566424475155
0.6030000000000655,2879,4.987868072710425,1.8651048424586645
0.6030000000000655,2880,4.988143772714533,1.8658542424698314
0.6030000000000655,2881,4.988418072718621,1.8666048424810162
0.6030000000000655,2882,4.988690972722687,1.867356642492219
0.6030000000000655,2883,4.988962472726733,1.8681096425034398
0.6030000000000655,2884,4.989232572730757,1.868863842514678
0.6030000000000655,2885,4.989501272734762,1.8696192425259344
0.6030000000000655,2886,4.989768572738745,1.8703758425372086
0.6030000000000655,2887,4.990034472742707,1.8711336425485006
0.6030000000000655,2888,4.990298972746649,1.8718926425598106
0.6030000000000655,2889,4.990562072750569,1.8726528425711386
0.6030000000000655,2890,4.990823772754468,1.8734142425824842
0.6030000000000655,2891,4.991084072758348,1.8741768425938479
0.6030000000000655,2892,4.991342972762205,1.8749406426052293
0.6030000000000655,2893,4.991600472766042,1.8757056426166288
0.6030000000000655,2894,4.9918565727698585,1.876471842628046
0.6030000000000655,2895,4.992111272773654,1.8772392426394813
0.6030000000000655,2896,4.9923645727774275,1.8780078426509343
0.6030000000000655,2897,4.992616472781182,1.8787776426624054
0.6030000000000655,2898,4.992866972784914,1.8795486426738939
0.6030000000000655,2899,4.993116072788626,1.8803208426854008
0.6030000000000655,2900,4.993363772792318,1.8810942426969253
0.6030000000000655,2901,4.993610072795987,1.8818688427084675
0.6030000000000655,2902,4.993854972799637,1.882644642720028
0.6030000000000655,2903,4.994098472803265,1.8834216427316062
0.6030000000000655,2904,4.994340572806872,1.884199842743202
0.6030000000000655,2905,4.99458127281046,1.8849792427548162
0.6030000000000655,2906,4.994820572814025,1.8857598427664484
0.6030000000000655,2907,4.99505847281757,1.8865416427780977
0.6030000000000655,2908,4.995294972821094,1.8873246427897654
0.6030000000000655,2909,4.9955300728245975,1.888108842801451
0.6030000000000655,2910,4.99576377282808,1.888894242813154
0.6030000000000655,2911,4.995996072831542,1.8896808428248755
0.6030000000000655,2912,4.996226972834982,1.8904686428366144
0.6030000000000655,2913,4.996456472838402,1.8912576428483716
0.6030000000000655,2914,4.996684572841801,1.8920478428601464
0.6030000000000655,2915,4.996911272845179,1.8928392428719394
0.6030000000000655,2916,4.997136572848536,1.8936318428837497
0.6030000000000655,2917,4.997360472851873,1.8944256428955786
0.6030000000000655,2918,4.997582972855189,1.8952206429074248
0.6030000000000655,2919,4.997804072858483,1.896016842919289
0.6030000000000655,2920,4.998023772861757,1.8968142429311712
0.6030000000000655,2921,4.99824207286501,1.8976128429430714
0.6030000000000655,2922,4.998458972868241,1.8984126429549895
0.6030000000000655,2923,4.998674472871453,1.8992136429669255
0.6030000000000655,2924,4.998888572874644,1.900015842978879
0.6030000000000655,2925,4.999101272877812,1.9008192429908504
0.6030000000000655,2926,4.999312572880961,1.9016238430028398
0.6030000000000655,2927,4.999522472884089,1.9024296430148475
0.6030000000000655,2928,4.999730972887195,1.9032366430268723
0.6030000000000655,2929,4.999938072890282,1.9040448430389159
0.6030000000000655,2930,5.000143772893347,1.9048542430509765
0.6030000000000655,2931,5.000348072896392,1.9056648430630556
0.6030000000000655,2932,5.000550972899415,1.9064766430751523
0.6030000000000655,2933,5.000752472902417,1.9072896430872668
0.6030000000000655,2934,5.000952572905399,1.9081038430993993
0.6030000000000655,2935,5.00115127290836,1.9089192431115498
0.6030000000000655,2936,5.0013485729113,1.909735843123718
0.6030000000000655,2937,5.001544472914219,1.9105536431359043
0.6030000000000655,2938,5.001738972917117,1.9113726431481084
0.6030000000000655,2939,5.001932072919995,1.9121928431603306
0.6030000000000655,2940,5.002123772922851,1.9130142431725703
0.6030000000000655,2941,5.002314072925687,1.9138368431848278
0.6030000000000655,2942,5.002502972928502,1.9146606431971034
0.6030000000000655,2943,5.002690472931295,1.9154856432093967
0.6030000000000655,2944,5.002876572934069,1.9163118432217083
0.6030000000000655,2945,5.003061272936821,1.9171392432340373
0.6030000000000655,2946,5.003244572939553,1.9179678432463847
0.6030000000000655,2947,5.003426472942263,1.9187976432587497
0.6030000000000655,2948,5.003606972944953,1.9196286432711325
0.6030000000000655,2949,5.003786072947622,1.9204608432835333
0.6030000000000655,2950,5.00396377295027,1.9212942432959519
0.6030000000000655,2951,5.004140072952897,1.9221288433083883
0.6030000000000655,2952,5.004314972955503,1.9229646433208427
0.6030000000000655,2953,5.004488472958088,1.9238016433333152
0.6030000000000655,2954,5.004660572960653,1.9246398433458052
0.6030000000000655,2955,5.004831272963196,1.9254792433583132
0.6030000000000655,2956,5.005000572965718,1.926319843370839
0.6030000000000655,2957,5.00516847296822,1.927161643383383
0.6030000000000655,2958,5.005334972970702,1.9280046433959446
0.6030000000000655,2959,5.005500072973162,1.9288488434085242
0.6030000000000655,2960,5.005663772975601,1.9296942434211215
0.6030000000000655,2961,5.005826072978021,1.930540843433737
0.6030000000000655,2962,5.005986972980418,1.93138864344637
0.6030000000000655,2963,5.006146472982794,1.9322376434590212
0.6030000000000655,2964,5.00630457298515,1.93308784347169
0.6030000000000655,2965,5.006461272987486,1.933939243484377
0.6030000000000655,2966,5.006616572989799,1.9347918434970817
0.6030000000000655,2967,5.006770472992093,1.9356456435098044
0.6030000000000655,2968,5.006922972994365,1.936500643522545
0.6030000000000655,2969,5.007074072996616,1.9373568435353032
0.6030000000000655,2970,5.007223772998848,1.9382142435480794
0.6030000000000655,2971,5.007372073001057,1.9390728435608735
0.6030000000000655,2972,5.007518973003247,1.9399326435736857
0.6030000000000655,2973,5.0076644730054145,1.9407936435865154
0.6030000000000655,2974,5.007808573007561,1.9416558435993634
0.6030000000000655,2975,5.007951273009688,1.9425192436122292
0.6030000000000655,2976,5.008092573011794,1.9433838436251125
0.6030000000000655,2977,5.008232473013878,1.9442496436380141
0.6030000000000655,2978,5.008370973015942,1.9451166436509333
0.6030000000000655,2979,5.008508073017985,1.9459848436638705
0.6030000000000655,2980,5.008643773020007,1.9468542436768255
0.6030000000000655,2981,5.0087780730220075,1.9477248436897985
0.6030000000000655,2982,5.008910973023989,1.9485966437027893
0.6030000000000655,2983,5.009042473025948,1.9494696437157981
0.6030000000000655,2984,5.009172573027887,1.9503438437288247
0.6030000000000655,2985,5.009301273029805,1.951219243741869
0.6030000000000655,2986,5.009428573031701,1.9520958437549314
0.6030000000000655,2987,5.009554473033577,1.9529736437680116
0.6030000000000655,2988,5.009678973035433,1.9538526437811097
0.6030000000000655,2989,5.009802073037267,1.954732843794226
0.6030000000000655,2990,5.00992377303908,1.9556142438073596
0.6030000000000655,2991,5.0100440730408735,1.9564968438205115
0.6030000000000655,2992,5.010162973042645,1.9573806438336812
0.6030000000000655,2993,5.010280473044396,1.9582656438468686
0.6030000000000655,2994,5.010396573046126,1.9591518438600741
0.6030000000000655,2995,5.010511273047834,1.9600392438732972
0.6030000000000655,2996,5.010624573049523,1.9609278438865383
0.6030000000000655,2997,5.010736473051191,1.9618176438997974
0.6030000000000655,2998,5.010846973052837,1.9627086439130743
0.6030000000000655,2999,5.010956073054463,1.9636008439263692
0.6030000000000655,3000,5.011063773056068,1.964494243939682
0.6030000000000655,3001,5.011170073057651,1.9653888439530125
0.6030000000000655,3002,5.011274973059215,1.966284643966361
0.6030000000000655,3003,5.011378473060757,1.9671816439797274
0.6030000000000655,3004,5.011480573062279,1.9680798439931118
0.6030000000000655,3005,5.011581273063779,1.9689792440065137
0.6030000000000655,3006,5.011581273063779,1.9689792440065137
0.6030000000000655,3007,5.011683073065296,1.9698797440199323
0.6030000000000655,3008,5.011788473066868,1.9707812440333656
0.6030000000000655,3009,5.01189747306849,1.971683744046814
0.6030000000000655,3010,5.012010073070168,1.9725872440602772
0.6030000000000655,3011,5.0121262730719005,1.973491744073755
0.6030000000000655,3012,5.012246073073686,1.9743972440872481
0.6030000000000655,3013,5.012369473075523,1.975303744100756
0.6030000000000655,3014,5.012496473077416,1.9762112441142787
0.6030000000000655,3015,5.012627073079362,1.9771197441278163
0.6030000000000655,3016,5.012761273081362,1.978029244141369
0.6030000000000655,3017,5.012899073083417,1.9789397441549366
0.6030000000000655,3018,5.013040473085523,1.9798512441685192
0.6030000000000655,3019,5.013185473087684,1.9807637441821164
0.6030000000000655,3020,5.013334073089898,1.9816772441957287
0.6030000000000655,3021,5.013486273092166,1.9825917442093555
0.6030000000000655,3022,5.013642073094488,1.9835072442229977
0.6030000000000655,3023,5.013801473096862,1.9844237442366546
0.6030000000000655,3024,5.013964473099291,1.9853412442503264
0.6030000000000655,3025,5.014131073101773,1.986259744264013
0.6030000000000655,3026,5.01430127310431,1.9871792442777148
0.6030000000000655,3027,5.0144750731069,1.9880997442914312
0.6030000000000655,3028,5.014652473109543,1.9890212443051627
0.6030000000000655,3029,5.014833473112241,1.989943744318909
0.6030000000000655,3030,5.015018073114991,1.99086724433267
0.6030000000000655,3031,5.015206273117796,1.9917917443464463
0.6030000000000655,3032,5.015398073120654,1.9927172443602372
0.6030000000000655,3033,5.015593473123565,1.9936437443740431
0.6030000000000655,3034,5.015792473126531,1.9945712443878643
0.6030000000000655,3035,5.01599507312955,1.9954997444016997
0.6030000000000655,3036,5.016201273132622,1.9964292444155505
0.6030000000000655,3037,5.016411073135748,1.997359744429416
0.6030000000000655,3038,5.016624473138927,1.9982912444432963
0.6030000000000655,3039,5.016841473142161,1.9992237444571919
0.6030000000000655,3040,5.017062073145449,2.0001572444711018
0.6030000000000655,3041,5.01728627314879,2.0010917444850267
0.6030000000000655,3042,5.017514073152184,2.002027244498967
0.6030000000000655,3043,5.017745473155634,2.0029637445129223
0.6030000000000655,3044,5.0179804731591355,2.003901244526892
0.6030000000000655,3045,5.01821907316269,2.004839744540877
0.6030000000000655,3046,5.0184612731663,2.0057792445548768
0.6030000000000655,3047,5.018707073169963,2.006719744568891
0.6030000000000655,3048,5.018956473173678,2.0076612445829207
0.6030000000000655,3049,5.019209473177448,2.008603744596965
0.6030000000000655,3050,5.019466073181272,2.009547244611024
0.6030000000000655,3051,5.0197262731851495,2.010491744625098
0.6030000000000655,3052,5.0199900731890805,2.0114372446391875
0.6030000000000655,3053,5.020257473193065,2.0123837446532913
0.6030000000000655,3054,5.0205284731971025,2.0133312446674103
0.6030000000000655,3055,5.020803073201194,2.0142797446815437
0.6030000000000655,3056,5.021081273205341,2.0152292446956928
0.6030000000000655,3057,5.021363073209541,2.016179744709856
0.6030000000000655,3058,5.0216484732137925,2.017131244724035
0.6030000000000655,3059,5.021937473218099,2.018083744738228
0.6030000000000655,3060,5.02223007322246,2.019037244752436
0.6030000000000655,3061,5.022526273226872,2.019991744766659
0.6030000000000655,3062,5.02282607323134,2.0209472447808974
0.6030000000000655,3063,5.023129473235862,2.0219037447951504
0.6030000000000655,3064,5.0234364732404355,2.0228612448094183
0.6030000000000655,3065,5.023747073245064,2.023819744823701
0.6030000000000655,3066,5.024061273249746,2.0247792448379984
0.6030000000000655,3067,5.024379073254481,2.025739744852311
0.6030000000000655,3068,5.02470047325927,2.0267012448666386
0.6030000000000655,3069,5.0250254732641135,2.027663744880981
0.6030000000000655,3070,5.02535407326901,2.028627244895338
0.6030000000000655,3071,5.02568627327396,2.0295917449097103
0.6030000000000655,3072,5.026022073278964,2.030557244924098
0.6030000000000655,3073,5.0263614732840205,2.0315237449384993
0.6030000000000655,3074,5.026704473289132,2.032491244952916
0.6030000000000655,3075,5.027051073294297,2.033459744967348
0.6030000000000655,3076,5.027401273299516,2.0344292449817942
0.6030000000000655,3077,5.027755073304787,2.035399744996256
0.6030000000000655,3078,5.028112473310113,2.0363712450107325
0.6030000000000655,3079,5.0284734733154925,2.0373437450252236
0.6030000000000655,3080,5.028838073320925,2.0383172450397304
0.6030000000000655,3081,5.029206273326412,2.0392917450542516
0.6030000000000655,3082,5.029578073331952,2.0402672450687875
0.6030000000000655,3083,5.029953473337546,2.0412437450833383
0.6030000000000655,3084,5.0303324733431936,2.0422212450979047
0.6030000000000655,3085,5.030715073348894,2.043199745112485
0.6030000000000655,3086,5.03110127335465,2.0441792451270806
0.6030000000000655,3087,5.031491073360458,2.0451597451416914
0.6030000000000655,3088,5.03188447336632,2.046141245156317
0.6030000000000655,3089,5.032281473372236,2.0471237451709574
0.6030000000000655,3090,5.032682073378205,2.0481072451856126
0.6030000000000655,3091,5.033086273384229,2.049091745200283
0.6030000000000655,3092,5.0334940733903055,2.050077245214968
0.6030000000000655,3093,5.033905473396435,2.051063745229668
0.6030000000000655,3094,5.03432047340262,2.052051245244383
0.6030000000000655,3095,5.034739073408858,2.0530397452591127
0.6030000000000655,3096,5.035161273415149,2.0540292452738576
0.6030000000000655,3097,5.035587073421494,2.055019745288617
0.6030000000000655,3098,5.036016473427892,2.0560112453033916
0.6030000000000655,3099,5.036449473434345,2.0570037453181813
0.6030000000000655,3100,5.036886073440851,2.0579972453329853
0.6030000000000655,3101,5.037326273447411,2.058991745347805
0.6030000000000655,3102,5.037770073454023,2.059987245362639
0.6030000000000655,3103,5.03821747346069,2.060983745377488
0.6030000000000655,3104,5.0386684734674105,2.0619812453923516
0.6030000000000655,3105,5.039123073474186,2.062979745407231
0.6030000000000655,3106,5.039581273481013,2.0639792454221246
0.6030000000000655,3107,5.040043073487893,2.064979745437033
0.6030000000000655,3108,5.040508473494828,2.0659812454519564
0.6030000000000655,3109,5.040977473501817,2.066983745466895
0.6030000000000655,3110,5.041450073508859,2.067987245481848
0.6030000000000655,3111,5.041926273515955,2.0689917454968163
0.6030000000000655,3112,5.042406073523105,2.0699972455117996
0.6030000000000655,3113,5.042889473530307,2.0710037455267973
0.6030000000000655,3114,5.043376473537565,2.0720112455418103
0.6030000000000655,3115,5.043867073544876,2.073019745556838
0.6030000000000655,3116,5.04436127355224,2.0740292455718805
0.6030000000000655,3117,5.044859073559657,2.0750397455869383
0.6030000000000655,3118,5.045360473567129,2.076051245602011
0.6030000000000655,3119,5.045865473574654,2.0770637456170986
0.6030000000000655,3120,5.046374073582232,2.0780772456322008
0.6030000000000655,3121,5.046886273589865,2.0790917456473177
0.6030000000000655,3122,5.047402073597551,2.08010724566245
0.6030000000000655,3123,5.047921473605291,2.081123745677597
0.6030000000000655,3124,5.048444473613084,2.082141245692759
0.6030000000000655,3125,5.0489710736209314,2.083159745707936
0.6030000000000655,3126,5.049501273628831,2.0841792457231274
0.6030000000000655,3127,5.050035073636785,2.085199745738334
0.6030000000000655,3128,5.0505724736447934,2.086221245753556
0.6030000000000655,3129,5.051113473652855,2.087243745768792
0.6030000000000655,3130,5.0516580736609695,2.0882672457840434
0.6030000000000655,3131,5.05220627366914,2.0892917457993097
0.6030000000000655,3132,5.052758073677362,2.0903172458145907
0.6030000000000655,3133,5.053313473685638,2.091343745829887
0.6030000000000655,3134,5.053872473693967,2.0923712458451975
0.6030000000000655,3135,5.054435073702351,2.0933997458605234
0.6030000000000655,3136,5.055001273710788,2.0944292458758644
0.6030000000000655,3137,5.055571073719278,2.09545974589122
0.6030000000000655,3138,5.056144473727823,2.0964912459065905
0.6030000000000655,3139,5.056721473736421,2.097523745921976
0.6030000000000655,3140,5.057302073745072,2.0985572459373767
0.6030000000000655,3141,5.057886273753777,2.0995917459527917
0.6030000000000655,3142,5.058474073762537,2.100627245968222
0.6030000000000655,3143,5.05906547377135,2.1016637459836667
0.6030000000000655,3144,5.059660473780215,2.1027012459991266
0.6030000000000655,3145,5.060259073789135,2.1037397460146017
0.6030000000000655,3146,5.060861273798109,2.104779246030091
0.6030000000000655,3147,5.061467073807136,2.105819746045596
0.6030000000000655,3148,5.062076473816217,2.106861246061116
0.6030000000000655,3149,5.06268947382535,2.10790374607665
0.6030000000000655,3150,5.063306073834539,2.1089472460921996
0.6030000000000655,3151,5.063926273843781,2.1099917461077635
0.6030000000000655,3152,5.064550073853074,2.1110372461233426
0.6030000000000655,3153,5.065177473862423,2.1120837461389366
0.6030000000000655,3154,5.065808473871827,2.1131312461545457
0.6030000000000655,3155,5.066443073881283,2.1141797461701692
0.6030000000000655,3156,5.067081273890793,2.1152292461858084
0.6030000000000655,3157,5.067723073900356,2.116279746201462
0.6030000000000655,3158,5.068368473909974,2.1173312462171303
0.6030000000000655,3159,5.069017473919644,2.118383746232814
0.6030000000000655,3160,5.06967007392937,2.1194372462485127
0.6030000000000655,3161,5.0703262739391475,2.1204917462642254
0.6030000000000655,3162,5.070986073948979,2.121547246279954
0.6030000000000655,3163,5.071649473958864,2.122603746295697
0.6030000000000655,3164,5.0723164739688045,2.123661246311455
0.6030000000000655,3165,5.072987073978797,2.124719746327228
0.6030000000000655,3166,5.073661273988843,2.125779246343016
0.6030000000000655,3167,5.074339073998943,2.1268397463588182
0.6030000000000655,3168,5.075020474009096,2.127901246374636
0.6030000000000655,3169,5.075705474019303,2.1289637463904683
0.6030000000000655,3170,5.076394074029564,2.130027246406316
0.6030000000000655,3171,5.077086274039878,2.131091746422178
0.6030000000000655,3172,5.077782074050248,2.132157246438055
0.6030000000000655,3173,5.07848147406067,2.133223746453947
0.6030000000000655,3174,5.079184474071145,2.134291246469854
0.6030000000000655,3175,5.079891074081674,2.135359746485776
0.6030000000000655,3176,5.080601274092257,2.136429246501713
0.6030000000000655,3177,5.081315074102893,2.1374997465176646
0.6030000000000655,3178,5.082032474113583,2.1385712465336315
0.6030000000000655,3179,5.082753474124327,2.1396437465496128
0.6030000000000655,3180,5.083478074135125,2.1407172465656092
0.6030000000000655,3181,5.084206274145976,2.1417917465816205
0.6030000000000655,3182,5.08493807415688,2.1428672465976466
0.6030000000000655,3183,5.085673474167839,2.143943746613688
0.6030000000000655,3184,5.086412474178851,2.145021246629744
0.6030000000000655,3185,5.087155074189916,2.146099746645815
0.6030000000000655,3186,5.087901274201036,2.1471792466619006
0.6030000000000655,3187,5.088651074212208,2.148259746678001
0.6030000000000655,3188,5.089404474223436,2.149341246694117
0.6030000000000655,3189,5.090161474234716,2.1504237467102474
0.6030000000000655,3190,5.090922074246049,2.1515072467263927
0.6030000000000655,3191,5.0916862742574365,2.1525917467425533
0.6030000000000655,3192,5.092454074268877,2.153677246758728
0.6030000000000655,3193,5.093225474280373,2.1547637467749183
0.6030000000000655,3194,5.094000474291921,2.1558512467911237
0.6030000000000655,3195,5.094779074303522,2.1569397468073435
0.6030000000000655,3196,5.0955612743151795,2.1580292468235784
0.6030000000000655,3197,5.096347074326888,2.1591197468398278
0.6030000000000655,3198,5.097136474338652,2.160211246856093
0.6030000000000655,3199,5.097929474350467,2.161303746872372
0.6030000000000655,3200,5.098726074362338,2.1623972468886667
0.6030000000000655,3201,5.099526274374261,2.1634917469049757
0.6030000000000655,3202,5.10033007438624,2.1645872469213003
0.6030000000000655,3203,5.1011374743982705,2.1656837469376393
0.6030000000000655,3204,5.101948474410356,2.166781246953993
0.6030000000000655,3205,5.102763074422494,2.167879746970362
0.6030000000000655,3206,5.103581274434686,2.168979246986746
0.6030000000000655,3207,5.104403074446932,2.170079747003145
0.6030000000000655,3208,5.105228474459231,2.1711812470195584
0.6030000000000655,3209,5.1060574744715845,2.1722837470359866
0.6030000000000655,3210,5.1068900744839905,2.17338724705243
0.6030000000000655,3211,5.107726274496451,2.1744917470688887
0.6030000000000655,3212,5.108566074508965,2.1755972470853617
0.6030000000000655,3213,5.1094094745215335,2.1767037471018504
0.6030000000000655,3214,5.110256474534154,2.1778112471183526
0.6030000000000655,3215,5.11110707454683,2.1789197471348714
0.6030000000000655,3216,5.111961274559558,2.180029247151404
0.6030000000000655,3217,5.11281907457234,2.181139747167952
0.6030000000000655,3218,5.113680474585177,2.182251247184514
0.6030000000000655,3219,5.114545474598066,2.183363747201092
0.6030000000000655,3220,5.115414074611009,2.1844772472176848
0.6030000000000655,3221,5.116286274624006,2.185591747234292
0.6030000000000655,3222,5.117162074637056,2.186707247250914
0.6030000000000655,3223,5.118041474650161,2.187823747267551
0.6030000000000655,3224,5.118924474663318,2.1889412472842027
0.6030000000000655,3225,5.11981107467653,2.19005974730087
0.6030000000000655,3226,5.120701274689794,2.1911792473175518
0.6030000000000655,3227,5.121595074703114,2.192299747334249
0.6030000000000655,3228,5.122492474716486,2.1934212473509604
0.6030000000000655,3229,5.1233934747299115,2.194543747367687
0.6030000000000655,3230,5.1242980747433915,2.1956672473844283
0.6030000000000655,3231,5.125206274756923,2.1967917474011847
0.6030000000000655,3232,5.1261180747705115,2.1979172474179562
0.6030000000000655,3233,5.1270334747841515,2.199043747434742
0.6030000000000655,3234,5.127952474797846,2.200171247451543
0.6030000000000655,3235,5.128875074811593,2.2012997474683593
0.6030000000000655,3236,5.129801274825395,2.20242924748519
0.6030000000000655,3237,5.13073107483925,2.203559747502036
0.6030000000000655,3238,5.131664474853158,2.2046912475188964
0.6030000000000655,3239,5.132601474867122,2.205823747535772
0.6030000000000655,3240,5.133542074881137,2.206957247552663
0.6030000000000655,3241,5.134486274895207,2.208091747569568
0.6030000000000655,3242,5.13543407490933,2.2092272475864885
0.6030000000000655,3243,5.136385474923507,2.2103637476034232
0.6030000000000655,3244,5.137340474937738,2.2115012476203733
0.6030000000000655,3245,5.138299074952021,2.212639747637338
0.6030000000000655,3246,5.139261274966359,2.213779247654318
0.6030000000000655,3247,5.140227074980751,2.214919747671313
0.6030000000000655,3248,5.141196474995196,2.216061247688322
0.6030000000000655,3249,5.142169475009695,2.217203747705347
0.6030000000000655,3250,5.143146075024247,2.2183472477223862
0.6030000000000655,3251,5.144126275038854,2.2194917477394407
0.6030000000000655,3252,5.1451100750535135,2.2206372477565104
0.6030000000000655,3253,5.146097475068227,2.221783747773594
0.6030000000000655,3254,5.147088475082994,2.2229312477906937
0.6030000000000655,3255,5.148083075097815,2.2240797478078074
0.6030000000000655,3256,5.149081275112689,2.2252292478249363
0.6030000000000655,3257,5.1500830751276165,2.2263797478420804
0.6030000000000655,3258,5.151088475142599,2.227531247859239
0.6030000000000655,3259,5.152097475157634,2.228683747876412
0.6030000000000655,3260,5.153110075172723,2.2298372478936006
0.6030000000000655,3261,5.154126275187865,2.2309917479108043
0.6030000000000655,3262,5.155146075203061,2.2321472479280224
0.6030000000000655,3263,5.156169475218311,2.2333037479452558
0.6030000000000655,3264,5.157196475233615,2.234461247962504
0.6030000000000655,3265,5.158227075248972,2.235619747979767
0.6030000000000655,3266,5.159261275264383,2.2367792479970445
0.6030000000000655,3267,5.1602990752798465,2.2379397480143375
0.6030000000000655,3268,5.161340475295365,2.2391012480316457
0.6030000000000655,3269,5.162385475310937,2.2402637480489678
0.6030000000000655,3270,5.163434075326562,2.241427248066305
0.6030000000000655,3271,5.164486275342242,2.2425917480836577
0.6030000000000655,3272,5.165542075357974,2.243757248101025
0.6030000000000655,3273,5.16660147537376,2.2449237481184072
0.6030000000000655,3274,5.167664475389601,2.246091248135804
0.6030000000000655,3275,5.1687310754054945,2.2472597481532164
0.6030000000000655,3276,5.169801275421441,2.2484292481706434
0.6030000000000655,3277,5.170875075437442,2.2495997481880847
0.6030000000000655,3278,5.171952475453496,2.2507712482055418
0.6030000000000655,3279,5.173033475469605,2.251943748223013
0.6030000000000655,3280,5.174118075485766,2.2531172482404997
0.6030000000000655,3281,5.175206275501981,2.2542917482580016
0.6030000000000655,3282,5.17629807551825,2.2554672482755174
0.6030000000000655,3283,5.177393475534574,2.256643748293049
0.6030000000000655,3284,5.17849247555095,2.257821248310595
0.6030000000000655,3285,5.17959507556738,2.258999748328156
0.6030000000000655,3286,5.180701275583863,2.260179248345732
0.6030000000000655,3287,5.181811075600401,2.2613597483633225
0.6030000000000655,3288,5.182924475616992,2.2625412483809284
0.6030000000000655,3289,5.184041475633636,2.263723748398549
0.6030000000000655,3290,5.185162075650335,2.2649072484161845
0.6030000000000655,3291,5.186286275667086,2.266091748433835
0.6030000000000655,3292,5.1874140756838925,2.2672772484515002
0.6030000000000655,3293,5.188545475700751,2.2684637484691805
0.6030000000000655,3294,5.1896804757176636,2.2696512484868756
0.6030000000000655,3295,5.19081907573463,2.2708397485045855
0.6030000000000655,3296,5.191961275751651,2.2720292485223106
0.6030000000000655,3297,5.193107075768725,2.2732197485400505
0.6030000000000655,3298,5.194256475785852,2.274411248557805
0.6030000000000655,3299,5.195409475803033,2.275603748575575
0.6030000000000655,3300,5.196566075820267,2.276797248593359
0.6030000000000655,3301,5.197726275837556,2.277991748611159
0.6030000000000655,3302,5.198890075854898,2.279187248628973
0.6030000000000655,3303,5.200057475872294,2.2803837486468024
0.6030000000000655,3304,5.201228475889742,2.2815812486646463
0.6030000000000655,3305,5.202403075907245,2.2827797486825054
0.6030000000000655,3306,5.203581275924803,2.2839792487003794
0.6030000000000655,3307,5.204763075942412,2.285179748718268
0.6030000000000655,3308,5.205948475960076,2.2863812487361717
0.6030000000000655,3309,5.2071374759777935,2.287583748754091
0.6030000000000655,3310,5.208330075995565,2.2887872487720244
0.6030000000000655,3311,5.209526276013389,2.289991748789973
0.6030000000000655,3312,5.210726076031268,2.291197248807936
0.6030000000000655,3313,5.2119294760492,2.2924037488259144
0.6030000000000655,3314,5.213136476067186,2.2936112488439075
0.6030000000000655,3315,5.214347076085225,2.294819748861915
0.6030000000000655,3316,5.215561276103319,2.2960292488799388
0.6030000000000655,3317,5.216779076121465,2.2972397488979763
0.6030000000000655,3318,5.218000476139665,2.298451248916029
0.6030000000000655,3319,5.219225476157919,2.2996637489340968
0.6030000000000655,3320,5.220454076176226,2.300877248952179
0.6030000000000655,3321,5.221686276194587,2.302091748970277
0.6030000000000655,3322,5.222922076213003,2.3033072489883892
0.6030000000000655,3323,5.224161476231471,2.3045237490065165
0.6030000000000655,3324,5.225404476249993,2.305741249024659
0.6030000000000655,3325,5.226651076268569,2.3069597490428158
0.6030000000000655,3326,5.227901276287199,2.308179249060988
0.6030000000000655,3327,5.229155076305881,2.3093997490791747
0.6030000000000655,3328,5.230412476324618,2.310621249097376
0.6030000000000655,3329,5.231673476343408,2.311843749115593
0.6030000000000655,3330,5.232938076362252,2.3130672491338244
0.6030000000000655,3331,5.23420627638115,2.314291749152071
0.6030000000000655,3332,5.235478076400101,2.315517249170332
0.6030000000000655,3333,5.236753476419107,2.3167437491886087
0.6030000000000655,3334,5.238032476438166,2.3179712492069
0.6030000000000655,3335,5.239315076457277,2.3191997492252057
0.6030000000000655,3336,5.240601276476443,2.320429249243527
0.6030000000000655,3337,5.241891076495662,2.3216597492618627
0.6030000000000655,3338,5.243184476514936,2.3228912492802136
0.6030000000000655,3339,5.244481476534263,2.324123749298579
0.6030000000000655,3340,5.245782076553644,2.32535724931696
0.6030000000000655,3341,5.247086276573077,2.326591749335355
0.6030000000000655,3342,5.2483940765925645,2.3278272493537653
0.6030000000000655,3343,5.249705476612107,2.3290637493721906
0.6030000000000655,3344,5.251020476631702,2.330301249390631
0.6030000000000655,3345,5.252339076651349,2.331539749409086
0.6030000000000655,3346,5.253661276671052,2.3327792494275563
0.6030000000000655,3347,5.254987076690808,2.3340197494460413
0.6030000000000655,3348,5.256316476710618,2.3352612494645406
0.6030000000000655,3349,5.257649476730481,2.3365037494830556
0.6030000000000655,3350,5.258986076750398,2.337747249501585
0.6030000000000655,3351,5.2603262767703685,2.3389917495201296
0.6030000000000655,3352,5.261670076790393,2.340237249538689
0.6030000000000655,3353,5.26301747681047,2.3414837495572636
0.6030000000000655,3354,5.264368476830602,2.342731249575852
0.6030000000000655,3355,5.265723076850787,2.3439797495944568
0.6030000000000655,3356,5.267081276871026,2.3452292496130758
0.6030000000000655,3357,5.268443076891318,2.3464797496317096
0.6030000000000655,3358,5.269808476911665,2.347731249650358
0.6030000000000655,3359,5.271177476932063,2.348983749669022
0.6030000000000655,3360,5.272550076952517,2.3502372496877006
0.6030000000000655,3361,5.273926276973025,2.351491749706394
0.6030000000000655,3362,5.275306076993585,2.3527472497251027
0.6030000000000655,3363,5.276689477014199,2.3540037497438258
0.6030000000000655,3364,5.278076477034867,2.355261249762564
0.6030000000000655,3365,5.279467077055589,2.356519749781317
0.6030000000000655,3366,5.280861277076363,2.3577792498000854
0.6030000000000655,3367,5.2822590770971924,2.3590397498188684
0.6030000000000655,3368,5.283660477118076,2.360301249837666
0.6030000000000655,3369,5.285065477139012,2.3615637498564785
0.6030000000000655,3370,5.286474077160001,2.3628272498753065
0.6030000000000655,3371,5.287886277181045,2.3640917498941487
0.6030000000000655,3372,5.289302077202142,2.365357249913006
0.6030000000000655,3373,5.2907214772232924,2.3666237499318785
0.6030000000000655,3374,5.292144477244497,2.3678912499507656
0.6030000000000655,3375,5.293571077265755,2.369159749969668
0.6030000000000655,3376,5.295001277287066,2.370429249988585
0.6030000000000655,3377,5.2964350773084306,2.3716997500075165
0.6030000000000655,3378,5.29787247732985,2.3729712500264637
0.6030000000000655,3379,5.2993134773513235,2.3742437500454256
0.6030000000000655,3380,5.3007580773728495,2.375517250064402
0.6030000000000655,3381,5.302206277394429,2.3767917500833935
0.6030000000000655,3382,5.303658077416063,2.3780672501024
0.6030000000000655,3383,5.30511347743775,2.3793437501214214
0.6030000000000655,3384,5.306572477459491,2.3806212501404573
0.6030000000000655,3385,5.308035077481285,2.3818997501595085
0.6030000000000655,3386,5.309501277503133,2.383179250178575
0.6030000000000655,3387,5.310971077525036,2.3844597501976557
0.6030000000000655,3388,5.31244447754699,2.3857412502167517
0.6030000000000655,3389,5.313921477569,2.387023750235862
0.6030000000000655,3390,5.315402077591062,2.388307250254988
0.6030000000000655,3391,5.316886277613178,2.3895917502741284
0.6030000000000655,3392,5.318374077635348,2.3908772502932836
0.6030000000000655,3393,5.319865477657572,2.3921637503124544
0.6030000000000655,3394,5.321360477679849,2.3934512503316396
0.6030000000000655,3395,5.32285907770218,2.3947397503508396
0.6030000000000655,3396,5.324361277724564,2.396029250370055
0.6030000000000655,3397,5.325867077747003,2.3973197503892845
0.6030000000000655,3398,5.327376477769495,2.3986112504085297
0.6030000000000655,3399,5.32888947779204,2.399903750427789
0.6030000000000655,3400,5.330406077814638,2.401197250447064
0.6030000000000655,3401,5.331926277837292,2.4024917504663534
0.6030000000000655,3402,5.3334500778599985,2.4037872504856574
0.6030000000000655,3403,5.334977477882759,2.405083750504977
0.6030000000000655,3404,5.336508477905572,2.4063812505243116
0.6030000000000655,3405,5.33804307792844,2.407679750543661
0.6030000000000655,3406,5.3395812779513605,2.408979250563025
0.6030000000000655,3407,5.341123077974334,2.410279750582404
0.6030000000000655,3408,5.342668477997363,2.4115812506017975
0.6030000000000655,3409,5.344217478020445,2.4128837506212064
0.6030000000000655,3410,5.34577007804358,2.41418725064063
0.6030000000000655,3411,5.347326278066769,2.4154917506600686
0.6030000000000655,3412,5.348886078090012,2.4167972506795214
0.6030000000000655,3413,5.350449478113308,2.4181037506989904
0.6030000000000655,3414,5.35201647813666,2.4194112507184737
0.6030000000000655,3415,5.3535870781600625,2.4207197507379714
0.6030000000000655,3416,5.35516127818352,2.4220292507574848
0.6030000000000655,3417,5.356739078207031,2.4233397507770125
0.6030000000000655,3418,5.3583204782305955,2.424651250796556
0.6030000000000655,3419,5.359905478254214,2.4259637508161136
0.6030000000000655,3420,5.361494078277886,2.427277250835686
0.6030000000000655,3421,5.363086278301612,2.4285917508552735
0.6030000000000655,3422,5.364682078325392,2.4299072508748765
0.6030000000000655,3423,5.366281478349224,2.4312237508944934
0.6030000000000655,3424,5.367884478373111,2.4325412509141255
0.6030000000000655,3425,5.369491078397051,2.433859750933773
0.6030000000000655,3426,5.371101278421045,2.435179250953435
0.6030000000000655,3427,5.372715078445092,2.436499750973112
0.6030000000000655,3428,5.374332478469193,2.437821250992804
0.6030000000000655,3429,5.375953478493348,2.4391437510125105
0.6030000000000655,3430,5.377578078517557,2.4404672510322323
0.6030000000000655,3431,5.379206278541818,2.441791751051969
0.6030000000000655,3432,5.380838078566134,2.4431172510717207
0.6030000000000655,3433,5.382473478590503,2.444443751091487
0.6030000000000655,3434,5.384112478614927,2.4457712511112684
0.6030000000000655,3435,5.385755078639403,2.4470997511310646
0.6030000000000655,3436,5.387401278663933,2.448429251150875
0.6030000000000655,3437,5.389051078688517,2.4497597511707014
0.6030000000000655,3438,5.390704478713155,2.451091251190542
0.6030000000000655,3439,5.392361478737846,2.452423751210398
0.6030000000000655,3440,5.394022078762591,2.453757251230269
0.6030000000000655,3441,5.39568627878739,2.4550917512501544
0.6030000000000655,3442,5.397354078812241,2.4564272512700547
0.6030000000000655,3443,5.399025478837148,2.4577637512899706
0.6030000000000655,3444,5.400700478862107,2.4591012513099004
0.6030000000000655,3445,5.402379078887121,2.460439751329846
0.6030000000000655,3446,5.404061278912187,2.461779251349806
0.6030000000000655,3447,5.405747078937307,2.4631197513697813
0.6030000000000655,3448,5.407436478962482,2.464461251389771
0.6030000000000655,3449,5.409129478987708,2.465803751409776
0.6030000000000655,3450,5.41082607901299,2.4671472514297954
0.6030000000000655,3451,5.4125262790383255,2.46849175144983
0.6030000000000655,3452,5.414230079063715,2.4698372514698796
0.6030000000000655,3453,5.415937479089156,2.471183751489944
0.6030000000000655,3454,5.417648479114652,2.4725312515100235
0.6030000000000655,3455,5.419363079140201,2.4738797515301174
0.6030000000000655,3456,5.421081279165804,2.475229251550227
0.6030000000000655,3457,5.4228030791914605,2.4765797515703505
0.6030000000000655,3458,5.424528479217172,2.4779312515904897
0.6030000000000655,3459,5.426257479242936,2.4792837516106436
0.6030000000000655,3460,5.427990079268754,2.4806372516308124
0.6030000000000655,3461,5.429726279294625,2.481991751650996
0.6030000000000655,3462,5.4314660793205505,2.4833472516711943
0.6030000000000655,3463,5.433209479346528,2.4847037516914074
0.6030000000000655,3464,5.434956479372562,2.486061251711636
0.6030000000000655,3465,5.436707079398647,2.487419751731879
0.6030000000000655,3466,5.438461279424787,2.4887792517521374
0.6030000000000655,3467,5.44021907945098,2.49013975177241
0.6030000000000655,3468,5.441980479477227,2.4915012517926987
0.6030000000000655,3469,5.443745479503528,2.492863751813001
0.6030000000000655,3470,5.4455140795298815,2.4942272518333186
0.6030000000000655,3471,5.44728627955629,2.4955917518536515
0.6030000000000655,3472,5.449062079582751,2.496957251873999
0.6030000000000655,3473,5.450841479609267,2.4983237518943615
0.6030000000000655,3474,5.452624479635835,2.4996912519147387
0.6030000000000655,3475,5.454411079662457,2.5010597519351307
0.6030000000000655,3476,5.456201279689134,2.5024292519555384
0.6030000000000655,3477,5.457995079715864,2.5037997519759605
0.6030000000000655,3478,5.459792479742647,2.5051712519963973
0.6030000000000655,3479,5.461593479769484,2.506543752016849
0.6030000000000655,3480,5.463398079796375,2.507917252037316
0.6030000000000655,3481,5.465206279823318,2.509291752057797
0.6030000000000655,3482,5.467018079850316,2.510667252078294
0.6030000000000655,3483,5.468833479877368,2.5120437520988057
0.6030000000000655,3484,5.470652479904473,2.5134212521193318
0.6030000000000655,3485,5.472475079931631,2.514799752139873
0.6030000000000655,3486,5.474301279958844,2.516179252160429
0.6030000000000655,3487,5.476131079986111,2.5175597521810005
0.6030000000000655,3488,5.47796448001343,2.518941252201586
0.6030000000000655,3489,5.479801480040805,2.520323752222187
0.6030000000000655,3490,5.481642080068231,2.521707252242803
0.6030000000000655,3491,5.483486280095712,2.5230917522634337
0.6030000000000655,3492,5.485334080123246,2.524477252284079
0.6030000000000655,3493,5.487185480150834,2.5258637523047396
0.6030000000000655,3494,5.489040480178476,2.527251252325415
0.6030000000000655,3495,5.490899080206171,2.5286397523461055
0.6030000000000655,3496,5.492761280233919,2.53002925236681
0.6030000000000655,3497,5.494627080261723,2.53141975238753
0.6030000000000655,3498,5.496496480289579,2.5328112524082655
0.6030000000000655,3499,5.498369480317488,2.5342037524290153
0.6030000000000655,3500,5.500246080345452,2.53559725244978
0.6030000000000655,3501,5.502126280373469,2.536991752470559
0.6030000000000655,3502,5.50401008040154,2.538387252491354
0.6030000000000655,3503,5.505897480429664,2.5397837525121636
0.6030000000000655,3504,5.507788480457842,2.5411812525329878
0.6030000000000655,3505,5.509683080486074,2.542579752553827
0.6030000000000655,3506,5.51158128051436,2.5439792525746814
0.6030000000000655,3507,5.51158128051436,2.5439792525746814
0.6030000000000655,3508,5.513479189520067,2.5453785415770067
0.6030000000000655,3509,5.515372916480571,2.546776408542259
0.6030000000000655,3510,5.517262461395865,2.548172853470438
0.6030000000000655,3511,5.519147824265953,2.549567876361545
0.6030000000000655,3512,5.521029005090833,2.550961477215578
0.6030000000000655,3513,5.5229060038705065,2.552353656032539
0.6030000000000655,3514,5.524778820604974,2.553744412812427
0.6030000000000655,3515,5.526647455294234,2.5551337475552423
0.6030000000000655,3516,5.528511907938286,2.5565216602609837
0.6030000000000655,3517,5.530372178537132,2.557908150929653
0.6030000000000655,3518,5.532228267090771,2.55929321956125
0.6030000000000655,3519,5.534080173599202,2.560676866155773
0.6030000000000655,3520,5.535927898062428,2.562059090713224
0.6030000000000655,3521,5.537771440480445,2.5634398932336016
0.6030000000000655,3522,5.539610800853255,2.5648192737169064
0.6030000000000655,3523,5.5414459791808595,2.566197232163138
0.6030000000000655,3524,5.5432769754632565,2.5675737685722972
0.6030000000000655,3525,5.5451037897004465,2.5689488829443836
0.6030000000000655,3526,5.546926421892429,2.570322575279397
0.6030000000000655,3527,5.548744872039205,2.571694845577337
0.6030000000000655,3528,5.5505591401407735,2.5730656938382044
0.6030000000000655,3529,5.552369226197135,2.5744351200619993
0.6030000000000655,3530,5.554175130208291,2.5758031242487207
0.6030000000000655,3531,5.555976852174238,2.5771697063983696
0.6030000000000655,3532,5.55777439209498,2.5785348665109455
0.6030000000000655,3533,5.559567749970513,2.5798986045864485
0.6030000000000655,3534,5.561356925800839,2.5812609206248793
0.6030000000000655,3535,5.563141919585959,2.5826218146262363
0.6030000000000655,3536,5.564922731325872,2.583981286590521
0.6030000000000655,3537,5.566699361020578,2.5853393365177326
0.6030000000000655,3538,5.568471808670077,2.5866959644078706
0.6030000000000655,3539,5.570240074274369,2.5880511702609366
0.6030000000000655,3540,5.572004157833454,2.5894049540769295
0.6030000000000655,3541,5.573764059347331,2.5907573158558495
0.6030000000000655,3542,5.575519778816002,2.592108255597697
0.6030000000000655,3543,5.577271316239466,2.593457773302471
0.6030000000000655,3544,5.5790186716177255,2.594805868970173
0.6030000000000655,3545,5.580761844950774,2.5961525426008016
0.6030000000000655,3546,5.582500836238617,2.597497794194357
0.6030000000000655,3547,5.584235645481253,2.5988416237508396
0.6030000000000655,3548,5.585966272678681,2.600184031270249
0.6030000000000655,3549,5.587692717830905,2.6015250167525865
0.6030000000000655,3550,5.589414980937919,2.6028645801978505
0.6030000000000655,3551,5.591133061999727,2.604202721606042
0.6030000000000655,3552,5.592846961016328,2.60553944097716
0.6030000000000655,3553,5.594556677987722,2.606874738311206
0.6030000000000655,3554,5.596262212913908,2.608208613608178
0.6030000000000655,3555,5.597963565794889,2.6095410668680774
0.6030000000000655,3556,5.599660736630661,2.6108720980909044
0.6030000000000655,3557,5.601353725421228,2.612201707276659
0.6030000000000655,3558,5.603042532166587,2.6135298944253393
0.6030000000000655,3559,5.60472715686674,2.6148566595369473
0.6030000000000655,3560,5.606407599521684,2.616182002611483
0.6030000000000655,3561,5.608083860131423,2.617505923648945
0.6030000000000655,3562,5.609755938695953,2.618828422649335
0.6030000000000655,3563,5.611423835215277,2.6201494996126513
0.6030000000000655,3564,5.613087549689394,2.621469154538895
0.6030000000000655,3565,5.614747082118304,2.6227873874280654
0.6030000000000655,3566,5.6164024325020065,2.6241041982801634
0.6030000000000655,3567,5.618053600840502,2.6254195870951884
0.6030000000000655,3568,5.619700587133792,2.6267335538731404
0.6030000000000655,3569,5.621343391381874,2.6280460986140195
0.6030000000000655,3570,5.62298201358475,2.6293572213178265
0.6030000000000655,3571,5.624616453742417,2.6306669219845595
0.6030000000000655,3572,5.626246711854878,2.63197520061422
0.6030000000000655,3573,5.627872787922132,2.633282057206808
0.6030000000000655,3574,5.62949468194418,2.634587491762323
0.6030000000000655,3575,5.631112393921019,2.635891504280765
0.6030000000000655,3576,5.632725923852653,2.6371940947621337
0.6030000000000655,3577,5.634335271739078,2.6384952632064302
0.6030000000000655,3578,5.635940437580298,2.6397950096136538
0.6030000000000655,3579,5.63754142137631,2.6410933339838043
0.6030000000000655,3580,5.639138223127114,2.6423902363168814
0.6030000000000655,3581,5.6407308428327125,2.643685716612886
0.6030000000000655,3582,5.642319280493103,2.644979774871818
0.6030000000000655,3583,5.643903536108288,2.646272411093677
0.6030000000000655,3584,5.645483609678266,2.6475636252784627
0.6030000000000655,3585,5.647059501203036,2.648853417426176
0.6030000000000655,3586,5.648631210682599,2.6501417875368163
0.6030000000000655,3587,5.650198738116955,2.6514287356103834
0.6030000000000655,3588,5.651762083506105,2.6527142616468784
0.6030000000000655,3589,5.653321246850047,2.6539983656463
0.6030000000000655,3590,5.654876228148781,2.6552810476086486
0.6030000000000655,3591,5.65642702740231,2.6565623075339246
0.6030000000000655,3592,5.657973644610632,2.6578421454221273
0.6030000000000655,3593,5.659516079773745,2.6591205612732574
0.6030000000000655,3594,5.661054332891653,2.660397555087315
0.6030000000000655,3595,5.662588403964354,2.6616731268642995
0.6030000000000655,3596,5.664118292991846,2.6629472766042106
0.6030000000000655,3597,5.665643999974132,2.664220004307049
0.6030000000000655,3598,5.667165524911212,2.665491309972815
0.6030000000000655,3599,5.668682867803085,2.666761193601508
0.6030000000000655,3600,5.670196028649749,2.668029655193128
0.6030000000000655,3601,5.671705007451208,2.6692966947476746
0.6030000000000655,3602,5.67320980420746,2.670562312265149
0.6030000000000655,3603,5.674710418918504,2.6718265077455503
0.6030000000000655,3604,5.676206851584341,2.6730892811888785
0.6030000000000655,3605,5.677699102204972,2.6743506325951336
0.6030000000000655,3606,5.679187170780395,2.6756105619643167
0.6030000000000655,3607,5.680671057310611,2.6768690692964263
0.6030000000000655,3608,5.68215076179562,2.678126154591463
0.6030000000000655,3609,5.683626284235423,2.679381817849427
0.6030000000000655,3610,5.685097624630019,2.680636059070318
0.6030000000000655,3611,5.6865647829794055,2.6818888782541364
0.6030000000000655,3612,5.688027759283587,2.683140275400881
0.6030000000000655,3613,5.689486553542561,2.6843902505105537
0.6030000000000655,3614,5.690941165756328,2.685638803583153
0.6030000000000655,3615,5.692391595924889,2.68688593461868
0.6030000000000655,3616,5.693837844048242,2.6881316436171336
0.6030000000000655,3617,5.695279910126389,2.6893759305785148
0.6030000000000655,3618,5.696717794159328,2.6906187955028225
0.6030000000000655,3619,5.6981514961470605,2.6918602383900576
0.6030000000000655,3620,5.699581016089585,2.6931002592402202
0.6030000000000655,3621,5.701006353986903,2.6943388580533094
0.6030000000000655,3622,5.702427509839016,2.6955760348293256
0.6030000000000655,3623,5.70384448364592,2.6968117895682693
0.6030000000000655,3624,5.705257275407617,2.69804612227014
0.6030000000000655,3625,5.706665885124107,2.699279032934938
0.6030000000000655,3626,5.708070312795392,2.7005105215626624
0.6030000000000655,3627,5.709470558421468,2.7017405881533145
0.6030000000000655,3628,5.710866622002337,2.7029692327068933
0.6030000000000655,3629,5.712258503537999,2.7041964552233995
0.6030000000000655,3630,5.713646203028455,2.705422255702833
0.6030000000000655,3631,5.715029720473703,2.706646634145194
0.6030000000000655,3632,5.716409055873745,2.707869590550481
0.6030000000000655,3633,5.717784209228578,2.709091124918696
0.6030000000000655,3634,5.719155180538206,2.710311237249838
0.6030000000000655,3635,5.720521969802627,2.7115299275439066
0.6030000000000655,3636,5.721884577021839,2.712747195800903
0.6030000000000655,3637,5.723243002195847,2.713963042020826
0.6030000000000655,3638,5.724597245324646,2.7151774662036767
0.6030000000000655,3639,5.725947306408239,2.7163904683494535
0.6030000000000655,3640,5.727293185446625,2.7176020484581587
0.6030000000000655,3641,5.728634882439803,2.71881220652979
0.6030000000000655,3642,5.729972397387773,2.7200209425643487
0.6030000000000655,3643,5.731305730290539,2.7212282565618344
0.6030000000000655,3644,5.732634881148097,2.7224341485222476
0.6030000000000655,3645,5.7339598499604465,2.723638618445588
0.6030000000000655,3646,5.73528063672759,2.7248416663318555
0.6030000000000655,3647,5.736597241449527,2.72604329218105
0.6030000000000655,3648,5.737909664126256,2.727243495993171
0.6030000000000655,3649,5.73921790475778,2.7284422777682202
0.6030000000000655,3650,5.7405219633440945,2.729639637506196
0.6030000000000655,3651,5.741821839885203,2.7308355752070983
0.6030000000000655,3652,5.7431175343811045,2.7320300908709276
0.6030000000000655,3653,5.744409046831798,2.7332231844976853
0.6030000000000655,3654,5.745696377237286,2.734414856087369
0.6030000000000655,3655,5.746979525597567,2.7356051056399804
0.6030000000000655,3656,5.748258491912641,2.736793933155519
0.6030000000000655,3657,5.7495332761825075,2.7379813386339844
0.6030000000000655,3658,5.750803878407167,2.739167322075377
0.6030000000000655,3659,5.752070298586619,2.740351883479697
0.6030000000000655,3660,5.7533325367208645,2.7415350228469437
0.6030000000000655,3661,5.754590592809903,2.7427167401771175
0.6030000000000655,3662,5.755844466853735,2.743897035470219
0.6030000000000655,3663,5.757094158852359,2.745075908726247
0.6030000000000655,3664,5.758339668805776,2.7462533599452024
0.6030000000000655,3665,5.7595809967139875,2.747429389127085
0.6030000000000655,3666,5.7608181425769915,2.748603996271895
0.6030000000000655,3667,5.762051106394789,2.749777181379631
0.6030000000000655,3668,5.763279888167378,2.750948944450295
0.6030000000000655,3669,5.76450448789476,2.752119285483886
0.6030000000000655,3670,5.765724905576937,2.753288204480404
0.6030000000000655,3671,5.766941141213905,2.7544557014398494
0.6030000000000655,3672,5.768153194805667,2.7556217763622213
0.6030000000000655,3673,5.7693610663522215,2.756786429247521
0.6030000000000655,3674,5.770564755853568,2.757949660095747
0.6030000000000655,3675,5.771764263309709,2.7591114689069007
0.6030000000000655,3676,5.772959588720643,2.7602718556809815
0.6030000000000655,3677,5.77415073208637,2.7614308204179894
0.6030000000000655,3678,5.77533769340689,2.762588363117924
0.6030000000000655,3679,5.776520472682202,2.7637444837807865
0.6030000000000655,3680,5.777699069912307,2.764899182406576
0.6030000000000655,3681,5.778873485097208,2.766052458995292
0.6030000000000655,3682,5.780043718236898,2.767204313546935
0.6030000000000655,3683,5.781209769331384,2.768354746061506
0.6030000000000655,3684,5.7823716383806625,2.769503756539004
0.6030000000000655,3685,5.783529325384734,2.770651344979429
0.6030000000000655,3686,5.784682830343596,2.771797511382781
0.6030000000000655,3687,5.785832153257253,2.7729422557490597
0.6030000000000655,3688,5.786977294125703,2.774085578078266
0.6030000000000655,3689,5.788118252948945,2.7752274783703985
0.6030000000000655,3690,5.789255029726982,2.7763679566254593
0.6030000000000655,3691,5.79038762445981,2.7775070128434467
0.6030000000000655,3692,5.7915160371474315,2.7786446470243615
0.6030000000000655,3693,5.792640267789848,2.779780859168203
0.6030000000000655,3694,5.793760316387055,2.780915649274972
0.6030000000000655,3695,5.794876182939055,2.782049017344668
0.6030000000000655,3696,5.79598786744585,2.783180963377291
0.6030000000000655,3697,5.797095369907437,2.7843114873728414
0.6030000000000655,3698,5.798198690323816,2.7854405893313183
0.6030000000000655,3699,5.799297828694989,2.786568269252723
0.6030000000000655,3700,5.8003927850209545,2.7876945271370546
0.6030000000000655,3701,5.801483559301713,2.788819362984313
0.6030000000000655,3702,5.802570151537266,2.789942776794499
0.6030000000000655,3703,5.803652561727611,2.7910647685676118
0.6030000000000655,3704,5.804730789872749,2.7921853383036517
0.6030000000000655,3705,5.80580483597268,2.7933044860026186
0.6030000000000655,3706,5.806874700027403,2.794422211664513
0.6030000000000655,3707,5.80794038203692,2.7955385152893344
0.6030000000000655,3708,5.80900188200123,2.796653396877083
0.6030000000000655,3709,5.810059199920332,2.7977668564277582
0.6030000000000655,3710,5.8111123357942285,2.798878893941361
0.6030000000000655,3711,5.812161289622918,2.799989509417891
0.6030000000000655,3712,5.813206061406399,2.801098702857348
0.6030000000000655,3713,5.814246651144674,2.802206474259732
0.6030000000000655,3714,5.815283058837742,2.803312823625043
0.6030000000000655,3715,5.816315284485603,2.8044177509532813
0.6030000000000655,3716,5.817343328088258,2.805521256244447
0.6030000000000655,3717,5.818367189645705,2.8066233394985396
0.6030000000000655,3718,5.819386869157945,2.807724000715559
0.6030000000000655,3719,5.820402366624977,2.808823239895506
0.6030000000000655,3720,5.821413682046804,2.80992105703838
0.6030000000000655,3721,5.822420815423422,2.8110174521441813
0.6030000000000655,3722,5.823423766754835,2.8121124252129084
0.6030000000000655,3723,5.824422536041039,2.813205976244564
0.6030000000000655,3724,5.825417123282038,2.8142981052391463
0.6030000000000655,3725,5.826407528477828,2.8153888121966557
0.6030000000000655,3726,5.827393751628412,2.8164780971170926
0.6030000000000655,3727,5.828375792733789,2.817565960000456
0.6030000000000655,3728,5.8293536517939595,2.818652400846747
0.6030000000000655,3729,5.830327328808923,2.8197374196559646
0.6030000000000655,3730,5.831296823778678,2.82082101642811
0.6030000000000655,3731,5.8322621367032275,2.821903191163182
0.6030000000000655,3732,5.83322326758257,2.8229839438611815
0.6030000000000655,3733,5.834180216416705,2.8240632745221075
0.6030000000000655,3734,5.835132983205632,2.8251411831459614
0.6030000000000655,3735,5.836081567949353,2.826217669732742
0.6030000000000655,3736,5.837025970647868,2.827292734282449
0.6030000000000655,3737,5.8379661913011756,2.8283663767950844
0.6030000000000655,3738,5.838902229909276,2.829438597270646
0.6030000000000655,3739,5.839834086472169,2.8305093957091354
0.6030000000000655,3740,5.840761760989855,2.8315787721105514
0.6030000000000655,3741,5.841685253462334,2.832646726474895
0.6030000000000655,3742,5.842604563889605,2.833713258802165
0.6030000000000655,3743,5.84351969227167,2.834778369092363
0.6030000000000655,3744,5.844430638608529,2.8358420573454874
0.6030000000000655,3745,5.84533740290018,2.836904323561539
0.6030000000000655,3746,5.846239985146624,2.837965167740518
0.6030000000000655,3747,5.8471383853478605,2.839024589882424
0.6030000000000655,3748,5.84803260350389,2.8400825899872566
0.6030000000000655,3749,5.848922639614713,2.841139168055017
0.6030000000000655,3750,5.84980849368033,2.842194324085704
0.6030000000000655,3751,5.850690165700739,2.8432480580793187
0.6030000000000655,3752,5.851567655675941,2.8443003700358607
0.6030000000000655,3753,5.852440963605936,2.8453512599553297
0.6030000000000655,3754,5.853310089490725,2.846400727837725
0.6030000000000655,3755,5.854175033330305,2.8474487736830483
0.6030000000000655,3756,5.85503579512468,2.848495397491298
0.6030000000000655,3757,5.8558923748738465,2.8495405992624754
0.6030000000000655,3758,5.856744772577807,2.8505843789965795
0.6030000000000655,3759,5.8575929882365605,2.8516267366936106
0.6030000000000655,3760,5.858437021850106,2.8526676723535696
0.6030000000000655,3761,5.8592768734184455,2.8537071859764547
0.6030000000000655,3762,5.860112542941578,2.8547452775622677
0.6030000000000655,3763,5.860944030419502,2.8557819471110073
0.6030000000000655,3764,5.861771335852221,2.856817194622675
0.6030000000000655,3765,5.862594459239733,2.8578510200972684
0.6030000000000655,3766,5.863413400582037,2.85888342353479
0.6030000000000655,3767,5.864228159879134,2.859914404935238
0.6030000000000655,3768,5.865038737131024,2.860943964298613
0.6030000000000655,3769,5.865845132337708,2.861972101624916
0.6030000000000655,3770,5.866647345499183,2.862998816914146
0.6030000000000655,3771,5.8674453766154535,2.8640241101663024
0.6030000000000655,3772,5.868239225686516,2.865047981381387
0.6030000000000655,3773,5.86902889271237,2.8660704305593976
0.6030000000000655,3774,5.86981437769302,2.8670914577003357
0.6030000000000655,3775,5.870595680628461,2.8681110628042013
0.6030000000000655,3776,5.871372801518695,2.8691292458709934
0.6030000000000655,3777,5.872145740363722,2.870146006900713
0.6030000000000655,3778,5.872914497163542,2.8711613458933596
0.6030000000000655,3779,5.873679071918156,2.872175262848933
0.6030000000000655,3780,5.874439464627562,2.8731877577674343
0.6030000000000655,3781,5.875195675291762,2.8741988306488624
0.6030000000000655,3782,5.875947703910754,2.875208481493217
0.6030000000000655,3783,5.876695550484539,2.876216710300499
0.6030000000000655,3784,5.877439215013117,2.877223517070709
0.6030000000000655,3785,5.878178697496489,2.878228901803845
0.6030000000000655,3786,5.878913997934653,2.879232864499909
0.6030000000000655,3787,5.879645116327611,2.880235405158899
0.6030000000000655,3788,5.8803720526753605,2.8812365237808173
0.6030000000000655,3789,5.881094806977904,2.882236220365662
0.6030000000000655,3790,5.881813379235241,2.883234494913434
0.6030000000000655,3791,5.882527769447369,2.8842313474241332
0.6030000000000655,3792,5.883237977614292,2.8852267778977594
0.6030000000000655,3793,5.883944003736008,2.8862207863343126
0.6030000000000655,3794,5.884645847812516,2.887213372733793
0.6030000000000655,3795,5.885343509843818,2.888204537096201
0.6030000000000655,3796,5.886036989829911,2.8891942794215355
0.6030000000000655,3797,5.8867262877707995,2.8901825997097976
0.6030000000000655,3798,5.88741140366648,2.8911694979609863
0.6030000000000655,3799,5.888092337516953,2.892154974175102
0.6030000000000655,3800,5.88876908932222,2.893139028352145
0.6030000000000655,3801,5.889441659082279,2.894121660492116
0.6030000000000655,3802,5.8901100467971315,2.8951028705950135
0.6030000000000655,3803,5.890774252466777,2.8960826586608377
0.6030000000000655,3804,5.891434276091216,2.8970610246895894
0.6030000000000655,3805,5.892090117670447,2.898037968681268
0.6030000000000655,3806,5.8927417772044715,2.8990134906358738
0.6030000000000655,3807,5.893389254693289,2.899987590553407
0.6030000000000655,3808,5.894032550136899,2.9009602684338667
0.6030000000000655,3809,5.894671663535304,2.901931524277254
0.6030000000000655,3810,5.895306594888499,2.902901358083569
0.6030000000000655,3811,5.89593734419649,2.90386976985281
0.6030000000000655,3812,5.896563911459271,2.9048367595849784
0.6030000000000655,3813,5.897186296676846,2.905802327280074
0.6030000000000655,3814,5.897804499849215,2.906766472938097
0.6030000000000655,3815,5.898418520976377,2.907729196559047
0.6030000000000655,3816,5.899028360058331,2.9086904981429242
0.6030000000000655,3817,5.89963401709508,2.9096503776897285
0.6030000000000655,3818,5.90023549208662,2.9106088351994597
0.6030000000000655,3819,5.900832785032954,2.911565870672118
0.6030000000000655,3820,5.90142589593408,2.912521484107703
0.6030000000000655,3821,5.902014824789999,2.9134756755062154
0.6030000000000655,3822,5.902599571600712,2.9144284448676556
0.6030000000000655,3823,5.903180136366218,2.915379792192023
0.6030000000000655,3824,5.9037565190865156,2.916329717479316
0.6030000000000655,3825,5.904328719761608,2.9172782207295374
0.6030000000000655,3826,5.904896738391493,2.9182253019426856
0.6030000000000655,3827,5.9054605749761695,2.9191709611187613
0.6030000000000655,3828,5.90602022951564,2.9201151982577636
0.6030000000000655,3829,5.906575702009905,2.9210580133596933
0.6030000000000655,3830,5.907126992458961,2.9219994064245496
0.6030000000000655,3831,5.90767410086281,2.922939377452333
0.6030000000000655,3832,5.908217027221452,2.923877926443044
0.6030000000000655,3833,5.908755771534889,2.9248150533966824
0.6030000000000655,3834,5.909290333803117,2.9257507583132476
0.6030000000000655,3835,5.909820714026139,2.92668504119274
0.6030000000000655,3836,5.910346912203953,2.927617902035159
0.6030000000000655,3837,5.910868928336562,2.9285493408405054
0.6030000000000655,3838,5.9113867624239615,2.929479357608779
0.6030000000000655,3839,5.911900414466156,2.93040795233998
0.6030000000000655,3840,5.912409884463143,2.9313351250341073
0.6030000000000655,3841,5.912915172414922,2.9322608756911626
0.6030000000000655,3842,5.913416278321495,2.933185204311145
0.6030000000000655,3843,5.91391320218286,2.9341081108940537
0.6030000000000655,3844,5.91440594399902,2.9350295954398904
0.6030000000000655,3845,5.914894503769971,2.9359496579486537
0.6030000000000655,3846,5.915378881495715,2.936868298420344
0.6030000000000655,3847,5.915859077176253,2.937785516854962
0.6030000000000655,3848,5.916335090811584,2.9387013132525066
0.6030000000000655,3849,5.916806922401708,2.9396156876129784
0.6030000000000655,3850,5.917274571946624,2.9405286399363773
0.6030000000000655,3851,5.917738039446334,2.9414401702227035
0.6030000000000655,3852,5.918197324900837,2.942350278471957
0.6030000000000655,3853,5.918652428310133,2.943258964684137
0.6030000000000655,3854,5.919103349674221,2.9441662288592445
0.6030000000000655,3855,5.919550088993104,2.945072070997279
0.6030000000000655,3856,5.919992646266778,2.9459764910982407
0.6030000000000655,3857,5.920431021495245,2.9468794891621295
0.6030000000000655,3858,5.920865214678507,2.947781065188946
0.6030000000000655,3859,5.921295225816561,2.948681219178688
0.6030000000000655,3860,5.9217210549094075,2.9495799511313585
0.6030000000000655,3861,5.922142701957046,2.950477261046956
0.6030000000000655,3862,5.92256016695948,2.9513731489254806
0.6030000000000655,3863,5.9229734499167055,2.9522676147669316
0.6030000000000655,3864,5.923382550828725,2.953160658571311
0.6030000000000655,3865,5.923787469695537,2.954052280338616
0.6030000000000655,3866,5.924188206517141,2.954942480068849
0.6030000000000655,3867,5.92458476129354,2.955831257762009
0.6030000000000655,3868,5.924977134024729,2.9567186134180963
0.6030000000000655,3869,5.925365324710714,2.9576045470371106
0.6030000000000655,3870,5.92574933335149,2.958489058619052
0.6030000000000655,3871,5.9261291599470605,2.9593721481639204
0.6030000000000655,3872,5.926504804497423,2.9602538156717157
0.6030000000000655,3873,5.926876267002579,2.961134061142438
0.6030000000000655,3874,5.927243547462528,2.962012884576088
0.6030000000000655,3875,5.927606645877269,2.962890285972665
0.6030000000000655,3876,5.927965562246805,2.9637662653321692
0.6030000000000655,3877,5.928320296571133,2.9646408226546
0.6030000000000655,3878,5.928670848850253,2.965513957939958
0.6030000000000655,3879,5.929017219084168,2.966385671188244
0.6030000000000655,3880,5.929359407272875,2.9672559623994568
0.6030000000000655,3881,5.929697413416374,2.968124831573596
0.6030000000000655,3882,5.930031237514667,2.9689922787106626
0.6030000000000655,3883,5.930360879567752,2.9698583038106565
0.6030000000000655,3884,5.930686339575632,2.9707229068735774
0.6030000000000655,3885,5.931007617538304,2.9715860878994254
0.6030000000000655,3886,5.931324713455769,2.9724478468882003
0.6030000000000655,3887,5.931637627328027,2.9733081838399027
0.6030000000000655,3888,5.931946359155078,2.974167098754532
0.6030000000000655,3889,5.932250908936922,2.9750245916320885
0.6030000000000655,3890,5.932551276673559,2.9758806624725724
0.6030000000000655,3891,5.932847462364989,2.9767353112759833
0.6030000000000655,3892,5.933139466011211,2.977588538042321
0.6030000000000655,3893,5.933427287612228,2.978440342771586
0.6030000000000655,3894,5.933710927168037,2.9792907254637786
0.6030000000000655,3895,5.933990384678639,2.9801396861188976
0.6030000000000655,3896,5.934265660144034,2.9809872247369436
0.6030000000000655,3897,5.934536753564222,2.981833341317917
0.6030000000000655,3898,5.934803664939203,2.982678035861818
0.6030000000000655,3899,5.935066394268977,2.983521308368646
0.6030000000000655,3900,5.935324941553544,2.9843631588384003
0.6030000000000655,3901,5.935579306792905,2.9852035872710823
0.6030000000000655,3902,5.935829489987057,2.9860425936666917
0.6030000000000655,3903,5.936075491136003,2.986880178025227
0.6030000000000655,3904,5.936317310239742,2.987716340346691
0.6030000000000655,3905,5.936554947298275,2.9885510806310815
0.6030000000000655,3906,5.936788402311599,2.9893843988783986
0.6030000000000655,3907,5.9370176752797175,2.9902162950886435
0.6030000000000655,3908,5.937242766202628,2.991046769261815
0.6030000000000655,3909,5.937463675080332,2.991875821397914
0.6030000000000655,3910,5.9376804019128295,2.99270345149694
0.6030000000000655,3911,5.937892946700121,2.9935296595588934
0.6030000000000655,3912,5.938101309442203,2.9943544455837734
0.6030000000000655,3913,5.938305490139079,2.99517780957158
0.6030000000000655,3914,5.938505488790748,2.995999751522315
0.6030000000000655,3915,5.938701305397211,2.9968202714359764
0.6030000000000655,3916,5.938892939958465,2.997639369312565
0.6030000000000655,3917,5.939080392474514,2.998457045152081
0.6030000000000655,3918,5.939263662945354,2.999273298954524
0.6030000000000655,3919,5.939442751370989,3.000088130719894
0.6030000000000655,3920,5.939617657751416,3.000901540448191
0.6030000000000655,3921,5.939788382086636,3.001713528139415
0.6030000000000655,3922,5.939954924376649,3.0025240937935664
0.6030000000000655,3923,5.940117284621456,3.0033332374106454
0.6030000000000655,3924,5.940275462821054,3.0041409589906505
0.6030000000000655,3925,5.940429458975447,3.0049472585335835
0.6030000000000655,3926,5.940579273084632,3.0057521360394435
0.6030000000000655,3927,5.94072490514861,3.0065555915082305
0.6030000000000655,3928,5.9408663551673815,3.007357624939944
0.6030000000000655,3929,5.941003623140946,3.0081582363345856
0.6030000000000655,3930,5.941136709069302,3.0089574256921536
0.6030000000000655,3931,5.941265612952453,3.0097551930126487
0.6030000000000655,3932,5.9413903347903965,3.0105515382960713
0.6030000000000655,3933,5.941510874583133,3.0113464615424217
0.6030000000000655,3934,5.941627232330662,3.0121399627516983
0.6030000000000655,3935,5.9417394080329835,3.012932041923902
0.6030000000000655,3936,5.941847401690099,3.0137226990590333
0.6030000000000655,3937,5.941951213302008,3.014511934157091
0.6030000000000655,3938,5.942050842868708,3.0152997472180765
0.6030000000000655,3939,5.942146290390203,3.0160861382419886
0.6030000000000655,3940,5.942237555866491,3.016871107228828
0.6030000000000655,3941,5.942324639297571,3.0176546541785947
0.6030000000000655,3942,5.942407540683444,3.0184367790912887
0.6030000000000655,3943,5.94248626002411,3.0192174819669093
0.6030000000000655,3944,5.94256079731957,3.019996762805457
0.6030000000000655,3945,5.942631152569821,3.020774621606932
0.6030000000000655,3946,5.942697325774867,3.0215510583713345
0.6030000000000655,3947,5.942759316934705,3.0223260730986636
0.6030000000000655,3948,5.942817126049336,3.0230996657889206
0.6030000000000655,3949,5.942870753118761,3.0238718364421038
0.6030000000000655,3950,5.9429201981429784,3.0246425850582144
0.6030000000000655,3951,5.9429654611219895,3.025411911637252
0.6030000000000655,3952,5.943006542055793,3.0261798161792166
0.6030000000000655,3953,5.943043440944388,3.026946298684109
0.6030000000000655,3954,5.943076157787779,3.0277113591519282
0.6030000000000655,3955,5.943104692585961,3.0284749975826744
0.6030000000000655,3956,5.943129045338935,3.0292372139763475
0.6030000000000655,3957,5.943149216046704,3.029998008332948
0.6030000000000655,3958,5.943165204709265,3.0307573806524752
0.6030000000000655,3959,5.94317701132662,3.0315153309349303
0.6030000000000655,3960,5.943184635898767,3.032271859180312
0.6030000000000655,3961,5.943188078425708,3.033026965388621
0.6030000000000655,3962,5.943187338907441,3.0337806495598567
0.6030000000000655,3963,5.943182417343967,3.0345329116940203
0.6030000000000655,3964,5.9431733137352865,3.0352837517911104
0.6030000000000655,3965,5.943160028081399,3.0360331698511276
0.6030000000000655,3966,5.943142560382304,3.036781165874072
0.6030000000000655,3967,5.943120910638003,3.037527739859944
0.6030000000000655,3968,5.943095078848494,3.0382728918087425
0.6030000000000655,3969,5.943065065013779,3.0390166217204686
0.6030000000000655,3970,5.943030869133857,3.0397589295951217
0.6030000000000655,3971,5.942992491208727,3.0404998154327014
0.6030000000000655,3972,5.94294993123839,3.0412392792332086
0.6030000000000655,3973,5.9429031892228465,3.041977320996643
0.6030000000000655,3974,5.942852265162096,3.0427139407230044
0.6030000000000655,3975,5.942797159056139,3.0434491384122926
0.6030000000000655,3976,5.942737870904974,3.0441829140645082
0.6030000000000655,3977,5.9426744007086025,3.0449152676796514
0.6030000000000655,3978,5.942606748467024,3.045646199257721
0.6030000000000655,3979,5.942534914180238,3.046375708798718
0.6030000000000655,3980,5.942458897848246,3.0471037963026424
0.6030000000000655,3981,5.942378699471047,3.047830461769494
0.6030000000000655,3982,5.94229431904864,3.0485557051992718
0.6030000000000655,3983,5.942205756581027,3.0492795265919774
0.6030000000000655,3984,5.942113012068206,3.05000192594761
0.6030000000000655,3985,5.942016085510179,3.05072290326617
0.6030000000000655,3986,5.941914976906944,3.0514424585476565
0.6030000000000655,3987,5.9418096862585035,3.05216059179207
0.6030000000000655,3988,5.941700213564855,3.0528773029994114
0.6030000000000655,3989,5.941586558825999,3.0535925921696796
0.6030000000000655,3990,5.941468722041937,3.054306459302875
0.6030000000000655,3991,5.941346703212667,3.0550189043989975
0.6030000000000655,3992,5.941220502338191,3.055729927458047
0.6030000000000655,3993,5.941090119418508,3.0564395284800234
0.6030000000000655,3994,5.940955554453617,3.057147707464927
0.6030000000000655,3995,5.94081680744352,3.0578544644127583
0.6030000000000655,3996,5.940673878388215,3.058559799323516
0.6030000000000655,3997,5.940526767287704,3.0592637121972013
0.6030000000000655,3998,5.940375474141985,3.0599662030338135
0.6030000000000655,3999,5.94021999895106,3.0606672718333527
0.6030000000000655,4000,5.940060341714928,3.0613669185958194
0.6030000000000655,4001,5.939896502433589,3.062065143321213
0.6030000000000655,4002,5.939728481107042,3.062761946009534
0.6030000000000655,4003,5.939556277735289,3.063457326660781
0.6030000000000655,4004,5.939379892318328,3.0641512852749564
0.6030000000000655,4005,5.939199324856161,3.064843821852058
0.6030000000000655,4006,5.939014575348786,3.0655349363920874
0.6030000000000655,4007,5.938825643796205,3.0662246288950437
0.6030000000000655,4008,5.938825643796205,3.0662246288950437
0.6030000000000655,4009,5.9387301325086135,3.0665691196372538
0.6030000000000655,4010,5.938634621221021,3.0669136103794634
0.6030000000000655,4011,5.938539109933428,3.0672581011216735
0.6030000000000655,4012,5.9384435986458355,3.067602591863883
0.6030000000000655,4013,5.938348087358244,3.0679470826060933
0.6030000000000655,4014,5.938252576070651,3.068291573348303
0.6030000000000655,4015,5.938157064783058,3.068636064090513
0.6030000000000655,4016,5.938061553495466,3.0689805548327227
0.6030000000000655,4017,5.937966042207874,3.069325045574933
0.6030000000000655,4018,5.937870530920281,3.0696695363171425
0.6030000000000655,4019,5.937775019632689,3.0700140270593526
0.6030000000000655,4020,5.937679508345096,3.070358517801562
0.6030000000000655,4021,5.937583997057504,3.0707030085437723
0.6030000000000655,4022,5.9374884857699115,3.071047499285982
0.6030000000000655,4023,5.937392974482319,3.071391990028192
0.6030000000000655,4024,5.937297463194726,3.0717364807704026
0.6030000000000655,4025,5.937201951907134,3.0720809715126123
0.6030000000000655,4026,5.937106440619542,3.0724254622548224
0.6030000000000655,4027,5.937010929331949,3.072769952997032
0.6030000000000655,4028,5.936915418044356,3.073114443739242
0.6030000000000655,4029,5.936819906756765,3.073458934481452
0.6030000000000655,4030,5.936724395469172,3.073803425223662
0.6030000000000655,4031,5.936628884181579,3.0741479159658716
0.6030000000000655,4032,5.936533372893987,3.0744924067080817
0.6030000000000655,4033,5.936437861606395,3.0748368974502913
0.6030000000000655,4034,5.936342350318803,3.0751813881925014
0.6030000000000655,4035,5.9362468390312095,3.075525878934711
0.6030000000000655,4036,5.936151327743618,3.075870369676921
0.6030000000000655,4037,5.936055816456025,3.076214860419131
0.6030000000000655,4038,5.935960305168433,3.076559351161341
0.6030000000000655,4039,5.93586479388084,3.0769038419035506
0.6030000000000655,4040,5.935769282593248,3.0772483326457607
0.6030000000000655,4041,5.935673771305655,3.0775928233879704
0.6030000000000655,4042,5.9355782600180635,3.0779373141301805
0.6030000000000655,4043,5.93548274873047,3.0782818048723906
0.6030000000000655,4044,5.935387237442878,3.0786262956146
0.6030000000000655,4045,5.935291726155286,3.0789707863568108
0.6030000000000655,4046,5.935196214867695,3.0793152770990204
0.6030000000000655,4047,5.935100703580101,3.0796597678412305
0.6030000000000655,4048,5.935005192292509,3.08000425858344
0.6030000000000655,4049,5.934909681004917,3.0803487493256503
0.6030000000000655,4050,5.934814169717325,3.08069324006786
0.6030000000000655,4051,5.934718658429732,3.08103773081007
0.6030000000000655,4052,5.93462314714214,3.0813822215522797
0.6030000000000655,4053,5.934527635854547,3.08172671229449
0.6030000000000655,4054,5.934432124566955,3.0820712030366995
0.6030000000000655,4055,5.934336613279362,3.0824156937789096
0.6030000000000655,4056,5.93424110199177,3.0827601845211197
0.6030000000000655,4057,5.934145590704177,3.0831046752633293
0.6030000000000655,4058,5.934050079416585,3.083449166005539
0.6030000000000655,4059,5.933954568128993,3.083793656747749
0.6030000000000655,4060,5.9338590568414,3.084138147489959
0.6030000000000655,4061,5.933763545553807,3.084482638232169
0.6030000000000655,4062,5.933668034266216,3.084827128974379
0.6030000000000655,4063,5.933572522978622,3.085171619716589
0.6030000000000655,4064,5.93347701169103,3.085516110458799
0.6030000000000655,4065,5.933381500403438,3.085860601201009
0.6030000000000655,4066,5.933285989115846,3.086205091943219
0.6030000000000655,4067,5.933190477828253,3.0865495826854286
0.6030000000000655,4068,5.9330949665406605,3.0868940734276387
0.6030000000000655,4069,5.932999455253068,3.0872385641698483
0.6030000000000655,4070,5.932903943965476,3.0875830549120584
0.6030000000000655,4071,5.932808432677884,3.087927545654268
0.6030000000000655,4072,5.932712921390291,3.088272036396478
0.6030000000000655,4073,5.932617410102699,3.0886165271386883
0.6030000000000655,4074,5.932521898815106,3.088961017880898
0.6030000000000655,4075,5.9324263875275145,3.089305508623108
0.6030000000000655,4076,5.932330876239921,3.0896499993653177
0.6030000000000655,4077,5.932235364952329,3.089994490107528
0.6030000000000655,4078,5.9321398536647365,3.0903389808497375
0.6030000000000655,4079,5.932044342377145,3.0906834715919476
0.6030000000000655,4080,5.931948831089551,3.091027962334157
0.6030000000000655,4081,5.931853319801959,3.0913724530763673
0.6030000000000655,4082,5.931757808514367,3.091716943818577
0.6030000000000655,4083,5.931662297226774,3.092061434560787
0.6030000000000655,4084,5.931566785939181,3.0924059253029967
0.6030000000000655,4085,5.93147127465159,3.092750416045207
0.6030000000000655,4086,5.931375763363997,3.0930949067874165
0.6030000000000655,4087,5.931280252076405,3.0934393975296266
0.6030000000000655,4088,5.931184740788812,3.0937838882718367
0.6030000000000655,4089,5.93108922950122,3.0941283790140464
0.6030000000000655,4090,5.930993718213627,3.094472869756256
0.6030000000000655,4091,5.930898206926035,3.094817360498466
0.6030000000000655,4092,5.930802695638442,3.095161851240676
0.6030000000000655,4093,5.93070718435085,3.095506341982886
0.6030000000000655,4094,5.930611673063257,3.095850832725096
0.6030000000000655,4095,5.930516161775666,3.096195323467306
0.6030000000000655,4096,5.930420650488073,3.0965398142095157
0.6030000000000655,4097,5.930325139200481,3.096884304951726
0.6030000000000655,4098,5.9302296279128885,3.097228795693936
0.6030000000000655,4099,5.930134116625297,3.0975732864361456
0.6030000000000655,4100,5.930038605337703,3.0979177771783557
0.6030000000000655,4101,5.929943094050111,3.0982622679205654
0.6030000000000655,4102,5.929847582762519,3.098606758662776
0.6030000000000655,4103,5.929752071474927,3.0989512494049856
0.6030000000000655,4104,5.929656560187334,3.0992957401471957
0.6030000000000655,4105,5.929561048899742,3.0996402308894053
0.6030000000000655,4106,5.929465537612149,3.0999847216316154
0.6030000000000655,4107,5.929370026324557,3.1003292123738255
0.6030000000000655,4108,5.929274515036964,3.100673703116035
0.6030000000000655,4109,5.929179003749372,3.101018193858245
0.6030000000000655,4110,5.92908349246178,3.101362684600455
0.6030000000000655,4111,5.9289879811741875,3.101707175342665
0.6030000000000655,4112,5.928892469886595,3.1020516660848747
0.6030000000000655,4113,5.928796958599002,3.1023961568270844
0.6030000000000655,4114,5.92870144731141,3.1027406475692945
0.6030000000000655,4115,5.928605936023818,3.1030851383115046
0.6030000000000655,4116,5.928510424736226,3.1034296290537142
0.6030000000000655,4117,5.928414913448632,3.1037741197959243
0.6030000000000655,4118,5.928319402161041,3.104118610538134
0.6030000000000655,4119,5.928223890873448,3.104463101280344
0.6030000000000655,4120,5.928128379585855,3.1048075920225537
0.6030000000000655,4121,5.928032868298263,3.105152082764764
0.6030000000000655,4122,5.927937357010671,3.105496573506974
0.6030000000000655,4123,5.927841845723078,3.1058410642491836
0.6030000000000655,4124,5.927746334435486,3.1061855549913933
0.6030000000000655,4125,5.927650823147893,3.1065300457336034
0.6030000000000655,4126,5.927555311860301,3.1068745364758135
0.6030000000000655,4127,5.927459800572708,3.107219027218023
0.6030000000000655,4128,5.927364289285116,3.107563517960233
0.6030000000000655,4129,5.927268777997523,3.107908008702443
0.6030000000000655,4130,5.927173266709931,3.108252499444653
0.6030000000000655,4131,5.927077755422339,3.1085969901868626
0.6030000000000655,4132,5.926982244134747,3.1089414809290727
0.6030000000000655,4133,5.926886732847153,3.109285971671283
0.6030000000000655,4134,5.9267912215595615,3.109630462413493
0.6030000000000655,4135,5.92669571027197,3.1099749531557026
0.6030000000000655,4136,5.926600198984376,3.1103194438979127
0.6030000000000655,4137,5.926504687696784,3.1106639346401224
0.6030000000000655,4138,5.926409176409192,3.1110084253823325
0.6030000000000655,4139,5.9263136651216,3.1113529161245426
0.6030000000000655,4140,5.926218153834007,3.1116974068667522
0.6030000000000655,4141,5.9261226425464155,3.112041897608962
0.6030000000000655,4142,5.926027131258822,3.112386388351172
0.6030000000000655,4143,5.92593161997123,3.112730879093382
0.6030000000000655,4144,5.9258361086836375,3.1130753698355917
0.6030000000000655,4145,5.925740597396045,3.113419860577802
0.6030000000000655,4146,5.925645086108452,3.1137643513200115
0.6030000000000655,4147,5.92554957482086,3.1141088420622216
0.6030000000000655,4148,5.925454063533268,3.1144533328044313
0.6030000000000655,4149,5.925358552245676,3.1147978235466414
0.6030000000000655,4150,5.925263040958082,3.1151423142888515
0.6030000000000655,4151,5.925167529670491,3.115486805031061
0.6030000000000655,4152,5.925072018382898,3.115831295773271
0.6030000000000655,4153,5.924976507095305,3.116175786515481
0.6030000000000655,4154,5.924880995807713,3.1165202772576905
0.6030000000000655,4155,5.924785484520121,3.1168647679999006
0.6030000000000655,4156,5.924689973232528,3.1172092587421103
0.6030000000000655,4157,5.9245944619449356,3.1175537494843204
0.6030000000000655,4158,5.924498950657344,3.1178982402265305
0.6030000000000655,4159,5.924403439369751,3.11824273096874
0.6030000000000655,4160,5.924307928082159,3.11858722171095
0.6030000000000655,4161,5.924212416794566,3.11893171245316
0.6030000000000655,4162,5.924116905506974,3.11927620319537
0.6030000000000655,4163,5.924021394219381,3.1196206939375797
0.6030000000000655,4164,5.923925882931789,3.1199651846797893
0.6030000000000655,4165,5.923830371644197,3.120309675422
0.6030000000000655,4166,5.923734860356604,3.12065416616421
0.6030000000000655,4167,5.923639349069012,3.12099865690642
0.6030000000000655,4168,5.92354383778142,3.1213431476486297
0.6030000000000655,4169,5.923448326493826,3.1216876383908394
0.6030000000000655,4170,5.9233528152062345,3.1220321291330495
0.6030000000000655,4171,5.923257303918642,3.1223766198752596
0.6030000000000655,4172,5.92316179263105,3.1227211106174693
0.6030000000000655,4173,5.923066281343457,3.123065601359679
0.6030000000000655,4174,5.922970770055865,3.123410092101889
0.6030000000000655,4175,5.922875258768272,3.123754582844099
0.6030000000000655,4176,5.92277974748068,3.124099073586309
0.6030000000000655,4177,5.922684236193088,3.1244435643285184
0.6030000000000655,4178,5.922588724905495,3.124788055070729
0.6030000000000655,4179,5.922493213617903,3.1251325458129386
0.6030000000000655,4180,5.9223977023303105,3.1254770365551483
0.6030000000000655,4181,5.922302191042718,3.1258215272973584
0.6030000000000655,4182,5.922206679755126,3.1261660180395685
0.6030000000000655,4183,5.9221111684675325,3.126510508781778
0.6030000000000655,4184,5.922015657179941,3.1268549995239883
0.6030000000000655,4185,5.921920145892349,3.1271994902661984
0.6030000000000655,4186,5.921824634604756,3.127543981008408
0.6030000000000655,4187,5.921729123317164,3.127888471750618
0.6030000000000655,4188,5.921633612029572,3.1282329624928282
0.6030000000000655,4189,5.921538100741979,3.128577453235038
0.6030000000000655,4190,5.9214425894543865,3.1289219439772475
0.6030000000000655,4191,5.921347078166795,3.1292664347194576
0.6030000000000655,4192,5.921251566879201,3.1296109254616677
0.6030000000000655,4193,5.921156055591609,3.1299554162038774
0.6030000000000655,4194,5.921060544304017,3.130299906946087
0.6030000000000655,4195,5.920965033016424,3.130644397688297
0.6030000000000655,4196,5.920869521728832,3.1309888884305073
0.6030000000000655,4197,5.92077401044124,3.131333379172717
0.6030000000000655,4198,5.920678499153647,3.131677869914927
0.6030000000000655,4199,5.920582987866055,3.132022360657137
0.6030000000000655,4200,5.9204874765784625,3.132366851399347
0.6030000000000655,4201,5.92039196529087,3.132711342141557
0.6030000000000655,4202,5.920296454003278,3.133055832883767
0.6030000000000655,4203,5.9202009427156845,3.1334003236259766
0.6030000000000655,4204,5.920105431428093,3.1337448143681863
0.6030000000000655,4205,5.9200099201405,3.1340893051103964
0.6030000000000655,4206,5.919914408852907,3.1344337958526065
0.6030000000000655,4207,5.919818897565316,3.134778286594816
0.6030000000000655,4208,5.919723386277724,3.135122777337026
0.6030000000000655,4209,5.91962787499013,3.135467268079236
0.6030000000000655,4210,5.9195323637025385,3.135811758821446
0.6030000000000655,4211,5.919436852414946,3.1361562495636557
0.6030000000000655,4212,5.919341341127353,3.1365007403058662
0.6030000000000655,4213,5.919245829839761,3.136845231048076
0.6030000000000655,4214,5.919150318552169,3.1371897217902855
0.6030000000000655,4215,5.919054807264576,3.1375342125324956
0.6030000000000655,4216,5.918959295976984,3.1378787032747057
0.6030000000000655,4217,5.918863784689392,3.1382231940169154
0.6030000000000655,4218,5.918768273401799,3.138567684759125
0.6030000000000655,4219,5.918672762114207,3.1389121755013356
0.6030000000000655,4220,5.918577250826615,3.1392566662435453
0.6030000000000655,4221,5.918481739539022,3.1396011569857554
0.6030000000000655,4222,5.91838622825143,3.1399456477279655
0.6030000000000655,4223,5.9182907169638375,3.140290138470175
0.6030000000000655,4224,5.918195205676245,3.140634629212385
0.6030000000000655,4225,5.918099694388653,3.140979119954595
0.6030000000000655,4226,5.91800418310106,3.141323610696805
0.6030000000000655,4227,5.917908671813468,3.1416681014390146
0.6030000000000655,4228,5.917813160525876,3.1420125921812243
0.6030000000000655,4229,5.917717649238282,3.1423570829234344
0.6030000000000655,4230,5.917622137950691,3.1427015736656445
0.6030000000000655,4231,5.917526626663098,3.143046064407854
0.6030000000000655,4232,5.917431115375505,3.1433905551500643
0.6030000000000655,4233,5.9173356040879135,3.1437350458922744
0.6030000000000655,4234,5.917240092800321,3.144079536634484
0.6030000000000655,4235,5.917144581512728,3.144424027376694
0.6030000000000655,4236,5.917049070225136,3.1447685181189042
0.6030000000000655,4237,5.916953558937544,3.145113008861114
0.6030000000000655,4238,5.916858047649951,3.1454574996033235
0.6030000000000655,4239,5.916762536362359,3.1458019903455336
0.6030000000000655,4240,5.916667025074766,3.1461464810877438
0.6030000000000655,4241,5.916571513787174,3.1464909718299534
0.6030000000000655,4242,5.916476002499581,3.146835462572163
0.6030000000000655,4243,5.916380491211989,3.1471799533143736
0.6030000000000655,4244,5.916284979924397,3.1475244440565833
0.6030000000000655,4245,5.916189468636804,3.147868934798793
0.6030000000000655,4246,5.9160939573492115,3.148213425541003
0.6030000000000655,4247,5.91599844606162,3.148557916283213
0.6030000000000655,4248,5.915902934774027,3.148902407025423
0.6030000000000655,4249,5.915807423486434,3.1492468977676324
0.6030000000000655,4250,5.915711912198843,3.149591388509842
0.6030000000000655,4251,5.915616400911249,3.1499358792520527
0.6030000000000655,4252,5.915520889623657,3.1502803699942623
0.6030000000000655,4253,5.915425378336065,3.1506248607364724
0.6030000000000655,4254,5.915329867048472,3.1509693514786825
0.6030000000000655,4255,5.91523435576088,3.151313842220892
0.6030000000000655,4256,5.9151388444732875,3.151658332963102
0.6030000000000655,4257,5.915043333185695,3.152002823705312
0.6030000000000655,4258,5.914947821898103,3.152347314447522
0.6030000000000655,4259,5.91485231061051,3.1526918051897317
0.6030000000000655,4260,5.914756799322918,3.1530362959319413
0.6030000000000655,4261,5.914661288035326,3.1533807866741514
0.6030000000000655,4262,5.914565776747732,3.1537252774163615
0.6030000000000655,4263,5.914470265460141,3.154069768158571
0.6030000000000655,4264,5.914374754172548,3.1544142589007813
0.6030000000000655,4265,5.914279242884955,3.1547587496429914
0.6030000000000655,4266,5.9141837315973635,3.155103240385201
0.6030000000000655,4267,5.914088220309771,3.155447731127411
0.6030000000000655,4268,5.913992709022178,3.1557922218696213
0.6030000000000655,4269,5.913897197734586,3.156136712611831
0.6030000000000655,4270,5.913801686446993,3.1564812033540406
0.6030000000000655,4271,5.913706175159401,3.1568256940962507
0.6030000000000655,4272,5.913610663871809,3.157170184838461
0.6030000000000655,4273,5.913515152584217,3.1575146755806704
0.6030000000000655,4274,5.913419641296624,3.15785916632288
0.6030000000000655,4275,5.913324130009032,3.15820365706509
0.6030000000000655,4276,5.91322861872144,3.1585481478073003
0.6030000000000655,4277,5.913133107433847,3.15889263854951
0.6030000000000655,4278,5.913037596146255,3.15923712929172
0.6030000000000655,4279,5.912942084858662,3.15958162003393
0.6030000000000655,4280,5.91284657357107,3.15992611077614
0.6030000000000655,4281,5.912751062283477,3.1602706015183495
0.6030000000000655,4282,5.9126555509958845,3.16061509226056
0.6030000000000655,4283,5.912560039708293,3.1609595830027697
0.6030000000000655,4284,5.9124645284207,3.1613040737449793
0.6030000000000655,4285,5.912369017133107,3.1616485644871895
0.6030000000000655,4286,5.912273505845516,3.1619930552293996
0.6030000000000655,4287,5.912177994557922,3.162337545971609
0.6030000000000655,4288,5.91208248327033,3.1626820367138193
0.6030000000000655,4289,5.911986971982738,3.1630265274560294
0.6030000000000655,4290,5.911891460695145,3.163371018198239
0.6030000000000655,4291,5.911795949407553,3.1637155089404487
0.6030000000000655,4292,5.9117004381199605,3.164059999682659
0.6030000000000655,4293,5.911604926832368,3.164404490424869
0.6030000000000655,4294,5.911509415544776,3.1647489811670786
0.6030000000000655,4295,5.911413904257183,3.1650934719092882
0.6030000000000655,4296,5.911318392969591,3.1654379626514983
0.6030000000000655,4297,5.911222881681999,3.1657824533937085
0.6030000000000655,4298,5.911127370394406,3.166126944135918
0.6030000000000655,4299,5.911031859106814,3.166471434878128
0.6030000000000655,4300,5.910936347819222,3.1668159256203383
0.6030000000000655,4301,5.910840836531628,3.167160416362548
0.6030000000000655,4302,5.9107453252440365,3.1675049071047576
0.6030000000000655,4303,5.910649813956444,3.1678493978469677
0.6030000000000655,4304,5.910554302668851,3.168193888589178
0.6030000000000655,4305,5.910458791381259,3.1685383793313875
0.6030000000000655,4306,5.910363280093667,3.168882870073598
0.6030000000000655,4307,5.910267768806074,3.1692273608158077
0.6030000000000655,4308,5.910172257518482,3.1695718515580174
0.6030000000000655,4309,5.9100767462308905,3.1699163423002275
0.6030000000000655,4310,5.909981234943297,3.1702608330424376
0.6030000000000655,4311,5.909885723655705,3.170605323784647
0.6030000000000655,4312,5.9097902123681125,3.170949814526857
0.6030000000000655,4313,5.90969470108052,3.171294305269067
0.6030000000000655,4314,5.909599189792928,3.171638796011277
0.6030000000000655,4315,5.909503678505335,3.1719832867534867
0.6030000000000655,4316,5.909408167217743,3.1723277774956964
0.6030000000000655,4317,5.909312655930151,3.172672268237907
0.6030000000000655,4318,5.909217144642557,3.1730167589801166
0.6030000000000655,4319,5.909121633354966,3.1733612497223262
0.6030000000000655,4320,5.909026122067373,3.173705740464536
0.6030000000000655,4321,5.90893061077978,3.1740502312067465
0.6030000000000655,4322,5.9088350994921885,3.174394721948956
0.6030000000000655,4323,5.908739588204596,3.174739212691166
0.6030000000000655,4324,5.908644076917003,3.1750837034333763
0.6030000000000655,4325,5.908548565629411,3.175428194175586
0.6030000000000655,4326,5.908453054341819,3.175772684917796
0.6030000000000655,4327,5.908357543054226,3.1761171756600057
0.6030000000000655,4328,5.908262031766634,3.176461666402216
0.6030000000000655,4329,5.908166520479041,3.1768061571444255
0.6030000000000655,4330,5.908071009191449,3.1771506478866356
0.6030000000000655,4331,5.907975497903856,3.1774951386288453
0.6030000000000655,4332,5.907879986616264,3.1778396293710554
0.6030000000000655,4333,5.907784475328672,3.178184120113265
0.6030000000000655,4334,5.90768896404108,3.178528610855475
0.6030000000000655,4335,5.907593452753487,3.1788731015976848
0.6030000000000655,4336,5.907497941465895,3.179217592339895
0.6030000000000655,4337,5.907402430178303,3.1795620830821054
0.6030000000000655,4338,5.9073069188907095,3.179906573824315
0.6030000000000655,4339,5.907211407603118,3.1802510645665247
0.6030000000000655,4340,5.907115896315525,3.1805955553087344
0.6030000000000655,4341,5.907020385027932,3.180940046050945
0.6030000000000655,4342,5.906924873740341,3.1812845367931546
0.6030000000000655,4343,5.906829362452748,3.1816290275353643
0.6030000000000655,4344,5.906733851165155,3.181973518277574
0.6030000000000655,4345,5.9066383398775635,3.1823180090197845
0.6030000000000655,4346,5.90654282858997,3.182662499761994
0.6030000000000655,4347,5.906447317302378,3.1830069905042038
0.6030000000000655,4348,5.906351806014786,3.1833514812464143
0.6030000000000655,4349,5.906256294727193,3.183695971988624
0.6030000000000655,4350,5.906160783439601,3.184040462730834
0.6030000000000655,4351,5.906065272152008,3.1843849534730437
0.6030000000000655,4352,5.905969760864417,3.184729444215254
0.6030000000000655,4353,5.905874249576824,3.1850739349574635
0.6030000000000655,4354,5.905778738289231,3.1854184256996736
0.6030000000000655,4355,5.905683227001639,3.1857629164418833
0.6030000000000655,4356,5.905587715714047,3.1861074071840934
0.6030000000000655,4357,5.905492204426454,3.186451897926303
0.6030000000000655,4358,5.9053966931388615,3.186796388668513
0.6030000000000655,4359,5.905301181851269,3.187140879410723
0.6030000000000655,4360,5.905205670563676,3.187485370152933
0.6030000000000655,4361,5.905110159276084,3.187829860895143
0.6030000000000655,4362,5.905014647988493,3.1881743516373526
0.6030000000000655,4363,5.904919136700899,3.1885188423795627
0.6030000000000655,4364,5.904823625413307,3.1888633331217724
0.6030000000000655,4365,5.904728114125715,3.1892078238639825
0.6030000000000655,4366,5.904632602838123,3.1895523146061926
0.6030000000000655,4367,5.904537091550529,3.1898968053484023
0.6030000000000655,4368,5.9044415802629375,3.1902412960906124
0.6030000000000655,4369,5.904346068975345,3.190585786832822
0.6030000000000655,4370,5.904250557687753,3.190930277575032
0.6030000000000655,4371,5.90415504640016,3.1912747683172418
0.6030000000000655,4372,5.904059535112568,3.191619259059452
0.6030000000000655,4373,5.903964023824975,3.1919637498016615
0.6030000000000655,4374,5.903868512537383,3.1923082405438716
0.6030000000000655,4375,5.903773001249791,3.1926527312860813
0.6030000000000655,4376,5.903677489962198,3.1929972220282914
0.6030000000000655,4377,5.903581978674605,3.193341712770501
0.6030000000000655,4378,5.9034864673870135,3.193686203512711
0.6030000000000655,4379,5.903390956099422,3.1940306942549213
0.6030000000000655,4380,5.903295444811828,3.1943751849971314
0.6030000000000655,4381,5.903199933524236,3.194719675739341
0.6030000000000655,4382,5.903104422236644,3.1950641664815507
0.6030000000000655,4383,5.903008910949051,3.195408657223761
0.6030000000000655,4384,5.902913399661459,3.195753147965971
0.6030000000000655,4385,5.902817888373866,3.1960976387081805
0.6030000000000655,4386,5.902722377086274,3.19644212945039
0.6030000000000655,4387,5.902626865798682,3.1967866201926007
0.6030000000000655,4388,5.90253135451109,3.1971311109348104
0.6030000000000655,4389,5.902435843223497,3.1974756016770205
0.6030000000000655,4390,5.902340331935904,3.1978200924192306
0.6030000000000655,4391,5.9022448206483125,3.1981645831614403
0.6030000000000655,4392,5.90214930936072,3.1985090739036504
0.6030000000000655,4393,5.902053798073127,3.19885356464586
0.6030000000000655,4394,5.9019582867855345,3.19919805538807
0.6030000000000655,4395,5.901862775497943,3.1995425461302798
0.6030000000000655,4396,5.90176726421035,3.19988703687249
0.6030000000000655,4397,5.901671752922757,3.2002315276146995
0.6030000000000655,4398,5.901576241635165,3.2005760183569096
0.6030000000000655,4399,5.901480730347573,3.2009205090991193
0.6030000000000655,4400,5.90138521905998,3.2012649998413294
0.6030000000000655,4401,5.9012897077723885,3.2016094905835395
0.6030000000000655,4402,5.901194196484795,3.201953981325749
0.6030000000000655,4403,5.901098685197203,3.2022984720679593
0.6030000000000655,4404,5.901003173909611,3.202642962810169
0.6030000000000655,4405,5.900907662622019,3.202987453552379
0.6030000000000655,4406,5.900812151334426,3.2033319442945887
0.6030000000000655,4407,5.900716640046833,3.2036764350367988
0.6030000000000655,4408,5.900621128759241,3.2040209257790084
0.6030000000000655,4409,5.900525617471649,3.2043654165212185
0.6030000000000655,4410,5.900430106184055,3.204709907263428
0.6030000000000655,4411,5.900334594896464,3.2050543980056387
0.6030000000000655,4412,5.900239083608872,3.2053988887478484
0.6030000000000655,4413,5.900143572321279,3.205743379490058
0.6030000000000655,4414,5.9000480610336865,3.2060878702322686
0.6030000000000655,4415,5.899952549746094,3.2064323609744783
0.6030000000000655,4416,5.899857038458502,3.206776851716688
0.6030000000000655,4417,5.899761527170909,3.2071213424588976
0.6030000000000655,4418,5.899666015883318,3.207465833201108
0.6030000000000655,4419,5.899570504595724,3.2078103239433178
0.6030000000000655,4420,5.899474993308132,3.208154814685528
0.6030000000000655,4421,5.89937948202054,3.2084993054277375
0.6030000000000655,4422,5.899283970732948,3.2088437961699476
0.6030000000000655,4423,5.899188459445354,3.2091882869121573
0.6030000000000655,4424,5.8990929481577625,3.2095327776543674
0.6030000000000655,4425,5.89899743687017,3.2098772683965775
0.6030000000000655,4426,5.898901925582578,3.210221759138787
0.6030000000000655,4427,5.898806414294985,3.2105662498809973
0.6030000000000655,4428,5.898710903007393,3.210910740623207
0.6030000000000655,4429,5.8986153917198,3.211255231365417
0.6030000000000655,4430,5.898519880432208,3.2115997221076267
0.6030000000000655,4431,5.898424369144616,3.2119442128498368
0.6030000000000655,4432,5.898328857857024,3.212288703592047
0.6030000000000655,4433,5.89823334656943,3.2126331943342565
0.6030000000000655,4434,5.8981378352818385,3.2129776850764666
0.6030000000000655,4435,5.898042323994246,3.2133221758186763
0.6030000000000655,4436,5.897946812706654,3.2136666665608864
0.6030000000000655,4437,5.8978513014190606,3.214011157303096
0.6030000000000655,4438,5.897755790131469,3.214355648045306
0.6030000000000655,4439,5.897660278843876,3.214700138787516
0.6030000000000655,4440,5.897564767556284,3.215044629529726
0.6030000000000655,4441,5.897469256268691,3.2153891202719356
0.6030000000000655,4442,5.897373744981099,3.2157336110141457
0.6030000000000655,4443,5.897278233693507,3.216078101756356
0.6030000000000655,4444,5.897182722405915,3.2164225924985654
0.6030000000000655,4445,5.897087211118322,3.2167670832407755
0.6030000000000655,4446,5.896991699830729,3.217111573982985
0.6030000000000655,4447,5.896896188543137,3.2174560647251953
0.6030000000000655,4448,5.896800677255545,3.217800555467405
0.6030000000000655,4449,5.896705165967953,3.218145046209615
0.6030000000000655,4450,5.8966096546803595,3.2184895369518247
0.6030000000000655,4451,5.896514143392768,3.218834027694035
0.6030000000000655,4452,5.896418632105175,3.2191785184362445
0.6030000000000655,4453,5.896323120817583,3.219523009178455
0.6030000000000655,4454,5.89622760952999,3.2198674999206647
0.6030000000000655,4455,5.896132098242398,3.2202119906628743
0.6030000000000655,4456,5.896036586954805,3.220556481405085
0.6030000000000655,4457,5.8959410756672135,3.2209009721472945
0.6030000000000655,4458,5.89584556437962,3.2212454628895046
0.6030000000000655,4459,5.895750053092028,3.2215899536317143
0.6030000000000655,4460,5.8956545418044355,3.2219344443739244
0.6030000000000655,4461,5.895559030516844,3.222278935116134
0.6030000000000655,4462,5.895463519229251,3.222623425858344
0.6030000000000655,4463,5.895368007941658,3.222967916600554
0.6030000000000655,4464,5.895272496654066,3.223312407342764
0.6030000000000655,4465,5.895176985366474,3.2236568980849736
0.6030000000000655,4466,5.895081474078881,3.2240013888271837
0.6030000000000655,4467,5.894985962791289,3.224345879569394
0.6030000000000655,4468,5.894890451503696,3.2246903703116034
0.6030000000000655,4469,5.894794940216104,3.2250348610538135
0.6030000000000655,4470,5.8946994289285115,3.225379351796023
0.6030000000000655,4471,5.894603917640919,3.2257238425382333
0.6030000000000655,4472,5.894508406353327,3.226068333280443
0.6030000000000655,4473,5.894412895065734,3.226412824022653
0.6030000000000655,4474,5.894317383778143,3.2267573147648627
0.6030000000000655,4475,5.894221872490549,3.227101805507073
0.6030000000000655,4476,5.894126361202957,3.2274462962492825
0.6030000000000655,4477,5.894030849915365,3.2277907869914926
0.6030000000000655,4478,5.893935338627773,3.2281352777337027
0.6030000000000655,4479,5.89383982734018,3.2284797684759123
0.6030000000000655,4480,5.8937443160525875,3.2288242592181224
0.6030000000000655,4481,5.893648804764995,3.229168749960332
0.6030000000000655,4482,5.893553293477403,3.229513240702542
0.6030000000000655,4483,5.89345778218981,3.229857731444752
0.6030000000000655,4484,5.893362270902218,3.2302022221869624
0.6030000000000655,4485,5.893266759614625,3.230546712929172
0.6030000000000655,4486,5.893171248327033,3.230891203671382
0.6030000000000655,4487,5.893075737039441,3.231235694413592
0.6030000000000655,4488,5.892980225751849,3.2315801851558015
0.6030000000000655,4489,5.892884714464255,3.2319246758980116
0.6030000000000655,4490,5.8927892031766635,3.2322691666402212
0.6030000000000655,4491,5.892693691889071,3.2326136573824313
0.6030000000000655,4492,5.892598180601479,3.2329581481246414
0.6030000000000655,4493,5.892502669313886,3.2333026388668515
0.6030000000000655,4494,5.892407158026294,3.233647129609061
0.6030000000000655,4495,5.892311646738701,3.2339916203512713
0.6030000000000655,4496,5.892216135451109,3.234336111093481
0.6030000000000655,4497,5.892120624163517,3.234680601835691
0.6030000000000655,4498,5.892025112875924,3.235025092577901
0.6030000000000655,4499,5.891929601588331,3.235369583320111
0.6030000000000655,4500,5.89183409030074,3.235714074062321
0.6030000000000655,4501,5.891738579013147,3.2360585648045306
0.6030000000000655,4502,5.891643067725554,3.2364030555467407
0.6030000000000655,4503,5.891547556437962,3.2367475462889503
0.6030000000000655,4504,5.89145204515037,3.2370920370311604
0.6030000000000655,4505,5.891356533862777,3.23743652777337
0.6030000000000655,4506,5.8912610225751845,3.23778101851558
0.6030000000000655,4507,5.891165511287592,3.23812550925779
0.6030000000000655,4508,5.89107,3.23847
