Time_sec,Waypoint_Index,X,Y
0.0009999999999763531,0,1.543603171819752,-1.3250544194312224
0.0009999999999763531,1,1.5445461498833706,-1.324135385803175
0.0009999999999763531,2,1.5454891279469893,-1.3232163521751275
0.0009999999999763531,3,1.5464321060106079,-1.3222973185470799
0.0009999999999763531,4,1.5473750840742264,-1.3213782849190323
0.0009999999999763531,5,1.548318062137845,-1.320459251290985
0.0009999999999763531,6,1.5492610402014637,-1.3195402176629376
0.0009999999999763531,7,1.5502040182650823,-1.31862118403489
0.0009999999999763531,8,1.5511469963287008,-1.3177021504068427
0.0009999999999763531,9,1.5520899743923195,-1.316783116778795
0.0009999999999763531,10,1.553032952455938,-1.3158640831507475
0.0009999999999763531,11,1.5539759305195566,-1.3149450495227
0.0009999999999763531,12,1.5549189085831752,-1.3140260158946526
0.0009999999999763531,13,1.555861886646794,-1.3131069822666053
0.0009999999999763531,14,1.5568048647104122,-1.3121879486385577
0.0009999999999763531,15,1.5577478427740308,-1.3112689150105101
0.0009999999999763531,16,1.5586908208376495,-1.3103498813824626
0.0009999999999763531,17,1.559633798901268,-1.3094308477544152
0.0009999999999763531,18,1.5605767769648866,-1.3085118141263679
0.0009999999999763531,19,1.5615197550285052,-1.3075927804983203
0.0009999999999763531,20,1.562462733092124,-1.306673746870273
0.0009999999999763531,21,1.5634057111557425,-1.3057547132422251
0.0009999999999763531,22,1.564348689219361,-1.3048356796141778
0.0009999999999763531,23,1.5652916672829797,-1.3039166459861302
0.0009999999999763531,24,1.5662346453465983,-1.3029976123580829
0.0009999999999763531,25,1.5671776234102168,-1.3020785787300355
0.0009999999999763531,26,1.5681206014738354,-1.3011595451019877
0.0009999999999763531,27,1.5690635795374541,-1.3002405114739404
0.0009999999999763531,28,1.5700065576010727,-1.2993214778458928
0.0009999999999763531,29,1.5709495356646912,-1.2984024442178455
0.0009999999999763531,30,1.57189251372831,-1.297483410589798
0.0009999999999763531,31,1.5728354917919285,-1.2965643769617505
0.0009999999999763531,32,1.573778469855547,-1.295645343333703
0.0009999999999763531,33,1.5747214479191656,-1.2947263097056554
0.0009999999999763531,34,1.5756644259827843,-1.293807276077608
0.0009999999999763531,35,1.5766074040464029,-1.2928882424495607
0.0009999999999763531,36,1.5775503821100214,-1.2919692088215131
0.0009999999999763531,37,1.5784933601736402,-1.2910501751934658
0.0009999999999763531,38,1.579436338237259,-1.2901311415654182
0.0009999999999763531,39,1.5803793163008772,-1.2892121079373708
0.0009999999999763531,40,1.5813222943644958,-1.2882930743093233
0.0009999999999763531,41,1.5822652724281143,-1.287374040681276
0.0009999999999763531,42,1.583208250491733,-1.2864550070532283
0.0009999999999763531,43,1.5841512285553516,-1.2855359734251808
0.0009999999999763531,44,1.5850942066189702,-1.2846169397971334
0.0009999999999763531,45,1.586037184682589,-1.2836979061690859
0.0009999999999763531,46,1.5869801627462075,-1.2827788725410385
0.0009999999999763531,47,1.587923140809826,-1.281859838912991
0.0009999999999763531,48,1.5888661188734445,-1.2809408052849434
0.0009999999999763531,49,1.5898090969370633,-1.280021771656896
0.0009999999999763531,50,1.5907520750006818,-1.2791027380288484
0.0009999999999763531,51,1.5916950530643004,-1.278183704400801
0.0009999999999763531,52,1.5926380311279191,-1.2772646707727535
0.0009999999999763531,53,1.5935810091915377,-1.276345637144706
0.0009999999999763531,54,1.5945239872551562,-1.2754266035166586
0.0009999999999763531,55,1.5954669653187747,-1.274507569888611
0.0009999999999763531,56,1.5964099433823935,-1.2735885362605637
0.0009999999999763531,57,1.597352921446012,-1.272669502632516
0.0009999999999763531,58,1.5982958995096306,-1.2717504690044688
0.0009999999999763531,59,1.5992388775732493,-1.2708314353764212
0.0009999999999763531,60,1.6001818556368677,-1.2699124017483736
0.0009999999999763531,61,1.6011248337004864,-1.2689933681203263
0.0009999999999763531,62,1.6020678117641047,-1.2680743344922787
0.0009999999999763531,63,1.6030107898277235,-1.2671553008642313
0.0009999999999763531,64,1.6039537678913423,-1.2662362672361835
0.0009999999999763531,65,1.6048967459549606,-1.2653172336081362
0.0009999999999763531,66,1.6058397240185793,-1.2643981999800888
0.0009999999999763531,67,1.606782702082198,-1.2634791663520413
0.0009999999999763531,68,1.6077256801458164,-1.262560132723994
0.0009999999999763531,69,1.608668658209435,-1.2616410990959466
0.0009999999999763531,70,1.6096116362730537,-1.2607220654678988
0.0009999999999763531,71,1.6105546143366722,-1.2598030318398514
0.0009999999999763531,72,1.6114975924002908,-1.2588839982118039
0.0009999999999763531,73,1.6124405704639095,-1.2579649645837565
0.0009999999999763531,74,1.613383548527528,-1.257045930955709
0.0009999999999763531,75,1.6143265265911466,-1.2561268973276616
0.0009999999999763531,76,1.6152695046547652,-1.255207863699614
0.0009999999999763531,77,1.616212482718384,-1.2542888300715664
0.0009999999999763531,78,1.6171554607820025,-1.253369796443519
0.0009999999999763531,79,1.618098438845621,-1.2524507628154715
0.0009999999999763531,80,1.6190414169092398,-1.2515317291874242
0.0009999999999763531,81,1.6199843949728583,-1.2506126955593766
0.0009999999999763531,82,1.6209273730364768,-1.249693661931329
0.0009999999999763531,83,1.6218703511000954,-1.2487746283032817
0.0009999999999763531,84,1.6228133291637141,-1.247855594675234
0.0009999999999763531,85,1.6237563072273327,-1.2469365610471868
0.0009999999999763531,86,1.6246992852909512,-1.2460175274191392
0.0009999999999763531,87,1.62564226335457,-1.2450984937910916
0.0009999999999763531,88,1.6265852414181885,-1.2441794601630445
0.0009999999999763531,89,1.627528219481807,-1.243260426534997
0.0009999999999763531,90,1.6284711975454256,-1.2423413929069496
0.0009999999999763531,91,1.6294141756090443,-1.2414223592789018
0.0009999999999763531,92,1.6303571536726629,-1.2405033256508544
0.0009999999999763531,93,1.6313001317362814,-1.239584292022807
0.0009999999999763531,94,1.6322431097999,-1.2386652583947595
0.0009999999999763531,95,1.6331860878635187,-1.2377462247667121
0.0009999999999763531,96,1.6341290659271372,-1.2368271911386646
0.0009999999999763531,97,1.6350720439907558,-1.235908157510617
0.0009999999999763531,98,1.6360150220543745,-1.2349891238825697
0.0009999999999763531,99,1.636958000117993,-1.234070090254522
0.0009999999999763531,100,1.6379009781816116,-1.2331510566264747
0.0009999999999763531,101,1.6388439562452302,-1.2322320229984272
0.0009999999999763531,102,1.639786934308849,-1.2313129893703798
0.0009999999999763531,103,1.6407299123724675,-1.230393955742332
0.0009999999999763531,104,1.641672890436086,-1.2294749221142847
0.0009999999999763531,105,1.6426158684997048,-1.228555888486237
0.0009999999999763531,106,1.6435588465633233,-1.2276368548581897
0.0009999999999763531,107,1.6445018246269418,-1.2267178212301424
0.0009999999999763531,108,1.6454448026905604,-1.2257987876020946
0.0009999999999763531,109,1.6463877807541791,-1.2248797539740472
0.0009999999999763531,110,1.6473307588177977,-1.2239607203459997
0.0009999999999763531,111,1.648273736881416,-1.2230416867179523
0.0009999999999763531,112,1.6492167149450347,-1.222122653089905
0.0009999999999763531,113,1.6501596930086535,-1.2212036194618574
0.0009999999999763531,114,1.6511026710722718,-1.2202845858338098
0.0009999999999763531,115,1.6520456491358906,-1.2193655522057623
0.0009999999999763531,116,1.6529886271995093,-1.218446518577715
0.0009999999999763531,117,1.6539316052631277,-1.2175274849496676
0.0009999999999763531,118,1.6548745833267464,-1.21660845132162
0.0009999999999763531,119,1.6558175613903652,-1.2156894176935726
0.0009999999999763531,120,1.6567605394539835,-1.2147703840655248
0.0009999999999763531,121,1.657703517517602,-1.2138513504374775
0.0009999999999763531,122,1.6586464955812206,-1.2129323168094301
0.0009999999999763531,123,1.6595894736448393,-1.2120132831813826
0.0009999999999763531,124,1.6605324517084579,-1.211094249553335
0.0009999999999763531,125,1.6614754297720764,-1.2101752159252877
0.0009999999999763531,126,1.6624184078356952,-1.20925618229724
0.0009999999999763531,127,1.6633613858993137,-1.2083371486691925
0.0009999999999763531,128,1.6643043639629322,-1.2074181150411452
0.0009999999999763531,129,1.6652473420265508,-1.2064990814130978
0.0009999999999763531,130,1.6661903200901695,-1.2055800477850502
0.0009999999999763531,131,1.667133298153788,-1.2046610141570027
0.0009999999999763531,132,1.6680762762174066,-1.2037419805289553
0.0009999999999763531,133,1.6690192542810254,-1.2028229469009077
0.0009999999999763531,134,1.669962232344644,-1.2019039132728604
0.0009999999999763531,135,1.6709052104082625,-1.2009848796448128
0.0009999999999763531,136,1.671848188471881,-1.2000658460167652
0.0009999999999763531,137,1.6727911665354998,-1.199146812388718
0.0009999999999763531,138,1.673734144599118,-1.1982277787606703
0.0009999999999763531,139,1.6746771226627368,-1.1973087451326228
0.0009999999999763531,140,1.6756201007263556,-1.1963897115045754
0.0009999999999763531,141,1.676563078789974,-1.1954706778765278
0.0009999999999763531,142,1.6775060568535927,-1.1945516442484805
0.0009999999999763531,143,1.678449034917211,-1.193632610620433
0.0009999999999763531,144,1.6793920129808297,-1.1927135769923853
0.0009999999999763531,145,1.6803349910444483,-1.191794543364338
0.0009999999999763531,146,1.6812779691080668,-1.1908755097362906
0.0009999999999763531,147,1.6822209471716856,-1.189956476108243
0.0009999999999763531,148,1.6831639252353041,-1.1890374424801955
0.0009999999999763531,149,1.6841069032989227,-1.1881184088521481
0.0009999999999763531,150,1.6850498813625412,-1.1871993752241006
0.0009999999999763531,151,1.68599285942616,-1.1862803415960532
0.0009999999999763531,152,1.6869358374897785,-1.1853613079680057
0.0009999999999763531,153,1.687878815553397,-1.184442274339958
0.0009999999999763531,154,1.6888217936170158,-1.1835232407119107
0.0009999999999763531,155,1.6897647716806343,-1.1826042070838632
0.0009999999999763531,156,1.6907077497442529,-1.1816851734558158
0.0009999999999763531,157,1.6916507278078714,-1.1807661398277682
0.0009999999999763531,158,1.6925937058714902,-1.1798471061997207
0.0009999999999763531,159,1.6935366839351085,-1.1789280725716733
0.0009999999999763531,160,1.6944796619987272,-1.1780090389436257
0.0009999999999763531,161,1.695422640062346,-1.1770900053155784
0.0009999999999763531,162,1.6963656181259643,-1.1761709716875308
0.0009999999999763531,163,1.697308596189583,-1.1752519380594832
0.0009999999999763531,164,1.6982515742532014,-1.174332904431436
0.0009999999999763531,165,1.6991945523168202,-1.1734138708033883
0.0009999999999763531,166,1.700137530380439,-1.172494837175341
0.0009999999999763531,167,1.7010805084440572,-1.1715758035472934
0.0009999999999763531,168,1.702023486507676,-1.1706567699192458
0.0009999999999763531,169,1.7029664645712947,-1.1697377362911985
0.0009999999999763531,170,1.703909442634913,-1.168818702663151
0.0009999999999763531,171,1.7048524206985318,-1.1678996690351036
0.0009999999999763531,172,1.7057953987621506,-1.166980635407056
0.0009999999999763531,173,1.706738376825769,-1.1660616017790084
0.0009999999999763531,174,1.7076813548893877,-1.165142568150961
0.0009999999999763531,175,1.7086243329530064,-1.1642235345229137
0.0009999999999763531,176,1.709567311016625,-1.1633045008948661
0.0009999999999763531,177,1.7105102890802435,-1.1623854672668188
0.0009999999999763531,178,1.7114532671438618,-1.1614664336387712
0.0009999999999763531,179,1.7123962452074806,-1.1605474000107237
0.0009999999999763531,180,1.713339223271099,-1.1596283663826763
0.0009999999999763531,181,1.7142822013347176,-1.1587093327546287
0.0009999999999763531,182,1.7152251793983364,-1.1577902991265812
0.0009999999999763531,183,1.716168157461955,-1.1568712654985338
0.0009999999999763531,184,1.7171111355255735,-1.1559522318704865
0.0009999999999763531,185,1.7180541135891922,-1.1550331982424389
0.0009999999999763531,186,1.7189970916528108,-1.1541141646143913
0.0009999999999763531,187,1.7199400697164293,-1.153195130986344
0.0009999999999763531,188,1.720883047780048,-1.1522760973582964
0.0009999999999763531,189,1.7218260258436666,-1.151357063730249
0.0009999999999763531,190,1.7227690039072852,-1.1504380301022015
0.0009999999999763531,191,1.723711981970904,-1.149518996474154
0.0009999999999763531,192,1.7246549600345222,-1.1485999628461065
0.0009999999999763531,193,1.725597938098141,-1.1476809292180592
0.0009999999999763531,194,1.7265409161617595,-1.1467618955900116
0.0009999999999763531,195,1.727483894225378,-1.145842861961964
0.0009999999999763531,196,1.7284268722889968,-1.1449238283339167
0.0009999999999763531,197,1.7293698503526154,-1.1440047947058691
0.0009999999999763531,198,1.730312828416234,-1.1430857610778218
0.0009999999999763531,199,1.7312558064798524,-1.1421667274497742
0.0009999999999763531,200,1.732198784543471,-1.1412476938217266
0.0009999999999763531,201,1.7331417626070897,-1.1403286601936793
0.0009999999999763531,202,1.7340847406707083,-1.1394096265656317
0.0009999999999763531,203,1.7350277187343268,-1.1384905929375844
0.0009999999999763531,204,1.7359706967979456,-1.1375715593095368
0.0009999999999763531,205,1.7369136748615641,-1.1366525256814892
0.0009999999999763531,206,1.7378566529251827,-1.1357334920534419
0.0009999999999763531,207,1.7387996309888014,-1.1348144584253945
0.0009999999999763531,208,1.7397426090524197,-1.133895424797347
0.0009999999999763531,209,1.7406855871160385,-1.1329763911692994
0.0009999999999763531,210,1.7416285651796573,-1.132057357541252
0.0009999999999763531,211,1.7425715432432758,-1.1311383239132047
0.0009999999999763531,212,1.7435145213068943,-1.130219290285157
0.0009999999999763531,213,1.744457499370513,-1.1293002566571095
0.0009999999999763531,214,1.7454004774341314,-1.1283812230290622
0.0009999999999763531,215,1.7463434554977502,-1.1274621894010146
0.0009999999999763531,216,1.747286433561369,-1.1265431557729673
0.0009999999999763531,217,1.7482294116249872,-1.1256241221449197
0.0009999999999763531,218,1.749172389688606,-1.1247050885168721
0.0009999999999763531,219,1.7501153677522243,-1.1237860548888248
0.0009999999999763531,220,1.751058345815843,-1.1228670212607772
0.0009999999999763531,221,1.7520013238794616,-1.1219479876327298
0.0009999999999763531,222,1.7529443019430802,-1.1210289540046823
0.0009999999999763531,223,1.753887280006699,-1.1201099203766347
0.0009999999999763531,224,1.7548302580703175,-1.1191908867485874
0.0009999999999763531,225,1.755773236133936,-1.11827185312054
0.0009999999999763531,226,1.7567162141975547,-1.1173528194924924
0.0009999999999763531,227,1.7576591922611733,-1.1164337858644449
0.0009999999999763531,228,1.7586021703247918,-1.1155147522363975
0.0009999999999763531,229,1.7595451483884106,-1.11459571860835
0.0009999999999763531,230,1.7604881264520291,-1.1136766849803024
0.0009999999999763531,231,1.7614311045156477,-1.112757651352255
0.0009999999999763531,232,1.7623740825792664,-1.1118386177242074
0.0009999999999763531,233,1.7633170606428847,-1.11091958409616
0.0009999999999763531,234,1.7642600387065035,-1.1100005504681125
0.0009999999999763531,235,1.765203016770122,-1.109081516840065
0.0009999999999763531,236,1.7661459948337406,-1.1081624832120176
0.0009999999999763531,237,1.7670889728973593,-1.10724344958397
0.0009999999999763531,238,1.7680319509609779,-1.1063244159559225
0.0009999999999763531,239,1.7689749290245964,-1.105405382327875
0.0009999999999763531,240,1.7699179070882147,-1.1044863486998275
0.0009999999999763531,241,1.7708608851518335,-1.1035673150717802
0.0009999999999763531,242,1.771803863215452,-1.1026482814437326
0.0009999999999763531,243,1.7727468412790706,-1.101729247815685
0.0009999999999763531,244,1.7736898193426893,-1.1008102141876377
0.0009999999999763531,245,1.7746327974063079,-1.0998911805595903
0.0009999999999763531,246,1.7755757754699264,-1.0989721469315428
0.0009999999999763531,247,1.7765187535335452,-1.0980531133034952
0.0009999999999763531,248,1.7774617315971637,-1.0971340796754478
0.0009999999999763531,249,1.7784047096607822,-1.0962150460474003
0.0009999999999763531,250,1.779347687724401,-1.095296012419353
0.0009999999999763531,251,1.7802906657880195,-1.0943769787913054
0.0009999999999763531,252,1.781233643851638,-1.0934579451632578
0.0009999999999763531,253,1.7821766219152568,-1.0925389115352104
0.0009999999999763531,254,1.7831195999788751,-1.0916198779071629
0.0009999999999763531,255,1.784062578042494,-1.0907008442791155
0.0009999999999763531,256,1.7850055561061124,-1.089781810651068
0.0009999999999763531,257,1.785948534169731,-1.0888627770230206
0.0009999999999763531,258,1.7868915122333497,-1.087943743394973
0.0009999999999763531,259,1.7878344902969683,-1.0870247097669254
0.0009999999999763531,260,1.7887774683605868,-1.086105676138878
0.0009999999999763531,261,1.7897204464242056,-1.0851866425108305
0.0009999999999763531,262,1.7906634244878241,-1.084267608882783
0.0009999999999763531,263,1.7916064025514427,-1.0833485752547356
0.0009999999999763531,264,1.7925493806150614,-1.082429541626688
0.0009999999999763531,265,1.79349235867868,-1.0815105079986407
0.0009999999999763531,266,1.7944353367422985,-1.080591474370593
0.0009999999999763531,267,1.7953783148059173,-1.0796724407425455
0.0009999999999763531,268,1.7963212928695356,-1.0787534071144982
0.0009999999999763531,269,1.7972642709331543,-1.0778343734864506
0.0009999999999763531,270,1.7982072489967729,-1.0769153398584033
0.0009999999999763531,271,1.7991502270603914,-1.0759963062303557
0.0009999999999763531,272,1.80009320512401,-1.0750772726023081
0.0009999999999763531,273,1.8010361831876285,-1.0741582389742608
0.0009999999999763531,274,1.8019791612512472,-1.0732392053462134
0.0009999999999763531,275,1.8029221393148656,-1.0723201717181658
0.0009999999999763531,276,1.8038651173784843,-1.0714011380901183
0.0009999999999763531,277,1.8048080954421029,-1.070482104462071
0.0009999999999763531,278,1.8057510735057214,-1.0695630708340234
0.0009999999999763531,279,1.8066940515693402,-1.068644037205976
0.0009999999999763531,280,1.8076370296329587,-1.0677250035779284
0.0009999999999763531,281,1.8085800076965772,-1.0668059699498809
0.0009999999999763531,282,1.809522985760196,-1.0658869363218335
0.0009999999999763531,283,1.8104659638238145,-1.064967902693786
0.0009999999999763531,284,1.811408941887433,-1.0640488690657386
0.0009999999999763531,285,1.8123519199510518,-1.063129835437691
0.0009999999999763531,286,1.8132948980146704,-1.0622108018096434
0.0009999999999763531,287,1.814237876078289,-1.061291768181596
0.0009999999999763531,288,1.8151808541419077,-1.0603727345535487
0.0009999999999763531,289,1.816123832205526,-1.0594537009255012
0.0009999999999763531,290,1.8170668102691447,-1.0585346672974536
0.0009999999999763531,291,1.8180097883327633,-1.0576156336694063
0.0009999999999763531,292,1.8189527663963818,-1.056696600041359
0.0009999999999763531,293,1.8198957444600006,-1.0557775664133113
0.0009999999999763531,294,1.8208387225236191,-1.0548585327852638
0.0009999999999763531,295,1.8217817005872377,-1.0539394991572162
0.0009999999999763531,296,1.8227246786508564,-1.0530204655291688
0.0009999999999763531,297,1.8236676567144747,-1.0521014319011215
0.0009999999999763531,298,1.8246106347780935,-1.051182398273074
0.0009999999999763531,299,1.8255536128417122,-1.0502633646450263
0.0009999999999763531,300,1.8264965909053306,-1.0493443310169788
0.0009999999999763531,301,1.8274395689689493,-1.0484252973889316
0.0009999999999763531,302,1.8283825470325679,-1.047506263760884
0.0009999999999763531,303,1.8293255250961864,-1.0465872301328365
0.0009999999999763531,304,1.8302685031598052,-1.045668196504789
0.0009999999999763531,305,1.8312114812234237,-1.0447491628767414
0.0009999999999763531,306,1.8321544592870422,-1.0438301292486942
0.0009999999999763531,307,1.833097437350661,-1.0429110956206467
0.0009999999999763531,308,1.8340404154142795,-1.041992061992599
0.0009999999999763531,309,1.834983393477898,-1.0410730283645515
0.0009999999999763531,310,1.8359263715415168,-1.040153994736504
0.0009999999999763531,311,1.8368693496051351,-1.0392349611084566
0.0009999999999763531,312,1.837812327668754,-1.0383159274804092
0.0009999999999763531,313,1.8387553057323722,-1.0373968938523617
0.0009999999999763531,314,1.839698283795991,-1.036477860224314
0.0009999999999763531,315,1.8406412618596095,-1.0355588265962667
0.0009999999999763531,316,1.841584239923228,-1.0346397929682192
0.0009999999999763531,317,1.8425272179868468,-1.0337207593401718
0.0009999999999763531,318,1.8434701960504651,-1.0328017257121243
0.0009999999999763531,319,1.844413174114084,-1.0318826920840767
0.0009999999999763531,320,1.8453561521777027,-1.0309636584560293
0.0009999999999763531,321,1.846299130241321,-1.0300446248279818
0.0009999999999763531,322,1.8472421083049397,-1.0291255911999344
0.0009999999999763531,323,1.8481850863685583,-1.0282065575718868
0.0009999999999763531,324,1.8491280644321768,-1.0272875239438395
0.0009999999999763531,325,1.8500710424957956,-1.026368490315792
0.0009999999999763531,326,1.851014020559414,-1.0254494566877446
0.0009999999999763531,327,1.8519569986230326,-1.024530423059697
0.0009999999999763531,328,1.8528999766866514,-1.0236113894316494
0.0009999999999763531,329,1.85384295475027,-1.022692355803602
0.0009999999999763531,330,1.8547859328138885,-1.0217733221755545
0.0009999999999763531,331,1.8557289108775072,-1.0208542885475071
0.0009999999999763531,332,1.8566718889411256,-1.0199352549194596
0.0009999999999763531,333,1.8576148670047443,-1.0190162212914122
0.0009999999999763531,334,1.858557845068363,-1.0180971876633647
0.0009999999999763531,335,1.8595008231319814,-1.017178154035317
0.0009999999999763531,336,1.8604438011956002,-1.0162591204072697
0.0009999999999763531,337,1.8613867792592187,-1.0153400867792222
0.0009999999999763531,338,1.8623297573228372,-1.0144210531511746
0.0009999999999763531,339,1.863272735386456,-1.0135020195231272
0.0009999999999763531,340,1.8642157134500745,-1.01258298589508
0.0009999999999763531,341,1.865158691513693,-1.0116639522670323
0.0009999999999763531,342,1.8661016695773118,-1.0107449186389847
0.0009999999999763531,343,1.8670446476409304,-1.0098258850109372
0.0009999999999763531,344,1.867987625704549,-1.0089068513828898
0.0009999999999763531,345,1.8689306037681677,-1.0079878177548425
0.0009999999999763531,346,1.8698735818317862,-1.007068784126795
0.0009999999999763531,347,1.8708165598954047,-1.0061497504987473
0.0009999999999763531,348,1.8717595379590233,-1.0052307168706998
0.0009999999999763531,349,1.8727025160226418,-1.0043116832426526
0.0009999999999763531,350,1.8736454940862606,-1.003392649614605
0.0009999999999763531,351,1.8745884721498791,-1.0024736159865575
0.0009999999999763531,352,1.8755314502134977,-1.00155458235851
0.0009999999999763531,353,1.8764744282771164,-1.0006355487304626
0.0009999999999763531,354,1.877417406340735,-0.9997165151024152
0.0009999999999763531,355,1.8783603844043533,-0.9987974814743676
0.0009999999999763531,356,1.8793033624679718,-0.9978784478463201
0.0009999999999763531,357,1.8802463405315906,-0.9969594142182727
0.0009999999999763531,358,1.881189318595209,-0.9960403805902251
0.0009999999999763531,359,1.8821322966588276,-0.9951213469621778
0.0009999999999763531,360,1.8830752747224464,-0.9942023133341302
0.0009999999999763531,361,1.884018252786065,-0.9932832797060828
0.0009999999999763531,362,1.8849612308496835,-0.9923642460780353
0.0009999999999763531,363,1.885904208913302,-0.9914452124499877
0.0009999999999763531,364,1.8868471869769206,-0.9905261788219403
0.0009999999999763531,365,1.8877901650405393,-0.9896071451938928
0.0009999999999763531,366,1.8887331431041579,-0.9886881115658454
0.0009999999999763531,367,1.8896761211677764,-0.9877690779377979
0.0009999999999763531,368,1.8906190992313952,-0.9868500443097503
0.0009999999999763531,369,1.8915620772950137,-0.9859310106817029
0.0009999999999763531,370,1.8925050553586322,-0.9850119770536554
0.0009999999999763531,371,1.893448033422251,-0.984092943425608
0.0009999999999763531,372,1.8943910114858695,-0.9831739097975605
0.0009999999999763531,373,1.895333989549488,-0.9822548761695129
0.0009999999999763531,374,1.8962769676131068,-0.9813358425414656
0.0009999999999763531,375,1.8972199456767254,-0.9804168089134181
0.0009999999999763531,376,1.898162923740344,-0.9794977752853706
0.0009999999999763531,377,1.8991059018039624,-0.9785787416573231
0.0009999999999763531,378,1.900048879867581,-0.9776597080292756
0.0009999999999763531,379,1.9009918579311997,-0.9767406744012281
0.0009999999999763531,380,1.9019348359948183,-0.9758216407731806
0.0009999999999763531,381,1.9028778140584368,-0.9749026071451332
0.0009999999999763531,382,1.9038207921220556,-0.9739835735170856
0.0009999999999763531,383,1.904763770185674,-0.9730645398890382
0.0009999999999763531,384,1.9057067482492926,-0.9721455062609907
0.0009999999999763531,385,1.9066497263129114,-0.9712264726329431
0.0009999999999763531,386,1.90759270437653,-0.9703074390048958
0.0009999999999763531,387,1.9085356824401485,-0.9693884053768483
0.0009999999999763531,388,1.9094786605037672,-0.9684693717488009
0.0009999999999763531,389,1.9104216385673858,-0.9675503381207533
0.0009999999999763531,390,1.9113646166310043,-0.9666313044927058
0.0009999999999763531,391,1.9123075946946229,-0.9657122708646584
0.0009999999999763531,392,1.9132505727582414,-0.9647932372366109
0.0009999999999763531,393,1.9141935508218602,-0.9638742036085635
0.0009999999999763531,394,1.9151365288854787,-0.9629551699805159
0.0009999999999763531,395,1.9160795069490972,-0.9620361363524684
0.0009999999999763531,396,1.9170224850127158,-0.961117102724421
0.0009999999999763531,397,1.9179654630763343,-0.9601980690963736
0.0009999999999763531,398,1.9189084411399528,-0.959279035468326
0.0009999999999763531,399,1.9198514192035714,-0.9583600018402785
0.0009999999999763531,400,1.9207943972671901,-0.9574409682122311
0.0009999999999763531,401,1.9217373753308087,-0.9565219345841836
0.0009999999999763531,402,1.9226803533944272,-0.9556029009561362
0.0009999999999763531,403,1.923623331458046,-0.9546838673280886
0.0009999999999763531,404,1.9245663095216645,-0.9537648337000412
0.0009999999999763531,405,1.925509287585283,-0.9528458000719937
0.0009999999999763531,406,1.9264522656489018,-0.9519267664439461
0.0009999999999763531,407,1.9273952437125204,-0.9510077328158987
0.0009999999999763531,408,1.928338221776139,-0.9500886991878512
0.0009999999999763531,409,1.9292811998397577,-0.9491696655598038
0.0009999999999763531,410,1.9302241779033762,-0.9482506319317563
0.0009999999999763531,411,1.9311671559669947,-0.9473315983037087
0.0009999999999763531,412,1.9321101340306133,-0.9464125646756613
0.0009999999999763531,413,1.9330531120942318,-0.9454935310476139
0.0009999999999763531,414,1.9339960901578506,-0.9445744974195665
0.0009999999999763531,415,1.934939068221469,-0.9436554637915189
0.0009999999999763531,416,1.9358820462850876,-0.9427364301634714
0.0009999999999763531,417,1.9368250243487064,-0.941817396535424
0.0009999999999763531,418,1.937768002412325,-0.9408983629073765
0.0009999999999763531,419,1.9387109804759435,-0.939979329279329
0.0009999999999763531,420,1.939653958539562,-0.9390602956512815
0.0009999999999763531,421,1.9405969366031808,-0.938141262023234
0.0009999999999763531,422,1.9415399146667993,-0.9372222283951865
0.0009999999999763531,423,1.9424828927304179,-0.9363031947671392
0.0009999999999763531,424,1.9434258707940364,-0.9353841611390916
0.0009999999999763531,425,1.9443688488576552,-0.9344651275110442
0.0009999999999763531,426,1.9453118269212737,-0.9335460938829967
0.0009999999999763531,427,1.9462548049848922,-0.9326270602549491
0.0009999999999763531,428,1.947197783048511,-0.9317080266269017
0.0009999999999763531,429,1.9481407611121295,-0.9307889929988542
0.0009999999999763531,430,1.949083739175748,-0.9298699593708067
0.0009999999999763531,431,1.9500267172393668,-0.9289509257427593
0.0009999999999763531,432,1.9509696953029854,-0.9280318921147117
0.0009999999999763531,433,1.951912673366604,-0.9271128584866642
0.0009999999999763531,434,1.9528556514302224,-0.9261938248586169
0.0009999999999763531,435,1.9537986294938412,-0.9252747912305693
0.0009999999999763531,436,1.9547416075574597,-0.9243557576025219
0.0009999999999763531,437,1.9556845856210783,-0.9234367239744744
0.0009999999999763531,438,1.9566275636846968,-0.9225176903464268
0.0009999999999763531,439,1.9575705417483154,-0.9215986567183795
0.0009999999999763531,440,1.958513519811934,-0.920679623090332
0.0009999999999763531,441,1.9594564978755524,-0.9197605894622845
0.0009999999999763531,442,1.9603994759391712,-0.918841555834237
0.0009999999999763531,443,1.9613424540027897,-0.9179225222061895
0.0009999999999763531,444,1.9622854320664083,-0.917003488578142
0.0009999999999763531,445,1.9632284101300268,-0.9160844549500946
0.0009999999999763531,446,1.9641713881936456,-0.915165421322047
0.0009999999999763531,447,1.965114366257264,-0.9142463876939996
0.0009999999999763531,448,1.9660573443208826,-0.9133273540659521
0.0009999999999763531,449,1.9670003223845014,-0.9124083204379045
0.0009999999999763531,450,1.96794330044812,-0.9114892868098572
0.0009999999999763531,451,1.9688862785117385,-0.9105702531818097
0.0009999999999763531,452,1.9698292565753572,-0.9096512195537623
0.0009999999999763531,453,1.9707722346389758,-0.9087321859257147
0.0009999999999763531,454,1.9717152127025943,-0.9078131522976672
0.0009999999999763531,455,1.9726581907662128,-0.9068941186696198
0.0009999999999763531,456,1.9736011688298316,-0.9059750850415723
0.0009999999999763531,457,1.9745441468934501,-0.9050560514135249
0.0009999999999763531,458,1.9754871249570687,-0.9041370177854773
0.0009999999999763531,459,1.9764301030206872,-0.9032179841574298
0.0009999999999763531,460,1.977373081084306,-0.9022989505293824
0.0009999999999763531,461,1.9783160591479245,-0.9013799169013349
0.0009999999999763531,462,1.979259037211543,-0.9004608832732874
0.0009999999999763531,463,1.9802020152751618,-0.89954184964524
0.0009999999999763531,464,1.9811449933387804,-0.8986228160171924
0.0009999999999763531,465,1.982087971402399,-0.8977037823891449
0.0009999999999763531,466,1.9830309494660177,-0.8967847487610976
0.0009999999999763531,467,1.9839739275296362,-0.89586571513305
0.0009999999999763531,468,1.9849169055932547,-0.8949466815050026
0.0009999999999763531,469,1.9858598836568733,-0.8940276478769551
0.0009999999999763531,470,1.986802861720492,-0.8931086142489075
0.0009999999999763531,471,1.9877458397841106,-0.8921895806208601
0.0009999999999763531,472,1.988688817847729,-0.8912705469928126
0.0009999999999763531,473,1.9896317959113476,-0.8903515133647651
0.0009999999999763531,474,1.9905747739749664,-0.8894324797367177
0.0009999999999763531,475,1.991517752038585,-0.8885134461086701
0.0009999999999763531,476,1.9924607301022035,-0.8875944124806227
0.0009999999999763531,477,1.9934037081658222,-0.8866753788525753
0.0009999999999763531,478,1.9943466862294408,-0.8857563452245277
0.0009999999999763531,479,1.9952896642930593,-0.8848373115964803
0.0009999999999763531,480,1.9962326423566776,-0.8839182779684328
0.0009999999999763531,481,1.9971756204202964,-0.8829992443403853
0.0009999999999763531,482,1.998118598483915,-0.8820802107123379
0.0009999999999763531,483,1.9990615765475335,-0.8811611770842904
0.0009999999999763531,484,2.0000045546111522,-0.880242143456243
0.0009999999999763531,485,2.0009475326747705,-0.8793231098281954
0.0009999999999763531,486,2.0018905107383893,-0.8784040762001479
0.0009999999999763531,487,2.002833488802008,-0.8774850425721006
0.0009999999999763531,488,2.0037764668656264,-0.876566008944053
0.0009999999999763531,489,2.004719444929245,-0.8756469753160055
0.0009999999999763531,490,2.005662422992864,-0.8747279416879581
0.0009999999999763531,491,2.006605401056482,-0.8738089080599105
0.0009999999999763531,492,2.007548379120101,-0.8728898744318632
0.0009999999999763531,493,2.0084913571837193,-0.8719708408038156
0.0009999999999763531,494,2.009434335247338,-0.8710518071757681
0.0009999999999763531,495,2.010377313310957,-0.8701327735477207
0.0009999999999763531,496,2.011320291374575,-0.8692137399196731
0.0009999999999763531,497,2.012263269438194,-0.8682947062916256
0.0009999999999763531,498,2.0132062475018127,-0.8673756726635783
0.0009999999999763531,499,2.014149225565431,-0.8664566390355307
0.0009999999999763531,500,2.0150922036290497,-0.8655376054074833
0.0009999999999763531,501,2.0150922036290497,-0.8655376054074833
0.0009999999999763531,502,2.016978073800187,-0.8637001762186265
0.0009999999999763531,503,2.0188637720591225,-0.8618640231642462
0.0009999999999763531,504,2.0207492984058577,-0.8600291462443423
0.0009999999999763531,505,2.022634652840392,-0.8581955454589147
0.0009999999999763531,506,2.024519835362725,-0.8563632208079638
0.0009999999999763531,507,2.026404845972858,-0.8545321722914893
0.0009999999999763531,508,2.02828968467079,-0.8527023999094909
0.0009999999999763531,509,2.0301743514565205,-0.8508739036619694
0.0009999999999763531,510,2.032058846330051,-0.849046683548924
0.0009999999999763531,511,2.03394316929138,-0.8472207395703549
0.0009999999999763531,512,2.0358273203405086,-0.8453960717262625
0.0009999999999763531,513,2.037711299477436,-0.8435726800166465
0.0009999999999763531,514,2.039595106702163,-0.8417505644415069
0.0009999999999763531,515,2.041478742014689,-0.8399297250008437
0.0009999999999763531,516,2.043362205415014,-0.8381101616946569
0.0009999999999763531,517,2.0452454969031386,-0.8362918745229466
0.0009999999999763531,518,2.047128616479062,-0.8344748634857126
0.0009999999999763531,519,2.0490115641427846,-0.8326591285829552
0.0009999999999763531,520,2.0508943398943065,-0.8308446698146741
0.0009999999999763531,521,2.0527769437336274,-0.8290314871808694
0.0009999999999763531,522,2.054659375660748,-0.8272195806815412
0.0009999999999763531,523,2.056541635675667,-0.8254089503166895
0.0009999999999763531,524,2.058423723778385,-0.8235995960863142
0.0009999999999763531,525,2.060305639968903,-0.8217915179904153
0.0009999999999763531,526,2.06218738424722,-0.8199847160289928
0.0009999999999763531,527,2.064068956613336,-0.8181791902020468
0.0009999999999763531,528,2.065950357067251,-0.816374940509577
0.0009999999999763531,529,2.0678315856089653,-0.8145719669515838
0.0009999999999763531,530,2.069712642238479,-0.812770269528067
0.0009999999999763531,531,2.0715935269557915,-0.8109698482390267
0.0009999999999763531,532,2.073474239760903,-0.8091707030844627
0.0009999999999763531,533,2.0753547806538144,-0.8073728340643752
0.0009999999999763531,534,2.0772351496345247,-0.8055762411787641
0.0009999999999763531,535,2.079115346703034,-0.8037809244276295
0.0009999999999763531,536,2.080995371859343,-0.8019868838109713
0.0009999999999763531,537,2.08287522510345,-0.8001941193287896
0.0009999999999763531,538,2.0847549064353577,-0.7984026309810843
0.0009999999999763531,539,2.0866344158550634,-0.7966124187678554
0.0009999999999763531,540,2.088513753362569,-0.7948234826891029
0.0009999999999763531,541,2.090392918957873,-0.7930358227448268
0.0009999999999763531,542,2.092271912640977,-0.7912494389350271
0.0009999999999763531,543,2.0941507344118797,-0.7894643312597039
0.0009999999999763531,544,2.0960293842705813,-0.7876804997188571
0.0009999999999763531,545,2.0979078622170824,-0.7858979443124867
0.0009999999999763531,546,2.0997861682513825,-0.7841166650405926
0.0009999999999763531,547,2.1016643023734822,-0.7823366619031752
0.0009999999999763531,548,2.103542264583381,-0.780557934900234
0.0009999999999763531,549,2.105420054881079,-0.7787804840317695
0.0009999999999763531,550,2.1072976732665754,-0.7770043092977812
0.0009999999999763531,551,2.109175119739872,-0.7752294106982693
0.0009999999999763531,552,2.111052394300967,-0.773455788233234
0.0009999999999763531,553,2.1129294969498615,-0.7716834419026751
0.0009999999999763531,554,2.114806427686555,-0.7699123717065925
0.0009999999999763531,555,2.1166831865110476,-0.7681425776449864
0.0009999999999763531,556,2.1185597734233395,-0.7663740597178567
0.0009999999999763531,557,2.1204361884234304,-0.7646068179252035
0.0009999999999763531,558,2.122312431511321,-0.7628408522670267
0.0009999999999763531,559,2.1241885026870104,-0.7610761627433262
0.0009999999999763531,560,2.1260644019504986,-0.7593127493541023
0.0009999999999763531,561,2.1279401293017868,-0.7575506120993547
0.0009999999999763531,562,2.1298156847408736,-0.7557897509790836
0.0009999999999763531,563,2.13169106826776,-0.7540301659932889
0.0009999999999763531,564,2.133566279882445,-0.7522718571419706
0.0009999999999763531,565,2.1354413195849293,-0.7505148244251288
0.0009999999999763531,566,2.137316187375214,-0.7487590678427634
0.0009999999999763531,567,2.139190883253296,-0.7470045873948744
0.0009999999999763531,568,2.141065407219178,-0.7452513830814619
0.0009999999999763531,569,2.1429397592728594,-0.7434994549025256
0.0009999999999763531,570,2.1448139394143393,-0.741748802858066
0.0009999999999763531,571,2.146687947643619,-0.7399994269480826
0.0009999999999763531,572,2.1485617839606976,-0.7382513271725759
0.0009999999999763531,573,2.1504354483655757,-0.7365045035315455
0.0009999999999763531,574,2.1523089408582523,-0.7347589560249914
0.0009999999999763531,575,2.1541822614387285,-0.733014684652914
0.0009999999999763531,576,2.1560554101070037,-0.7312716894153127
0.0009999999999763531,577,2.1579283868630785,-0.729529970312188
0.0009999999999763531,578,2.159801191706952,-0.7277895273435397
0.0009999999999763531,579,2.161673824638625,-0.726050360509368
0.0009999999999763531,580,2.1635462856580965,-0.7243124698096723
0.0009999999999763531,581,2.1654185747653685,-0.7225758552444534
0.0009999999999763531,582,2.167290691960438,-0.7208405168137109
0.0009999999999763531,583,2.169162637243308,-0.7191064545174448
0.0009999999999763531,584,2.1710344106139767,-0.717373668355655
0.0009999999999763531,585,2.1729060120724446,-0.7156421583283418
0.0009999999999763531,586,2.174777441618712,-0.7139119244355049
0.0009999999999763531,587,2.176648699252778,-0.7121829666771444
0.0009999999999763531,588,2.178519784974643,-0.7104552850532605
0.0009999999999763531,589,2.1803906987843087,-0.708728879563853
0.0009999999999763531,590,2.182261440681772,-0.7070037502089219
0.0009999999999763531,591,2.184132010667035,-0.7052798969884672
0.0009999999999763531,592,2.1860024087400967,-0.7035573199024887
0.0009999999999763531,593,2.1878726349009576,-0.701836018950987
0.0009999999999763531,594,2.189742689149618,-0.7001159941339615
0.0009999999999763531,595,2.1916125714860777,-0.6983972454514125
0.0009999999999763531,596,2.193482281910337,-0.6966797729033398
0.0009999999999763531,597,2.1953518204223945,-0.6949635764897437
0.0009999999999763531,598,2.1972211870222513,-0.693248656210624
0.0009999999999763531,599,2.1990903817099077,-0.6915350120659807
0.0009999999999763531,600,2.2009594044853635,-0.6898226440558137
0.0009999999999763531,601,2.202828255348618,-0.6881115521801234
0.0009999999999763531,602,2.2046969342996716,-0.6864017364389092
0.0009999999999763531,603,2.2065654413385247,-0.6846931968321717
0.0009999999999763531,604,2.208433776465177,-0.6829859333599105
0.0009999999999763531,605,2.2103019396796277,-0.6812799460221257
0.0009999999999763531,606,2.2121699309818785,-0.6795752348188174
0.0009999999999763531,607,2.214037750371928,-0.6778717997499855
0.0009999999999763531,608,2.2159053978497765,-0.6761696408156299
0.0009999999999763531,609,2.2177728734154245,-0.6744687580157511
0.0009999999999763531,610,2.2196401770688716,-0.6727691513503484
0.0009999999999763531,611,2.221507308810118,-0.6710708208194222
0.0009999999999763531,612,2.223374268639163,-0.6693737664229724
0.0009999999999763531,613,2.225241056556008,-0.667677988160999
0.0009999999999763531,614,2.227107672560652,-0.6659834860335022
0.0009999999999763531,615,2.2289741166530948,-0.6642902600404818
0.0009999999999763531,616,2.230840388833337,-0.6625983101819376
0.0009999999999763531,617,2.2327064891013784,-0.66090763645787
0.0009999999999763531,618,2.234572417457219,-0.6592182388682789
0.0009999999999763531,619,2.2364381739008583,-0.657530117413164
0.0009999999999763531,620,2.2383037584322976,-0.6558432720925258
0.0009999999999763531,621,2.240169171051535,-0.6541577029063638
0.0009999999999763531,622,2.242034411758572,-0.6524734098546782
0.0009999999999763531,623,2.2438994805534085,-0.6507903929374692
0.0009999999999763531,624,2.245764377436044,-0.6491086521547367
0.0009999999999763531,625,2.2476291024064787,-0.6474281875064803
0.0009999999999763531,626,2.249493655464713,-0.6457489989927007
0.0009999999999763531,627,2.2513580366107453,-0.6440710866133973
0.0009999999999763531,628,2.253222245844578,-0.6423944503685703
0.0009999999999763531,629,2.255086283166209,-0.6407190902582199
0.0009999999999763531,630,2.2569501485756396,-0.6390450062823456
0.0009999999999763531,631,2.258813842072869,-0.6373721984409481
0.0009999999999763531,632,2.2606773636578983,-0.6357006667340269
0.0009999999999763531,633,2.262540713330726,-0.6340304111615821
0.0009999999999763531,634,2.2644038910913533,-0.6323614317236138
0.0009999999999763531,635,2.2662668969397797,-0.6306937284201218
0.0009999999999763531,636,2.268129730876005,-0.6290273012511062
0.0009999999999763531,637,2.2699923929000296,-0.6273621502165673
0.0009999999999763531,638,2.2718548830118537,-0.6256982753165047
0.0009999999999763531,639,2.2737172012114764,-0.6240356765509184
0.0009999999999763531,640,2.275579347498899,-0.6223743539198084
0.0009999999999763531,641,2.2774413218741203,-0.6207143074231751
0.0009999999999763531,642,2.279303124337141,-0.6190555370610182
0.0009999999999763531,643,2.281164754887961,-0.6173980428333377
0.0009999999999763531,644,2.2830262135265795,-0.6157418247401336
0.0009999999999763531,645,2.2848875002529976,-0.614086882781406
0.0009999999999763531,646,2.2867486150672143,-0.6124332169571547
0.0009999999999763531,647,2.288609557969231,-0.6107808272673799
0.0009999999999763531,648,2.2904703289590467,-0.6091297137120815
0.0009999999999763531,649,2.292330928036661,-0.6074798762912595
0.0009999999999763531,650,2.294191355202075,-0.605831315004914
0.0009999999999763531,651,2.296051610455288,-0.6041840298530449
0.0009999999999763531,652,2.2979116937963004,-0.6025380208356522
0.0009999999999763531,653,2.299771605225112,-0.6008932879527359
0.0009999999999763531,654,2.3016313447417223,-0.5992498312042961
0.0009999999999763531,655,2.3034909123461325,-0.5976076505903327
0.0009999999999763531,656,2.3053503080383413,-0.5959667461108458
0.0009999999999763531,657,2.307209531818349,-0.5943271177658351
0.0009999999999763531,658,2.3090685836861566,-0.5926887655553011
0.0009999999999763531,659,2.3109274636417627,-0.5910516894792434
0.0009999999999763531,660,2.3127861716851688,-0.5894158895376622
0.0009999999999763531,661,2.3146447078163734,-0.5877813657305574
0.0009999999999763531,662,2.3165030720353776,-0.586148118057929
0.0009999999999763531,663,2.3183612643421805,-0.584516146519777
0.0009999999999763531,664,2.3202192847367824,-0.5828854511161015
0.0009999999999763531,665,2.3220771332191843,-0.5812560318469023
0.0009999999999763531,666,2.323934809789385,-0.5796278887121796
0.0009999999999763531,667,2.3257923144473844,-0.5780010217119333
0.0009999999999763531,668,2.3276496471931836,-0.5763754308461635
0.0009999999999763531,669,2.3295068080267813,-0.5747511161148701
0.0009999999999763531,670,2.331363796948179,-0.5731280775180532
0.0009999999999763531,671,2.3332206139573755,-0.5715063150557125
0.0009999999999763531,672,2.335077259054371,-0.5698858287278484
0.0009999999999763531,673,2.336933732239166,-0.5682666185344607
0.0009999999999763531,674,2.3387900335117595,-0.5666486844755494
0.0009999999999763531,675,2.340646162872153,-0.5650320265511145
0.0009999999999763531,676,2.3425021203203453,-0.5634166447611562
0.0009999999999763531,677,2.344357905856337,-0.5618025391056742
0.0009999999999763531,678,2.3462135194801275,-0.5601897095846686
0.0009999999999763531,679,2.3480689611917174,-0.5585781561981396
0.0009999999999763531,680,2.3499242309911064,-0.5569678789460868
0.0009999999999763531,681,2.3517793288782944,-0.5553588778285106
0.0009999999999763531,682,2.353634254853282,-0.5537511528454107
0.0009999999999763531,683,2.3554890089160683,-0.5521447039967872
0.0009999999999763531,684,2.357343591066654,-0.5505395312826402
0.0009999999999763531,685,2.359198001305039,-0.5489356347029697
0.0009999999999763531,686,2.3610522396312232,-0.5473330142577755
0.0009999999999763531,687,2.3629063060452062,-0.5457316699470577
0.0009999999999763531,688,2.3647602005469883,-0.5441316017708165
0.0009999999999763531,689,2.3666139231365704,-0.5425328097290517
0.0009999999999763531,690,2.3684674738139506,-0.5409352938217632
0.0009999999999763531,691,2.370320852579131,-0.5393390540489512
0.0009999999999763531,692,2.37217405943211,-0.5377440904106155
0.0009999999999763531,693,2.374027094372888,-0.5361504029067564
0.0009999999999763531,694,2.3758799574014655,-0.5345579915373737
0.0009999999999763531,695,2.377732648517842,-0.5329668563024674
0.0009999999999763531,696,2.3795851677220172,-0.5313769972020375
0.0009999999999763531,697,2.3814375150139924,-0.529788414236084
0.0009999999999763531,698,2.3832896903937666,-0.528201107404607
0.0009999999999763531,699,2.38514169386134,-0.5266150767076064
0.0009999999999763531,700,2.3869935254167123,-0.5250303221450822
0.0009999999999763531,701,2.3888451850598837,-0.5234468437170345
0.0009999999999763531,702,2.3906966727908543,-0.5218646414234632
0.0009999999999763531,703,2.3925479886096244,-0.5202837152643682
0.0009999999999763531,704,2.3943991325161935,-0.5187040652397498
0.0009999999999763531,705,2.3962501045105618,-0.5171256913496077
0.0009999999999763531,706,2.398100904592729,-0.5155485935939421
0.0009999999999763531,707,2.399951532762696,-0.5139727719727529
0.0009999999999763531,708,2.4018019890204614,-0.5123982264860403
0.0009999999999763531,709,2.4036522733660264,-0.5108249571338038
0.0009999999999763531,710,2.405502385799391,-0.5092529639160441
0.0009999999999763531,711,2.407352326320554,-0.5076822468327605
0.0009999999999763531,712,2.4092020949295168,-0.5061128058839536
0.0009999999999763531,713,2.411051691626278,-0.5045446410696229
0.0009999999999763531,714,2.4129011164108385,-0.5029777523897688
0.0009999999999763531,715,2.4147503692831984,-0.5014121398443909
0.0009999999999763531,716,2.416599450243358,-0.49984780343348967
0.0009999999999763531,717,2.418448359291316,-0.4982847431570648
0.0009999999999763531,718,2.4202970964270736,-0.49672295901511626
0.0009999999999763531,719,2.4221456616506303,-0.49516245100764417
0.0009999999999763531,720,2.423994054961986,-0.49360321913464855
0.0009999999999763531,721,2.4258422763611405,-0.4920452633961293
0.0009999999999763531,722,2.4276903258480953,-0.49048858379208665
0.0009999999999763531,723,2.4295382034228483,-0.48893318032252026
0.0009999999999763531,724,2.431385909085401,-0.48737905298743034
0.0009999999999763531,725,2.4332334428357525,-0.48582620178681685
0.0009999999999763531,726,2.4350808046739036,-0.4842746267206798
0.0009999999999763531,727,2.4369279945998534,-0.48272432778901914
0.0009999999999763531,728,2.4387750126136023,-0.48117530499183486
0.0009999999999763531,729,2.4406218587151507,-0.47962755832912707
0.0009999999999763531,730,2.442468532904498,-0.4780810878008957
0.0009999999999763531,731,2.4443150351816447,-0.47653589340714075
0.0009999999999763531,732,2.446161365546591,-0.47499197514786234
0.0009999999999763531,733,2.4480075239993355,-0.47344933302306025
0.0009999999999763531,734,2.4498535105398798,-0.4719079670327346
0.0009999999999763531,735,2.4516993251682235,-0.4703678771768854
0.0009999999999763531,736,2.4535449678843655,-0.46882906345551256
0.0009999999999763531,737,2.4553904386883074,-0.4672915258686162
0.0009999999999763531,738,2.4572357375800484,-0.4657552644161962
0.0009999999999763531,739,2.4590808645595885,-0.46422027909825275
0.0009999999999763531,740,2.4609258196269277,-0.46268656991478563
0.0009999999999763531,741,2.4627706027820655,-0.46115413686579493
0.0009999999999763531,742,2.4646152140250033,-0.4596229799512807
0.0009999999999763531,743,2.4664596533557397,-0.4580930991712429
0.0009999999999763531,744,2.4683039207742756,-0.4565644945256815
0.0009999999999763531,745,2.4701480162806106,-0.45503716601459654
0.0009999999999763531,746,2.471991939874745,-0.4535111136379881
0.0009999999999763531,747,2.473835691556678,-0.45198633739585603
0.0009999999999763531,748,2.4756792713264106,-0.45046283728820025
0.0009999999999763531,749,2.4775226791839424,-0.44894061331502105
0.0009999999999763531,750,2.4793659151292733,-0.44741966547631823
0.0009999999999763531,751,2.4812089791624032,-0.44589999377209183
0.0009999999999763531,752,2.4830518712833327,-0.44438159820234185
0.0009999999999763531,753,2.4848945914920613,-0.4428644787670683
0.0009999999999763531,754,2.4867371397885885,-0.44134863546627123
0.0009999999999763531,755,2.488579516172915,-0.43983406829995053
0.0009999999999763531,756,2.4904217206450414,-0.43832077726810625
0.0009999999999763531,757,2.4922637532049663,-0.43680876237073846
0.0009999999999763531,758,2.4941056138526907,-0.43529802360784703
0.0009999999999763531,759,2.495947302588214,-0.4337885609794321
0.0009999999999763531,760,2.4977888194115367,-0.4322803744854935
0.0009999999999763531,761,2.4996301643226584,-0.43077346412603135
0.0009999999999763531,762,2.501471337321579,-0.4292678299010457
0.0009999999999763531,763,2.5033123384083,-0.4277634718105365
0.0009999999999763531,764,2.5051531675828187,-0.4262603898545036
0.0009999999999763531,765,2.506993824845137,-0.4247585840329472
0.0009999999999763531,766,2.5088343101952546,-0.4232580543458673
0.0009999999999763531,767,2.5106746236331716,-0.42175880079326367
0.0009999999999763531,768,2.5125147651588877,-0.42026082337513654
0.0009999999999763531,769,2.514354734772403,-0.41876412209148584
0.0009999999999763531,770,2.5161945324737167,-0.41726869694231156
0.0009999999999763531,771,2.5180341582628305,-0.4157745479276137
0.0009999999999763531,772,2.519873612139743,-0.41428167504739233
0.0009999999999763531,773,2.5217128941044544,-0.41279007830164727
0.0009999999999763531,774,2.523552004156966,-0.41129975769037874
0.0009999999999763531,775,2.5253909422972756,-0.4098107132135866
0.0009999999999763531,776,2.527229708525385,-0.40832294487127085
0.0009999999999763531,777,2.5290683028412935,-0.4068364526634316
0.0009999999999763531,778,2.5309067252450017,-0.4053512365900688
0.0009999999999763531,779,2.5327449757365077,-0.4038672966511823
0.0009999999999763531,780,2.534583054315814,-0.40238463284677234
0.0009999999999763531,781,2.536420960982919,-0.40090324517683873
0.0009999999999763531,782,2.5382586957378233,-0.39942313364138154
0.0009999999999763531,783,2.540096258580527,-0.39794429824040084
0.0009999999999763531,784,2.5419336495110296,-0.39646673897389656
0.0009999999999763531,785,2.5437708685293314,-0.39499045584186876
0.0009999999999763531,786,2.5456079156354328,-0.3935154488443173
0.0009999999999763531,787,2.5474447908293327,-0.39204171798124227
0.0009999999999763531,788,2.5492814941110318,-0.39056926325264374
0.0009999999999763531,789,2.5511180254805303,-0.3890980846585215
0.0009999999999763531,790,2.552954384937828,-0.38762818219887585
0.0009999999999763531,791,2.5547905724829247,-0.38615955587370654
0.0009999999999763531,792,2.556626588115821,-0.3846922056830137
0.0009999999999763531,793,2.5584624318365163,-0.38322613162679725
0.0009999999999763531,794,2.5602981036450103,-0.3817613337050572
0.0009999999999763531,795,2.5621336035413043,-0.3802978119177936
0.0009999999999763531,796,2.5639689315253964,-0.3788355662650065
0.0009999999999763531,797,2.5658040875972885,-0.3773745967466957
0.0009999999999763531,798,2.5676390717569797,-0.3759149033628614
0.0009999999999763531,799,2.56947388400447,-0.3744564861135035
0.0009999999999763531,800,2.5713085243397593,-0.37299934499862203
0.0009999999999763531,801,2.5731429927628477,-0.371543480018217
0.0009999999999763531,802,2.5749772892737353,-0.3700888911722883
0.0009999999999763531,803,2.5768114138724223,-0.3686355784608362
0.0009999999999763531,804,2.5786453665589084,-0.3671835418838605
0.0009999999999763531,805,2.5804791473331936,-0.3657327814413612
0.0009999999999763531,806,2.582312756195278,-0.3642832971333382
0.0009999999999763531,807,2.5841461931451617,-0.3628350889597918
0.0009999999999763531,808,2.5859794581828446,-0.36138815692072174
0.0009999999999763531,809,2.5878125513083265,-0.3599425010161281
0.0009999999999763531,810,2.5896454725216076,-0.35849812124601094
0.0009999999999763531,811,2.5914782218226877,-0.3570550176103702
0.0009999999999763531,812,2.593310799211567,-0.35561319010920583
0.0009999999999763531,813,2.595143204688245,-0.3541726387425179
0.0009999999999763531,814,2.5969754382527235,-0.35273336351030643
0.0009999999999763531,815,2.598807499905,-0.35129536441257136
0.0009999999999763531,816,2.6006393896450763,-0.3498586414493128
0.0009999999999763531,817,2.602471107472952,-0.3484231946205306
0.0009999999999763531,818,2.6043026533886264,-0.34698902392622477
0.0009999999999763531,819,2.606134027392099,-0.3455561293663954
0.0009999999999763531,820,2.607965229483372,-0.3441245109410425
0.0009999999999763531,821,2.6097962596624447,-0.34269416865016605
0.0009999999999763531,822,2.6116271179293156,-0.34126510249376596
0.0009999999999763531,823,2.6134578042839856,-0.3398373124718423
0.0009999999999763531,824,2.615288318726455,-0.3384107985843951
0.0009999999999763531,825,2.6171186612567237,-0.33698556083142434
0.0009999999999763531,826,2.6189488318747918,-0.33556159921292994
0.0009999999999763531,827,2.6207788305806585,-0.3341389137289121
0.0009999999999763531,828,2.6226086573743244,-0.33271750437937053
0.0009999999999763531,829,2.62443831225579,-0.33129737116430547
0.0009999999999763531,830,2.626267795225054,-0.3298785140837169
0.0009999999999763531,831,2.6280971062821177,-0.3284609331376046
0.0009999999999763531,832,2.629926245426981,-0.32704462832596887
0.0009999999999763531,833,2.631755212659643,-0.32562959964880944
0.0009999999999763531,834,2.6335840079801036,-0.32421584710612655
0.0009999999999763531,835,2.6354126313883643,-0.32280337069792003
0.0009999999999763531,836,2.6372410828844237,-0.32139217042419
0.0009999999999763531,837,2.639069362468282,-0.31998224628493627
0.0009999999999763531,838,2.64089747013994,-0.318573598280159
0.0009999999999763531,839,2.642725405899397,-0.31716622640985825
0.0009999999999763531,840,2.6445531697466533,-0.3157601306740339
0.0009999999999763531,841,2.646380761681709,-0.3143553110726859
0.0009999999999763531,842,2.6482081817045637,-0.3129517676058144
0.0009999999999763531,843,2.650035429815217,-0.3115495002734193
0.0009999999999763531,844,2.6518625060136696,-0.3101485090755006
0.0009999999999763531,845,2.653689410299922,-0.3087487940120584
0.0009999999999763531,846,2.655516142673973,-0.30735035508309255
0.0009999999999763531,847,2.657342703135823,-0.3059531922886032
0.0009999999999763531,848,2.659169091685473,-0.3045573056285902
0.0009999999999763531,849,2.6609953083229216,-0.3031626951030537
0.0009999999999763531,850,2.6628213530481695,-0.30176936071199356
0.0009999999999763531,851,2.6646472258612164,-0.3003773024554099
0.0009999999999763531,852,2.6664729267620624,-0.29898652033330264
0.0009999999999763531,853,2.668298455750708,-0.29759701434567193
0.0009999999999763531,854,2.6701238128271525,-0.29620878449251753
0.0009999999999763531,855,2.671948997991396,-0.29482183077383955
0.0009999999999763531,856,2.6737740112434394,-0.293436153189638
0.0009999999999763531,857,2.6755988525832812,-0.29205175173991293
0.0009999999999763531,858,2.6774235220109226,-0.2906686264246642
0.0009999999999763531,859,2.679248019526363,-0.28928677724389196
0.0009999999999763531,860,2.6810723451296026,-0.28790620419759616
0.0009999999999763531,861,2.682896498820641,-0.28652690728577673
0.0009999999999763531,862,2.684720480599479,-0.28514888650843373
0.0009999999999763531,863,2.686544290466116,-0.28377214186556715
0.0009999999999763531,864,2.6883679284205524,-0.28239667335717705
0.0009999999999763531,865,2.6901913944627878,-0.2810224809832634
0.0009999999999763531,866,2.6920146885928222,-0.2796495647438261
0.0009999999999763531,867,2.693837810810656,-0.27827792463886525
0.0009999999999763531,868,2.6956607611162893,-0.27690756066838085
0.0009999999999763531,869,2.697483539509721,-0.27553847283237287
0.0009999999999763531,870,2.6993061459909526,-0.2741706611308413
0.0009999999999763531,871,2.701128580559983,-0.27280412556378614
0.0009999999999763531,872,2.7029508432168123,-0.27143886613120743
0.0009999999999763531,873,2.7047729339614413,-0.27007488283310516
0.0009999999999763531,874,2.7065948527938692,-0.2687121756694793
0.0009999999999763531,875,2.7084165997140963,-0.2673507446403299
0.0009999999999763531,876,2.7102381747221225,-0.26599058974565687
0.0009999999999763531,877,2.712059577817948,-0.2646317109854603
0.0009999999999763531,878,2.713880809001573,-0.2632741083597402
0.0009999999999763531,879,2.7157018682729968,-0.26191778186849646
0.0009999999999763531,880,2.7175227556322192,-0.26056273151172915
0.0009999999999763531,881,2.7193434710792417,-0.25920895728943827
0.0009999999999763531,882,2.7211640146140628,-0.25785645920162387
0.0009999999999763531,883,2.722984386236683,-0.25650523724828583
0.0009999999999763531,884,2.724804585947103,-0.2551552914294243
0.0009999999999763531,885,2.7266246137453214,-0.2538066217450391
0.0009999999999763531,886,2.7284444696313397,-0.2524592281951304
0.0009999999999763531,887,2.730264153605157,-0.2511131107796981
0.0009999999999763531,888,2.7320836656667735,-0.24976826949874223
0.0009999999999763531,889,2.7339030058161886,-0.24842470435226277
0.0009999999999763531,890,2.7357221740534032,-0.24708241534025974
0.0009999999999763531,891,2.7375411703784174,-0.24574140246273316
0.0009999999999763531,892,2.73935999479123,-0.244401665719683
0.0009999999999763531,893,2.7411786472918425,-0.2430632051111093
0.0009999999999763531,894,2.742997127880254,-0.24172602063701193
0.0009999999999763531,895,2.744815436556464,-0.24039011229739105
0.0009999999999763531,896,2.746633573320474,-0.2390554800922466
0.0009999999999763531,897,2.7484515381722825,-0.23772212402157855
0.0009999999999763531,898,2.750269331111891,-0.236390044085387
0.0009999999999763531,899,2.752086952139298,-0.23505924028367178
0.0009999999999763531,900,2.753904401254504,-0.23372971261643305
0.0009999999999763531,901,2.75572167845751,-0.23240146108367074
0.0009999999999763531,902,2.7575387837483145,-0.23107448568538486
0.0009999999999763531,903,2.7593557171269185,-0.22974878642157537
0.0009999999999763531,904,2.7611724785933216,-0.22842436329224233
0.0009999999999763531,905,2.7629890681475233,-0.2271012162973857
0.0009999999999763531,906,2.764805485789525,-0.2257793454370055
0.0009999999999763531,907,2.7666217315193253,-0.22445875071110177
0.0009999999999763531,908,2.768437805336925,-0.2231394321196744
0.0009999999999763531,909,2.770253707242324,-0.22182138966272352
0.0009999999999763531,910,2.772069437235522,-0.22050462334024906
0.0009999999999763531,911,2.773884995316519,-0.21918913315225103
0.0009999999999763531,912,2.775700381485316,-0.21787491909872936
0.0009999999999763531,913,2.777515595741911,-0.21656198117968423
0.0009999999999763531,914,2.7793306380863063,-0.21525031939511544
0.0009999999999763531,915,2.7811455085184997,-0.21393993374502307
0.0009999999999763531,916,2.782960207038493,-0.21263082422940716
0.0009999999999763531,917,2.784774733646285,-0.21132299084826772
0.0009999999999763531,918,2.7865890883418767,-0.21001643360160469
0.0009999999999763531,919,2.7884032711252673,-0.20871115248941807
0.0009999999999763531,920,2.7902172819964566,-0.20740714751170786
0.0009999999999763531,921,2.792031120955446,-0.20610441866847407
0.0009999999999763531,922,2.7938447880022337,-0.2048029659597167
0.0009999999999763531,923,2.7956582831368215,-0.2035027893854358
0.0009999999999763531,924,2.7974716063592076,-0.2022038889456313
0.0009999999999763531,925,2.799284757669393,-0.20090626464030326
0.0009999999999763531,926,2.801097737067378,-0.1996099164694516
0.0009999999999763531,927,2.8029105445531624,-0.1983148444330764
0.0009999999999763531,928,2.804723180126745,-0.1970210485311776
0.0009999999999763531,929,2.806535643788127,-0.19572852876375524
0.0009999999999763531,930,2.8083479355373084,-0.19443728513080927
0.0009999999999763531,931,2.810160055374289,-0.19314731763233978
0.0009999999999763531,932,2.811972003299069,-0.1918586262683467
0.0009999999999763531,933,2.813783779311648,-0.19057121103883007
0.0009999999999763531,934,2.815595383412026,-0.18928507194378982
0.0009999999999763531,935,2.8174068156002035,-0.18800020898322603
0.0009999999999763531,936,2.8192180758761802,-0.18671662215713863
0.0009999999999763531,937,2.8210291642399556,-0.18543431146552772
0.0009999999999763531,938,2.8228400806915306,-0.18415327690839317
0.0009999999999763531,939,2.824650825230904,-0.1828735184857351
0.0009999999999763531,940,2.8264613978580773,-0.18159503619755346
0.0009999999999763531,941,2.82827179857305,-0.18031783004384822
0.0009999999999763531,942,2.8300820273758216,-0.17904190002461942
0.0009999999999763531,943,2.8318920842663924,-0.17776724613986705
0.0009999999999763531,944,2.833701969244762,-0.17649386838959108
0.0009999999999763531,945,2.8355116823109308,-0.17522176677379153
0.0009999999999763531,946,2.8373212234648992,-0.17395094129246844
0.0009999999999763531,947,2.839130592706667,-0.17268139194562176
0.0009999999999763531,948,2.840939790036233,-0.17141311873325152
0.0009999999999763531,949,2.842748815453599,-0.1701461216553577
0.0009999999999763531,950,2.8445576689587635,-0.1688804007119403
0.0009999999999763531,951,2.8463663505517274,-0.16761595590299938
0.0009999999999763531,952,2.8481748602324903,-0.1663527872285348
0.0009999999999763531,953,2.849983198001053,-0.1650908946885467
0.0009999999999763531,954,2.8517913638574144,-0.16383027828303504
0.0009999999999763531,955,2.853599357801575,-0.16257093801199976
0.0009999999999763531,956,2.855407179833535,-0.1613128738754409
0.0009999999999763531,957,2.857214829953294,-0.1600560858733585
0.0009999999999763531,958,2.8590223081608523,-0.15880057400575254
0.0009999999999763531,959,2.8608296144562098,-0.15754633827262302
0.0009999999999763531,960,2.8626367488393663,-0.15629337867396986
0.0009999999999763531,961,2.864443711310322,-0.1550416952097932
0.0009999999999763531,962,2.866250501869077,-0.15379128788009294
0.0009999999999763531,963,2.868057120515631,-0.1525421566848691
0.0009999999999763531,964,2.8698635672499844,-0.15129430162412166
0.0009999999999763531,965,2.8716698420721363,-0.1500477226978507
0.0009999999999763531,966,2.873475944982088,-0.14880241990605614
0.0009999999999763531,967,2.8752818759798386,-0.147558393248738
0.0009999999999763531,968,2.877087635065389,-0.1463156427258963
0.0009999999999763531,969,2.878893222238738,-0.14507416833753103
0.0009999999999763531,970,2.880698637499886,-0.14383397008364218
0.0009999999999763531,971,2.8825038808488337,-0.14259504796422978
0.0009999999999763531,972,2.88430895228558,-0.14135740197929375
0.0009999999999763531,973,2.886113851810126,-0.1401210321288342
0.0009999999999763531,974,2.887918579422471,-0.13888593841285105
0.0009999999999763531,975,2.889723135122615,-0.13765212083134434
0.0009999999999763531,976,2.8915275189105576,-0.13641957938431404
0.0009999999999763531,977,2.8933317307863007,-0.13518831407176018
0.0009999999999763531,978,2.8951357707498424,-0.13395832489368276
0.0009999999999763531,979,2.896939638801183,-0.13272961185008175
0.0009999999999763531,980,2.8987433349403227,-0.13150217494095717
0.0009999999999763531,981,2.900546859167262,-0.1302760141663091
0.0009999999999763531,982,2.902350211482,-0.12905112952613737
0.0009999999999763531,983,2.9041533918845377,-0.12782752102044206
0.0009999999999763531,984,2.9059564003748743,-0.1266051886492232
0.0009999999999763531,985,2.90775923695301,-0.12538413241248078
0.0009999999999763531,986,2.909561901618945,-0.12416435231021475
0.0009999999999763531,987,2.9113643943726792,-0.12294584834242517
0.0009999999999763531,988,2.9131667152142127,-0.12172862050911201
0.0009999999999763531,989,2.914968864143545,-0.12051266881027527
0.0009999999999763531,990,2.9167708411606768,-0.11929799324591497
0.0009999999999763531,991,2.9185726462656074,-0.11808459381603108
0.0009999999999763531,992,2.9203742794583376,-0.11687247052062363
0.0009999999999763531,993,2.9221757407388664,-0.1156616233596926
0.0009999999999763531,994,2.923977030107195,-0.114452052333238
0.0009999999999763531,995,2.925778147563322,-0.11324375744125983
0.0009999999999763531,996,2.927579093107249,-0.1120367386837581
0.0009999999999763531,997,2.9293798667389748,-0.11083099606073278
0.0009999999999763531,998,2.9311804684585,-0.10962652957218388
0.0009999999999763531,999,2.932980898265824,-0.10842333921811143
0.0009999999999763531,1000,2.9347811561609474,-0.10722142499851539
0.0009999999999763531,1001,2.9365812421438697,-0.10602078691339578
0.0009999999999763531,1002,2.9365812421438697,-0.10602078691339578
0.0009999999999763531,1003,2.9383805421706817,-0.10482088689551587
0.0009999999999763531,1004,2.9401784421974724,-0.10362118687763895
0.0009999999999763531,1005,2.9419749422242423,-0.10242168685976502
0.0009999999999763531,1006,2.9437700422509914,-0.10122238684189405
0.0009999999999763531,1007,2.9455637422777197,-0.10002328682402607
0.0009999999999763531,1008,2.9473560423044267,-0.09882438680616107
0.0009999999999763531,1009,2.949146942331113,-0.09762568678829903
0.0009999999999763531,1010,2.950936442357779,-0.09642718677044
0.0009999999999763531,1011,2.9527245423844235,-0.09522888675258394
0.0009999999999763531,1012,2.9545112424110473,-0.09403078673473085
0.0009999999999763531,1013,2.956296542437651,-0.09283288671688077
0.0009999999999763531,1014,2.958080442464233,-0.09163518669903364
0.0009999999999763531,1015,2.959862942490794,-0.09043768668118948
0.0009999999999763531,1016,2.9616440425173347,-0.08924038666334833
0.0009999999999763531,1017,2.963423742543854,-0.08804328664551014
0.0009999999999763531,1018,2.9652020425703527,-0.08684638662767497
0.0009999999999763531,1019,2.9669789425968305,-0.08564968660984273
0.0009999999999763531,1020,2.9687544426232875,-0.0844531865920135
0.0009999999999763531,1021,2.9705285426497237,-0.08325688657418724
0.0009999999999763531,1022,2.972301242676139,-0.08206078655636395
0.0009999999999763531,1023,2.9740725427025336,-0.08086488653854365
0.0009999999999763531,1024,2.975842442728907,-0.07966918652072634
0.0009999999999763531,1025,2.9776109427552595,-0.078473686502912
0.0009999999999763531,1026,2.9793780427815917,-0.07727838648510063
0.0009999999999763531,1027,2.9811437428079026,-0.07608328646729227
0.0009999999999763531,1028,2.9829080428341928,-0.07488838644948687
0.0009999999999763531,1029,2.984670942860462,-0.07369368643168445
0.0009999999999763531,1030,2.98643244288671,-0.07249918641388502
0.0009999999999763531,1031,2.9881925429129375,-0.07130488639608855
0.0009999999999763531,1032,2.989951242939145,-0.07011078637829508
0.0009999999999763531,1033,2.9917085429653305,-0.06891688636050458
0.0009999999999763531,1034,2.9934644429914954,-0.06772318634271707
0.0009999999999763531,1035,2.995218943017639,-0.06652968632493253
0.0009999999999763531,1036,2.9969720430437623,-0.06533638630715097
0.0009999999999763531,1037,2.998723743069865,-0.06414328628937238
0.0009999999999763531,1038,3.0004740430959465,-0.06295038627159678
0.0009999999999763531,1039,3.0022229431220073,-0.061757686253824204
0.0009999999999763531,1040,3.0039704431480474,-0.06056518623605457
0.0009999999999763531,1041,3.0057165431740667,-0.05937288621828791
0.0009999999999763531,1042,3.0074612432000642,-0.058180786200524234
0.0009999999999763531,1043,3.0092045432260415,-0.05698888618276352
0.0009999999999763531,1044,3.0109464432519983,-0.05579718616500582
0.0009999999999763531,1045,3.0126869432779335,-0.054605686147251094
0.0009999999999763531,1046,3.0144260433038474,-0.05341438612949935
0.0009999999999763531,1047,3.0161637433297415,-0.052223286111750575
0.0009999999999763531,1048,3.0179000433556142,-0.05103238609400479
0.0009999999999763531,1049,3.0196349433814667,-0.04984168607626195
0.0009999999999763531,1050,3.0213684434072974,-0.04865118605852213
0.0009999999999763531,1051,3.0231005434331077,-0.04746088604078527
0.0009999999999763531,1052,3.0248312434588973,-0.0462707860230514
0.0009999999999763531,1053,3.026560543484666,-0.045080886005320495
0.0009999999999763531,1054,3.028288443510414,-0.04389118598759259
0.0009999999999763531,1055,3.0300149435361408,-0.04270168596986767
0.0009999999999763531,1056,3.0317400435618467,-0.04151238595214572
0.0009999999999763531,1057,3.0334637435875313,-0.04032328593442675
0.0009999999999763531,1058,3.0351860436131957,-0.03913438591671075
0.0009999999999763531,1059,3.036906943638839,-0.03794568589899774
0.0009999999999763531,1060,3.038626443664462,-0.036757185881287714
0.0009999999999763531,1061,3.0403445436900634,-0.03556888586358066
0.0009999999999763531,1062,3.042061243715644,-0.03438078584587659
0.0009999999999763531,1063,3.043776543741204,-0.03319288582817549
0.0009999999999763531,1064,3.045490443766743,-0.03200518581047739
0.0009999999999763531,1065,3.047202943792262,-0.03081768579278226
0.0009999999999763531,1066,3.048914043817759,-0.02963038577509011
0.0009999999999763531,1067,3.0506237438432353,-0.02844328575740094
0.0009999999999763531,1068,3.052332043868691,-0.027256385739714752
0.0009999999999763531,1069,3.0540389438941262,-0.02606968572203154
0.0009999999999763531,1070,3.05574444391954,-0.02488318570435132
0.0009999999999763531,1071,3.0574485439449326,-0.023696885686674066
0.0009999999999763531,1072,3.059151243970305,-0.02251078566899979
0.0009999999999763531,1073,3.060852543995656,-0.021324885651328503
0.0009999999999763531,1074,3.062552444020987,-0.020139185633660208
0.0009999999999763531,1075,3.064250944046296,-0.018953685615994892
0.0009999999999763531,1076,3.065948044071585,-0.017768385598332548
0.0009999999999763531,1077,3.067643744096853,-0.016583285580673165
0.0009999999999763531,1078,3.0693380441221003,-0.015398385563016792
0.0009999999999763531,1079,3.071030944147326,-0.014213685545363374
0.0009999999999763531,1080,3.072722444172532,-0.01302918552771295
0.0009999999999763531,1081,3.074412544197716,-0.011844885510065505
0.0009999999999763531,1082,3.0761012442228792,-0.010660785492421037
0.0009999999999763531,1083,3.077788544248022,-0.009476885474779564
0.0009999999999763531,1084,3.0794744442731443,-0.008293185457141052
0.0009999999999763531,1085,3.081158944298245,-0.007109685439505527
0.0009999999999763531,1086,3.0828420443233253,-0.005926385421872982
0.0009999999999763531,1087,3.0845237443483846,-0.004743285404243427
0.0009999999999763531,1088,3.086204044373423,-0.0035603853866168246
0.0009999999999763531,1089,3.087882944398441,-0.0023776853689932154
0.0009999999999763531,1090,3.0895604444234377,-0.0011951853513726372
0.0009999999999763531,1091,3.091236544448414,-1.2885333754977454e-05
0.0009999999999763531,1092,3.0929112444733686,0.0011692146838596772
0.0009999999999763531,1093,3.0945845444983027,0.0023511147014713667
0.0009999999999763531,1094,3.096256444523216,0.0035328147190800616
0.0009999999999763531,1095,3.0979269445481084,0.0047143147366857895
0.0009999999999763531,1096,3.0995960445729795,0.005895614754288535
0.0009999999999763531,1097,3.1012637445978304,0.007076714771888287
0.0009999999999763531,1098,3.1029300446226604,0.008257614789485081
0.0009999999999763531,1099,3.104594944647469,0.009438314807078865
0.0009999999999763531,1100,3.1062584446722576,0.010618814824669698
0.0009999999999763531,1101,3.107920544697025,0.011799114842257537
0.0009999999999763531,1102,3.1095812447217708,0.012979214859842405
0.0009999999999763531,1103,3.1112405447464964,0.014159114877424293
0.0009999999999763531,1104,3.1128984447712016,0.015338814895003182
0.0009999999999763531,1105,3.114554944795885,0.016518314912579095
0.0009999999999763531,1106,3.116210044820548,0.017697614930152056
0.0009999999999763531,1107,3.11786374484519,0.018876714947721987
0.0009999999999763531,1108,3.119516044869811,0.020055614965288963
0.0009999999999763531,1109,3.1211669448944113,0.021234314982852973
0.0009999999999763531,1110,3.122816444918991,0.022412815000413977
0.0009999999999763531,1111,3.124464544943549,0.02359111501797203
0.0009999999999763531,1112,3.1261112449680866,0.02476921503552708
0.0009999999999763531,1113,3.127756544992604,0.025947115053079162
0.0009999999999763531,1114,3.1294004450171,0.027124815070628267
0.0009999999999763531,1115,3.131042945041575,0.028302315088174376
0.0009999999999763531,1116,3.1326840450660294,0.02947961510571751
0.0009999999999763531,1117,3.1343237450904624,0.030656715123257676
0.0009999999999763531,1118,3.1359620451148746,0.03183361514079485
0.0009999999999763531,1119,3.137598945139267,0.03301031515832906
0.0009999999999763531,1120,3.139234445163638,0.03418681517586028
0.0009999999999763531,1121,3.1408685451879883,0.03536311519338851
0.0009999999999763531,1122,3.142501245212317,0.03653921521091376
0.0009999999999763531,1123,3.144132545236625,0.03771511522843604
0.0009999999999763531,1124,3.1457624452609125,0.03889081524595532
0.0009999999999763531,1125,3.1473909452851787,0.04006631526347165
0.0009999999999763531,1126,3.1490180453094245,0.04124161528098497
0.0009999999999763531,1127,3.1506437453336495,0.04241671529849533
0.0009999999999763531,1128,3.1522680453578538,0.0435916153160027
0.0009999999999763531,1129,3.1538909453820363,0.04476631533350711
0.0009999999999763531,1130,3.155512445406199,0.04594081535100851
0.0009999999999763531,1131,3.1571325454303403,0.047115115368506946
0.0009999999999763531,1132,3.1587512454544604,0.04828921538600242
0.0009999999999763531,1133,3.1603685454785606,0.049463115403494885
0.0009999999999763531,1134,3.1619844455026387,0.05063681542098438
0.0009999999999763531,1135,3.163598945526697,0.051810315438470894
0.0009999999999763531,1136,3.1652120455507338,0.05298361545595443
0.0009999999999763531,1137,3.16682374557475,0.05415671547343498
0.0009999999999763531,1138,3.1684340455987456,0.05532961549091254
0.0009999999999763531,1139,3.17004294562272,0.05650231550838715
0.0009999999999763531,1140,3.171650445646674,0.05767481552585874
0.0009999999999763531,1141,3.1732565456706068,0.05884711554332739
0.0009999999999763531,1142,3.174861245694518,0.06001921556079303
0.0009999999999763531,1143,3.1764645457184097,0.06119111557825572
0.0009999999999763531,1144,3.17806644574228,0.06236281559571541
0.0009999999999763531,1145,3.179666945766129,0.06353431561317212
0.0009999999999763531,1146,3.1812660457899575,0.06470561563062585
0.0009999999999763531,1147,3.1828637458137647,0.06587671564807657
0.0009999999999763531,1148,3.184460045837551,0.06704761566552433
0.0009999999999763531,1149,3.1860549458613168,0.06821831568296913
0.0009999999999763531,1150,3.1876484458850625,0.06938881570041094
0.0009999999999763531,1151,3.1892405459087865,0.07055911571784976
0.0009999999999763531,1152,3.1908312459324897,0.07172921573528562
0.0009999999999763531,1153,3.192420545956172,0.07289911575271849
0.0009999999999763531,1154,3.1940084459798337,0.07406881577014837
0.0009999999999763531,1155,3.1955949460034745,0.07523831578757528
0.0009999999999763531,1156,3.197180046027094,0.07640761580499922
0.0009999999999763531,1157,3.198763746050693,0.07757671582242016
0.0009999999999763531,1158,3.200346046074271,0.07874561583983813
0.0009999999999763531,1159,3.2019269460978284,0.07991431585725312
0.0009999999999763531,1160,3.203506446121365,0.08108281587466512
0.0009999999999763531,1161,3.2050845461448803,0.08225111589207415
0.0009999999999763531,1162,3.2066612461683754,0.0834192159094802
0.0009999999999763531,1163,3.208236546191849,0.08458711592688328
0.0009999999999763531,1164,3.209810446215302,0.08575481594428334
0.0009999999999763531,1165,3.211382946238734,0.08692231596168046
0.0009999999999763531,1166,3.212954046262145,0.08808961597907458
0.0009999999999763531,1167,3.2145237462855354,0.08925671599646574
0.0009999999999763531,1168,3.216092046308905,0.0904236160138539
0.0009999999999763531,1169,3.2176589463322536,0.09159031603123907
0.0009999999999763531,1170,3.219224446355581,0.0927568160486213
0.0009999999999763531,1171,3.220788546378888,0.09392311606600051
0.0009999999999763531,1172,3.222351246402174,0.09508921608337678
0.0009999999999763531,1173,3.223912546425439,0.09625511610075002
0.0009999999999763531,1174,3.225472446448684,0.09742081611812031
0.0009999999999763531,1175,3.227030946471907,0.0985863161354876
0.0009999999999763531,1176,3.2285880464951093,0.09975161615285194
0.0009999999999763531,1177,3.230143746518291,0.10091671617021328
0.0009999999999763531,1178,3.231698046541453,0.10208161618757161
0.0009999999999763531,1179,3.233250946564593,0.103246316204927
0.0009999999999763531,1180,3.234802446587712,0.1044108162222794
0.0009999999999763531,1181,3.23635254661081,0.10557511623962881
0.0009999999999763531,1182,3.237901246633888,0.10673921625697527
0.0009999999999763531,1183,3.239448546656944,0.10790311627431873
0.0009999999999763531,1184,3.24099444667998,0.10906681629165921
0.0009999999999763531,1185,3.242538946702995,0.11023031630899671
0.0009999999999763531,1186,3.244082046725988,0.11139361632633124
0.0009999999999763531,1187,3.245623746748962,0.11255671634366277
0.0009999999999763531,1188,3.2471640467719136,0.11371961636099134
0.0009999999999763531,1189,3.248702946794846,0.11488231637831692
0.0009999999999763531,1190,3.250240446817756,0.11604481639563953
0.0009999999999763531,1191,3.2517765468406457,0.11720711641295914
0.0009999999999763531,1192,3.2533112468635146,0.11836921643027579
0.0009999999999763531,1193,3.2548445468863627,0.11953111644758943
0.0009999999999763531,1194,3.25637644690919,0.12069281646490011
0.0009999999999763531,1195,3.2579069469319957,0.12185431648220782
0.0009999999999763531,1196,3.259436046954781,0.12301561649951254
0.0009999999999763531,1197,3.2609637469775454,0.12417671651681428
0.0009999999999763531,1198,3.2624900470002896,0.12533761653411304
0.0009999999999763531,1199,3.2640149470230124,0.1264983165514088
0.0009999999999763531,1200,3.2655384470457145,0.12765881656870162
0.0009999999999763531,1201,3.267060547068395,0.12881911658599143
0.0009999999999763531,1202,3.2685812470910554,0.12997921660327827
0.0009999999999763531,1203,3.2701005471136946,0.13113911662056213
0.0009999999999763531,1204,3.271618447136313,0.13229881663784301
0.0009999999999763531,1205,3.2731349471589106,0.13345831665512092
0.0009999999999763531,1206,3.2746500471814874,0.13461761667239583
0.0009999999999763531,1207,3.276163747204043,0.13577671668966776
0.0009999999999763531,1208,3.2776760472265782,0.1369356167069367
0.0009999999999763531,1209,3.2791869472490927,0.1380943167242027
0.0009999999999763531,1210,3.280696447271586,0.1392528167414657
0.0009999999999763531,1211,3.2822045472940586,0.14041111675872567
0.0009999999999763531,1212,3.28371124731651,0.14156921677598272
0.0009999999999763531,1213,3.285216547338941,0.14272711679323677
0.0009999999999763531,1214,3.286720447361351,0.14388481681048784
0.0009999999999763531,1215,3.2882229473837397,0.14504231682773594
0.0009999999999763531,1216,3.289724047406108,0.14619961684498106
0.0009999999999763531,1217,3.2912237474284547,0.14735671686222318
0.0009999999999763531,1218,3.2927220474507815,0.14851361687946232
0.0009999999999763531,1219,3.2942189474730874,0.14967031689669852
0.0009999999999763531,1220,3.2957144474953717,0.15082681691393168
0.0009999999999763531,1221,3.2972085475176356,0.1519831169311619
0.0009999999999763531,1222,3.2987012475398787,0.15313921694838917
0.0009999999999763531,1223,3.3001925475621006,0.1542951169656134
0.0009999999999763531,1224,3.3016824475843016,0.1554508169828347
0.0009999999999763531,1225,3.3031709476064823,0.15660631700005298
0.0009999999999763531,1226,3.3046580476286413,0.15776161701726832
0.0009999999999763531,1227,3.306143747650781,0.15891671703448063
0.0009999999999763531,1228,3.3076280476728983,0.16007161705168999
0.0009999999999763531,1229,3.309110947694995,0.16122631706889634
0.0009999999999763531,1230,3.310592447717071,0.16238081708609975
0.0009999999999763531,1231,3.3120725477391266,0.16353511710330015
0.0009999999999763531,1232,3.313551247761161,0.16468921712049758
0.0009999999999763531,1233,3.3150285477831747,0.16584311713769204
0.0009999999999763531,1234,3.3165044478051673,0.1669968171548835
0.0009999999999763531,1235,3.3179789478271386,0.168150317172072
0.0009999999999763531,1236,3.3194520478490896,0.16930361718925752
0.0009999999999763531,1237,3.32092374787102,0.17045671720644004
0.0009999999999763531,1238,3.322394047892929,0.1716096172236196
0.0009999999999763531,1239,3.323862947914817,0.17276231724079616
0.0009999999999763531,1240,3.325330447936685,0.17391481725796976
0.0009999999999763531,1241,3.3267965479585313,0.17506711727514035
0.0009999999999763531,1242,3.328261247980356,0.17621921729230794
0.0009999999999763531,1243,3.3297245480021616,0.17737111730947258
0.0009999999999763531,1244,3.3311864480239453,0.17852281732663428
0.0009999999999763531,1245,3.3326469480457086,0.17967431734379297
0.0009999999999763531,1246,3.334106048067451,0.18082561736094865
0.0009999999999763531,1247,3.3355637480891724,0.1819767173781014
0.0009999999999763531,1248,3.3370200481108725,0.18312761739525113
0.0009999999999763531,1249,3.3384749481325526,0.18427831741239792
0.0009999999999763531,1250,3.3399284481542115,0.1854288174295417
0.0009999999999763531,1251,3.341380548175849,0.18657911744668249
0.0009999999999763531,1252,3.3428312481974665,0.18772921746382032
0.0009999999999763531,1253,3.3442805482190625,0.18887911748095515
0.0009999999999763531,1254,3.345728448240638,0.19002881749808703
0.0009999999999763531,1255,3.3471749482621926,0.1911783175152159
0.0009999999999763531,1256,3.3486200482837263,0.19232761753234184
0.0009999999999763531,1257,3.350063748305239,0.19347671754946477
0.0009999999999763531,1258,3.351506048326731,0.1946256175665847
0.0009999999999763531,1259,3.352946948348202,0.19577431758370167
0.0009999999999763531,1260,3.3543864483696524,0.19692281760081562
0.0009999999999763531,1261,3.3558245483910816,0.19807111761792665
0.0009999999999763531,1262,3.3572612484124904,0.1992192176350347
0.0009999999999763531,1263,3.358696548433878,0.20036711765213971
0.0009999999999763531,1264,3.3601304484552452,0.20151481766924179
0.0009999999999763531,1265,3.3615629484765908,0.20266231768634085
0.0009999999999763531,1266,3.3629940484979155,0.20380961770343697
0.0009999999999763531,1267,3.36442374851922,0.2049567177205301
0.0009999999999763531,1268,3.3658520485405035,0.20610361773762026
0.0009999999999763531,1269,3.367278948561766,0.2072503177547074
0.0009999999999763531,1270,3.3687044485830073,0.2083968177717916
0.0009999999999763531,1271,3.370128548604228,0.20954311778887277
0.0009999999999763531,1272,3.371551248625428,0.21068921780595098
0.0009999999999763531,1273,3.372972548646607,0.21183511782302625
0.0009999999999763531,1274,3.3743924486677654,0.2129808178400985
0.0009999999999763531,1275,3.3758109486889025,0.2141263178571678
0.0009999999999763531,1276,3.377228048710019,0.21527161787423407
0.0009999999999763531,1277,3.378643748731114,0.2164167178912974
0.0009999999999763531,1278,3.380058048752189,0.2175616179083577
0.0009999999999763531,1279,3.3814709487732433,0.21870631792541512
0.0009999999999763531,1280,3.382882448794276,0.21985081794246947
0.0009999999999763531,1281,3.384292548815288,0.2209951179595209
0.0009999999999763531,1282,3.385701248836279,0.22213921797656927
0.0009999999999763531,1283,3.38710854885725,0.22328311799361475
0.0009999999999763531,1284,3.3885144488781993,0.22442681801065723
0.0009999999999763531,1285,3.389918948899128,0.2255703180276967
0.0009999999999763531,1286,3.3913220489200357,0.22671361804473317
0.0009999999999763531,1287,3.3927237489409228,0.22785671806176672
0.0009999999999763531,1288,3.394124048961789,0.22899961807879726
0.0009999999999763531,1289,3.3955229489826344,0.2301423180958248
0.0009999999999763531,1290,3.396920449003458,0.23128481811284937
0.0009999999999763531,1291,3.398316549024262,0.23242711812987088
0.0009999999999763531,1292,3.399711249045045,0.23356921814688952
0.0009999999999763531,1293,3.4011045490658063,0.23471111816390516
0.0009999999999763531,1294,3.4024964490865477,0.2358528181809178
0.0009999999999763531,1295,3.4038869491072674,0.2369943181979275
0.0009999999999763531,1296,3.4052760491279663,0.23813561821493417
0.0009999999999763531,1297,3.4066637491486444,0.2392767182319379
0.0009999999999763531,1298,3.408050049169302,0.24041761824893865
0.0009999999999763531,1299,3.409434949189939,0.24155831826593643
0.0009999999999763531,1300,3.4108184492105544,0.2426988182829312
0.0009999999999763531,1301,3.41220054923115,0.24383911829992297
0.0009999999999763531,1302,3.4135812492517235,0.24497921831691177
0.0009999999999763531,1303,3.4149605492722768,0.2461191183338976
0.0009999999999763531,1304,3.416338449292809,0.24725881835088048
0.0009999999999763531,1305,3.4177149493133205,0.24839831836786036
0.0009999999999763531,1306,3.419090049333811,0.24953761838483723
0.0009999999999763531,1307,3.420463749354281,0.25067671840181116
0.0009999999999763531,1308,3.42183604937473,0.2518156184187821
0.0009999999999763531,1309,3.4232069493951576,0.25295431843575
0.0009999999999763531,1310,3.4245764494155653,0.25409281845271503
0.0009999999999763531,1311,3.4259445494359513,0.255231118469677
0.0009999999999763531,1312,3.4273112494563165,0.256369218486636
0.0009999999999763531,1313,3.428676549476661,0.25750711850359204
0.0009999999999763531,1314,3.4300404494969845,0.2586448185205451
0.0009999999999763531,1315,3.4314029495172877,0.25978231853749517
0.0009999999999763531,1316,3.4327640495375698,0.26091961855444223
0.0009999999999763531,1317,3.4341237495578305,0.2620567185713864
0.0009999999999763531,1318,3.435482049578071,0.2631936185883275
0.0009999999999763531,1319,3.4368389495982905,0.2643303186052657
0.0009999999999763531,1320,3.438194449618489,0.26546681862220084
0.0009999999999763531,1321,3.4395485496386664,0.26660311863913305
0.0009999999999763531,1322,3.4409012496588236,0.2677392186560622
0.0009999999999763531,1323,3.442252549678959,0.26887511867298847
0.0009999999999763531,1324,3.4436024496990747,0.2700108186899117
0.0009999999999763531,1325,3.4449509497191686,0.271146318706832
0.0009999999999763531,1326,3.4462980497392417,0.27228161872374923
0.0009999999999763531,1327,3.4476437497592944,0.2734167187406636
0.0009999999999763531,1328,3.448988049779326,0.27455161875757494
0.0009999999999763531,1329,3.450330949799337,0.27568631877448324
0.0009999999999763531,1330,3.451672449819327,0.27682081879138865
0.0009999999999763531,1331,3.4530125498392956,0.27795511880829105
0.0009999999999763531,1332,3.454351249859244,0.27908921882519044
0.0009999999999763531,1333,3.455688549879171,0.28022311884208684
0.0009999999999763531,1334,3.4570244498990776,0.28135681885898034
0.0009999999999763531,1335,3.4583589499189635,0.2824903188758707
0.0009999999999763531,1336,3.459692049938828,0.2836236188927583
0.0009999999999763531,1337,3.461023749958672,0.28475671890964277
0.0009999999999763531,1338,3.462354049978495,0.28588961892652426
0.0009999999999763531,1339,3.4636829499982973,0.2870223189434028
0.0009999999999763531,1340,3.4650104500180783,0.2881548189602784
0.0009999999999763531,1341,3.4663365500378385,0.289287118977151
0.0009999999999763531,1342,3.4676612500575787,0.2904192189940206
0.0009999999999763531,1343,3.4689845500772973,0.2915511190108872
0.0009999999999763531,1344,3.470306450096995,0.29268281902775084
0.0009999999999763531,1345,3.471626950116672,0.2938143190446115
0.0009999999999763531,1346,3.4729460501363283,0.2949456190614692
0.0009999999999763531,1347,3.4742637501559637,0.2960767190783239
0.0009999999999763531,1348,3.4755800501755774,0.2972076190951756
0.0009999999999763531,1349,3.476894950195171,0.29833831911202435
0.0009999999999763531,1350,3.478208450214744,0.29946881912887013
0.0009999999999763531,1351,3.4795205502342963,0.3005991191457129
0.0009999999999763531,1352,3.480831250253827,0.30172921916255274
0.0009999999999763531,1353,3.482140550273337,0.30285911917938957
0.0009999999999763531,1354,3.4834484502928262,0.30398881919622334
0.0009999999999763531,1355,3.4847549503122943,0.3051183192130542
0.0009999999999763531,1356,3.4860600503317416,0.3062476192298821
0.0009999999999763531,1357,3.4873637503511685,0.307376719246707
0.0009999999999763531,1358,3.488666050370574,0.30850561926352893
0.0009999999999763531,1359,3.4899669503899595,0.30963431928034785
0.0009999999999763531,1360,3.4912664504093236,0.3107628192971638
0.0009999999999763531,1361,3.4925645504286664,0.3118911193139768
0.0009999999999763531,1362,3.493861250447989,0.3130192193307868
0.0009999999999763531,1363,3.49515655046729,0.3141471193475938
0.0009999999999763531,1364,3.496450450486571,0.31527481936439783
0.0009999999999763531,1365,3.497742950505831,0.3164023193811989
0.0009999999999763531,1366,3.4990340505250694,0.317529619397997
0.0009999999999763531,1367,3.500323750544287,0.31865671941479207
0.0009999999999763531,1368,3.5016120505634847,0.31978361943158423
0.0009999999999763531,1369,3.5028989505826615,0.3209103194483734
0.0009999999999763531,1370,3.5041844506018163,0.3220368194651595
0.0009999999999763531,1371,3.505468550620951,0.3231631194819427
0.0009999999999763531,1372,3.5067512506400647,0.3242892194987229
0.0009999999999763531,1373,3.5080325506591574,0.32541511951550006
0.0009999999999763531,1374,3.50931245067823,0.3265408195322744
0.0009999999999763531,1375,3.510590950697281,0.3276663195490456
0.0009999999999763531,1376,3.511868050716311,0.3287916195658139
0.0009999999999763531,1377,3.5131437507353205,0.3299167195825792
0.0009999999999763531,1378,3.5144180507543092,0.33104161959934153
0.0009999999999763531,1379,3.5156909507732768,0.3321663196161009
0.0009999999999763531,1380,3.5169624507922235,0.3332908196328572
0.0009999999999763531,1381,3.5182325508111494,0.3344151196496105
0.0009999999999763531,1382,3.5195012508300545,0.33553921966636097
0.0009999999999763531,1383,3.5207685508489392,0.3366631196831084
0.0009999999999763531,1384,3.5220344508678023,0.3377868196998528
0.0009999999999763531,1385,3.5232989508866446,0.3389103197165943
0.0009999999999763531,1386,3.524562050905466,0.34003361973333274
0.0009999999999763531,1387,3.5258237509242667,0.3411567197500682
0.0009999999999763531,1388,3.5270840509430474,0.34227961976680077
0.0009999999999763531,1389,3.5283429509618065,0.3434023197835303
0.0009999999999763531,1390,3.5296004509805448,0.34452481980025684
0.0009999999999763531,1391,3.5308565509992618,0.3456471198169804
0.0009999999999763531,1392,3.5321112510179584,0.346769219833701
0.0009999999999763531,1393,3.533364551036634,0.3478911198504186
0.0009999999999763531,1394,3.534616451055289,0.3490128198671333
0.0009999999999763531,1395,3.5358669510739227,0.3501343198838449
0.0009999999999763531,1396,3.5371160510925357,0.3512556199005536
0.0009999999999763531,1397,3.5383637511111283,0.35237671991725933
0.0009999999999763531,1398,3.5396100511296993,0.353497619933962
0.0009999999999763531,1399,3.5408549511482494,0.35461831995066173
0.0009999999999763531,1400,3.5420984511667792,0.35573881996735846
0.0009999999999763531,1401,3.543340551185288,0.35685911998405223
0.0009999999999763531,1402,3.544581251203776,0.35797922000074306
0.0009999999999763531,1403,3.545820551222243,0.3590991200174309
0.0009999999999763531,1404,3.547058451240689,0.3602188200341157
0.0009999999999763531,1405,3.5482949512591144,0.3613383200507975
0.0009999999999763531,1406,3.5495300512775185,0.3624576200674764
0.0009999999999763531,1407,3.5507637512959023,0.3635767200841523
0.0009999999999763531,1408,3.5519960513142648,0.3646956201008252
0.0009999999999763531,1409,3.553226951332607,0.3658143201174951
0.0009999999999763531,1410,3.554456451350928,0.36693282013416206
0.0009999999999763531,1411,3.555684551369228,0.368051120150826
0.0009999999999763531,1412,3.5569112513875067,0.36916922016748704
0.0009999999999763531,1413,3.5581365514057652,0.37028712018414506
0.0009999999999763531,1414,3.559360451424003,0.37140482020080007
0.0009999999999763531,1415,3.5605829514422194,0.37252232021745213
0.0009999999999763531,1416,3.561804051460415,0.3736396202341012
0.0009999999999763531,1417,3.5630237514785903,0.3747567202507473
0.0009999999999763531,1418,3.564242051496745,0.37587362026739046
0.0009999999999763531,1419,3.565458951514878,0.37699032028403046
0.0009999999999763531,1420,3.5666744515329905,0.3781068203006676
0.0009999999999763531,1421,3.5678885515510816,0.3792231203173018
0.0009999999999763531,1422,3.569101251569152,0.3803392203339329
0.0009999999999763531,1423,3.570312551587202,0.38145512035056117
0.0009999999999763531,1424,3.5715224516052313,0.38257082036718637
0.0009999999999763531,1425,3.572730951623239,0.3836863203838086
0.0009999999999763531,1426,3.5739380516412265,0.38480162040042787
0.0009999999999763531,1427,3.575143751659192,0.38591672041704417
0.0009999999999763531,1428,3.576348051677138,0.3870316204336575
0.0009999999999763531,1429,3.5775509516950628,0.38814632045026787
0.0009999999999763531,1430,3.5787524517129663,0.38926082046687516
0.0009999999999763531,1431,3.579952551730849,0.3903751204834795
0.0009999999999763531,1432,3.581151251748711,0.3914892205000809
0.0009999999999763531,1433,3.582348551766552,0.39260312051667934
0.0009999999999763531,1434,3.5835444517843724,0.3937168205332747
0.0009999999999763531,1435,3.584738951802172,0.39483032054986716
0.0009999999999763531,1436,3.5859320518199507,0.39594362056645666
0.0009999999999763531,1437,3.5871237518377086,0.39705672058304314
0.0009999999999763531,1438,3.588314051855445,0.3981696205996266
0.0009999999999763531,1439,3.589502951873161,0.3992823206162071
0.0009999999999763531,1440,3.5906904518908562,0.40039482063278464
0.0009999999999763531,1441,3.591876551908531,0.4015071206493593
0.0009999999999763531,1442,3.593061251926184,0.4026192206659308
0.0009999999999763531,1443,3.5942445519438166,0.4037311206824995
0.0009999999999763531,1444,3.595426451961428,0.4048428206990651
0.0009999999999763531,1445,3.596606951979019,0.4059543207156277
0.0009999999999763531,1446,3.597786051996589,0.4070656207321874
0.0009999999999763531,1447,3.598963752014138,0.40817672074874406
0.0009999999999763531,1448,3.6001400520316666,0.4092876207652978
0.0009999999999763531,1449,3.6013149520491736,0.41039832078184846
0.0009999999999763531,1450,3.6024884520666607,0.41150882079839624
0.0009999999999763531,1451,3.603660552084126,0.41261912081494095
0.0009999999999763531,1452,3.6048312521015706,0.4137292208314828
0.0009999999999763531,1453,3.6060005521189944,0.4148391208480215
0.0009999999999763531,1454,3.6071684521363974,0.41594882086455737
0.0009999999999763531,1455,3.6083349521537795,0.4170583208810902
0.0009999999999763531,1456,3.6095000521711413,0.4181676208976201
0.0009999999999763531,1457,3.610663752188482,0.41927672091414697
0.0009999999999763531,1458,3.611826052205801,0.42038562093067083
0.0009999999999763531,1459,3.6129869522230997,0.4214943209471918
0.0009999999999763531,1460,3.614146452240378,0.4226028209637097
0.0009999999999763531,1461,3.615304552257635,0.4237111209802247
0.0009999999999763531,1462,3.616461252274871,0.42481922099673664
0.0009999999999763531,1463,3.6176165522920862,0.42592712101324565
0.0009999999999763531,1464,3.618770452309281,0.4270348210297517
0.0009999999999763531,1465,3.619922952326455,0.4281423210462547
0.0009999999999763531,1466,3.6210740523436074,0.4292496210627547
0.0009999999999763531,1467,3.6222237523607395,0.4303567210792518
0.0009999999999763531,1468,3.62337205237785,0.43146362109574593
0.0009999999999763531,1469,3.6245189523949404,0.4325703211122371
0.0009999999999763531,1470,3.6256644524120096,0.4336768211287252
0.0009999999999763531,1471,3.6268085524290576,0.43478312114521034
0.0009999999999763531,1472,3.6279512524460857,0.43588922116169254
0.0009999999999763531,1473,3.6290925524630926,0.43699512117817174
0.0009999999999763531,1474,3.6302324524800786,0.43810082119464794
0.0009999999999763531,1475,3.6313709524970434,0.4392063212111212
0.0009999999999763531,1476,3.6325080525139875,0.44031162122759143
0.0009999999999763531,1477,3.6336437525309107,0.4414167212440587
0.0009999999999763531,1478,3.6347780525478126,0.44252162126052297
0.0009999999999763531,1479,3.6359109525646947,0.4436263212769843
0.0009999999999763531,1480,3.637042452581555,0.44473082129344266
0.0009999999999763531,1481,3.638172552598395,0.445835121309898
0.0009999999999763531,1482,3.6393012526152138,0.4469392213263503
0.0009999999999763531,1483,3.6404285526320117,0.44804312134279967
0.0009999999999763531,1484,3.641554452648789,0.4491468213592461
0.0009999999999763531,1485,3.6426789526655456,0.45025032137568954
0.0009999999999763531,1486,3.643802052682281,0.45135362139213
0.0009999999999763531,1487,3.6449237526989955,0.45245672140856746
0.0009999999999763531,1488,3.6460440527156894,0.45355962142500195
0.0009999999999763531,1489,3.647162952732362,0.4546623214414335
0.0009999999999763531,1490,3.6482804527490145,0.455764821457862
0.0009999999999763531,1491,3.6493965527656456,0.45686712147428754
0.0009999999999763531,1492,3.6505112527822554,0.4579692214907101
0.0009999999999763531,1493,3.6516245527988453,0.4590711215071297
0.0009999999999763531,1494,3.6527364528154136,0.4601728215235463
0.0009999999999763531,1495,3.6538469528319615,0.46127432153995995
0.0009999999999763531,1496,3.6549560528484886,0.4623756215563706
0.0009999999999763531,1497,3.6560637528649944,0.46347672157277825
0.0009999999999763531,1498,3.6571700528814794,0.4645776215891829
0.0009999999999763531,1499,3.658274952897944,0.46567832160558464
0.0009999999999763531,1500,3.6593784529143876,0.4667788216219834
0.0009999999999763531,1501,3.6604805529308098,0.46787912163837914
0.0009999999999763531,1502,3.6615812529472116,0.4689792216547719
0.0009999999999763531,1503,3.6615812529472116,0.4689792216547719
0.0009999999999763531,1504,3.662681452963606,0.47007982167117207
0.0009999999999763531,1505,3.663782052980006,0.47118162168759026
0.0009999999999763531,1506,3.6648830529964127,0.47228462170402624
0.0009999999999763531,1507,3.6659844530128245,0.47338882172048
0.0009999999999763531,1508,3.6670862530292423,0.47449422173695177
0.0009999999999763531,1509,3.6681884530456665,0.4756008217534414
0.0009999999999763531,1510,3.669291053062097,0.47670862176994894
0.0009999999999763531,1511,3.670394053078532,0.47781762178647436
0.0009999999999763531,1512,3.671497453094975,0.4789278218030176
0.0009999999999763531,1513,3.672601253111422,0.4800392218195787
0.0009999999999763531,1514,3.673705453127876,0.48115182183615773
0.0009999999999763531,1515,3.674810053144336,0.4822656218527547
0.0009999999999763531,1516,3.675915053160802,0.4833806218693695
0.0009999999999763531,1517,3.6770204531772737,0.4844968218860022
0.0009999999999763531,1518,3.678126253193751,0.4856142219026527
0.0009999999999763531,1519,3.679232453210235,0.4867328219193211
0.0009999999999763531,1520,3.6803390532267244,0.4878526219360075
0.0009999999999763531,1521,3.6814460532432203,0.48897362195271166
0.0009999999999763531,1522,3.6825534532597213,0.4900958219694337
0.0009999999999763531,1523,3.683661253276229,0.4912192219861737
0.0009999999999763531,1524,3.6847694532927426,0.49234382200293153
0.0009999999999763531,1525,3.6858780533092617,0.4934696220197073
0.0009999999999763531,1526,3.686987053325787,0.49459662203650084
0.0009999999999763531,1527,3.6880964533423186,0.49572482205331236
0.0009999999999763531,1528,3.689206253358856,0.4968542220701418
0.0009999999999763531,1529,3.6903164533753996,0.497984822086989
0.0009999999999763531,1530,3.691427053391948,0.49911662210385416
0.0009999999999763531,1531,3.6925380534085037,0.5002496221207372
0.0009999999999763531,1532,3.693649453425065,0.5013838221376381
0.0009999999999763531,1533,3.694761253441632,0.5025192221545568
0.0009999999999763531,1534,3.6958734534582045,0.5036558221714934
0.0009999999999763531,1535,3.6969860534747836,0.504793622188448
0.0009999999999763531,1536,3.698099053491369,0.5059326222054205
0.0009999999999763531,1537,3.6992124535079594,0.5070728222224107
0.0009999999999763531,1538,3.7003262535245565,0.5082142222394189
0.0009999999999763531,1539,3.7014404535411596,0.509356822256445
0.0009999999999763531,1540,3.702555053557769,0.510500622273489
0.0009999999999763531,1541,3.703670053574384,0.5116456222905509
0.0009999999999763531,1542,3.704785453591004,0.5127918223076305
0.0009999999999763531,1543,3.7059012536076312,0.5139392223247281
0.0009999999999763531,1544,3.707017453624264,0.5150878223418436
0.0009999999999763531,1545,3.708134053640902,0.5162376223589771
0.0009999999999763531,1546,3.709251053657547,0.5173886223761281
0.0009999999999763531,1547,3.7103684536741977,0.5185408223932972
0.0009999999999763531,1548,3.711486253690854,0.5196942224104844
0.0009999999999763531,1549,3.712604453707517,0.5208488224276893
0.0009999999999763531,1550,3.713723053724185,0.522004622444912
0.0009999999999763531,1551,3.7148420537408593,0.5231616224621526
0.0009999999999763531,1552,3.7159614537575396,0.524319822479411
0.0009999999999763531,1553,3.7170812537742264,0.5254792224966875
0.0009999999999763531,1554,3.7182014537909187,0.5266398225139819
0.0009999999999763531,1555,3.7193220538076175,0.527801622531294
0.0009999999999763531,1556,3.720443053824321,0.528964622548624
0.0009999999999763531,1557,3.7215644538410313,0.5301288225659719
0.0009999999999763531,1558,3.722686253857747,0.5312942225833378
0.0009999999999763531,1559,3.723808453874469,0.5324608226007215
0.0009999999999763531,1560,3.724931053891197,0.533628622618123
0.0009999999999763531,1561,3.7260540539079314,0.5347976226355425
0.0009999999999763531,1562,3.727177453924672,0.5359678226529798
0.0009999999999763531,1563,3.7283012539414173,0.537139222670435
0.0009999999999763531,1564,3.7294254539581693,0.5383118226879081
0.0009999999999763531,1565,3.7305500539749263,0.5394856227053991
0.0009999999999763531,1566,3.7316750539916907,0.540660622722908
0.0009999999999763531,1567,3.7328004540084603,0.5418368227404347
0.0009999999999763531,1568,3.7339262540252363,0.5430142227579795
0.0009999999999763531,1569,3.735052454042018,0.5441928227755418
0.0009999999999763531,1570,3.7361790540588053,0.5453726227931223
0.0009999999999763531,1571,3.737306054075599,0.5465536228107205
0.0009999999999763531,1572,3.7384334540923985,0.5477358228283368
0.0009999999999763531,1573,3.7395612541092036,0.5489192228459707
0.0009999999999763531,1574,3.7406894541260156,0.5501038228636227
0.0009999999999763531,1575,3.7418180541428328,0.5512896228812925
0.0009999999999763531,1576,3.7429470541596563,0.5524766228989801
0.0009999999999763531,1577,3.7440764541764855,0.5536648229166857
0.0009999999999763531,1578,3.7452062541933206,0.5548542229344091
0.0009999999999763531,1579,3.7463364542101623,0.5560448229521504
0.0009999999999763531,1580,3.7474670542270094,0.5572366229699096
0.0009999999999763531,1581,3.748598054243863,0.5584296229876867
0.0009999999999763531,1582,3.7497294542607222,0.5596238230054816
0.0009999999999763531,1583,3.750861254277587,0.5608192230232945
0.0009999999999763531,1584,3.751993454294458,0.5620158230411253
0.0009999999999763531,1585,3.7531260543113354,0.5632136230589738
0.0009999999999763531,1586,3.7542590543282186,0.5644126230768405
0.0009999999999763531,1587,3.7553924543451074,0.5656128230947247
0.0009999999999763531,1588,3.756526254362002,0.566814223112627
0.0009999999999763531,1589,3.7576604543789034,0.5680168231305471
0.0009999999999763531,1590,3.75879505439581,0.5692206231484852
0.0009999999999763531,1591,3.7599300544127234,0.5704256231664412
0.0009999999999763531,1592,3.761065454429642,0.5716318231844149
0.0009999999999763531,1593,3.7622012544465666,0.5728392232024065
0.0009999999999763531,1594,3.7633374544634974,0.574047823220416
0.0009999999999763531,1595,3.7644740544804343,0.5752576232384434
0.0009999999999763531,1596,3.7656110544973767,0.5764686232564887
0.0009999999999763531,1597,3.766748454514325,0.5776808232745521
0.0009999999999763531,1598,3.76788625453128,0.5788942232926331
0.0009999999999763531,1599,3.7690244545482403,0.580108823310732
0.0009999999999763531,1600,3.770163054565207,0.5813246233288488
0.0009999999999763531,1601,3.771302054582179,0.5825416233469836
0.0009999999999763531,1602,3.772441454599158,0.5837598233651362
0.0009999999999763531,1603,3.7735812546161425,0.5849792233833067
0.0009999999999763531,1604,3.774721454633132,0.5861998234014949
0.0009999999999763531,1605,3.775862054650129,0.5874216234197013
0.0009999999999763531,1606,3.777003054667131,0.5886446234379253
0.0009999999999763531,1607,3.778144454684139,0.5898688234561674
0.0009999999999763531,1608,3.779286254701153,0.5910942234744273
0.0009999999999763531,1609,3.7804284547181735,0.592320823492705
0.0009999999999763531,1610,3.781571054735199,0.5935486235110007
0.0009999999999763531,1611,3.782714054752231,0.5947776235293142
0.0009999999999763531,1612,3.7838574547692696,0.5960078235476456
0.0009999999999763531,1613,3.7850012547863137,0.5972392235659948
0.0009999999999763531,1614,3.7861454548033633,0.598471823584362
0.0009999999999763531,1615,3.7872900548204194,0.5997056236027472
0.0009999999999763531,1616,3.7884350548374806,0.6009406236211501
0.0009999999999763531,1617,3.7895804548545486,0.6021768236395708
0.0009999999999763531,1618,3.790726254871622,0.6034142236580095
0.0009999999999763531,1619,3.791872454888702,0.6046528236764661
0.0009999999999763531,1620,3.7930190549057876,0.6058926236949407
0.0009999999999763531,1621,3.7941660549228793,0.6071336237134329
0.0009999999999763531,1622,3.7953134549399774,0.6083758237319432
0.0009999999999763531,1623,3.7964612549570798,0.6096192237504713
0.0009999999999763531,1624,3.7976094549741894,0.6108638237690172
0.0009999999999763531,1625,3.7987580549913056,0.6121096237875812
0.0009999999999763531,1626,3.7999070550084264,0.613356623806163
0.0009999999999763531,1627,3.801056455025554,0.6146048238247624
0.0009999999999763531,1628,3.8022062550426874,0.61585422384338
0.0009999999999763531,1629,3.8033564550598267,0.6171048238620154
0.0009999999999763531,1630,3.804507055076972,0.6183566238806687
0.0009999999999763531,1631,3.8056580550941232,0.6196096238993398
0.0009999999999763531,1632,3.80680945511128,0.6208638239180287
0.0009999999999763531,1633,3.807961255128444,0.6221192239367358
0.0009999999999763531,1634,3.8091134551456127,0.6233758239554605
0.0009999999999763531,1635,3.8102660551627876,0.6246336239742032
0.0009999999999763531,1636,3.811419055179969,0.6258926239929639
0.0009999999999763531,1637,3.812572455197156,0.6271528240117423
0.0009999999999763531,1638,3.8137262552143483,0.6284142240305385
0.0009999999999763531,1639,3.8148804552315476,0.6296768240493527
0.0009999999999763531,1640,3.8160350552487525,0.6309406240681849
0.0009999999999763531,1641,3.8171900552659634,0.6322056240870348
0.0009999999999763531,1642,3.8183454552831804,0.6334718241059026
0.0009999999999763531,1643,3.819501255300403,0.6347392241247884
0.0009999999999763531,1644,3.8206574553176322,0.6360078241436921
0.0009999999999763531,1645,3.8218140553348667,0.6372776241626135
0.0009999999999763531,1646,3.8229710553521072,0.6385486241815529
0.0009999999999763531,1647,3.8241284553693538,0.6398208242005101
0.0009999999999763531,1648,3.825286255386606,0.6410942242194853
0.0009999999999763531,1649,3.8264444554038644,0.6423688242384782
0.0009999999999763531,1650,3.827603055421129,0.6436446242574891
0.0009999999999763531,1651,3.828762055438399,0.6449216242765179
0.0009999999999763531,1652,3.8299214554556755,0.6461998242955646
0.0009999999999763531,1653,3.8310812554729576,0.6474792243146292
0.0009999999999763531,1654,3.8322414554902466,0.6487598243337115
0.0009999999999763531,1655,3.8334020555075408,0.6500416243528118
0.0009999999999763531,1656,3.834563055524841,0.6513246243719301
0.0009999999999763531,1657,3.835724455542147,0.6526088243910662
0.0009999999999763531,1658,3.836886255559459,0.65389422441022
0.0009999999999763531,1659,3.8380484555767778,0.655180824429392
0.0009999999999763531,1660,3.8392110555941015,0.6564686244485817
0.0009999999999763531,1661,3.8403740556114316,0.6577576244677892
0.0009999999999763531,1662,3.8415374556287674,0.6590478244870147
0.0009999999999763531,1663,3.84270125564611,0.660339224506258
0.0009999999999763531,1664,3.8438654556634577,0.6616318245255193
0.0009999999999763531,1665,3.8450300556808115,0.6629256245447984
0.0009999999999763531,1666,3.846195055698171,0.6642206245640954
0.0009999999999763531,1667,3.8473604557155374,0.6655168245834103
0.0009999999999763531,1668,3.8485262557329087,0.6668142246027431
0.0009999999999763531,1669,3.8496924557502865,0.6681128246220938
0.0009999999999763531,1670,3.8508590557676703,0.6694126246414622
0.0009999999999763531,1671,3.8520260557850596,0.6707136246608486
0.0009999999999763531,1672,3.8531934558024554,0.6720158246802529
0.0009999999999763531,1673,3.854361255819857,0.6733192246996751
0.0009999999999763531,1674,3.8555294558372646,0.6746238247191152
0.0009999999999763531,1675,3.8566980558546784,0.6759296247385732
0.0009999999999763531,1676,3.8578670558720978,0.677236624758049
0.0009999999999763531,1677,3.8590364558895227,0.6785448247775426
0.0009999999999763531,1678,3.860206255906954,0.6798542247970543
0.0009999999999763531,1679,3.861376455924392,0.6811648248165837
0.0009999999999763531,1680,3.8625470559418353,0.682476624836131
0.0009999999999763531,1681,3.8637180559592847,0.6837896248556963
0.0009999999999763531,1682,3.8648894559767397,0.6851038248752794
0.0009999999999763531,1683,3.866061255994201,0.6864192248948804
0.0009999999999763531,1684,3.867233456011668,0.6877358249144992
0.0009999999999763531,1685,3.868406056029141,0.689053624934136
0.0009999999999763531,1686,3.8695790560466206,0.6903726249537907
0.0009999999999763531,1687,3.870752456064105,0.6916928249734631
0.0009999999999763531,1688,3.871926256081596,0.6930142249931536
0.0009999999999763531,1689,3.873100456099093,0.6943368250128619
0.0009999999999763531,1690,3.874275056116596,0.6956606250325879
0.0009999999999763531,1691,3.875450056134105,0.6969856250523321
0.0009999999999763531,1692,3.8766254561516202,0.698311825072094
0.0009999999999763531,1693,3.877801256169141,0.6996392250918737
0.0009999999999763531,1694,3.8789774561866674,0.7009678251116714
0.0009999999999763531,1695,3.8801540562042005,0.7022976251314871
0.0009999999999763531,1696,3.881331056221739,0.7036286251513204
0.0009999999999763531,1697,3.8825084562392833,0.7049608251711718
0.0009999999999763531,1698,3.8836862562568335,0.7062942251910409
0.0009999999999763531,1699,3.884864456274391,0.7076288252109281
0.0009999999999763531,1700,3.8860430562919532,0.708964625230833
0.0009999999999763531,1701,3.8872220563095214,0.7103016252507559
0.0009999999999763531,1702,3.8884014563270957,0.7116398252706966
0.0009999999999763531,1703,3.8895812563446763,0.7129792252906553
0.0009999999999763531,1704,3.890761456362263,0.7143198253106318
0.0009999999999763531,1705,3.891942056379855,0.7156616253306262
0.0009999999999763531,1706,3.8931230563974535,0.7170046253506384
0.0009999999999763531,1707,3.8943044564150577,0.7183488253706686
0.0009999999999763531,1708,3.8954862564326675,0.7196942253907165
0.0009999999999763531,1709,3.8966684564502834,0.7210408254107825
0.0009999999999763531,1710,3.897851056467906,0.7223886254308662
0.0009999999999763531,1711,3.899034056485534,0.7237376254509679
0.0009999999999763531,1712,3.9002174565031686,0.7250878254710875
0.0009999999999763531,1713,3.9014012565208085,0.7264392254912249
0.0009999999999763531,1714,3.902585456538455,0.7277918255113802
0.0009999999999763531,1715,3.9037700565561066,0.7291456255315534
0.0009999999999763531,1716,3.9049550565737645,0.7305006255517446
0.0009999999999763531,1717,3.9061404565914284,0.7318568255719535
0.0009999999999763531,1718,3.907326256609098,0.7332142255921803
0.0009999999999763531,1719,3.9085124566267737,0.734572825612425
0.0009999999999763531,1720,3.9096990566444556,0.7359326256326877
0.0009999999999763531,1721,3.910886056662143,0.7372936256529681
0.0009999999999763531,1722,3.9120734566798365,0.7386558256732665
0.0009999999999763531,1723,3.913261256697536,0.7400192256935827
0.0009999999999763531,1724,3.914449456715242,0.7413838257139168
0.0009999999999763531,1725,3.9156380567329534,0.7427496257342688
0.0009999999999763531,1726,3.9168270567506713,0.7441166257546388
0.0009999999999763531,1727,3.9180164567683944,0.7454848257750265
0.0009999999999763531,1728,3.919206256786124,0.7468542257954321
0.0009999999999763531,1729,3.920396456803859,0.7482248258158557
0.0009999999999763531,1730,3.9215870568216005,0.749596625836297
0.0009999999999763531,1731,3.9227780568393475,0.7509696258567564
0.0009999999999763531,1732,3.9239694568571006,0.7523438258772337
0.0009999999999763531,1733,3.92516125687486,0.7537192258977286
0.0009999999999763531,1734,3.926353456892625,0.7550958259182416
0.0009999999999763531,1735,3.927546056910397,0.7564736259387723
0.0009999999999763531,1736,3.9287390569281735,0.757852625959321
0.0009999999999763531,1737,3.9299324569459566,0.7592328259798877
0.0009999999999763531,1738,3.9311262569637457,0.7606142260004721
0.0009999999999763531,1739,3.9323204569815404,0.7619968260210745
0.0009999999999763531,1740,3.9335150569993416,0.7633806260416947
0.0009999999999763531,1741,3.9347100570171483,0.7647656260623328
0.0009999999999763531,1742,3.935905457034961,0.7661518260829887
0.0009999999999763531,1743,3.9371012570527797,0.7675392261036625
0.0009999999999763531,1744,3.938297457070604,0.7689278261243543
0.0009999999999763531,1745,3.9394940570884347,0.7703176261450639
0.0009999999999763531,1746,3.9406910571062714,0.7717086261657915
0.0009999999999763531,1747,3.941888457124114,0.7731008261865369
0.0009999999999763531,1748,3.943086257141963,0.7744942262073002
0.0009999999999763531,1749,3.9442844571598172,0.7758888262280814
0.0009999999999763531,1750,3.945483057177678,0.7772846262488804
0.0009999999999763531,1751,3.9466820571955443,0.7786816262696973
0.0009999999999763531,1752,3.947881457213417,0.7800798262905322
0.0009999999999763531,1753,3.9490812572312954,0.7814792263113848
0.0009999999999763531,1754,3.9502814572491802,0.7828798263322554
0.0009999999999763531,1755,3.9514820572670706,0.7842816263531438
0.0009999999999763531,1756,3.952683057284966,0.78568462637405
0.0009999999999763531,1757,3.953884457302869,0.7870888263949744
0.0009999999999763531,1758,3.955086257320777,0.7884942264159165
0.0009999999999763531,1759,3.9562884573386907,0.7899008264368763
0.0009999999999763531,1760,3.957491057356611,0.7913086264578543
0.0009999999999763531,1761,3.9586940573745375,0.79271762647885
0.0009999999999763531,1762,3.9598974573924695,0.7941278264998637
0.0009999999999763531,1763,3.961101257410407,0.7955392265208951
0.0009999999999763531,1764,3.962305457428351,0.7969518265419444
0.0009999999999763531,1765,3.9635100574463014,0.7983656265630118
0.0009999999999763531,1766,3.9647150574642573,0.799780626584097
0.0009999999999763531,1767,3.965920457482219,0.8011968266051999
0.0009999999999763531,1768,3.967126257500187,0.8026142266263209
0.0009999999999763531,1769,3.9683324575181604,0.8040328266474597
0.0009999999999763531,1770,3.9695390575361404,0.8054526266686163
0.0009999999999763531,1771,3.9707460575541265,0.8068736266897909
0.0009999999999763531,1772,3.971953457572118,0.8082958267109832
0.0009999999999763531,1773,3.9731612575901156,0.8097192267321935
0.0009999999999763531,1774,3.9743694576081188,0.8111438267534217
0.0009999999999763531,1775,3.9755780576261284,0.8125696267746678
0.0009999999999763531,1776,3.9767870576441444,0.8139966267959319
0.0009999999999763531,1777,3.977996457662166,0.8154248268172137
0.0009999999999763531,1778,3.979206257680193,0.8168542268385134
0.0009999999999763531,1779,3.980416457698226,0.818284826859831
0.0009999999999763531,1780,3.981627057716266,0.8197166268811665
0.0009999999999763531,1781,3.9828380577343108,0.8211496269025198
0.0009999999999763531,1782,3.984049457752363,0.8225838269238912
0.0009999999999763531,1783,3.985261257770419,0.8240192269452802
0.0009999999999763531,1784,3.986473457788483,0.8254558269666872
0.0009999999999763531,1785,3.9876860578065516,0.826893626988112
0.0009999999999763531,1786,3.9888990578246273,0.8283326270095549
0.0009999999999763531,1787,3.9901124578427076,0.8297728270310155
0.0009999999999763531,1788,3.991326257860795,0.831214227052494
0.0009999999999763531,1789,3.992540457878888,0.8326568270739905
0.0009999999999763531,1790,3.993755057896987,0.8341006270955049
0.0009999999999763531,1791,3.9949700579150917,0.835545627117037
0.0009999999999763531,1792,3.9961854579332026,0.836991827138587
0.0009999999999763531,1793,3.99740125795132,0.8384392271601548
0.0009999999999763531,1794,3.9986174579694422,0.8398878271817407
0.0009999999999763531,1795,3.999834057987571,0.8413376272033444
0.0009999999999763531,1796,4.0010510580057055,0.8427886272249661
0.0009999999999763531,1797,4.002268458023846,0.8442408272466055
0.0009999999999763531,1798,4.003486258041993,0.8456942272682628
0.0009999999999763531,1799,4.004704458060146,0.8471488272899379
0.0009999999999763531,1800,4.005923058078304,0.8486046273116312
0.0009999999999763531,1801,4.007142058096468,0.8500616273333422
0.0009999999999763531,1802,4.008361458114639,0.851519827355071
0.0009999999999763531,1803,4.009581258132815,0.8529792273768178
0.0009999999999763531,1804,4.010801458150998,0.8544398273985824
0.0009999999999763531,1805,4.012022058169187,0.855901627420365
0.0009999999999763531,1806,4.013243058187381,0.8573646274421654
0.0009999999999763531,1807,4.014464458205581,0.8588288274639836
0.0009999999999763531,1808,4.015686258223788,0.8602942274858199
0.0009999999999763531,1809,4.016908458242,0.8617608275076738
0.0009999999999763531,1810,4.018131058260217,0.8632286275295458
0.0009999999999763531,1811,4.0193540582784415,0.8646976275514356
0.0009999999999763531,1812,4.020577458296671,0.8661678275733433
0.0009999999999763531,1813,4.021801258314908,0.8676392275952689
0.0009999999999763531,1814,4.02302545833315,0.8691118276172123
0.0009999999999763531,1815,4.024250058351398,0.8705856276391737
0.0009999999999763531,1816,4.0254750583696515,0.8720606276611528
0.0009999999999763531,1817,4.026700458387912,0.8735368276831499
0.0009999999999763531,1818,4.027926258406177,0.8750142277051649
0.0009999999999763531,1819,4.029152458424449,0.8764928277271977
0.0009999999999763531,1820,4.030379058442727,0.8779726277492486
0.0009999999999763531,1821,4.031606058461011,0.8794536277713172
0.0009999999999763531,1822,4.032833458479301,0.8809358277934036
0.0009999999999763531,1823,4.034061258497596,0.8824192278155081
0.0009999999999763531,1824,4.035289458515898,0.8839038278376303
0.0009999999999763531,1825,4.036518058534205,0.8853896278597704
0.0009999999999763531,1826,4.037747058552519,0.8868766278819284
0.0009999999999763531,1827,4.038976458570838,0.8883648279041043
0.0009999999999763531,1828,4.040206258589164,0.8898542279262982
0.0009999999999763531,1829,4.041436458607495,0.8913448279485099
0.0009999999999763531,1830,4.042667058625833,0.8928366279707394
0.0009999999999763531,1831,4.043898058644176,0.8943296279929869
0.0009999999999763531,1832,4.045129458662525,0.8958238280152521
0.0009999999999763531,1833,4.04636125868088,0.8973192280375353
0.0009999999999763531,1834,4.047593458699241,0.8988158280598364
0.0009999999999763531,1835,4.048826058717609,0.9003136280821553
0.0009999999999763531,1836,4.050059058735982,0.9018126281044921
0.0009999999999763531,1837,4.051292458754361,0.903312828126847
0.0009999999999763531,1838,4.052526258772746,0.9048142281492195
0.0009999999999763531,1839,4.053760458791137,0.90631682817161
0.0009999999999763531,1840,4.054995058809534,0.9078206281940183
0.0009999999999763531,1841,4.056230058827937,0.9093256282164446
0.0009999999999763531,1842,4.0574654588463455,0.9108318282388888
0.0009999999999763531,1843,4.058701258864761,0.9123392282613507
0.0009999999999763531,1844,4.059937458883182,0.9138478282838307
0.0009999999999763531,1845,4.061174058901608,0.9153576283063284
0.0009999999999763531,1846,4.062411058920041,0.9168686283288441
0.0009999999999763531,1847,4.06364845893848,0.9183808283513777
0.0009999999999763531,1848,4.064886258956925,0.9198942283739291
0.0009999999999763531,1849,4.066124458975375,0.9214088283964983
0.0009999999999763531,1850,4.067363058993832,0.9229246284190855
0.0009999999999763531,1851,4.068602059012294,0.9244416284416905
0.0009999999999763531,1852,4.069841459030763,0.9259598284643136
0.0009999999999763531,1853,4.071081259049237,0.9274792284869544
0.0009999999999763531,1854,4.072321459067718,0.928999828509613
0.0009999999999763531,1855,4.073562059086203,0.9305216285322896
0.0009999999999763531,1856,4.074803059104696,0.932044628554984
0.0009999999999763531,1857,4.076044459123194,0.9335688285776964
0.0009999999999763531,1858,4.077286259141699,0.9350942286004267
0.0009999999999763531,1859,4.078528459160209,0.9366208286231748
0.0009999999999763531,1860,4.079771059178725,0.9381486286459407
0.0009999999999763531,1861,4.081014059197248,0.9396776286687247
0.0009999999999763531,1862,4.082257459215775,0.9412078286915264
0.0009999999999763531,1863,4.083501259234309,0.942739228714346
0.0009999999999763531,1864,4.084745459252849,0.9442718287371835
0.0009999999999763531,1865,4.085990059271396,0.9458056287600389
0.0009999999999763531,1866,4.087235059289948,0.9473406287829123
0.0009999999999763531,1867,4.088480459308506,0.9488768288058034
0.0009999999999763531,1868,4.089726259327069,0.9504142288287124
0.0009999999999763531,1869,4.09097245934564,0.9519528288516393
0.0009999999999763531,1870,4.092219059364215,0.9534926288745842
0.0009999999999763531,1871,4.093466059382797,0.9550336288975468
0.0009999999999763531,1872,4.094713459401385,0.9565758289205275
0.0009999999999763531,1873,4.095961259419978,0.9581192289435259
0.0009999999999763531,1874,4.097209459438577,0.9596638289665421
0.0009999999999763531,1875,4.098458059457183,0.9612096289895764
0.0009999999999763531,1876,4.099707059475795,0.9627566290126286
0.0009999999999763531,1877,4.100956459494412,0.9643048290356985
0.0009999999999763531,1878,4.102206259513036,0.9658542290587864
0.0009999999999763531,1879,4.103456459531666,0.9674048290818921
0.0009999999999763531,1880,4.104707059550301,0.9689566291050158
0.0009999999999763531,1881,4.105958059568942,0.9705096291281573
0.0009999999999763531,1882,4.107209459587589,0.9720638291513166
0.0009999999999763531,1883,4.108461259606242,0.973619229174494
0.0009999999999763531,1884,4.109713459624902,0.9751758291976891
0.0009999999999763531,1885,4.110966059643567,0.9767336292209021
0.0009999999999763531,1886,4.112219059662238,0.9782926292441331
0.0009999999999763531,1887,4.113472459680915,0.9798528292673817
0.0009999999999763531,1888,4.114726259699598,0.9814142292906485
0.0009999999999763531,1889,4.115980459718288,0.9829768293139332
0.0009999999999763531,1890,4.1172350597369824,0.9845406293372354
0.0009999999999763531,1891,4.1184900597556835,0.9861056293605558
0.0009999999999763531,1892,4.11974545977439,0.987671829383894
0.0009999999999763531,1893,4.121001259793103,0.9892392294072501
0.0009999999999763531,1894,4.122257459811822,0.9908078294306241
0.0009999999999763531,1895,4.123514059830547,0.9923776294540159
0.0009999999999763531,1896,4.1247710598492775,0.9939486294774256
0.0009999999999763531,1897,4.126028459868014,0.9955208295008532
0.0009999999999763531,1898,4.127286259886757,0.9970942295242988
0.0009999999999763531,1899,4.1285444599055054,0.9986688295477619
0.0009999999999763531,1900,4.12980305992426,1.0002446295712433
0.0009999999999763531,1901,4.131062059943021,1.0018216295947424
0.0009999999999763531,1902,4.132321459961787,1.0033998296182594
0.0009999999999763531,1903,4.13358125998056,1.0049792296417945
0.0009999999999763531,1904,4.134841459999338,1.0065598296653473
0.0009999999999763531,1905,4.136102060018123,1.0081416296889179
0.0009999999999763531,1906,4.137363060036913,1.0097246297125064
0.0009999999999763531,1907,4.138624460055709,1.0113088297361128
0.0009999999999763531,1908,4.139886260074512,1.012894229759737
0.0009999999999763531,1909,4.141148460093319,1.0144808297833792
0.0009999999999763531,1910,4.142411060112134,1.0160686298070392
0.0009999999999763531,1911,4.143674060130954,1.0176576298307172
0.0009999999999763531,1912,4.14493746014978,1.019247829854413
0.0009999999999763531,1913,4.1462012601686125,1.0208392298781268
0.0009999999999763531,1914,4.14746546018745,1.0224318299018582
0.0009999999999763531,1915,4.148730060206294,1.0240256299256079
0.0009999999999763531,1916,4.1499950602251445,1.025620629949375
0.0009999999999763531,1917,4.151260460244,1.0272168299731603
0.0009999999999763531,1918,4.152526260262862,1.0288142299969634
0.0009999999999763531,1919,4.15379246028173,1.0304128300207847
0.0009999999999763531,1920,4.155059060300603,1.0320126300446233
0.0009999999999763531,1921,4.1563260603194845,1.0336136300684802
0.0009999999999763531,1922,4.1575934603383695,1.0352158300923548
0.0009999999999763531,1923,4.158861260357261,1.036819230116247
0.0009999999999763531,1924,4.160129460376158,1.0384238301401576
0.0009999999999763531,1925,4.161398060395062,1.040029630164086
0.0009999999999763531,1926,4.1626670604139715,1.041636630188032
0.0009999999999763531,1927,4.163936460432887,1.043244830211996
0.0009999999999763531,1928,4.165206260451808,1.044854230235978
0.0009999999999763531,1929,4.1664764604707365,1.046464830259978
0.0009999999999763531,1930,4.16774706048967,1.0480766302839957
0.0009999999999763531,1931,4.169018060508609,1.0496896303080312
0.0009999999999763531,1932,4.170289460527554,1.0513038303320845
0.0009999999999763531,1933,4.171561260546506,1.0529192303561559
0.0009999999999763531,1934,4.172833460565463,1.0545358303802452
0.0009999999999763531,1935,4.1741060605844265,1.0561536304043522
0.0009999999999763531,1936,4.175379060603396,1.0577726304284771
0.0009999999999763531,1937,4.17665246062237,1.0593928304526201
0.0009999999999763531,1938,4.177926260641351,1.061014230476781
0.0009999999999763531,1939,4.179200460660338,1.0626368305009595
0.0009999999999763531,1940,4.180475060679331,1.064260630525156
0.0009999999999763531,1941,4.181750060698331,1.0658856305493702
0.0009999999999763531,1942,4.183025460717336,1.0675118305736027
0.0009999999999763531,1943,4.184301260736347,1.0691392305978529
0.0009999999999763531,1944,4.185577460755363,1.0707678306221209
0.0009999999999763531,1945,4.186854060774387,1.0723976306464067
0.0009999999999763531,1946,4.188131060793415,1.0740286306707105
0.0009999999999763531,1947,4.18940846081245,1.0756608306950322
0.0009999999999763531,1948,4.190686260831491,1.0772942307193718
0.0009999999999763531,1949,4.191964460850537,1.0789288307437293
0.0009999999999763531,1950,4.19324306086959,1.0805646307681047
0.0009999999999763531,1951,4.194522060888648,1.0822016307924978
0.0009999999999763531,1952,4.195801460907713,1.0838398308169088
0.0009999999999763531,1953,4.197081260926784,1.085479230841338
0.0009999999999763531,1954,4.1983614609458595,1.0871198308657846
0.0009999999999763531,1955,4.199642060964942,1.0887616308902495
0.0009999999999763531,1956,4.200923060984031,1.090404630914732
0.0009999999999763531,1957,4.202204461003125,1.0920488309392324
0.0009999999999763531,1958,4.203486261022225,1.093694230963751
0.0009999999999763531,1959,4.204768461041332,1.095340830988287
0.0009999999999763531,1960,4.206051061060443,1.0969886310128412
0.0009999999999763531,1961,4.207334061079562,1.0986376310374133
0.0009999999999763531,1962,4.208617461098686,1.1002878310620032
0.0009999999999763531,1963,4.209901261117817,1.101939231086611
0.0009999999999763531,1964,4.211185461136952,1.1035918311112365
0.0009999999999763531,1965,4.212470061156094,1.10524563113588
0.0009999999999763531,1966,4.213755061175243,1.1069006311605416
0.0009999999999763531,1967,4.215040461194397,1.1085568311852207
0.0009999999999763531,1968,4.216326261213556,1.110214231209918
0.0009999999999763531,1969,4.217612461232722,1.111872831234633
0.0009999999999763531,1970,4.218899061251895,1.113532631259366
0.0009999999999763531,1971,4.220186061271072,1.1151936312841169
0.0009999999999763531,1972,4.221473461290255,1.1168558313088857
0.0009999999999763531,1973,4.222761261309445,1.1185192313336723
0.0009999999999763531,1974,4.224049461328641,1.1201838313584769
0.0009999999999763531,1975,4.225338061347842,1.121849631383299
0.0009999999999763531,1976,4.226627061367051,1.1235166314081395
0.0009999999999763531,1977,4.227916461386264,1.1251848314329973
0.0009999999999763531,1978,4.2292062614054835,1.1268542314578733
0.0009999999999763531,1979,4.230496461424709,1.1285248314827672
0.0009999999999763531,1980,4.23178706144394,1.130196631507679
0.0009999999999763531,1981,4.2330780614631776,1.1318696315326087
0.0009999999999763531,1982,4.234369461482421,1.1335438315575561
0.0009999999999763531,1983,4.23566126150167,1.1352192315825216
0.0009999999999763531,1984,4.236953461520925,1.1368958316075048
0.0009999999999763531,1985,4.2382460615401865,1.138573631632506
0.0009999999999763531,1986,4.239539061559454,1.140252631657525
0.0009999999999763531,1987,4.240832461578727,1.141932831682562
0.0009999999999763531,1988,4.242126261598006,1.1436142317076168
0.0009999999999763531,1989,4.243420461617291,1.1452968317326895
0.0009999999999763531,1990,4.244715061636582,1.14698063175778
0.0009999999999763531,1991,4.24601006165588,1.1486656317828887
0.0009999999999763531,1992,4.247305461675182,1.1503518318080148
0.0009999999999763531,1993,4.248601261694492,1.152039231833159
0.0009999999999763531,1994,4.249897461713806,1.153727831858321
0.0009999999999763531,1995,4.251194061733127,1.1554176318835012
0.0009999999999763531,1996,4.252491061752454,1.157108631908699
0.0009999999999763531,1997,4.253788461771787,1.158800831933915
0.0009999999999763531,1998,4.255086261791125,1.1604942319591485
0.0009999999999763531,1999,4.2563844618104705,1.1621888319843998
0.0009999999999763531,2000,4.2576830618298205,1.1638846320096692
0.0009999999999763531,2001,4.258982061849177,1.1655816320349566
0.0009999999999763531,2002,4.26028146186854,1.1672798320602618
0.0009999999999763531,2003,4.261581261887908,1.1689792320855847
0.0009999999999763531,2004,4.261581261887908,1.1689792320855847
0.0009999999999763531,2005,4.262880761907273,1.1706778321108957
0.0009999999999763531,2006,4.264179261926622,1.1723736321361653
0.0009999999999763531,2007,4.265476761945956,1.174066632161393
0.0009999999999763531,2008,4.266773261965275,1.1757568321865788
0.0009999999999763531,2009,4.26806876198458,1.1774442322117231
0.0009999999999763531,2010,4.269363262003869,1.1791288322368256
0.0009999999999763531,2011,4.270656762023144,1.1808106322618863
0.0009999999999763531,2012,4.271949262042404,1.1824896322869056
0.0009999999999763531,2013,4.273240762061648,1.1841658323118827
0.0009999999999763531,2014,4.274531262080878,1.1858392323368183
0.0009999999999763531,2015,4.2758207621000945,1.1875098323617121
0.0009999999999763531,2016,4.277109262119293,1.1891776323865644
0.0009999999999763531,2017,4.278396762138479,1.1908426324113748
0.0009999999999763531,2018,4.279683262157648,1.1925048324361436
0.0009999999999763531,2019,4.280968762176804,1.1941642324608706
0.0009999999999763531,2020,4.282253262195945,1.195820832485556
0.0009999999999763531,2021,4.283536762215071,1.1974746325101993
0.0009999999999763531,2022,4.284819262234181,1.199125632534801
0.0009999999999763531,2023,4.286100762253277,1.200773832559361
0.0009999999999763531,2024,4.287381262272358,1.2024192325838796
0.0009999999999763531,2025,4.288660762291424,1.204061832608356
0.0009999999999763531,2026,4.289939262310475,1.205701632632791
0.0009999999999763531,2027,4.291216762329511,1.2073386326571844
0.0009999999999763531,2028,4.292493262348533,1.2089728326815357
0.0009999999999763531,2029,4.29376876236754,1.2106042327058453
0.0009999999999763531,2030,4.295043262386531,1.2122328327301135
0.0009999999999763531,2031,4.296316762405507,1.2138586327543397
0.0009999999999763531,2032,4.297589262424469,1.2154816327785243
0.0009999999999763531,2033,4.298860762443416,1.2171018328026673
0.0009999999999763531,2034,4.300131262462347,1.2187192328267684
0.0009999999999763531,2035,4.301400762481265,1.2203338328508277
0.0009999999999763531,2036,4.302669262500167,1.2219456328748455
0.0009999999999763531,2037,4.303936762519054,1.2235546328988216
0.0009999999999763531,2038,4.305203262537926,1.2251608329227557
0.0009999999999763531,2039,4.306468762556784,1.2267642329466482
0.0009999999999763531,2040,4.307733262575626,1.2283648329704988
0.0009999999999763531,2041,4.308996762594455,1.2299626329943085
0.0009999999999763531,2042,4.310259262613267,1.2315576330180757
0.0009999999999763531,2043,4.311520762632065,1.2331498330418011
0.0009999999999763531,2044,4.312781262650849,1.2347392330654852
0.0009999999999763531,2045,4.314040762669616,1.2363258330891274
0.0009999999999763531,2046,4.315299262688369,1.2379096331127277
0.0009999999999763531,2047,4.316556762707107,1.2394906331362865
0.0009999999999763531,2048,4.3178132627258305,1.2410688331598037
0.0009999999999763531,2049,4.319068762744539,1.242644233183279
0.0009999999999763531,2050,4.320323262763233,1.2442168332067125
0.0009999999999763531,2051,4.321576762781911,1.2457866332301042
0.0009999999999763531,2052,4.322829262800576,1.2473536332534545
0.0009999999999763531,2053,4.324080762819224,1.2489178332767628
0.0009999999999763531,2054,4.3253312628378575,1.2504792333000294
0.0009999999999763531,2055,4.3265807628564765,1.2520378333232545
0.0009999999999763531,2056,4.32782926287508,1.2535936333464377
0.0009999999999763531,2057,4.32907676289367,1.255146633369579
0.0009999999999763531,2058,4.330323262912244,1.256696833392679
0.0009999999999763531,2059,4.331568762930804,1.2582442334157369
0.0009999999999763531,2060,4.332813262949348,1.2597888334387533
0.0009999999999763531,2061,4.334056762967878,1.2613306334617278
0.0009999999999763531,2062,4.335299262986393,1.2628696334846607
0.0009999999999763531,2063,4.336540763004892,1.2644058335075519
0.0009999999999763531,2064,4.337781263023377,1.2659392335304014
0.0009999999999763531,2065,4.339020763041846,1.267469833553209
0.0009999999999763531,2066,4.340259263060301,1.268997633575975
0.0009999999999763531,2067,4.341496763078742,1.2705226335986994
0.0009999999999763531,2068,4.342733263097167,1.2720448336213819
0.0009999999999763531,2069,4.343968763115578,1.2735642336440227
0.0009999999999763531,2070,4.345203263133973,1.275080833666622
0.0009999999999763531,2071,4.346436763152354,1.276594633689179
0.0009999999999763531,2072,4.34766926317072,1.2781056337116947
0.0009999999999763531,2073,4.348900763189071,1.2796138337341687
0.0009999999999763531,2074,4.350131263207406,1.281119233756601
0.0009999999999763531,2075,4.351360763225727,1.2826218337789916
0.0009999999999763531,2076,4.352589263244033,1.2841216338013401
0.0009999999999763531,2077,4.353816763262324,1.2856186338236473
0.0009999999999763531,2078,4.355043263280601,1.2871128338459124
0.0009999999999763531,2079,4.3562687632988615,1.288604233868136
0.0009999999999763531,2080,4.3574932633171075,1.290092833890318
0.0009999999999763531,2081,4.35871676333534,1.291578633912458
0.0009999999999763531,2082,4.3599392633535565,1.2930616339345566
0.0009999999999763531,2083,4.361160763371758,1.294541833956613
0.0009999999999763531,2084,4.362381263389945,1.296019233978628
0.0009999999999763531,2085,4.363600763408117,1.2974938340006015
0.0009999999999763531,2086,4.364819263426274,1.298965634022533
0.0009999999999763531,2087,4.366036763444416,1.3004346340444226
0.0009999999999763531,2088,4.367253263462543,1.301900834066271
0.0009999999999763531,2089,4.368468763480656,1.3033642340880771
0.0009999999999763531,2090,4.369683263498754,1.3048248341098418
0.0009999999999763531,2091,4.370896763516836,1.3062826341315648
0.0009999999999763531,2092,4.372109263534904,1.3077376341532463
0.0009999999999763531,2093,4.373320763552957,1.3091898341748855
0.0009999999999763531,2094,4.374531263570995,1.3106392341964834
0.0009999999999763531,2095,4.375740763589018,1.3120858342180393
0.0009999999999763531,2096,4.376949263607026,1.3135296342395537
0.0009999999999763531,2097,4.378156763625019,1.3149706342610263
0.0009999999999763531,2098,4.379363263642998,1.3164088342824571
0.0009999999999763531,2099,4.3805687636609605,1.3178442343038461
0.0009999999999763531,2100,4.381773263678909,1.3192768343251937
0.0009999999999763531,2101,4.382976763696843,1.3207066343464993
0.0009999999999763531,2102,4.384179263714761,1.3221336343677632
0.0009999999999763531,2103,4.385380763732665,1.3235578343889856
0.0009999999999763531,2104,4.386581263750554,1.324979234410166
0.0009999999999763531,2105,4.387780763768428,1.3263978344313048
0.0009999999999763531,2106,4.388979263786287,1.327813634452402
0.0009999999999763531,2107,4.390176763804131,1.3292266344734571
0.0009999999999763531,2108,4.3913732638219605,1.3306368344944708
0.0009999999999763531,2109,4.392568763839775,1.3320442345154428
0.0009999999999763531,2110,4.393763263857574,1.3334488345363729
0.0009999999999763531,2111,4.394956763875358,1.3348506345572613
0.0009999999999763531,2112,4.396149263893127,1.336249634578108
0.0009999999999763531,2113,4.397340763910883,1.337645834598913
0.0009999999999763531,2114,4.398531263928622,1.3390392346196764
0.0009999999999763531,2115,4.399720763946347,1.3404298346403978
0.0009999999999763531,2116,4.400909263964058,1.3418176346610777
0.0009999999999763531,2117,4.402096763981753,1.3432026346817159
0.0009999999999763531,2118,4.403283263999433,1.3445848347023124
0.0009999999999763531,2119,4.404468764017098,1.3459642347228669
0.0009999999999763531,2120,4.405653264034749,1.3473408347433797
0.0009999999999763531,2121,4.406836764052384,1.3487146347638512
0.0009999999999763531,2122,4.408019264070005,1.3500856347842805
0.0009999999999763531,2123,4.40920076408761,1.3514538348046683
0.0009999999999763531,2124,4.410381264105202,1.3528192348250143
0.0009999999999763531,2125,4.411560764122777,1.3541818348453185
0.0009999999999763531,2126,4.412739264140338,1.355541634865581
0.0009999999999763531,2127,4.413916764157885,1.3568986348858019
0.0009999999999763531,2128,4.4150932641754155,1.358252834905981
0.0009999999999763531,2129,4.416268764192933,1.3596042349261186
0.0009999999999763531,2130,4.4174432642104335,1.3609528349462143
0.0009999999999763531,2131,4.41861676422792,1.3622986349662682
0.0009999999999763531,2132,4.419789264245391,1.3636416349862803
0.0009999999999763531,2133,4.420960764262848,1.364981835006251
0.0009999999999763531,2134,4.4221312642802895,1.36631923502618
0.0009999999999763531,2135,4.423300764297717,1.3676538350460672
0.0009999999999763531,2136,4.424469264315129,1.3689856350659122
0.0009999999999763531,2137,4.425636764332526,1.370314635085716
0.0009999999999763531,2138,4.426803264349908,1.3716408351054779
0.0009999999999763531,2139,4.427968764367275,1.372964235125198
0.0009999999999763531,2140,4.429133264384627,1.3742848351448766
0.0009999999999763531,2141,4.430296764401966,1.3756026351645134
0.0009999999999763531,2142,4.431459264419288,1.3769176351841084
0.0009999999999763531,2143,4.432620764436596,1.3782298352036615
0.0009999999999763531,2144,4.433781264453888,1.3795392352231732
0.0009999999999763531,2145,4.4349407644711665,1.3808458352426431
0.0009999999999763531,2146,4.436099264488429,1.3821496352620712
0.0009999999999763531,2147,4.437256764505677,1.3834506352814575
0.0009999999999763531,2148,4.438413264522911,1.3847488353008024
0.0009999999999763531,2149,4.4395687645401285,1.3860442353201052
0.0009999999999763531,2150,4.440723264557332,1.3873368353393665
0.0009999999999763531,2151,4.44187676457452,1.388626635358586
0.0009999999999763531,2152,4.4430292645916944,1.3899136353777637
0.0009999999999763531,2153,4.444180764608852,1.3911978353968997
0.0009999999999763531,2154,4.445331264625997,1.3924792354159943
0.0009999999999763531,2155,4.446480764643125,1.3937578354350466
0.0009999999999763531,2156,4.44762926466024,1.3950336354540576
0.0009999999999763531,2157,4.448776764677339,1.396306635473027
0.0009999999999763531,2158,4.449923264694423,1.3975768354919542
0.0009999999999763531,2159,4.451068764711492,1.3988442355108401
0.0009999999999763531,2160,4.452213264728546,1.400108835529684
0.0009999999999763531,2161,4.453356764745585,1.4013706355484863
0.0009999999999763531,2162,4.45449926476261,1.402629635567247
0.0009999999999763531,2163,4.45564076477962,1.4038858355859658
0.0009999999999763531,2164,4.456781264796614,1.4051392356046428
0.0009999999999763531,2165,4.457920764813594,1.4063898356232782
0.0009999999999763531,2166,4.459059264830559,1.4076376356418718
0.0009999999999763531,2167,4.46019676484751,1.4088826356604238
0.0009999999999763531,2168,4.461333264864445,1.410124835678934
0.0009999999999763531,2169,4.462468764881365,1.4113642356974025
0.0009999999999763531,2170,4.46360326489827,1.4126008357158293
0.0009999999999763531,2171,4.464736764915161,1.4138346357342144
0.0009999999999763531,2172,4.465869264932036,1.415065635752558
0.0009999999999763531,2173,4.467000764948897,1.4162938357708594
0.0009999999999763531,2174,4.468131264965742,1.4175192357891193
0.0009999999999763531,2175,4.4692607649825735,1.4187418358073374
0.0009999999999763531,2176,4.4703892649993895,1.419961635825514
0.0009999999999763531,2177,4.47151676501619,1.4211786358436485
0.0009999999999763531,2178,4.472643265032977,1.4223928358617415
0.0009999999999763531,2179,4.473768765049748,1.423604235879793
0.0009999999999763531,2180,4.4748932650665045,1.4248128358978023
0.0009999999999763531,2181,4.476016765083246,1.4260186359157703
0.0009999999999763531,2182,4.477139265099972,1.4272216359336962
0.0009999999999763531,2183,4.478260765116684,1.4284218359515808
0.0009999999999763531,2184,4.479381265133381,1.4296192359694233
0.0009999999999763531,2185,4.4805007651500635,1.4308138359872244
0.0009999999999763531,2186,4.48161926516673,1.4320056360049835
0.0009999999999763531,2187,4.482736765183382,1.433194636022701
0.0009999999999763531,2188,4.483853265200019,1.4343808360403767
0.0009999999999763531,2189,4.4849687652166415,1.4355642360580108
0.0009999999999763531,2190,4.4860832652332485,1.4367448360756032
0.0009999999999763531,2191,4.487196765249841,1.4379226360931538
0.0009999999999763531,2192,4.488309265266419,1.4390976361106624
0.0009999999999763531,2193,4.489420765282981,1.4402698361281296
0.0009999999999763531,2194,4.49053126529953,1.4414392361455552
0.0009999999999763531,2195,4.491640765316062,1.4426058361629388
0.0009999999999763531,2196,4.49274926533258,1.4437696361802808
0.0009999999999763531,2197,4.493856765349083,1.4449306361975809
0.0009999999999763531,2198,4.494963265365572,1.4460888362148396
0.0009999999999763531,2199,4.496068765382045,1.4472442362320563
0.0009999999999763531,2200,4.497173265398502,1.4483968362492314
0.0009999999999763531,2201,4.498276765414946,1.4495466362663647
0.0009999999999763531,2202,4.499379265431375,1.4506936362834564
0.0009999999999763531,2203,4.500480765447788,1.4518378363005064
0.0009999999999763531,2204,4.501581265464187,1.4529792363175145
0.0009999999999763531,2205,4.502680765480571,1.454117836334481
0.0009999999999763531,2206,4.50377926549694,1.455253636351406
0.0009999999999763531,2207,4.504876765513294,1.456386636368289
0.0009999999999763531,2208,4.505973265529633,1.45751683638513
0.0009999999999763531,2209,4.507068765545958,1.4586442364019296
0.0009999999999763531,2210,4.508163265562266,1.4597688364186874
0.0009999999999763531,2211,4.509256765578561,1.4608906364354035
0.0009999999999763531,2212,4.51034926559484,1.4620096364520778
0.0009999999999763531,2213,4.5114407656111055,1.4631258364687105
0.0009999999999763531,2214,4.512531265627355,1.4642392364853016
0.0009999999999763531,2215,4.513620765643591,1.4653498365018511
0.0009999999999763531,2216,4.5147092656598105,1.4664576365183584
0.0009999999999763531,2217,4.515796765676016,1.4675626365348242
0.0009999999999763531,2218,4.516883265692205,1.4686648365512482
0.0009999999999763531,2219,4.51796876570838,1.4697642365676304
0.0009999999999763531,2220,4.519053265724541,1.4708608365839713
0.0009999999999763531,2221,4.520136765740686,1.47195463660027
0.0009999999999763531,2222,4.521219265756816,1.4730456366165272
0.0009999999999763531,2223,4.522300765772932,1.4741338366327428
0.0009999999999763531,2224,4.523381265789033,1.4752192366489165
0.0009999999999763531,2225,4.524460765805118,1.4763018366650487
0.0009999999999763531,2226,4.525539265821189,1.4773816366811388
0.0009999999999763531,2227,4.526616765837246,1.4784586366971872
0.0009999999999763531,2228,4.527693265853286,1.4795328367131941
0.0009999999999763531,2229,4.528768765869313,1.4806042367291592
0.0009999999999763531,2230,4.529843265885324,1.4816728367450827
0.0009999999999763531,2231,4.5309167659013205,1.4827386367609643
0.0009999999999763531,2232,4.531989265917302,1.4838016367768043
0.0009999999999763531,2233,4.533060765933269,1.4848618367926025
0.0009999999999763531,2234,4.53413126594922,1.485919236808359
0.0009999999999763531,2235,4.535200765965158,1.4869738368240737
0.0009999999999763531,2236,4.53626926598108,1.4880256368397466
0.0009999999999763531,2237,4.537336765996986,1.4890746368553782
0.0009999999999763531,2238,4.538403266012878,1.4901208368709675
0.0009999999999763531,2239,4.539468766028755,1.4911642368865154
0.0009999999999763531,2240,4.540533266044617,1.4922048369020218
0.0009999999999763531,2241,4.541596766060465,1.4932426369174863
0.0009999999999763531,2242,4.542659266076297,1.4942776369329087
0.0009999999999763531,2243,4.543720766092115,1.4953098369482896
0.0009999999999763531,2244,4.5447812661079166,1.4963392369636288
0.0009999999999763531,2245,4.545840766123705,1.4973658369789264
0.0009999999999763531,2246,4.546899266139478,1.498389636994182
0.0009999999999763531,2247,4.547956766155235,1.4994106370093963
0.0009999999999763531,2248,4.549013266170979,1.5004288370245686
0.0009999999999763531,2249,4.5500687661867065,1.5014442370396992
0.0009999999999763531,2250,4.551123266202421,1.5024568370547882
0.0009999999999763531,2251,4.5521767662181185,1.5034666370698355
0.0009999999999763531,2252,4.553229266233803,1.5044736370848408
0.0009999999999763531,2253,4.55428076624947,1.5054778370998048
0.0009999999999763531,2254,4.555331266265124,1.5064792371147266
0.0009999999999763531,2255,4.556380766280763,1.5074778371296071
0.0009999999999763531,2256,4.557429266296388,1.5084736371444456
0.0009999999999763531,2257,4.558476766311996,1.5094666371592425
0.0009999999999763531,2258,4.559523266327591,1.5104568371739975
0.0009999999999763531,2259,4.560568766343169,1.511444237188711
0.0009999999999763531,2260,4.561613266358734,1.5124288372033825
0.0009999999999763531,2261,4.562656766374283,1.5134106372180125
0.0009999999999763531,2262,4.563699266389817,1.5143896372326007
0.0009999999999763531,2263,4.564740766405337,1.5153658372471475
0.0009999999999763531,2264,4.565781266420841,1.5163392372616522
0.0009999999999763531,2265,4.566820766436331,1.5173098372761151
0.0009999999999763531,2266,4.567859266451807,1.5182776372905367
0.0009999999999763531,2267,4.568896766467266,1.5192426373049162
0.0009999999999763531,2268,4.569933266482711,1.520204837319254
0.0009999999999763531,2269,4.570968766498141,1.52116423733355
0.0009999999999763531,2270,4.572003266513557,1.5221208373478046
0.0009999999999763531,2271,4.573036766528957,1.5230746373620174
0.0009999999999763531,2272,4.574069266544343,1.5240256373761885
0.0009999999999763531,2273,4.5751007665597125,1.5249738373903177
0.0009999999999763531,2274,4.576131266575069,1.525919237404405
0.0009999999999763531,2275,4.577160766590409,1.526861837418451
0.0009999999999763531,2276,4.578189266605735,1.5278016374324552
0.0009999999999763531,2277,4.579216766621046,1.5287386374464176
0.0009999999999763531,2278,4.580243266636343,1.5296728374603383
0.0009999999999763531,2279,4.581268766651624,1.5306042374742173
0.0009999999999763531,2280,4.582293266666889,1.5315328374880544
0.0009999999999763531,2281,4.583316766682141,1.5324586375018499
0.0009999999999763531,2282,4.584339266697378,1.5333816375156037
0.0009999999999763531,2283,4.585360766712599,1.5343018375293158
0.0009999999999763531,2284,4.586381266727805,1.5352192375429858
0.0009999999999763531,2285,4.587400766742997,1.5361338375566147
0.0009999999999763531,2286,4.588419266758174,1.5370456375702015
0.0009999999999763531,2287,4.589436766773336,1.5379546375837467
0.0009999999999763531,2288,4.590453266788483,1.53886083759725
0.0009999999999763531,2289,4.591468766803615,1.539764237610712
0.0009999999999763531,2290,4.592483266818733,1.5406648376241319
0.0009999999999763531,2291,4.593496766833835,1.5415626376375102
0.0009999999999763531,2292,4.594509266848922,1.5424576376508465
0.0009999999999763531,2293,4.595520766863994,1.5433498376641412
0.0009999999999763531,2294,4.596531266879052,1.5442392376773946
0.0009999999999763531,2295,4.597540766894094,1.5451258376906059
0.0009999999999763531,2296,4.598549266909123,1.5460096377037755
0.0009999999999763531,2297,4.599556766924136,1.5468906377169034
0.0009999999999763531,2298,4.600563266939133,1.5477688377299896
0.0009999999999763531,2299,4.6015687669541165,1.548644237743034
0.0009999999999763531,2300,4.602573266969085,1.5495168377560367
0.0009999999999763531,2301,4.603576766984039,1.550386637768998
0.0009999999999763531,2302,4.604579266998977,1.551253637781917
0.0009999999999763531,2303,4.6055807670139,1.5521178377947948
0.0009999999999763531,2304,4.606581267028809,1.5529792378076306
0.0009999999999763531,2305,4.607580767043702,1.5538378378204247
0.0009999999999763531,2306,4.608579267058581,1.5546936378331773
0.0009999999999763531,2307,4.609576767073445,1.5555466378458878
0.0009999999999763531,2308,4.610573267088295,1.5563968378585569
0.0009999999999763531,2309,4.611568767103129,1.5572442378711842
0.0009999999999763531,2310,4.612563267117947,1.5580888378837696
0.0009999999999763531,2311,4.613556767132752,1.5589306378963133
0.0009999999999763531,2312,4.614549267147542,1.5597696379088155
0.0009999999999763531,2313,4.615540767162316,1.5606058379212757
0.0009999999999763531,2314,4.616531267177075,1.5614392379336945
0.0009999999999763531,2315,4.61752076719182,1.5622698379460713
0.0009999999999763531,2316,4.61850926720655,1.5630976379584065
0.0009999999999763531,2317,4.619496767221265,1.5639226379707
0.0009999999999763531,2318,4.620483267235965,1.5647448379829516
0.0009999999999763531,2319,4.621468767250651,1.565564237995162
0.0009999999999763531,2320,4.62245326726532,1.56638083800733
0.0009999999999763531,2321,4.623436767279975,1.5671946380194566
0.0009999999999763531,2322,4.624419267294615,1.5680056380315415
0.0009999999999763531,2323,4.625400767309242,1.5688138380435845
0.0009999999999763531,2324,4.626381267323852,1.569619238055586
0.0009999999999763531,2325,4.627360767338447,1.5704218380675457
0.0009999999999763531,2326,4.628339267353028,1.5712216380794637
0.0009999999999763531,2327,4.629316767367594,1.5720186380913397
0.0009999999999763531,2328,4.630293267382145,1.5728128381031743
0.0009999999999763531,2329,4.631268767396681,1.5736042381149673
0.0009999999999763531,2330,4.632243267411202,1.5743928381267183
0.0009999999999763531,2331,4.633216767425708,1.5751786381384274
0.0009999999999763531,2332,4.634189267440201,1.5759616381500954
0.0009999999999763531,2333,4.635160767454677,1.576741838161721
0.0009999999999763531,2334,4.636131267469138,1.5775192381733052
0.0009999999999763531,2335,4.6371007674835845,1.5782938381848475
0.0009999999999763531,2336,4.638069267498016,1.5790656381963484
0.0009999999999763531,2337,4.639036767512434,1.5798346382078075
0.0009999999999763531,2338,4.640003267526836,1.5806008382192247
0.0009999999999763531,2339,4.640968767541223,1.5813642382306001
0.0009999999999763531,2340,4.641933267555594,1.582124838241934
0.0009999999999763531,2341,4.642896767569952,1.582882638253226
0.0009999999999763531,2342,4.643859267584294,1.5836376382644763
0.0009999999999763531,2343,4.644820767598622,1.5843898382756851
0.0009999999999763531,2344,4.645781267612934,1.585139238286852
0.0009999999999763531,2345,4.646740767627232,1.5858858382979772
0.0009999999999763531,2346,4.647699267641515,1.5866296383090606
0.0009999999999763531,2347,4.648656767655783,1.5873706383201025
0.0009999999999763531,2348,4.649613267670036,1.5881088383311024
0.0009999999999763531,2349,4.650568767684273,1.5888442383420607
0.0009999999999763531,2350,4.651523267698497,1.5895768383529774
0.0009999999999763531,2351,4.652476767712705,1.5903066383638524
0.0009999999999763531,2352,4.6534292677268985,1.5910336383746855
0.0009999999999763531,2353,4.654380767741078,1.591757838385477
0.0009999999999763531,2354,4.6553312677552405,1.5924792383962263
0.0009999999999763531,2355,4.656280767769388,1.5931978384069345
0.0009999999999763531,2356,4.6572292677835225,1.5939136384176007
0.0009999999999763531,2357,4.658176767797642,1.5946266384282253
0.0009999999999763531,2358,4.659123267811745,1.595336838438808
0.0009999999999763531,2359,4.660068767825836,1.5960442384493492
0.0009999999999763531,2360,4.661013267839909,1.5967488384598485
0.0009999999999763531,2361,4.661956767853969,1.597450638470306
0.0009999999999763531,2362,4.6628992678680135,1.5981496384807221
0.0009999999999763531,2363,4.663840767882042,1.5988458384910964
0.0009999999999763531,2364,4.664781267896057,1.5995392385014287
0.0009999999999763531,2365,4.665720767910056,1.6002298385117193
0.0009999999999763531,2366,4.666659267924041,1.6009176385219686
0.0009999999999763531,2367,4.6675967679380115,1.6016026385321758
0.0009999999999763531,2368,4.668533267951966,1.6022848385423414
0.0009999999999763531,2369,4.669468767965906,1.602964238552465
0.0009999999999763531,2370,4.670403267979831,1.6036408385625474
0.0009999999999763531,2371,4.671336767993742,1.6043146385725877
0.0009999999999763531,2372,4.6722692680076365,1.6049856385825865
0.0009999999999763531,2373,4.673200768021516,1.6056538385925434
0.0009999999999763531,2374,4.674131268035382,1.6063192386024585
0.0009999999999763531,2375,4.675060768049233,1.606981838612332
0.0009999999999763531,2376,4.675989268063068,1.607641638622164
0.0009999999999763531,2377,4.6769167680768895,1.608298638631954
0.0009999999999763531,2378,4.677843268090696,1.6089528386417022
0.0009999999999763531,2379,4.6787687681044865,1.609604238651409
0.0009999999999763531,2380,4.679693268118263,1.6102528386610737
0.0009999999999763531,2381,4.680616768132024,1.610898638670697
0.0009999999999763531,2382,4.68153926814577,1.6115416386802783
0.0009999999999763531,2383,4.682460768159501,1.6121818386898181
0.0009999999999763531,2384,4.6833812681732185,1.6128192386993163
0.0009999999999763531,2385,4.68430076818692,1.6134538387087725
0.0009999999999763531,2386,4.685219268200607,1.614085638718187
0.0009999999999763531,2387,4.686136768214278,1.61471463872756
0.0009999999999763531,2388,4.687053268227935,1.6153408387368908
0.0009999999999763531,2389,4.687968768241577,1.6159642387461801
0.0009999999999763531,2390,4.688883268255204,1.616584838755428
0.0009999999999763531,2391,4.689796768268817,1.6172026387646339
0.0009999999999763531,2392,4.690709268282414,1.617817638773798
0.0009999999999763531,2393,4.691620768295996,1.6184298387829206
0.0009999999999763531,2394,4.692531268309564,1.6190392387920012
0.0009999999999763531,2395,4.693440768323116,1.6196458388010404
0.0009999999999763531,2396,4.694349268336655,1.6202496388100378
0.0009999999999763531,2397,4.695256768350177,1.6208506388189932
0.0009999999999763531,2398,4.6961632683636845,1.6214488388279071
0.0009999999999763531,2399,4.697068768377179,1.6220442388367795
0.0009999999999763531,2400,4.697973268390656,1.6226368388456096
0.0009999999999763531,2401,4.698876768404119,1.6232266388543986
0.0009999999999763531,2402,4.699779268417567,1.6238136388631457
0.0009999999999763531,2403,4.700680768431001,1.6243978388718507
0.0009999999999763531,2404,4.70158126844442,1.6249792388805142
0.0009999999999763531,2405,4.702480768457823,1.625557838889136
0.0009999999999763531,2406,4.7033792684712115,1.6261336388977161
0.0009999999999763531,2407,4.704276768484585,1.6267066389062546
0.0009999999999763531,2408,4.705173268497944,1.6272768389147512
0.0009999999999763531,2409,4.7060687685112885,1.6278442389232062
0.0009999999999763531,2410,4.706963268524617,1.6284088389316191
0.0009999999999763531,2411,4.707856768537932,1.6289706389399905
0.0009999999999763531,2412,4.708749268551231,1.6295296389483207
0.0009999999999763531,2413,4.709640768564515,1.6300858389566084
0.0009999999999763531,2414,4.710531268577785,1.6306392389648547
0.0009999999999763531,2415,4.711420768591039,1.6311898389730595
0.0009999999999763531,2416,4.712309268604279,1.6317376389812224
0.0009999999999763531,2417,4.713196768617504,1.6322826389893432
0.0009999999999763531,2418,4.714083268630714,1.6328248389974227
0.0009999999999763531,2419,4.714968768643908,1.6333642390054603
0.0009999999999763531,2420,4.715853268657089,1.6339008390134566
0.0009999999999763531,2421,4.716736768670254,1.6344346390214106
0.0009999999999763531,2422,4.717619268683404,1.6349656390293235
0.0009999999999763531,2423,4.71850076869654,1.635493839037194
0.0009999999999763531,2424,4.719381268709659,1.636019239045023
0.0009999999999763531,2425,4.720260768722765,1.6365418390528104
0.0009999999999763531,2426,4.721139268735856,1.6370616390605561
0.0009999999999763531,2427,4.722016768748932,1.6375786390682598
0.0009999999999763531,2428,4.722893268761993,1.638092839075922
0.0009999999999763531,2429,4.723768768775038,1.6386042390835425
0.0009999999999763531,2430,4.7246432687880695,1.6391128390911214
0.0009999999999763531,2431,4.725516768801086,1.6396186390986585
0.0009999999999763531,2432,4.726389268814087,1.6401216391061535
0.0009999999999763531,2433,4.727260768827073,1.640621839113607
0.0009999999999763531,2434,4.728131268840045,1.6411192391210188
0.0009999999999763531,2435,4.729000768853002,1.641613839128389
0.0009999999999763531,2436,4.729869268865944,1.6421056391357174
0.0009999999999763531,2437,4.73073676887887,1.6425946391430042
0.0009999999999763531,2438,4.7316032688917815,1.6430808391502492
0.0009999999999763531,2439,4.732468768904679,1.6435642391574523
0.0009999999999763531,2440,4.733333268917561,1.6440448391646139
0.0009999999999763531,2441,4.7341967689304285,1.6445226391717336
0.0009999999999763531,2442,4.73505926894328,1.6449976391788117
0.0009999999999763531,2443,4.735920768956118,1.645469839185848
0.0009999999999763531,2444,4.73678126896894,1.6459392391928427
0.0009999999999763531,2445,4.737640768981748,1.6464058391997956
0.0009999999999763531,2446,4.73849926899454,1.6468696392067068
0.0009999999999763531,2447,4.739356769007318,1.647330639213576
0.0009999999999763531,2448,4.740213269020081,1.6477888392204036
0.0009999999999763531,2449,4.741068769032829,1.6482442392271899
0.0009999999999763531,2450,4.741923269045562,1.648696839233934
0.0009999999999763531,2451,4.74277676905828,1.6491466392406366
0.0009999999999763531,2452,4.743629269070984,1.6495936392472974
0.0009999999999763531,2453,4.744480769083672,1.6500378392539163
0.0009999999999763531,2454,4.745331269096345,1.650479239260494
0.0009999999999763531,2455,4.746180769109003,1.6509178392670294
0.0009999999999763531,2456,4.747029269121647,1.6513536392735235
0.0009999999999763531,2457,4.747876769134276,1.6517866392799756
0.0009999999999763531,2458,4.74872326914689,1.6522168392863863
0.0009999999999763531,2459,4.749568769159488,1.652644239292755
0.0009999999999763531,2460,4.750413269172073,1.6530688392990818
0.0009999999999763531,2461,4.751256769184642,1.653490639305367
0.0009999999999763531,2462,4.7520992691971955,1.6539096393116108
0.0009999999999763531,2463,4.752940769209736,1.6543258393178126
0.0009999999999763531,2464,4.75378126922226,1.6547392393239728
0.0009999999999763531,2465,4.754620769234769,1.6551498393300912
0.0009999999999763531,2466,4.755459269247265,1.655557639336168
0.0009999999999763531,2467,4.756296769259744,1.6559626393422031
0.0009999999999763531,2468,4.757133269272209,1.6563648393481962
0.0009999999999763531,2469,4.757968769284659,1.6567642393541477
0.0009999999999763531,2470,4.758803269297093,1.6571608393600574
0.0009999999999763531,2471,4.759636769309513,1.6575546393659257
0.0009999999999763531,2472,4.760469269321919,1.6579456393717518
0.0009999999999763531,2473,4.761300769334309,1.6583338393775364
0.0009999999999763531,2474,4.762131269346685,1.6587192393832795
0.0009999999999763531,2475,4.762960769359045,1.6591018393889807
0.0009999999999763531,2476,4.763789269371391,1.65948163939464
0.0009999999999763531,2477,4.764616769383721,1.659858639400258
0.0009999999999763531,2478,4.765443269396037,1.6602328394058339
0.0009999999999763531,2479,4.766268769408338,1.660604239411368
0.0009999999999763531,2480,4.767093269420624,1.6609728394168606
0.0009999999999763531,2481,4.767916769432896,1.6613386394223117
0.0009999999999763531,2482,4.768739269445152,1.6617016394277206
0.0009999999999763531,2483,4.769560769457392,1.662061839433088
0.0009999999999763531,2484,4.7703812694696195,1.6624192394384139
0.0009999999999763531,2485,4.771200769481831,1.6627738394436977
0.0009999999999763531,2486,4.772019269494026,1.66312563944894
0.0009999999999763531,2487,4.772836769506209,1.6634746394541404
0.0009999999999763531,2488,4.773653269518376,1.6638208394592993
0.0009999999999763531,2489,4.774468769530528,1.6641642394644163
0.0009999999999763531,2490,4.775283269542665,1.6645048394694915
0.0009999999999763531,2491,4.776096769554787,1.6648426394745253
0.0009999999999763531,2492,4.776909269566894,1.6651776394795172
0.0009999999999763531,2493,4.777720769578987,1.6655098394844672
0.0009999999999763531,2494,4.778531269591063,1.6658392394893755
0.0009999999999763531,2495,4.779340769603126,1.6661658394942422
0.0009999999999763531,2496,4.7801492696151735,1.6664896394990674
0.0009999999999763531,2497,4.780956769627206,1.6668106395038507
0.0009999999999763531,2498,4.7817632696392245,1.6671288395085924
0.0009999999999763531,2499,4.782568769651227,1.667444239513292
0.0009999999999763531,2500,4.783373269663215,1.66775683951795
0.0009999999999763531,2501,4.784176769675189,1.6680666395225667
0.0009999999999763531,2502,4.784979269687146,1.6683736395271411
0.0009999999999763531,2503,4.78578076969909,1.6686778395316741
0.0009999999999763531,2504,4.786581269711018,1.6689792395361653
0.0009999999999763531,2505,4.786581269711018,1.6689792395361653
0.0009999999999763531,2506,4.787380569722929,1.6692798395406445
0.0009999999999763531,2507,4.788178469734818,1.669581639545142
0.0009999999999763531,2508,4.788974969746687,1.669884639549657
0.0009999999999763531,2509,4.789770069758536,1.6701888395541897
0.0009999999999763531,2510,4.790563769770362,1.6704942395587405
0.0009999999999763531,2511,4.791356069782169,1.6708008395633094
0.0009999999999763531,2512,4.792146969793953,1.6711086395678958
0.0009999999999763531,2513,4.792936469805717,1.6714176395725004
0.0009999999999763531,2514,4.793724569817461,1.6717278395771225
0.0009999999999763531,2515,4.794511269829184,1.6720392395817627
0.0009999999999763531,2516,4.795296569840886,1.6723518395864208
0.0009999999999763531,2517,4.796080469852567,1.6726656395910968
0.0009999999999763531,2518,4.796862969864227,1.672980639595791
0.0009999999999763531,2519,4.797644069875867,1.6732968396005026
0.0009999999999763531,2520,4.798423769887485,1.673614239605232
0.0009999999999763531,2521,4.799202069899082,1.67393283960998
0.0009999999999763531,2522,4.799978969910659,1.6742526396147452
0.0009999999999763531,2523,4.800754469922214,1.6745736396195283
0.0009999999999763531,2524,4.801528569933749,1.6748958396243294
0.0009999999999763531,2525,4.802301269945264,1.6752192396291485
0.0009999999999763531,2526,4.803072569956757,1.6755438396339852
0.0009999999999763531,2527,4.80384246996823,1.6758696396388402
0.0009999999999763531,2528,4.804610969979682,1.6761966396437127
0.0009999999999763531,2529,4.805378069991111,1.6765248396486034
0.0009999999999763531,2530,4.806143770002522,1.6768542396535118
0.0009999999999763531,2531,4.80690807001391,1.6771848396584381
0.0009999999999763531,2532,4.807670970025279,1.6775166396633825
0.0009999999999763531,2533,4.808432470036626,1.6778496396683444
0.0009999999999763531,2534,4.809192570047953,1.6781838396733244
0.0009999999999763531,2535,4.8099512700592575,1.6785192396783222
0.0009999999999763531,2536,4.810708570070543,1.6788558396833377
0.0009999999999763531,2537,4.811464470081806,1.6791936396883715
0.0009999999999763531,2538,4.812218970093049,1.6795326396934231
0.0009999999999763531,2539,4.81297207010427,1.6798728396984923
0.0009999999999763531,2540,4.813723770115472,1.6802142397035797
0.0009999999999763531,2541,4.814474070126653,1.6805568397086847
0.0009999999999763531,2542,4.815222970137813,1.6809006397138082
0.0009999999999763531,2543,4.815970470148952,1.6812456397189492
0.0009999999999763531,2544,4.816716570160069,1.6815918397241079
0.0009999999999763531,2545,4.817461270171165,1.6819392397292845
0.0009999999999763531,2546,4.8182045701822425,1.682287839734479
0.0009999999999763531,2547,4.818946470193297,1.6826376397396916
0.0009999999999763531,2548,4.819686970204332,1.6829886397449219
0.0009999999999763531,2549,4.820426070215345,1.6833408397501697
0.0009999999999763531,2550,4.821163770226338,1.6836942397554362
0.0009999999999763531,2551,4.82190007023731,1.68404883976072
0.0009999999999763531,2552,4.82263497024826,1.6844046397660217
0.0009999999999763531,2553,4.82336847025919,1.6847616397713416
0.0009999999999763531,2554,4.824100570270099,1.685119839776679
0.0009999999999763531,2555,4.8248312702809875,1.6854792397820346
0.0009999999999763531,2556,4.825560570291855,1.6858398397874077
0.0009999999999763531,2557,4.8262884703027025,1.6862016397927992
0.0009999999999763531,2558,4.827014970313527,1.6865646397982081
0.0009999999999763531,2559,4.8277400703243325,1.6869288398036353
0.0009999999999763531,2560,4.828463770335117,1.6872942398090802
0.0009999999999763531,2561,4.829186070345878,1.6876608398145427
0.0009999999999763531,2562,4.829906970356621,1.6880286398200235
0.0009999999999763531,2563,4.830626470367343,1.6883976398255223
0.0009999999999763531,2564,4.831344570378043,1.6887678398310384
0.0009999999999763531,2565,4.8320612703887225,1.6891392398365728
0.0009999999999763531,2566,4.832776570399382,1.689511839842125
0.0009999999999763531,2567,4.833490470410019,1.689885639847695
0.0009999999999763531,2568,4.834202970420637,1.690260639853283
0.0009999999999763531,2569,4.834914070431233,1.6906368398588887
0.0009999999999763531,2570,4.835623770441808,1.6910142398645125
0.0009999999999763531,2571,4.836332070452363,1.6913928398701539
0.0009999999999763531,2572,4.8370389704628955,1.6917726398758135
0.0009999999999763531,2573,4.8377444704734085,1.6921536398814907
0.0009999999999763531,2574,4.838448570483901,1.692535839887186
0.0009999999999763531,2575,4.839151270494371,1.692919239892899
0.0009999999999763531,2576,4.839852570504822,1.69330383989863
0.0009999999999763531,2577,4.840552470515251,1.693689639904379
0.0009999999999763531,2578,4.8412509705256594,1.6940766399101457
0.0009999999999763531,2579,4.841948070536048,1.6944648399159303
0.0009999999999763531,2580,4.842643770546414,1.6948542399217328
0.0009999999999763531,2581,4.843338070556761,1.6952448399275533
0.0009999999999763531,2582,4.844030970567085,1.6956366399333915
0.0009999999999763531,2583,4.8447224705773895,1.6960296399392476
0.0009999999999763531,2584,4.845412570587673,1.6964238399451217
0.0009999999999763531,2585,4.846101270597935,1.6968192399510134
0.0009999999999763531,2586,4.846788570608177,1.6972158399569235
0.0009999999999763531,2587,4.847474470618398,1.6976136399628512
0.0009999999999763531,2588,4.848158970628597,1.6980126399687965
0.0009999999999763531,2589,4.848842070638776,1.6984128399747602
0.0009999999999763531,2590,4.849523770648934,1.6988142399807415
0.0009999999999763531,2591,4.850204070659071,1.6992168399867404
0.0009999999999763531,2592,4.850882970669188,1.6996206399927576
0.0009999999999763531,2593,4.851560470679284,1.7000256399987932
0.0009999999999763531,2594,4.852236570689358,1.700431840004846
0.0009999999999763531,2595,4.852911270699413,1.7008392400109162
0.0009999999999763531,2596,4.853584570709446,1.7012478400170052
0.0009999999999763531,2597,4.8542564707194575,1.7016576400231118
0.0009999999999763531,2598,4.854926970729449,1.702068640029236
0.0009999999999763531,2599,4.855596070739418,1.7024808400353781
0.0009999999999763531,2600,4.856263770749369,1.7028942400415386
0.0009999999999763531,2601,4.856930070759298,1.7033088400477165
0.0009999999999763531,2602,4.857594970769205,1.7037246400539123
0.0009999999999763531,2603,4.858258470779092,1.7041416400601261
0.0009999999999763531,2604,4.858920570788958,1.7045598400663577
0.0009999999999763531,2605,4.859581270798804,1.7049792400726074
0.0009999999999763531,2606,4.860240570808627,1.7053998400788748
0.0009999999999763531,2607,4.86089847081843,1.7058216400851602
0.0009999999999763531,2608,4.861554970828213,1.7062446400914633
0.0009999999999763531,2609,4.862210070837975,1.7066688400977843
0.0009999999999763531,2610,4.862863770847716,1.7070942401041234
0.0009999999999763531,2611,4.863516070857436,1.7075208401104802
0.0009999999999763531,2612,4.864166970867135,1.7079486401168547
0.0009999999999763531,2613,4.864816470876813,1.7083776401232473
0.0009999999999763531,2614,4.865464570886471,1.7088078401296578
0.0009999999999763531,2615,4.866111270896108,1.709239240136086
0.0009999999999763531,2616,4.866756570905723,1.7096718401425326
0.0009999999999763531,2617,4.867400470915318,1.7101056401489965
0.0009999999999763531,2618,4.868042970924892,1.7105406401554786
0.0009999999999763531,2619,4.868684070934445,1.7109768401619785
0.0009999999999763531,2620,4.869323770943977,1.7114142401684962
0.0009999999999763531,2621,4.869962070953489,1.7118528401750317
0.0009999999999763531,2622,4.87059897096298,1.7122926401815852
0.0009999999999763531,2623,4.871234470972449,1.7127336401881568
0.0009999999999763531,2624,4.871868570981898,1.7131758401947461
0.0009999999999763531,2625,4.872501270991326,1.7136192402013533
0.0009999999999763531,2626,4.873132571000733,1.7140638402079782
0.0009999999999763531,2627,4.873762471010119,1.7145096402146212
0.0009999999999763531,2628,4.874390971019484,1.7149566402212821
0.0009999999999763531,2629,4.875018071028829,1.7154048402279607
0.0009999999999763531,2630,4.8756437710381535,1.7158542402346573
0.0009999999999763531,2631,4.876268071047455,1.7163048402413719
0.0009999999999763531,2632,4.876890971056738,1.716756640248104
0.0009999999999763531,2633,4.877512471065998,1.7172096402548542
0.0009999999999763531,2634,4.878132571075238,1.7176638402616222
0.0009999999999763531,2635,4.878751271084457,1.7181192402684082
0.0009999999999763531,2636,4.879368571093656,1.7185758402752123
0.0009999999999763531,2637,4.8799844711028335,1.719033640282034
0.0009999999999763531,2638,4.880598971111991,1.7194926402888737
0.0009999999999763531,2639,4.881212071121126,1.7199528402957311
0.0009999999999763531,2640,4.881823771130242,1.7204142403026066
0.0009999999999763531,2641,4.882434071139336,1.7208768403095
0.0009999999999763531,2642,4.883042971148409,1.7213406403164113
0.0009999999999763531,2643,4.883650471157462,1.7218056403233402
0.0009999999999763531,2644,4.884256571166493,1.722271840330287
0.0009999999999763531,2645,4.884861271175504,1.7227392403372517
0.0009999999999763531,2646,4.885464571184493,1.7232078403442346
0.0009999999999763531,2647,4.886066471193463,1.7236776403512353
0.0009999999999763531,2648,4.886666971202411,1.7241486403582533
0.0009999999999763531,2649,4.887266071211339,1.7246208403652896
0.0009999999999763531,2650,4.887863771220244,1.725094240372344
0.0009999999999763531,2651,4.8884600712291295,1.7255688403794158
0.0009999999999763531,2652,4.889054971237995,1.7260446403865057
0.0009999999999763531,2653,4.889648471246839,1.7265216403936137
0.0009999999999763531,2654,4.890240571255661,1.7269998404007396
0.0009999999999763531,2655,4.890831271264464,1.7274792404078831
0.0009999999999763531,2656,4.891420571273245,1.7279598404150445
0.0009999999999763531,2657,4.892008471282005,1.728441640422224
0.0009999999999763531,2658,4.892594971290745,1.7289246404294212
0.0009999999999763531,2659,4.893180071299463,1.7294088404366363
0.0009999999999763531,2660,4.893763771308162,1.729894240443869
0.0009999999999763531,2661,4.894346071316838,1.7303808404511203
0.0009999999999763531,2662,4.894926971325494,1.730868640458389
0.0009999999999763531,2663,4.895506471334129,1.7313576404656756
0.0009999999999763531,2664,4.896084571342745,1.7318478404729805
0.0009999999999763531,2665,4.896661271351337,1.7323392404803026
0.0009999999999763531,2666,4.89723657135991,1.732831840487643
0.0009999999999763531,2667,4.897810471368461,1.7333256404950015
0.0009999999999763531,2668,4.898382971376992,1.7338206405023773
0.0009999999999763531,2669,4.898954071385502,1.7343168405097713
0.0009999999999763531,2670,4.8995237713939925,1.7348142405171834
0.0009999999999763531,2671,4.900092071402461,1.735312840524613
0.0009999999999763531,2672,4.900658971410907,1.7358126405320604
0.0009999999999763531,2673,4.901224471419334,1.7363136405395259
0.0009999999999763531,2674,4.9017885714277405,1.7368158405470093
0.0009999999999763531,2675,4.902351271436125,1.7373192405545104
0.0009999999999763531,2676,4.902912571444489,1.7378238405620297
0.0009999999999763531,2677,4.903472471452832,1.7383296405695667
0.0009999999999763531,2678,4.904030971461154,1.7388366405771216
0.0009999999999763531,2679,4.904588071469456,1.7393448405846943
0.0009999999999763531,2680,4.905143771477737,1.7398542405922848
0.0009999999999763531,2681,4.905698071485996,1.7403648405998937
0.0009999999999763531,2682,4.906250971494235,1.74087664060752
0.0009999999999763531,2683,4.906802471502454,1.7413896406151643
0.0009999999999763531,2684,4.907352571510651,1.7419038406228267
0.0009999999999763531,2685,4.907901271518828,1.7424192406305066
0.0009999999999763531,2686,4.908448571526982,1.7429358406382045
0.0009999999999763531,2687,4.908994471535117,1.7434536406459205
0.0009999999999763531,2688,4.90953897154323,1.743972640653654
0.0009999999999763531,2689,4.910082071551323,1.7444928406614055
0.0009999999999763531,2690,4.910623771559395,1.745014240669175
0.0009999999999763531,2691,4.911164071567446,1.7455368406769622
0.0009999999999763531,2692,4.911702971575477,1.7460606406847676
0.0009999999999763531,2693,4.912240471583487,1.7465856406925908
0.0009999999999763531,2694,4.912776571591475,1.7471118407004318
0.0009999999999763531,2695,4.913311271599442,1.7476392407082908
0.0009999999999763531,2696,4.913844571607389,1.7481678407161674
0.0009999999999763531,2697,4.914376471615315,1.7486976407240622
0.0009999999999763531,2698,4.91490697162322,1.7492286407319746
0.0009999999999763531,2699,4.915436071631104,1.7497608407399048
0.0009999999999763531,2700,4.9159637716389675,1.7502942407478532
0.0009999999999763531,2701,4.91649007164681,1.7508288407558195
0.0009999999999763531,2702,4.9170149716546305,1.7513646407638035
0.0009999999999763531,2703,4.917538471662432,1.7519016407718055
0.0009999999999763531,2704,4.918060571670212,1.7524398407798252
0.0009999999999763531,2705,4.918581271677971,1.7529792407878628
0.0009999999999763531,2706,4.919100571685709,1.7535198407959185
0.0009999999999763531,2707,4.919618471693426,1.754061640803992
0.0009999999999763531,2708,4.920134971701123,1.7546046408120834
0.0009999999999763531,2709,4.920650071708799,1.7551488408201923
0.0009999999999763531,2710,4.921163771716454,1.7556942408283194
0.0009999999999763531,2711,4.921676071724087,1.7562408408364645
0.0009999999999763531,2712,4.9221869717317,1.7567886408446274
0.0009999999999763531,2713,4.922696471739292,1.757337640852808
0.0009999999999763531,2714,4.923204571746864,1.7578878408610068
0.0009999999999763531,2715,4.9237112717544145,1.7584392408692235
0.0009999999999763531,2716,4.924216571761945,1.7589918408774579
0.0009999999999763531,2717,4.9247204717694535,1.75954564088571
0.0009999999999763531,2718,4.9252229717769405,1.7601006408939803
0.0009999999999763531,2719,4.925724071784408,1.760656840902268
0.0009999999999763531,2720,4.926223771791854,1.761214240910574
0.0009999999999763531,2721,4.926722071799279,1.761772840918898
0.0009999999999763531,2722,4.927218971806684,1.7623326409272395
0.0009999999999763531,2723,4.927714471814067,1.762893640935599
0.0009999999999763531,2724,4.928208571821429,1.7634558409439767
0.0009999999999763531,2725,4.928701271828771,1.7640192409523718
0.0009999999999763531,2726,4.929192571836092,1.7645838409607852
0.0009999999999763531,2727,4.9296824718433925,1.7651496409692162
0.0009999999999763531,2728,4.930170971850671,1.765716640977665
0.0009999999999763531,2729,4.93065807185793,1.766284840986132
0.0009999999999763531,2730,4.931143771865168,1.7668542409946166
0.0009999999999763531,2731,4.931628071872384,1.7674248410031193
0.0009999999999763531,2732,4.932110971879579,1.76799664101164
0.0009999999999763531,2733,4.932592471886755,1.768569641020178
0.0009999999999763531,2734,4.933072571893909,1.7691438410287343
0.0009999999999763531,2735,4.933551271901043,1.7697192410373086
0.0009999999999763531,2736,4.934028571908154,1.7702958410459007
0.0009999999999763531,2737,4.934504471915246,1.7708736410545105
0.0009999999999763531,2738,4.934978971922317,1.7714526410631382
0.0009999999999763531,2739,4.935452071929367,1.772032841071784
0.0009999999999763531,2740,4.9359237719363955,1.7726142410804473
0.0009999999999763531,2741,4.936394071943403,1.773196841089129
0.0009999999999763531,2742,4.93686297195039,1.773780641097828
0.0009999999999763531,2743,4.937330471957357,1.7743656411065454
0.0009999999999763531,2744,4.937796571964302,1.7749518411152803
0.0009999999999763531,2745,4.938261271971227,1.775539241124033
0.0009999999999763531,2746,4.93872457197813,1.7761278411328039
0.0009999999999763531,2747,4.939186471985012,1.7767176411415926
0.0009999999999763531,2748,4.939646971991874,1.777308641150399
0.0009999999999763531,2749,4.9401060719987155,1.7779008411592236
0.0009999999999763531,2750,4.940563772005536,1.778494241168066
0.0009999999999763531,2751,4.941020072012336,1.7790888411769261
0.0009999999999763531,2752,4.941474972019114,1.7796846411858043
0.0009999999999763531,2753,4.941928472025872,1.7802816411947004
0.0009999999999763531,2754,4.942380572032608,1.780879841203614
0.0009999999999763531,2755,4.942831272039324,1.781479241212546
0.0009999999999763531,2756,4.943280572046019,1.7820798412214955
0.0009999999999763531,2757,4.943728472052694,1.7826816412304631
0.0009999999999763531,2758,4.944174972059347,1.7832846412394483
0.0009999999999763531,2759,4.944620072065979,1.7838888412484517
0.0009999999999763531,2760,4.945063772072591,1.7844942412574727
0.0009999999999763531,2761,4.945506072079182,1.785100841266512
0.0009999999999763531,2762,4.945946972085752,1.7857086412755687
0.0009999999999763531,2763,4.946386472092301,1.7863176412846438
0.0009999999999763531,2764,4.946824572098829,1.7869278412937364
0.0009999999999763531,2765,4.947261272105337,1.787539241302847
0.0009999999999763531,2766,4.9476965721118225,1.7881518413119755
0.0009999999999763531,2767,4.948130472118288,1.788765641321122
0.0009999999999763531,2768,4.9485629721247335,1.7893806413302857
0.0009999999999763531,2769,4.948994072131158,1.7899968413394682
0.0009999999999763531,2770,4.9494237721375605,1.790614241348668
0.0009999999999763531,2771,4.949852072143942,1.791232841357886
0.0009999999999763531,2772,4.950278972150304,1.7918526413671216
0.0009999999999763531,2773,4.950704472156644,1.7924736413763753
0.0009999999999763531,2774,4.951128572162964,1.793095841385647
0.0009999999999763531,2775,4.9515512721692625,1.7937192413949363
0.0009999999999763531,2776,4.95197257217554,1.7943438414042432
0.0009999999999763531,2777,4.952392472181797,1.7949696414135685
0.0009999999999763531,2778,4.952810972188034,1.7955966414229116
0.0009999999999763531,2779,4.953228072194249,1.7962248414322728
0.0009999999999763531,2780,4.953643772200444,1.7968542414416513
0.0009999999999763531,2781,4.9540580722066165,1.797484841451048
0.0009999999999763531,2782,4.9544709722127696,1.7981166414604628
0.0009999999999763531,2783,4.954882472218902,1.7987496414698951
0.0009999999999763531,2784,4.955292572225012,1.7993838414793455
0.0009999999999763531,2785,4.955701272231103,1.8000192414888136
0.0009999999999763531,2786,4.956108572237172,1.8006558414982996
0.0009999999999763531,2787,4.95651447224322,1.8012936415078034
0.0009999999999763531,2788,4.956918972249248,1.8019326415173254
0.0009999999999763531,2789,4.957322072255255,1.8025728415268651
0.0009999999999763531,2790,4.9577237722612395,1.8032142415364227
0.0009999999999763531,2791,4.958124072267204,1.8038568415459981
0.0009999999999763531,2792,4.958522972273149,1.8045006415555918
0.0009999999999763531,2793,4.958920472279072,1.8051456415652027
0.0009999999999763531,2794,4.959316572284974,1.8057918415748317
0.0009999999999763531,2795,4.959711272290856,1.806439241584479
0.0009999999999763531,2796,4.960104572296717,1.807087841594144
0.0009999999999763531,2797,4.960496472302556,1.8077376416038264
0.0009999999999763531,2798,4.9608869723083755,1.808388641613527
0.0009999999999763531,2799,4.961276072314173,1.8090408416232457
0.0009999999999763531,2800,4.961663772319951,1.8096942416329822
0.0009999999999763531,2801,4.962050072325707,1.8103488416427365
0.0009999999999763531,2802,4.962434972331443,1.811004641652509
0.0009999999999763531,2803,4.9628184723371565,1.8116616416622988
0.0009999999999763531,2804,4.963200572342851,1.8123198416721067
0.0009999999999763531,2805,4.963581272348524,1.8129792416819324
0.0009999999999763531,2806,4.963960572354175,1.813639841691776
0.0009999999999763531,2807,4.964338472359806,1.8143016417016378
0.0009999999999763531,2808,4.964714972365417,1.814964641711517
0.0009999999999763531,2809,4.965090072371007,1.8156288417214148
0.0009999999999763531,2810,4.965463772376575,1.8162942417313297
0.0009999999999763531,2811,4.965836072382123,1.8169608417412628
0.0009999999999763531,2812,4.966206972387649,1.817628641751214
0.0009999999999763531,2813,4.966576472393156,1.8182976417611831
0.0009999999999763531,2814,4.96694457239864,1.8189678417711694
0.0009999999999763531,2815,4.967311272404105,1.8196392417811742
0.0009999999999763531,2816,4.967676572409548,1.8203118417911968
0.0009999999999763531,2817,4.9680404724149705,1.8209856418012373
0.0009999999999763531,2818,4.968402972420372,1.8216606418112955
0.0009999999999763531,2819,4.968764072425753,1.8223368418213717
0.0009999999999763531,2820,4.969123772431113,1.8230142418314657
0.0009999999999763531,2821,4.969482072436453,1.8236928418415776
0.0009999999999763531,2822,4.969838972441771,1.8243726418517074
0.0009999999999763531,2823,4.9701944724470675,1.825053641861855
0.0009999999999763531,2824,4.970548572452344,1.8257358418720206
0.0009999999999763531,2825,4.9709012724576,1.826419241882204
0.0009999999999763531,2826,4.971252572462834,1.8271038418924055
0.0009999999999763531,2827,4.971602472468049,1.827789641902625
0.0009999999999763531,2828,4.971950972473241,1.8284766419128617
0.0009999999999763531,2829,4.972298072478414,1.8291648419231166
0.0009999999999763531,2830,4.972643772483565,1.8298542419333896
0.0009999999999763531,2831,4.972988072488695,1.8305448419436803
0.0009999999999763531,2832,4.973330972493805,1.8312366419539892
0.0009999999999763531,2833,4.973672472498894,1.8319296419643156
0.0009999999999763531,2834,4.974012572503962,1.8326238419746599
0.0009999999999763531,2835,4.9743512725090095,1.8333192419850222
0.0009999999999763531,2836,4.974688572514035,1.8340158419954022
0.0009999999999763531,2837,4.97502447251904,1.8347136420058006
0.0009999999999763531,2838,4.975358972524025,1.8354126420162165
0.0009999999999763531,2839,4.9756920725289895,1.8361128420266501
0.0009999999999763531,2840,4.976023772533932,1.8368142420371019
0.0009999999999763531,2841,4.976354072538853,1.8375168420475712
0.0009999999999763531,2842,4.976682972543754,1.8382206420580587
0.0009999999999763531,2843,4.977010472548635,1.8389256420685642
0.0009999999999763531,2844,4.977336572553494,1.8396318420790871
0.0009999999999763531,2845,4.977661272558332,1.8403392420896285
0.0009999999999763531,2846,4.97798457256315,1.8410478421001875
0.0009999999999763531,2847,4.978306472567946,1.841757642110764
0.0009999999999763531,2848,4.978626972572722,1.842468642121359
0.0009999999999763531,2849,4.978946072577477,1.8431808421319715
0.0009999999999763531,2850,4.979263772582211,1.843894242142602
0.0009999999999763531,2851,4.9795800725869235,1.8446088421532503
0.0009999999999763531,2852,4.979894972591616,1.8453246421639165
0.0009999999999763531,2853,4.980208472596288,1.8460416421746006
0.0009999999999763531,2854,4.9805205726009385,1.8467598421853029
0.0009999999999763531,2855,4.980831272605569,1.8474792421960227
0.0009999999999763531,2856,4.981140572610177,1.8481998422067605
0.0009999999999763531,2857,4.981448472614765,1.8489216422175159
0.0009999999999763531,2858,4.981754972619333,1.8496446422282897
0.0009999999999763531,2859,4.982060072623879,1.850368842239081
0.0009999999999763531,2860,4.982363772628405,1.8510942422498906
0.0009999999999763531,2861,4.9826660726329095,1.8518208422607176
0.0009999999999763531,2862,4.982966972637392,1.8525486422715625
0.0009999999999763531,2863,4.983266472641857,1.8532776422824258
0.0009999999999763531,2864,4.983564572646298,1.8540078422933064
0.0009999999999763531,2865,4.983861272650719,1.854739242304205
0.0009999999999763531,2866,4.984156572655119,1.8554718423151217
0.0009999999999763531,2867,4.984450472659498,1.856205642326056
0.0009999999999763531,2868,4.984742972663858,1.8569406423370085
0.0009999999999763531,2869,4.985034072668196,1.8576768423479788
0.0009999999999763531,2870,4.985323772672512,1.858414242358967
0.0009999999999763531,2871,4.985612072676808,1.8591528423699728
0.0009999999999763531,2872,4.985898972681083,1.8598926423809967
0.0009999999999763531,2873,4.986184472685338,1.8606336423920384
0.0009999999999763531,2874,4.986468572689571,1.8613758424030982
0.0009999999999763531,2875,4.986751272693784,1.8621192424141757
0.0009999999999763531,2876,4.9870325726979745,1.8628638424252708
0.0009999999999763531,2877,4.987312472702146,1.8636096424363844
0.0009999999999763531,2878,4.987590972706296,1.8643566424475155
0.0009999999999763531,2879,4.987868072710425,1.8651048424586645
0.0009999999999763531,2880,4.988143772714533,1.8658542424698314
0.0009999999999763531,2881,4.988418072718621,1.8666048424810162
0.0009999999999763531,2882,4.988690972722687,1.867356642492219
0.0009999999999763531,2883,4.988962472726733,1.8681096425034398
0.0009999999999763531,2884,4.989232572730757,1.868863842514678
0.0009999999999763531,2885,4.989501272734762,1.8696192425259344
0.0009999999999763531,2886,4.989768572738745,1.8703758425372086
0.0009999999999763531,2887,4.990034472742707,1.8711336425485006
0.0009999999999763531,2888,4.990298972746649,1.8718926425598106
0.0009999999999763531,2889,4.990562072750569,1.8726528425711386
0.0009999999999763531,2890,4.990823772754468,1.8734142425824842
0.0009999999999763531,2891,4.991084072758348,1.8741768425938479
0.0009999999999763531,2892,4.991342972762205,1.8749406426052293
0.0009999999999763531,2893,4.991600472766042,1.8757056426166288
0.0009999999999763531,2894,4.9918565727698585,1.876471842628046
0.0009999999999763531,2895,4.992111272773654,1.8772392426394813
0.0009999999999763531,2896,4.9923645727774275,1.8780078426509343
0.0009999999999763531,2897,4.992616472781182,1.8787776426624054
0.0009999999999763531,2898,4.992866972784914,1.8795486426738939
0.0009999999999763531,2899,4.993116072788626,1.8803208426854008
0.0009999999999763531,2900,4.993363772792318,1.8810942426969253
0.0009999999999763531,2901,4.993610072795987,1.8818688427084675
0.0009999999999763531,2902,4.993854972799637,1.882644642720028
0.0009999999999763531,2903,4.994098472803265,1.8834216427316062
0.0009999999999763531,2904,4.994340572806872,1.884199842743202
0.0009999999999763531,2905,4.99458127281046,1.8849792427548162
0.0009999999999763531,2906,4.994820572814025,1.8857598427664484
0.0009999999999763531,2907,4.99505847281757,1.8865416427780977
0.0009999999999763531,2908,4.995294972821094,1.8873246427897654
0.0009999999999763531,2909,4.9955300728245975,1.888108842801451
0.0009999999999763531,2910,4.99576377282808,1.888894242813154
0.0009999999999763531,2911,4.995996072831542,1.8896808428248755
0.0009999999999763531,2912,4.996226972834982,1.8904686428366144
0.0009999999999763531,2913,4.996456472838402,1.8912576428483716
0.0009999999999763531,2914,4.996684572841801,1.8920478428601464
0.0009999999999763531,2915,4.996911272845179,1.8928392428719394
0.0009999999999763531,2916,4.997136572848536,1.8936318428837497
0.0009999999999763531,2917,4.997360472851873,1.8944256428955786
0.0009999999999763531,2918,4.997582972855189,1.8952206429074248
0.0009999999999763531,2919,4.997804072858483,1.896016842919289
0.0009999999999763531,2920,4.998023772861757,1.8968142429311712
0.0009999999999763531,2921,4.99824207286501,1.8976128429430714
0.0009999999999763531,2922,4.998458972868241,1.8984126429549895
0.0009999999999763531,2923,4.998674472871453,1.8992136429669255
0.0009999999999763531,2924,4.998888572874644,1.900015842978879
0.0009999999999763531,2925,4.999101272877812,1.9008192429908504
0.0009999999999763531,2926,4.999312572880961,1.9016238430028398
0.0009999999999763531,2927,4.999522472884089,1.9024296430148475
0.0009999999999763531,2928,4.999730972887195,1.9032366430268723
0.0009999999999763531,2929,4.999938072890282,1.9040448430389159
0.0009999999999763531,2930,5.000143772893347,1.9048542430509765
0.0009999999999763531,2931,5.000348072896392,1.9056648430630556
0.0009999999999763531,2932,5.000550972899415,1.9064766430751523
0.0009999999999763531,2933,5.000752472902417,1.9072896430872668
0.0009999999999763531,2934,5.000952572905399,1.9081038430993993
0.0009999999999763531,2935,5.00115127290836,1.9089192431115498
0.0009999999999763531,2936,5.0013485729113,1.909735843123718
0.0009999999999763531,2937,5.001544472914219,1.9105536431359043
0.0009999999999763531,2938,5.001738972917117,1.9113726431481084
0.0009999999999763531,2939,5.001932072919995,1.9121928431603306
0.0009999999999763531,2940,5.002123772922851,1.9130142431725703
0.0009999999999763531,2941,5.002314072925687,1.9138368431848278
0.0009999999999763531,2942,5.002502972928502,1.9146606431971034
0.0009999999999763531,2943,5.002690472931295,1.9154856432093967
0.0009999999999763531,2944,5.002876572934069,1.9163118432217083
0.0009999999999763531,2945,5.003061272936821,1.9171392432340373
0.0009999999999763531,2946,5.003244572939553,1.9179678432463847
0.0009999999999763531,2947,5.003426472942263,1.9187976432587497
0.0009999999999763531,2948,5.003606972944953,1.9196286432711325
0.0009999999999763531,2949,5.003786072947622,1.9204608432835333
0.0009999999999763531,2950,5.00396377295027,1.9212942432959519
0.0009999999999763531,2951,5.004140072952897,1.9221288433083883
0.0009999999999763531,2952,5.004314972955503,1.9229646433208427
0.0009999999999763531,2953,5.004488472958088,1.9238016433333152
0.0009999999999763531,2954,5.004660572960653,1.9246398433458052
0.0009999999999763531,2955,5.004831272963196,1.9254792433583132
0.0009999999999763531,2956,5.005000572965718,1.926319843370839
0.0009999999999763531,2957,5.00516847296822,1.927161643383383
0.0009999999999763531,2958,5.005334972970702,1.9280046433959446
0.0009999999999763531,2959,5.005500072973162,1.9288488434085242
0.0009999999999763531,2960,5.005663772975601,1.9296942434211215
0.0009999999999763531,2961,5.005826072978021,1.930540843433737
0.0009999999999763531,2962,5.005986972980418,1.93138864344637
0.0009999999999763531,2963,5.006146472982794,1.9322376434590212
0.0009999999999763531,2964,5.00630457298515,1.93308784347169
0.0009999999999763531,2965,5.006461272987486,1.933939243484377
0.0009999999999763531,2966,5.006616572989799,1.9347918434970817
0.0009999999999763531,2967,5.006770472992093,1.9356456435098044
0.0009999999999763531,2968,5.006922972994365,1.936500643522545
0.0009999999999763531,2969,5.007074072996616,1.9373568435353032
0.0009999999999763531,2970,5.007223772998848,1.9382142435480794
0.0009999999999763531,2971,5.007372073001057,1.9390728435608735
0.0009999999999763531,2972,5.007518973003247,1.9399326435736857
0.0009999999999763531,2973,5.0076644730054145,1.9407936435865154
0.0009999999999763531,2974,5.007808573007561,1.9416558435993634
0.0009999999999763531,2975,5.007951273009688,1.9425192436122292
0.0009999999999763531,2976,5.008092573011794,1.9433838436251125
0.0009999999999763531,2977,5.008232473013878,1.9442496436380141
0.0009999999999763531,2978,5.008370973015942,1.9451166436509333
0.0009999999999763531,2979,5.008508073017985,1.9459848436638705
0.0009999999999763531,2980,5.008643773020007,1.9468542436768255
0.0009999999999763531,2981,5.0087780730220075,1.9477248436897985
0.0009999999999763531,2982,5.008910973023989,1.9485966437027893
0.0009999999999763531,2983,5.009042473025948,1.9494696437157981
0.0009999999999763531,2984,5.009172573027887,1.9503438437288247
0.0009999999999763531,2985,5.009301273029805,1.951219243741869
0.0009999999999763531,2986,5.009428573031701,1.9520958437549314
0.0009999999999763531,2987,5.009554473033577,1.9529736437680116
0.0009999999999763531,2988,5.009678973035433,1.9538526437811097
0.0009999999999763531,2989,5.009802073037267,1.954732843794226
0.0009999999999763531,2990,5.00992377303908,1.9556142438073596
0.0009999999999763531,2991,5.0100440730408735,1.9564968438205115
0.0009999999999763531,2992,5.010162973042645,1.9573806438336812
0.0009999999999763531,2993,5.010280473044396,1.9582656438468686
0.0009999999999763531,2994,5.010396573046126,1.9591518438600741
0.0009999999999763531,2995,5.010511273047834,1.9600392438732972
0.0009999999999763531,2996,5.010624573049523,1.9609278438865383
0.0009999999999763531,2997,5.010736473051191,1.9618176438997974
0.0009999999999763531,2998,5.010846973052837,1.9627086439130743
0.0009999999999763531,2999,5.010956073054463,1.9636008439263692
0.0009999999999763531,3000,5.011063773056068,1.964494243939682
0.0009999999999763531,3001,5.011170073057651,1.9653888439530125
0.0009999999999763531,3002,5.011274973059215,1.966284643966361
0.0009999999999763531,3003,5.011378473060757,1.9671816439797274
0.0009999999999763531,3004,5.011480573062279,1.9680798439931118
0.0009999999999763531,3005,5.011581273063779,1.9689792440065137
0.0009999999999763531,3006,5.011581273063779,1.9689792440065137
0.0009999999999763531,3007,5.011683073065296,1.9698797440199323
0.0009999999999763531,3008,5.011788473066868,1.9707812440333656
0.0009999999999763531,3009,5.01189747306849,1.971683744046814
0.0009999999999763531,3010,5.012010073070168,1.9725872440602772
0.0009999999999763531,3011,5.0121262730719005,1.973491744073755
0.0009999999999763531,3012,5.012246073073686,1.9743972440872481
0.0009999999999763531,3013,5.012369473075523,1.975303744100756
0.0009999999999763531,3014,5.012496473077416,1.9762112441142787
0.0009999999999763531,3015,5.012627073079362,1.9771197441278163
0.0009999999999763531,3016,5.012761273081362,1.978029244141369
0.0009999999999763531,3017,5.012899073083417,1.9789397441549366
0.0009999999999763531,3018,5.013040473085523,1.9798512441685192
0.0009999999999763531,3019,5.013185473087684,1.9807637441821164
0.0009999999999763531,3020,5.013334073089898,1.9816772441957287
0.0009999999999763531,3021,5.013486273092166,1.9825917442093555
0.0009999999999763531,3022,5.013642073094488,1.9835072442229977
0.0009999999999763531,3023,5.013801473096862,1.9844237442366546
0.0009999999999763531,3024,5.013964473099291,1.9853412442503264
0.0009999999999763531,3025,5.014131073101773,1.986259744264013
0.0009999999999763531,3026,5.01430127310431,1.9871792442777148
0.0009999999999763531,3027,5.0144750731069,1.9880997442914312
0.0009999999999763531,3028,5.014652473109543,1.9890212443051627
0.0009999999999763531,3029,5.014833473112241,1.989943744318909
0.0009999999999763531,3030,5.015018073114991,1.99086724433267
0.0009999999999763531,3031,5.015206273117796,1.9917917443464463
0.0009999999999763531,3032,5.015398073120654,1.9927172443602372
0.0009999999999763531,3033,5.015593473123565,1.9936437443740431
0.0009999999999763531,3034,5.015792473126531,1.9945712443878643
0.0009999999999763531,3035,5.01599507312955,1.9954997444016997
0.0009999999999763531,3036,5.016201273132622,1.9964292444155505
0.0009999999999763531,3037,5.016411073135748,1.997359744429416
0.0009999999999763531,3038,5.016624473138927,1.9982912444432963
0.0009999999999763531,3039,5.016841473142161,1.9992237444571919
0.0009999999999763531,3040,5.017062073145449,2.0001572444711018
0.0009999999999763531,3041,5.01728627314879,2.0010917444850267
0.0009999999999763531,3042,5.017514073152184,2.002027244498967
0.0009999999999763531,3043,5.017745473155634,2.0029637445129223
0.0009999999999763531,3044,5.0179804731591355,2.003901244526892
0.0009999999999763531,3045,5.01821907316269,2.004839744540877
0.0009999999999763531,3046,5.0184612731663,2.0057792445548768
0.0009999999999763531,3047,5.018707073169963,2.006719744568891
0.0009999999999763531,3048,5.018956473173678,2.0076612445829207
0.0009999999999763531,3049,5.019209473177448,2.008603744596965
0.0009999999999763531,3050,5.019466073181272,2.009547244611024
0.0009999999999763531,3051,5.0197262731851495,2.010491744625098
0.0009999999999763531,3052,5.0199900731890805,2.0114372446391875
0.0009999999999763531,3053,5.020257473193065,2.0123837446532913
0.0009999999999763531,3054,5.0205284731971025,2.0133312446674103
0.0009999999999763531,3055,5.020803073201194,2.0142797446815437
0.0009999999999763531,3056,5.021081273205341,2.0152292446956928
0.0009999999999763531,3057,5.021363073209541,2.016179744709856
0.0009999999999763531,3058,5.0216484732137925,2.017131244724035
0.0009999999999763531,3059,5.021937473218099,2.018083744738228
0.0009999999999763531,3060,5.02223007322246,2.019037244752436
0.0009999999999763531,3061,5.022526273226872,2.019991744766659
0.0009999999999763531,3062,5.02282607323134,2.0209472447808974
0.0009999999999763531,3063,5.023129473235862,2.0219037447951504
0.0009999999999763531,3064,5.0234364732404355,2.0228612448094183
0.0009999999999763531,3065,5.023747073245064,2.023819744823701
0.0009999999999763531,3066,5.024061273249746,2.0247792448379984
0.0009999999999763531,3067,5.024379073254481,2.025739744852311
0.0009999999999763531,3068,5.02470047325927,2.0267012448666386
0.0009999999999763531,3069,5.0250254732641135,2.027663744880981
0.0009999999999763531,3070,5.02535407326901,2.028627244895338
0.0009999999999763531,3071,5.02568627327396,2.0295917449097103
0.0009999999999763531,3072,5.026022073278964,2.030557244924098
0.0009999999999763531,3073,5.0263614732840205,2.0315237449384993
0.0009999999999763531,3074,5.026704473289132,2.032491244952916
0.0009999999999763531,3075,5.027051073294297,2.033459744967348
0.0009999999999763531,3076,5.027401273299516,2.0344292449817942
0.0009999999999763531,3077,5.027755073304787,2.035399744996256
0.0009999999999763531,3078,5.028112473310113,2.0363712450107325
0.0009999999999763531,3079,5.0284734733154925,2.0373437450252236
0.0009999999999763531,3080,5.028838073320925,2.0383172450397304
0.0009999999999763531,3081,5.029206273326412,2.0392917450542516
0.0009999999999763531,3082,5.029578073331952,2.0402672450687875
0.0009999999999763531,3083,5.029953473337546,2.0412437450833383
0.0009999999999763531,3084,5.0303324733431936,2.0422212450979047
0.0009999999999763531,3085,5.030715073348894,2.043199745112485
0.0009999999999763531,3086,5.03110127335465,2.0441792451270806
0.0009999999999763531,3087,5.031491073360458,2.0451597451416914
0.0009999999999763531,3088,5.03188447336632,2.046141245156317
0.0009999999999763531,3089,5.032281473372236,2.0471237451709574
0.0009999999999763531,3090,5.032682073378205,2.0481072451856126
0.0009999999999763531,3091,5.033086273384229,2.049091745200283
0.0009999999999763531,3092,5.0334940733903055,2.050077245214968
0.0009999999999763531,3093,5.033905473396435,2.051063745229668
0.0009999999999763531,3094,5.03432047340262,2.052051245244383
0.0009999999999763531,3095,5.034739073408858,2.0530397452591127
0.0009999999999763531,3096,5.035161273415149,2.0540292452738576
0.0009999999999763531,3097,5.035587073421494,2.055019745288617
0.0009999999999763531,3098,5.036016473427892,2.0560112453033916
0.0009999999999763531,3099,5.036449473434345,2.0570037453181813
0.0009999999999763531,3100,5.036886073440851,2.0579972453329853
0.0009999999999763531,3101,5.037326273447411,2.058991745347805
0.0009999999999763531,3102,5.037770073454023,2.059987245362639
0.0009999999999763531,3103,5.03821747346069,2.060983745377488
0.0009999999999763531,3104,5.0386684734674105,2.0619812453923516
0.0009999999999763531,3105,5.039123073474186,2.062979745407231
0.0009999999999763531,3106,5.039581273481013,2.0639792454221246
0.0009999999999763531,3107,5.040043073487893,2.064979745437033
0.0009999999999763531,3108,5.040508473494828,2.0659812454519564
0.0009999999999763531,3109,5.040977473501817,2.066983745466895
0.0009999999999763531,3110,5.041450073508859,2.067987245481848
0.0009999999999763531,3111,5.041926273515955,2.0689917454968163
0.0009999999999763531,3112,5.042406073523105,2.0699972455117996
0.0009999999999763531,3113,5.042889473530307,2.0710037455267973
0.0009999999999763531,3114,5.043376473537565,2.0720112455418103
0.0009999999999763531,3115,5.043867073544876,2.073019745556838
0.0009999999999763531,3116,5.04436127355224,2.0740292455718805
0.0009999999999763531,3117,5.044859073559657,2.0750397455869383
0.0009999999999763531,3118,5.045360473567129,2.076051245602011
0.0009999999999763531,3119,5.045865473574654,2.0770637456170986
0.0009999999999763531,3120,5.046374073582232,2.0780772456322008
0.0009999999999763531,3121,5.046886273589865,2.0790917456473177
0.0009999999999763531,3122,5.047402073597551,2.08010724566245
0.0009999999999763531,3123,5.047921473605291,2.081123745677597
0.0009999999999763531,3124,5.048444473613084,2.082141245692759
0.0009999999999763531,3125,5.0489710736209314,2.083159745707936
0.0009999999999763531,3126,5.049501273628831,2.0841792457231274
0.0009999999999763531,3127,5.050035073636785,2.085199745738334
0.0009999999999763531,3128,5.0505724736447934,2.086221245753556
0.0009999999999763531,3129,5.051113473652855,2.087243745768792
0.0009999999999763531,3130,5.0516580736609695,2.0882672457840434
0.0009999999999763531,3131,5.05220627366914,2.0892917457993097
0.0009999999999763531,3132,5.052758073677362,2.0903172458145907
0.0009999999999763531,3133,5.053313473685638,2.091343745829887
0.0009999999999763531,3134,5.053872473693967,2.0923712458451975
0.0009999999999763531,3135,5.054435073702351,2.0933997458605234
0.0009999999999763531,3136,5.055001273710788,2.0944292458758644
0.0009999999999763531,3137,5.055571073719278,2.09545974589122
0.0009999999999763531,3138,5.056144473727823,2.0964912459065905
0.0009999999999763531,3139,5.056721473736421,2.097523745921976
0.0009999999999763531,3140,5.057302073745072,2.0985572459373767
0.0009999999999763531,3141,5.057886273753777,2.0995917459527917
0.0009999999999763531,3142,5.058474073762537,2.100627245968222
0.0009999999999763531,3143,5.05906547377135,2.1016637459836667
0.0009999999999763531,3144,5.059660473780215,2.1027012459991266
0.0009999999999763531,3145,5.060259073789135,2.1037397460146017
0.0009999999999763531,3146,5.060861273798109,2.104779246030091
0.0009999999999763531,3147,5.061467073807136,2.105819746045596
0.0009999999999763531,3148,5.062076473816217,2.106861246061116
0.0009999999999763531,3149,5.06268947382535,2.10790374607665
0.0009999999999763531,3150,5.063306073834539,2.1089472460921996
0.0009999999999763531,3151,5.063926273843781,2.1099917461077635
0.0009999999999763531,3152,5.064550073853074,2.1110372461233426
0.0009999999999763531,3153,5.065177473862423,2.1120837461389366
0.0009999999999763531,3154,5.065808473871827,2.1131312461545457
0.0009999999999763531,3155,5.066443073881283,2.1141797461701692
0.0009999999999763531,3156,5.067081273890793,2.1152292461858084
0.0009999999999763531,3157,5.067723073900356,2.116279746201462
0.0009999999999763531,3158,5.068368473909974,2.1173312462171303
0.0009999999999763531,3159,5.069017473919644,2.118383746232814
0.0009999999999763531,3160,5.06967007392937,2.1194372462485127
0.0009999999999763531,3161,5.0703262739391475,2.1204917462642254
0.0009999999999763531,3162,5.070986073948979,2.121547246279954
0.0009999999999763531,3163,5.071649473958864,2.122603746295697
0.0009999999999763531,3164,5.0723164739688045,2.123661246311455
0.0009999999999763531,3165,5.072987073978797,2.124719746327228
0.0009999999999763531,3166,5.073661273988843,2.125779246343016
0.0009999999999763531,3167,5.074339073998943,2.1268397463588182
0.0009999999999763531,3168,5.075020474009096,2.127901246374636
0.0009999999999763531,3169,5.075705474019303,2.1289637463904683
0.0009999999999763531,3170,5.076394074029564,2.130027246406316
0.0009999999999763531,3171,5.077086274039878,2.131091746422178
0.0009999999999763531,3172,5.077782074050248,2.132157246438055
0.0009999999999763531,3173,5.07848147406067,2.133223746453947
0.0009999999999763531,3174,5.079184474071145,2.134291246469854
0.0009999999999763531,3175,5.079891074081674,2.135359746485776
0.0009999999999763531,3176,5.080601274092257,2.136429246501713
0.0009999999999763531,3177,5.081315074102893,2.1374997465176646
0.0009999999999763531,3178,5.082032474113583,2.1385712465336315
0.0009999999999763531,3179,5.082753474124327,2.1396437465496128
0.0009999999999763531,3180,5.083478074135125,2.1407172465656092
0.0009999999999763531,3181,5.084206274145976,2.1417917465816205
0.0009999999999763531,3182,5.08493807415688,2.1428672465976466
0.0009999999999763531,3183,5.085673474167839,2.143943746613688
0.0009999999999763531,3184,5.086412474178851,2.145021246629744
0.0009999999999763531,3185,5.087155074189916,2.146099746645815
0.0009999999999763531,3186,5.087901274201036,2.1471792466619006
0.0009999999999763531,3187,5.088651074212208,2.148259746678001
0.0009999999999763531,3188,5.089404474223436,2.149341246694117
0.0009999999999763531,3189,5.090161474234716,2.1504237467102474
0.0009999999999763531,3190,5.090922074246049,2.1515072467263927
0.0009999999999763531,3191,5.0916862742574365,2.1525917467425533
0.0009999999999763531,3192,5.092454074268877,2.153677246758728
0.0009999999999763531,3193,5.093225474280373,2.1547637467749183
0.0009999999999763531,3194,5.094000474291921,2.1558512467911237
0.0009999999999763531,3195,5.094779074303522,2.1569397468073435
0.0009999999999763531,3196,5.0955612743151795,2.1580292468235784
0.0009999999999763531,3197,5.096347074326888,2.1591197468398278
0.0009999999999763531,3198,5.097136474338652,2.160211246856093
0.0009999999999763531,3199,5.097929474350467,2.161303746872372
0.0009999999999763531,3200,5.098726074362338,2.1623972468886667
0.0009999999999763531,3201,5.099526274374261,2.1634917469049757
0.0009999999999763531,3202,5.10033007438624,2.1645872469213003
0.0009999999999763531,3203,5.1011374743982705,2.1656837469376393
0.0009999999999763531,3204,5.101948474410356,2.166781246953993
0.0009999999999763531,3205,5.102763074422494,2.167879746970362
0.0009999999999763531,3206,5.103581274434686,2.168979246986746
0.0009999999999763531,3207,5.104403074446932,2.170079747003145
0.0009999999999763531,3208,5.105228474459231,2.1711812470195584
0.0009999999999763531,3209,5.1060574744715845,2.1722837470359866
0.0009999999999763531,3210,5.1068900744839905,2.17338724705243
0.0009999999999763531,3211,5.107726274496451,2.1744917470688887
0.0009999999999763531,3212,5.108566074508965,2.1755972470853617
0.0009999999999763531,3213,5.1094094745215335,2.1767037471018504
0.0009999999999763531,3214,5.110256474534154,2.1778112471183526
0.0009999999999763531,3215,5.11110707454683,2.1789197471348714
0.0009999999999763531,3216,5.111961274559558,2.180029247151404
0.0009999999999763531,3217,5.11281907457234,2.181139747167952
0.0009999999999763531,3218,5.113680474585177,2.182251247184514
0.0009999999999763531,3219,5.114545474598066,2.183363747201092
0.0009999999999763531,3220,5.115414074611009,2.1844772472176848
0.0009999999999763531,3221,5.116286274624006,2.185591747234292
0.0009999999999763531,3222,5.117162074637056,2.186707247250914
0.0009999999999763531,3223,5.118041474650161,2.187823747267551
0.0009999999999763531,3224,5.118924474663318,2.1889412472842027
0.0009999999999763531,3225,5.11981107467653,2.19005974730087
0.0009999999999763531,3226,5.120701274689794,2.1911792473175518
0.0009999999999763531,3227,5.121595074703114,2.192299747334249
0.0009999999999763531,3228,5.122492474716486,2.1934212473509604
0.0009999999999763531,3229,5.1233934747299115,2.194543747367687
0.0009999999999763531,3230,5.1242980747433915,2.1956672473844283
0.0009999999999763531,3231,5.125206274756923,2.1967917474011847
0.0009999999999763531,3232,5.1261180747705115,2.1979172474179562
0.0009999999999763531,3233,5.1270334747841515,2.199043747434742
0.0009999999999763531,3234,5.127952474797846,2.200171247451543
0.0009999999999763531,3235,5.128875074811593,2.2012997474683593
0.0009999999999763531,3236,5.129801274825395,2.20242924748519
0.0009999999999763531,3237,5.13073107483925,2.203559747502036
0.0009999999999763531,3238,5.131664474853158,2.2046912475188964
0.0009999999999763531,3239,5.132601474867122,2.205823747535772
0.0009999999999763531,3240,5.133542074881137,2.206957247552663
0.0009999999999763531,3241,5.134486274895207,2.208091747569568
0.0009999999999763531,3242,5.13543407490933,2.2092272475864885
0.0009999999999763531,3243,5.136385474923507,2.2103637476034232
0.0009999999999763531,3244,5.137340474937738,2.2115012476203733
0.0009999999999763531,3245,5.138299074952021,2.212639747637338
0.0009999999999763531,3246,5.139261274966359,2.213779247654318
0.0009999999999763531,3247,5.140227074980751,2.214919747671313
0.0009999999999763531,3248,5.141196474995196,2.216061247688322
0.0009999999999763531,3249,5.142169475009695,2.217203747705347
0.0009999999999763531,3250,5.143146075024247,2.2183472477223862
0.0009999999999763531,3251,5.144126275038854,2.2194917477394407
0.0009999999999763531,3252,5.1451100750535135,2.2206372477565104
0.0009999999999763531,3253,5.146097475068227,2.221783747773594
0.0009999999999763531,3254,5.147088475082994,2.2229312477906937
0.0009999999999763531,3255,5.148083075097815,2.2240797478078074
0.0009999999999763531,3256,5.149081275112689,2.2252292478249363
0.0009999999999763531,3257,5.1500830751276165,2.2263797478420804
0.0009999999999763531,3258,5.151088475142599,2.227531247859239
0.0009999999999763531,3259,5.152097475157634,2.228683747876412
0.0009999999999763531,3260,5.153110075172723,2.2298372478936006
0.0009999999999763531,3261,5.154126275187865,2.2309917479108043
0.0009999999999763531,3262,5.155146075203061,2.2321472479280224
0.0009999999999763531,3263,5.156169475218311,2.2333037479452558
0.0009999999999763531,3264,5.157196475233615,2.234461247962504
0.0009999999999763531,3265,5.158227075248972,2.235619747979767
0.0009999999999763531,3266,5.159261275264383,2.2367792479970445
0.0009999999999763531,3267,5.1602990752798465,2.2379397480143375
0.0009999999999763531,3268,5.161340475295365,2.2391012480316457
0.0009999999999763531,3269,5.162385475310937,2.2402637480489678
0.0009999999999763531,3270,5.163434075326562,2.241427248066305
0.0009999999999763531,3271,5.164486275342242,2.2425917480836577
0.0009999999999763531,3272,5.165542075357974,2.243757248101025
0.0009999999999763531,3273,5.16660147537376,2.2449237481184072
0.0009999999999763531,3274,5.167664475389601,2.246091248135804
0.0009999999999763531,3275,5.1687310754054945,2.2472597481532164
0.0009999999999763531,3276,5.169801275421441,2.2484292481706434
0.0009999999999763531,3277,5.170875075437442,2.2495997481880847
0.0009999999999763531,3278,5.171952475453496,2.2507712482055418
0.0009999999999763531,3279,5.173033475469605,2.251943748223013
0.0009999999999763531,3280,5.174118075485766,2.2531172482404997
0.0009999999999763531,3281,5.175206275501981,2.2542917482580016
0.0009999999999763531,3282,5.17629807551825,2.2554672482755174
0.0009999999999763531,3283,5.177393475534574,2.256643748293049
0.0009999999999763531,3284,5.17849247555095,2.257821248310595
0.0009999999999763531,3285,5.17959507556738,2.258999748328156
0.0009999999999763531,3286,5.180701275583863,2.260179248345732
0.0009999999999763531,3287,5.181811075600401,2.2613597483633225
0.0009999999999763531,3288,5.182924475616992,2.2625412483809284
0.0009999999999763531,3289,5.184041475633636,2.263723748398549
0.0009999999999763531,3290,5.185162075650335,2.2649072484161845
0.0009999999999763531,3291,5.186286275667086,2.266091748433835
0.0009999999999763531,3292,5.1874140756838925,2.2672772484515002
0.0009999999999763531,3293,5.188545475700751,2.2684637484691805
0.0009999999999763531,3294,5.1896804757176636,2.2696512484868756
0.0009999999999763531,3295,5.19081907573463,2.2708397485045855
0.0009999999999763531,3296,5.191961275751651,2.2720292485223106
0.0009999999999763531,3297,5.193107075768725,2.2732197485400505
0.0009999999999763531,3298,5.194256475785852,2.274411248557805
0.0009999999999763531,3299,5.195409475803033,2.275603748575575
0.0009999999999763531,3300,5.196566075820267,2.276797248593359
0.0009999999999763531,3301,5.197726275837556,2.277991748611159
0.0009999999999763531,3302,5.198890075854898,2.279187248628973
0.0009999999999763531,3303,5.200057475872294,2.2803837486468024
0.0009999999999763531,3304,5.201228475889742,2.2815812486646463
0.0009999999999763531,3305,5.202403075907245,2.2827797486825054
0.0009999999999763531,3306,5.203581275924803,2.2839792487003794
0.0009999999999763531,3307,5.204763075942412,2.285179748718268
0.0009999999999763531,3308,5.205948475960076,2.2863812487361717
0.0009999999999763531,3309,5.2071374759777935,2.287583748754091
0.0009999999999763531,3310,5.208330075995565,2.2887872487720244
0.0009999999999763531,3311,5.209526276013389,2.289991748789973
0.0009999999999763531,3312,5.210726076031268,2.291197248807936
0.0009999999999763531,3313,5.2119294760492,2.2924037488259144
0.0009999999999763531,3314,5.213136476067186,2.2936112488439075
0.0009999999999763531,3315,5.214347076085225,2.294819748861915
0.0009999999999763531,3316,5.215561276103319,2.2960292488799388
0.0009999999999763531,3317,5.216779076121465,2.2972397488979763
0.0009999999999763531,3318,5.218000476139665,2.298451248916029
0.0009999999999763531,3319,5.219225476157919,2.2996637489340968
0.0009999999999763531,3320,5.220454076176226,2.300877248952179
0.0009999999999763531,3321,5.221686276194587,2.302091748970277
0.0009999999999763531,3322,5.222922076213003,2.3033072489883892
0.0009999999999763531,3323,5.224161476231471,2.3045237490065165
0.0009999999999763531,3324,5.225404476249993,2.305741249024659
0.0009999999999763531,3325,5.226651076268569,2.3069597490428158
0.0009999999999763531,3326,5.227901276287199,2.308179249060988
0.0009999999999763531,3327,5.229155076305881,2.3093997490791747
0.0009999999999763531,3328,5.230412476324618,2.310621249097376
0.0009999999999763531,3329,5.231673476343408,2.311843749115593
0.0009999999999763531,3330,5.232938076362252,2.3130672491338244
0.0009999999999763531,3331,5.23420627638115,2.314291749152071
0.0009999999999763531,3332,5.235478076400101,2.315517249170332
0.0009999999999763531,3333,5.236753476419107,2.3167437491886087
0.0009999999999763531,3334,5.238032476438166,2.3179712492069
0.0009999999999763531,3335,5.239315076457277,2.3191997492252057
0.0009999999999763531,3336,5.240601276476443,2.320429249243527
0.0009999999999763531,3337,5.241891076495662,2.3216597492618627
0.0009999999999763531,3338,5.243184476514936,2.3228912492802136
0.0009999999999763531,3339,5.244481476534263,2.324123749298579
0.0009999999999763531,3340,5.245782076553644,2.32535724931696
0.0009999999999763531,3341,5.247086276573077,2.326591749335355
0.0009999999999763531,3342,5.2483940765925645,2.3278272493537653
0.0009999999999763531,3343,5.249705476612107,2.3290637493721906
0.0009999999999763531,3344,5.251020476631702,2.330301249390631
0.0009999999999763531,3345,5.252339076651349,2.331539749409086
0.0009999999999763531,3346,5.253661276671052,2.3327792494275563
0.0009999999999763531,3347,5.254987076690808,2.3340197494460413
0.0009999999999763531,3348,5.256316476710618,2.3352612494645406
0.0009999999999763531,3349,5.257649476730481,2.3365037494830556
0.0009999999999763531,3350,5.258986076750398,2.337747249501585
0.0009999999999763531,3351,5.2603262767703685,2.3389917495201296
0.0009999999999763531,3352,5.261670076790393,2.340237249538689
0.0009999999999763531,3353,5.26301747681047,2.3414837495572636
0.0009999999999763531,3354,5.264368476830602,2.342731249575852
0.0009999999999763531,3355,5.265723076850787,2.3439797495944568
0.0009999999999763531,3356,5.267081276871026,2.3452292496130758
0.0009999999999763531,3357,5.268443076891318,2.3464797496317096
0.0009999999999763531,3358,5.269808476911665,2.347731249650358
0.0009999999999763531,3359,5.271177476932063,2.348983749669022
0.0009999999999763531,3360,5.272550076952517,2.3502372496877006
0.0009999999999763531,3361,5.273926276973025,2.351491749706394
0.0009999999999763531,3362,5.275306076993585,2.3527472497251027
0.0009999999999763531,3363,5.276689477014199,2.3540037497438258
0.0009999999999763531,3364,5.278076477034867,2.355261249762564
0.0009999999999763531,3365,5.279467077055589,2.356519749781317
0.0009999999999763531,3366,5.280861277076363,2.3577792498000854
0.0009999999999763531,3367,5.2822590770971924,2.3590397498188684
0.0009999999999763531,3368,5.283660477118076,2.360301249837666
0.0009999999999763531,3369,5.285065477139012,2.3615637498564785
0.0009999999999763531,3370,5.286474077160001,2.3628272498753065
0.0009999999999763531,3371,5.287886277181045,2.3640917498941487
0.0009999999999763531,3372,5.289302077202142,2.365357249913006
0.0009999999999763531,3373,5.2907214772232924,2.3666237499318785
0.0009999999999763531,3374,5.292144477244497,2.3678912499507656
0.0009999999999763531,3375,5.293571077265755,2.369159749969668
0.0009999999999763531,3376,5.295001277287066,2.370429249988585
0.0009999999999763531,3377,5.2964350773084306,2.3716997500075165
0.0009999999999763531,3378,5.29787247732985,2.3729712500264637
0.0009999999999763531,3379,5.2993134773513235,2.3742437500454256
0.0009999999999763531,3380,5.3007580773728495,2.375517250064402
0.0009999999999763531,3381,5.302206277394429,2.3767917500833935
0.0009999999999763531,3382,5.303658077416063,2.3780672501024
0.0009999999999763531,3383,5.30511347743775,2.3793437501214214
0.0009999999999763531,3384,5.306572477459491,2.3806212501404573
0.0009999999999763531,3385,5.308035077481285,2.3818997501595085
0.0009999999999763531,3386,5.309501277503133,2.383179250178575
0.0009999999999763531,3387,5.310971077525036,2.3844597501976557
0.0009999999999763531,3388,5.31244447754699,2.3857412502167517
0.0009999999999763531,3389,5.313921477569,2.387023750235862
0.0009999999999763531,3390,5.315402077591062,2.388307250254988
0.0009999999999763531,3391,5.316886277613178,2.3895917502741284
0.0009999999999763531,3392,5.318374077635348,2.3908772502932836
0.0009999999999763531,3393,5.319865477657572,2.3921637503124544
0.0009999999999763531,3394,5.321360477679849,2.3934512503316396
0.0009999999999763531,3395,5.32285907770218,2.3947397503508396
0.0009999999999763531,3396,5.324361277724564,2.396029250370055
0.0009999999999763531,3397,5.325867077747003,2.3973197503892845
0.0009999999999763531,3398,5.327376477769495,2.3986112504085297
0.0009999999999763531,3399,5.32888947779204,2.399903750427789
0.0009999999999763531,3400,5.330406077814638,2.401197250447064
0.0009999999999763531,3401,5.331926277837292,2.4024917504663534
0.0009999999999763531,3402,5.3334500778599985,2.4037872504856574
0.0009999999999763531,3403,5.334977477882759,2.405083750504977
0.0009999999999763531,3404,5.336508477905572,2.4063812505243116
0.0009999999999763531,3405,5.33804307792844,2.407679750543661
0.0009999999999763531,3406,5.3395812779513605,2.408979250563025
0.0009999999999763531,3407,5.341123077974334,2.410279750582404
0.0009999999999763531,3408,5.342668477997363,2.4115812506017975
0.0009999999999763531,3409,5.344217478020445,2.4128837506212064
0.0009999999999763531,3410,5.34577007804358,2.41418725064063
0.0009999999999763531,3411,5.347326278066769,2.4154917506600686
0.0009999999999763531,3412,5.348886078090012,2.4167972506795214
0.0009999999999763531,3413,5.350449478113308,2.4181037506989904
0.0009999999999763531,3414,5.35201647813666,2.4194112507184737
0.0009999999999763531,3415,5.3535870781600625,2.4207197507379714
0.0009999999999763531,3416,5.35516127818352,2.4220292507574848
0.0009999999999763531,3417,5.356739078207031,2.4233397507770125
0.0009999999999763531,3418,5.3583204782305955,2.424651250796556
0.0009999999999763531,3419,5.359905478254214,2.4259637508161136
0.0009999999999763531,3420,5.361494078277886,2.427277250835686
0.0009999999999763531,3421,5.363086278301612,2.4285917508552735
0.0009999999999763531,3422,5.364682078325392,2.4299072508748765
0.0009999999999763531,3423,5.366281478349224,2.4312237508944934
0.0009999999999763531,3424,5.367884478373111,2.4325412509141255
0.0009999999999763531,3425,5.369491078397051,2.433859750933773
0.0009999999999763531,3426,5.371101278421045,2.435179250953435
0.0009999999999763531,3427,5.372715078445092,2.436499750973112
0.0009999999999763531,3428,5.374332478469193,2.437821250992804
0.0009999999999763531,3429,5.375953478493348,2.4391437510125105
0.0009999999999763531,3430,5.377578078517557,2.4404672510322323
0.0009999999999763531,3431,5.379206278541818,2.441791751051969
0.0009999999999763531,3432,5.380838078566134,2.4431172510717207
0.0009999999999763531,3433,5.382473478590503,2.444443751091487
0.0009999999999763531,3434,5.384112478614927,2.4457712511112684
0.0009999999999763531,3435,5.385755078639403,2.4470997511310646
0.0009999999999763531,3436,5.387401278663933,2.448429251150875
0.0009999999999763531,3437,5.389051078688517,2.4497597511707014
0.0009999999999763531,3438,5.390704478713155,2.451091251190542
0.0009999999999763531,3439,5.392361478737846,2.452423751210398
0.0009999999999763531,3440,5.394022078762591,2.453757251230269
0.0009999999999763531,3441,5.39568627878739,2.4550917512501544
0.0009999999999763531,3442,5.397354078812241,2.4564272512700547
0.0009999999999763531,3443,5.399025478837148,2.4577637512899706
0.0009999999999763531,3444,5.400700478862107,2.4591012513099004
0.0009999999999763531,3445,5.402379078887121,2.460439751329846
0.0009999999999763531,3446,5.404061278912187,2.461779251349806
0.0009999999999763531,3447,5.405747078937307,2.4631197513697813
0.0009999999999763531,3448,5.407436478962482,2.464461251389771
0.0009999999999763531,3449,5.409129478987708,2.465803751409776
0.0009999999999763531,3450,5.41082607901299,2.4671472514297954
0.0009999999999763531,3451,5.4125262790383255,2.46849175144983
0.0009999999999763531,3452,5.414230079063715,2.4698372514698796
0.0009999999999763531,3453,5.415937479089156,2.471183751489944
0.0009999999999763531,3454,5.417648479114652,2.4725312515100235
0.0009999999999763531,3455,5.419363079140201,2.4738797515301174
0.0009999999999763531,3456,5.421081279165804,2.475229251550227
0.0009999999999763531,3457,5.4228030791914605,2.4765797515703505
0.0009999999999763531,3458,5.424528479217172,2.4779312515904897
0.0009999999999763531,3459,5.426257479242936,2.4792837516106436
0.0009999999999763531,3460,5.427990079268754,2.4806372516308124
0.0009999999999763531,3461,5.429726279294625,2.481991751650996
0.0009999999999763531,3462,5.4314660793205505,2.4833472516711943
0.0009999999999763531,3463,5.433209479346528,2.4847037516914074
0.0009999999999763531,3464,5.434956479372562,2.486061251711636
0.0009999999999763531,3465,5.436707079398647,2.487419751731879
0.0009999999999763531,3466,5.438461279424787,2.4887792517521374
0.0009999999999763531,3467,5.44021907945098,2.49013975177241
0.0009999999999763531,3468,5.441980479477227,2.4915012517926987
0.0009999999999763531,3469,5.443745479503528,2.492863751813001
0.0009999999999763531,3470,5.4455140795298815,2.4942272518333186
0.0009999999999763531,3471,5.44728627955629,2.4955917518536515
0.0009999999999763531,3472,5.449062079582751,2.496957251873999
0.0009999999999763531,3473,5.450841479609267,2.4983237518943615
0.0009999999999763531,3474,5.452624479635835,2.4996912519147387
0.0009999999999763531,3475,5.454411079662457,2.5010597519351307
0.0009999999999763531,3476,5.456201279689134,2.5024292519555384
0.0009999999999763531,3477,5.457995079715864,2.5037997519759605
0.0009999999999763531,3478,5.459792479742647,2.5051712519963973
0.0009999999999763531,3479,5.461593479769484,2.506543752016849
0.0009999999999763531,3480,5.463398079796375,2.507917252037316
0.0009999999999763531,3481,5.465206279823318,2.509291752057797
0.0009999999999763531,3482,5.467018079850316,2.510667252078294
0.0009999999999763531,3483,5.468833479877368,2.5120437520988057
0.0009999999999763531,3484,5.470652479904473,2.5134212521193318
0.0009999999999763531,3485,5.472475079931631,2.514799752139873
0.0009999999999763531,3486,5.474301279958844,2.516179252160429
0.0009999999999763531,3487,5.476131079986111,2.5175597521810005
0.0009999999999763531,3488,5.47796448001343,2.518941252201586
0.0009999999999763531,3489,5.479801480040805,2.520323752222187
0.0009999999999763531,3490,5.481642080068231,2.521707252242803
0.0009999999999763531,3491,5.483486280095712,2.5230917522634337
0.0009999999999763531,3492,5.485334080123246,2.524477252284079
0.0009999999999763531,3493,5.487185480150834,2.5258637523047396
0.0009999999999763531,3494,5.489040480178476,2.527251252325415
0.0009999999999763531,3495,5.490899080206171,2.5286397523461055
0.0009999999999763531,3496,5.492761280233919,2.53002925236681
0.0009999999999763531,3497,5.494627080261723,2.53141975238753
0.0009999999999763531,3498,5.496496480289579,2.5328112524082655
0.0009999999999763531,3499,5.498369480317488,2.5342037524290153
0.0009999999999763531,3500,5.500246080345452,2.53559725244978
0.0009999999999763531,3501,5.502126280373469,2.536991752470559
0.0009999999999763531,3502,5.50401008040154,2.538387252491354
0.0009999999999763531,3503,5.505897480429664,2.5397837525121636
0.0009999999999763531,3504,5.507788480457842,2.5411812525329878
0.0009999999999763531,3505,5.509683080486074,2.542579752553827
0.0009999999999763531,3506,5.51158128051436,2.5439792525746814
0.0009999999999763531,3507,5.51158128051436,2.5439792525746814
0.0009999999999763531,3508,5.513479189520067,2.5453785415770067
0.0009999999999763531,3509,5.515372916480571,2.546776408542259
0.0009999999999763531,3510,5.517262461395865,2.548172853470438
0.0009999999999763531,3511,5.519147824265953,2.549567876361545
0.0009999999999763531,3512,5.521029005090833,2.550961477215578
0.0009999999999763531,3513,5.5229060038705065,2.552353656032539
0.0009999999999763531,3514,5.524778820604974,2.553744412812427
0.0009999999999763531,3515,5.526647455294234,2.5551337475552423
0.0009999999999763531,3516,5.528511907938286,2.5565216602609837
0.0009999999999763531,3517,5.530372178537132,2.557908150929653
0.0009999999999763531,3518,5.532228267090771,2.55929321956125
0.0009999999999763531,3519,5.534080173599202,2.560676866155773
0.0009999999999763531,3520,5.535927898062428,2.562059090713224
0.0009999999999763531,3521,5.537771440480445,2.5634398932336016
0.0009999999999763531,3522,5.539610800853255,2.5648192737169064
0.0009999999999763531,3523,5.5414459791808595,2.566197232163138
0.0009999999999763531,3524,5.5432769754632565,2.5675737685722972
0.0009999999999763531,3525,5.5451037897004465,2.5689488829443836
0.0009999999999763531,3526,5.546926421892429,2.570322575279397
0.0009999999999763531,3527,5.548744872039205,2.571694845577337
0.0009999999999763531,3528,5.5505591401407735,2.5730656938382044
0.0009999999999763531,3529,5.552369226197135,2.5744351200619993
0.0009999999999763531,3530,5.554175130208291,2.5758031242487207
0.0009999999999763531,3531,5.555976852174238,2.5771697063983696
0.0009999999999763531,3532,5.55777439209498,2.5785348665109455
0.0009999999999763531,3533,5.559567749970513,2.5798986045864485
0.0009999999999763531,3534,5.561356925800839,2.5812609206248793
0.0009999999999763531,3535,5.563141919585959,2.5826218146262363
0.0009999999999763531,3536,5.564922731325872,2.583981286590521
0.0009999999999763531,3537,5.566699361020578,2.5853393365177326
0.0009999999999763531,3538,5.568471808670077,2.5866959644078706
0.0009999999999763531,3539,5.570240074274369,2.5880511702609366
0.0009999999999763531,3540,5.572004157833454,2.5894049540769295
0.0009999999999763531,3541,5.573764059347331,2.5907573158558495
0.0009999999999763531,3542,5.575519778816002,2.592108255597697
0.0009999999999763531,3543,5.577271316239466,2.593457773302471
0.0009999999999763531,3544,5.5790186716177255,2.594805868970173
0.0009999999999763531,3545,5.580761844950774,2.5961525426008016
0.0009999999999763531,3546,5.582500836238617,2.597497794194357
0.0009999999999763531,3547,5.584235645481253,2.5988416237508396
0.0009999999999763531,3548,5.585966272678681,2.600184031270249
0.0009999999999763531,3549,5.587692717830905,2.6015250167525865
0.0009999999999763531,3550,5.589414980937919,2.6028645801978505
0.0009999999999763531,3551,5.591133061999727,2.604202721606042
0.0009999999999763531,3552,5.592846961016328,2.60553944097716
0.0009999999999763531,3553,5.594556677987722,2.606874738311206
0.0009999999999763531,3554,5.596262212913908,2.608208613608178
0.0009999999999763531,3555,5.597963565794889,2.6095410668680774
0.0009999999999763531,3556,5.599660736630661,2.6108720980909044
0.0009999999999763531,3557,5.601353725421228,2.612201707276659
0.0009999999999763531,3558,5.603042532166587,2.6135298944253393
0.0009999999999763531,3559,5.60472715686674,2.6148566595369473
0.0009999999999763531,3560,5.606407599521684,2.616182002611483
0.0009999999999763531,3561,5.608083860131423,2.617505923648945
0.0009999999999763531,3562,5.609755938695953,2.618828422649335
0.0009999999999763531,3563,5.611423835215277,2.6201494996126513
0.0009999999999763531,3564,5.613087549689394,2.621469154538895
0.0009999999999763531,3565,5.614747082118304,2.6227873874280654
0.0009999999999763531,3566,5.6164024325020065,2.6241041982801634
0.0009999999999763531,3567,5.618053600840502,2.6254195870951884
0.0009999999999763531,3568,5.619700587133792,2.6267335538731404
0.0009999999999763531,3569,5.621343391381874,2.6280460986140195
0.0009999999999763531,3570,5.62298201358475,2.6293572213178265
0.0009999999999763531,3571,5.624616453742417,2.6306669219845595
0.0009999999999763531,3572,5.626246711854878,2.63197520061422
0.0009999999999763531,3573,5.627872787922132,2.633282057206808
0.0009999999999763531,3574,5.62949468194418,2.634587491762323
0.0009999999999763531,3575,5.631112393921019,2.635891504280765
0.0009999999999763531,3576,5.632725923852653,2.6371940947621337
0.0009999999999763531,3577,5.634335271739078,2.6384952632064302
0.0009999999999763531,3578,5.635940437580298,2.6397950096136538
0.0009999999999763531,3579,5.63754142137631,2.6410933339838043
0.0009999999999763531,3580,5.639138223127114,2.6423902363168814
0.0009999999999763531,3581,5.6407308428327125,2.643685716612886
0.0009999999999763531,3582,5.642319280493103,2.644979774871818
0.0009999999999763531,3583,5.643903536108288,2.646272411093677
0.0009999999999763531,3584,5.645483609678266,2.6475636252784627
0.0009999999999763531,3585,5.647059501203036,2.648853417426176
0.0009999999999763531,3586,5.648631210682599,2.6501417875368163
0.0009999999999763531,3587,5.650198738116955,2.6514287356103834
0.0009999999999763531,3588,5.651762083506105,2.6527142616468784
0.0009999999999763531,3589,5.653321246850047,2.6539983656463
0.0009999999999763531,3590,5.654876228148781,2.6552810476086486
0.0009999999999763531,3591,5.65642702740231,2.6565623075339246
0.0009999999999763531,3592,5.657973644610632,2.6578421454221273
0.0009999999999763531,3593,5.659516079773745,2.6591205612732574
0.0009999999999763531,3594,5.661054332891653,2.660397555087315
0.0009999999999763531,3595,5.662588403964354,2.6616731268642995
0.0009999999999763531,3596,5.664118292991846,2.6629472766042106
0.0009999999999763531,3597,5.665643999974132,2.664220004307049
0.0009999999999763531,3598,5.667165524911212,2.665491309972815
0.0009999999999763531,3599,5.668682867803085,2.666761193601508
0.0009999999999763531,3600,5.670196028649749,2.668029655193128
0.0009999999999763531,3601,5.671705007451208,2.6692966947476746
0.0009999999999763531,3602,5.67320980420746,2.670562312265149
0.0009999999999763531,3603,5.674710418918504,2.6718265077455503
0.0009999999999763531,3604,5.676206851584341,2.6730892811888785
0.0009999999999763531,3605,5.677699102204972,2.6743506325951336
0.0009999999999763531,3606,5.679187170780395,2.6756105619643167
0.0009999999999763531,3607,5.680671057310611,2.6768690692964263
0.0009999999999763531,3608,5.68215076179562,2.678126154591463
0.0009999999999763531,3609,5.683626284235423,2.679381817849427
0.0009999999999763531,3610,5.685097624630019,2.680636059070318
0.0009999999999763531,3611,5.6865647829794055,2.6818888782541364
0.0009999999999763531,3612,5.688027759283587,2.683140275400881
0.0009999999999763531,3613,5.689486553542561,2.6843902505105537
0.0009999999999763531,3614,5.690941165756328,2.685638803583153
0.0009999999999763531,3615,5.692391595924889,2.68688593461868
0.0009999999999763531,3616,5.693837844048242,2.6881316436171336
0.0009999999999763531,3617,5.695279910126389,2.6893759305785148
0.0009999999999763531,3618,5.696717794159328,2.6906187955028225
0.0009999999999763531,3619,5.6981514961470605,2.6918602383900576
0.0009999999999763531,3620,5.699581016089585,2.6931002592402202
0.0009999999999763531,3621,5.701006353986903,2.6943388580533094
0.0009999999999763531,3622,5.702427509839016,2.6955760348293256
0.0009999999999763531,3623,5.70384448364592,2.6968117895682693
0.0009999999999763531,3624,5.705257275407617,2.69804612227014
0.0009999999999763531,3625,5.706665885124107,2.699279032934938
0.0009999999999763531,3626,5.708070312795392,2.7005105215626624
0.0009999999999763531,3627,5.709470558421468,2.7017405881533145
0.0009999999999763531,3628,5.710866622002337,2.7029692327068933
0.0009999999999763531,3629,5.712258503537999,2.7041964552233995
0.0009999999999763531,3630,5.713646203028455,2.705422255702833
0.0009999999999763531,3631,5.715029720473703,2.706646634145194
0.0009999999999763531,3632,5.716409055873745,2.707869590550481
0.0009999999999763531,3633,5.717784209228578,2.709091124918696
0.0009999999999763531,3634,5.719155180538206,2.710311237249838
0.0009999999999763531,3635,5.720521969802627,2.7115299275439066
0.0009999999999763531,3636,5.721884577021839,2.712747195800903
0.0009999999999763531,3637,5.723243002195847,2.713963042020826
0.0009999999999763531,3638,5.724597245324646,2.7151774662036767
0.0009999999999763531,3639,5.725947306408239,2.7163904683494535
0.0009999999999763531,3640,5.727293185446625,2.7176020484581587
0.0009999999999763531,3641,5.728634882439803,2.71881220652979
0.0009999999999763531,3642,5.729972397387773,2.7200209425643487
0.0009999999999763531,3643,5.731305730290539,2.7212282565618344
0.0009999999999763531,3644,5.732634881148097,2.7224341485222476
0.0009999999999763531,3645,5.7339598499604465,2.723638618445588
0.0009999999999763531,3646,5.73528063672759,2.7248416663318555
0.0009999999999763531,3647,5.736597241449527,2.72604329218105
0.0009999999999763531,3648,5.737909664126256,2.727243495993171
0.0009999999999763531,3649,5.73921790475778,2.7284422777682202
0.0009999999999763531,3650,5.7405219633440945,2.729639637506196
0.0009999999999763531,3651,5.741821839885203,2.7308355752070983
0.0009999999999763531,3652,5.7431175343811045,2.7320300908709276
0.0009999999999763531,3653,5.744409046831798,2.7332231844976853
0.0009999999999763531,3654,5.745696377237286,2.734414856087369
0.0009999999999763531,3655,5.746979525597567,2.7356051056399804
0.0009999999999763531,3656,5.748258491912641,2.736793933155519
0.0009999999999763531,3657,5.7495332761825075,2.7379813386339844
0.0009999999999763531,3658,5.750803878407167,2.739167322075377
0.0009999999999763531,3659,5.752070298586619,2.740351883479697
0.0009999999999763531,3660,5.7533325367208645,2.7415350228469437
0.0009999999999763531,3661,5.754590592809903,2.7427167401771175
0.0009999999999763531,3662,5.755844466853735,2.743897035470219
0.0009999999999763531,3663,5.757094158852359,2.745075908726247
0.0009999999999763531,3664,5.758339668805776,2.7462533599452024
0.0009999999999763531,3665,5.7595809967139875,2.747429389127085
0.0009999999999763531,3666,5.7608181425769915,2.748603996271895
0.0009999999999763531,3667,5.762051106394789,2.749777181379631
0.0009999999999763531,3668,5.763279888167378,2.750948944450295
0.0009999999999763531,3669,5.76450448789476,2.752119285483886
0.0009999999999763531,3670,5.765724905576937,2.753288204480404
0.0009999999999763531,3671,5.766941141213905,2.7544557014398494
0.0009999999999763531,3672,5.768153194805667,2.7556217763622213
0.0009999999999763531,3673,5.7693610663522215,2.756786429247521
0.0009999999999763531,3674,5.770564755853568,2.757949660095747
0.0009999999999763531,3675,5.771764263309709,2.7591114689069007
0.0009999999999763531,3676,5.772959588720643,2.7602718556809815
0.0009999999999763531,3677,5.77415073208637,2.7614308204179894
0.0009999999999763531,3678,5.77533769340689,2.762588363117924
0.0009999999999763531,3679,5.776520472682202,2.7637444837807865
0.0009999999999763531,3680,5.777699069912307,2.764899182406576
0.0009999999999763531,3681,5.778873485097208,2.766052458995292
0.0009999999999763531,3682,5.780043718236898,2.767204313546935
0.0009999999999763531,3683,5.781209769331384,2.768354746061506
0.0009999999999763531,3684,5.7823716383806625,2.769503756539004
0.0009999999999763531,3685,5.783529325384734,2.770651344979429
0.0009999999999763531,3686,5.784682830343596,2.771797511382781
0.0009999999999763531,3687,5.785832153257253,2.7729422557490597
0.0009999999999763531,3688,5.786977294125703,2.774085578078266
0.0009999999999763531,3689,5.788118252948945,2.7752274783703985
0.0009999999999763531,3690,5.789255029726982,2.7763679566254593
0.0009999999999763531,3691,5.79038762445981,2.7775070128434467
0.0009999999999763531,3692,5.7915160371474315,2.7786446470243615
0.0009999999999763531,3693,5.792640267789848,2.779780859168203
0.0009999999999763531,3694,5.793760316387055,2.780915649274972
0.0009999999999763531,3695,5.794876182939055,2.782049017344668
0.0009999999999763531,3696,5.79598786744585,2.783180963377291
0.0009999999999763531,3697,5.797095369907437,2.7843114873728414
0.0009999999999763531,3698,5.798198690323816,2.7854405893313183
0.0009999999999763531,3699,5.799297828694989,2.786568269252723
0.0009999999999763531,3700,5.8003927850209545,2.7876945271370546
0.0009999999999763531,3701,5.801483559301713,2.788819362984313
0.0009999999999763531,3702,5.802570151537266,2.789942776794499
0.0009999999999763531,3703,5.803652561727611,2.7910647685676118
0.0009999999999763531,3704,5.804730789872749,2.7921853383036517
0.0009999999999763531,3705,5.80580483597268,2.7933044860026186
0.0009999999999763531,3706,5.806874700027403,2.794422211664513
0.0009999999999763531,3707,5.80794038203692,2.7955385152893344
0.0009999999999763531,3708,5.80900188200123,2.796653396877083
0.0009999999999763531,3709,5.810059199920332,2.7977668564277582
0.0009999999999763531,3710,5.8111123357942285,2.798878893941361
0.0009999999999763531,3711,5.812161289622918,2.799989509417891
0.0009999999999763531,3712,5.813206061406399,2.801098702857348
0.0009999999999763531,3713,5.814246651144674,2.802206474259732
0.0009999999999763531,3714,5.815283058837742,2.803312823625043
0.0009999999999763531,3715,5.816315284485603,2.8044177509532813
0.0009999999999763531,3716,5.817343328088258,2.805521256244447
0.0009999999999763531,3717,5.818367189645705,2.8066233394985396
0.0009999999999763531,3718,5.819386869157945,2.807724000715559
0.0009999999999763531,3719,5.820402366624977,2.808823239895506
0.0009999999999763531,3720,5.821413682046804,2.80992105703838
0.0009999999999763531,3721,5.822420815423422,2.8110174521441813
0.0009999999999763531,3722,5.823423766754835,2.8121124252129084
0.0009999999999763531,3723,5.824422536041039,2.813205976244564
0.0009999999999763531,3724,5.825417123282038,2.8142981052391463
0.0009999999999763531,3725,5.826407528477828,2.8153888121966557
0.0009999999999763531,3726,5.827393751628412,2.8164780971170926
0.0009999999999763531,3727,5.828375792733789,2.817565960000456
0.0009999999999763531,3728,5.8293536517939595,2.818652400846747
0.0009999999999763531,3729,5.830327328808923,2.8197374196559646
0.0009999999999763531,3730,5.831296823778678,2.82082101642811
0.0009999999999763531,3731,5.8322621367032275,2.821903191163182
0.0009999999999763531,3732,5.83322326758257,2.8229839438611815
0.0009999999999763531,3733,5.834180216416705,2.8240632745221075
0.0009999999999763531,3734,5.835132983205632,2.8251411831459614
0.0009999999999763531,3735,5.836081567949353,2.826217669732742
0.0009999999999763531,3736,5.837025970647868,2.827292734282449
0.0009999999999763531,3737,5.8379661913011756,2.8283663767950844
0.0009999999999763531,3738,5.838902229909276,2.829438597270646
0.0009999999999763531,3739,5.839834086472169,2.8305093957091354
0.0009999999999763531,3740,5.840761760989855,2.8315787721105514
0.0009999999999763531,3741,5.841685253462334,2.832646726474895
0.0009999999999763531,3742,5.842604563889605,2.833713258802165
0.0009999999999763531,3743,5.84351969227167,2.834778369092363
0.0009999999999763531,3744,5.844430638608529,2.8358420573454874
0.0009999999999763531,3745,5.84533740290018,2.836904323561539
0.0009999999999763531,3746,5.846239985146624,2.837965167740518
0.0009999999999763531,3747,5.8471383853478605,2.839024589882424
0.0009999999999763531,3748,5.84803260350389,2.8400825899872566
0.0009999999999763531,3749,5.848922639614713,2.841139168055017
0.0009999999999763531,3750,5.84980849368033,2.842194324085704
0.0009999999999763531,3751,5.850690165700739,2.8432480580793187
0.0009999999999763531,3752,5.851567655675941,2.8443003700358607
0.0009999999999763531,3753,5.852440963605936,2.8453512599553297
0.0009999999999763531,3754,5.853310089490725,2.846400727837725
0.0009999999999763531,3755,5.854175033330305,2.8474487736830483
0.0009999999999763531,3756,5.85503579512468,2.848495397491298
0.0009999999999763531,3757,5.8558923748738465,2.8495405992624754
0.0009999999999763531,3758,5.856744772577807,2.8505843789965795
0.0009999999999763531,3759,5.8575929882365605,2.8516267366936106
0.0009999999999763531,3760,5.858437021850106,2.8526676723535696
0.0009999999999763531,3761,5.8592768734184455,2.8537071859764547
0.0009999999999763531,3762,5.860112542941578,2.8547452775622677
0.0009999999999763531,3763,5.860944030419502,2.8557819471110073
0.0009999999999763531,3764,5.861771335852221,2.856817194622675
0.0009999999999763531,3765,5.862594459239733,2.8578510200972684
0.0009999999999763531,3766,5.863413400582037,2.85888342353479
0.0009999999999763531,3767,5.864228159879134,2.859914404935238
0.0009999999999763531,3768,5.865038737131024,2.860943964298613
0.0009999999999763531,3769,5.865845132337708,2.861972101624916
0.0009999999999763531,3770,5.866647345499183,2.862998816914146
0.0009999999999763531,3771,5.8674453766154535,2.8640241101663024
0.0009999999999763531,3772,5.868239225686516,2.865047981381387
0.0009999999999763531,3773,5.86902889271237,2.8660704305593976
0.0009999999999763531,3774,5.86981437769302,2.8670914577003357
0.0009999999999763531,3775,5.870595680628461,2.8681110628042013
0.0009999999999763531,3776,5.871372801518695,2.8691292458709934
0.0009999999999763531,3777,5.872145740363722,2.870146006900713
0.0009999999999763531,3778,5.872914497163542,2.8711613458933596
0.0009999999999763531,3779,5.873679071918156,2.872175262848933
0.0009999999999763531,3780,5.874439464627562,2.8731877577674343
0.0009999999999763531,3781,5.875195675291762,2.8741988306488624
0.0009999999999763531,3782,5.875947703910754,2.875208481493217
0.0009999999999763531,3783,5.876695550484539,2.876216710300499
0.0009999999999763531,3784,5.877439215013117,2.877223517070709
0.0009999999999763531,3785,5.878178697496489,2.878228901803845
0.0009999999999763531,3786,5.878913997934653,2.879232864499909
0.0009999999999763531,3787,5.879645116327611,2.880235405158899
0.0009999999999763531,3788,5.8803720526753605,2.8812365237808173
0.0009999999999763531,3789,5.881094806977904,2.882236220365662
0.0009999999999763531,3790,5.881813379235241,2.883234494913434
0.0009999999999763531,3791,5.882527769447369,2.8842313474241332
0.0009999999999763531,3792,5.883237977614292,2.8852267778977594
0.0009999999999763531,3793,5.883944003736008,2.8862207863343126
0.0009999999999763531,3794,5.884645847812516,2.887213372733793
0.0009999999999763531,3795,5.885343509843818,2.888204537096201
0.0009999999999763531,3796,5.886036989829911,2.8891942794215355
0.0009999999999763531,3797,5.8867262877707995,2.8901825997097976
0.0009999999999763531,3798,5.88741140366648,2.8911694979609863
0.0009999999999763531,3799,5.888092337516953,2.892154974175102
0.0009999999999763531,3800,5.88876908932222,2.893139028352145
0.0009999999999763531,3801,5.889441659082279,2.894121660492116
0.0009999999999763531,3802,5.8901100467971315,2.8951028705950135
0.0009999999999763531,3803,5.890774252466777,2.8960826586608377
0.0009999999999763531,3804,5.891434276091216,2.8970610246895894
0.0009999999999763531,3805,5.892090117670447,2.898037968681268
0.0009999999999763531,3806,5.8927417772044715,2.8990134906358738
0.0009999999999763531,3807,5.893389254693289,2.899987590553407
0.0009999999999763531,3808,5.894032550136899,2.9009602684338667
0.0009999999999763531,3809,5.894671663535304,2.901931524277254
0.0009999999999763531,3810,5.895306594888499,2.902901358083569
0.0009999999999763531,3811,5.89593734419649,2.90386976985281
0.0009999999999763531,3812,5.896563911459271,2.9048367595849784
0.0009999999999763531,3813,5.897186296676846,2.905802327280074
0.0009999999999763531,3814,5.897804499849215,2.906766472938097
0.0009999999999763531,3815,5.898418520976377,2.907729196559047
0.0009999999999763531,3816,5.899028360058331,2.9086904981429242
0.0009999999999763531,3817,5.89963401709508,2.9096503776897285
0.0009999999999763531,3818,5.90023549208662,2.9106088351994597
0.0009999999999763531,3819,5.900832785032954,2.911565870672118
0.0009999999999763531,3820,5.90142589593408,2.912521484107703
0.0009999999999763531,3821,5.902014824789999,2.9134756755062154
0.0009999999999763531,3822,5.902599571600712,2.9144284448676556
0.0009999999999763531,3823,5.903180136366218,2.915379792192023
0.0009999999999763531,3824,5.9037565190865156,2.916329717479316
0.0009999999999763531,3825,5.904328719761608,2.9172782207295374
0.0009999999999763531,3826,5.904896738391493,2.9182253019426856
0.0009999999999763531,3827,5.9054605749761695,2.9191709611187613
0.0009999999999763531,3828,5.90602022951564,2.9201151982577636
0.0009999999999763531,3829,5.906575702009905,2.9210580133596933
0.0009999999999763531,3830,5.907126992458961,2.9219994064245496
0.0009999999999763531,3831,5.90767410086281,2.922939377452333
0.0009999999999763531,3832,5.908217027221452,2.923877926443044
0.0009999999999763531,3833,5.908755771534889,2.9248150533966824
0.0009999999999763531,3834,5.909290333803117,2.9257507583132476
0.0009999999999763531,3835,5.909820714026139,2.92668504119274
0.0009999999999763531,3836,5.910346912203953,2.927617902035159
0.0009999999999763531,3837,5.910868928336562,2.9285493408405054
0.0009999999999763531,3838,5.9113867624239615,2.929479357608779
0.0009999999999763531,3839,5.911900414466156,2.93040795233998
0.0009999999999763531,3840,5.912409884463143,2.9313351250341073
0.0009999999999763531,3841,5.912915172414922,2.9322608756911626
0.0009999999999763531,3842,5.913416278321495,2.933185204311145
0.0009999999999763531,3843,5.91391320218286,2.9341081108940537
0.0009999999999763531,3844,5.91440594399902,2.9350295954398904
0.0009999999999763531,3845,5.914894503769971,2.9359496579486537
0.0009999999999763531,3846,5.915378881495715,2.936868298420344
0.0009999999999763531,3847,5.915859077176253,2.937785516854962
0.0009999999999763531,3848,5.916335090811584,2.9387013132525066
0.0009999999999763531,3849,5.916806922401708,2.9396156876129784
0.0009999999999763531,3850,5.917274571946624,2.9405286399363773
0.0009999999999763531,3851,5.917738039446334,2.9414401702227035
0.0009999999999763531,3852,5.918197324900837,2.942350278471957
0.0009999999999763531,3853,5.918652428310133,2.943258964684137
0.0009999999999763531,3854,5.919103349674221,2.9441662288592445
0.0009999999999763531,3855,5.919550088993104,2.945072070997279
0.0009999999999763531,3856,5.919992646266778,2.9459764910982407
0.0009999999999763531,3857,5.920431021495245,2.9468794891621295
0.0009999999999763531,3858,5.920865214678507,2.947781065188946
0.0009999999999763531,3859,5.921295225816561,2.948681219178688
0.0009999999999763531,3860,5.9217210549094075,2.9495799511313585
0.0009999999999763531,3861,5.922142701957046,2.950477261046956
0.0009999999999763531,3862,5.92256016695948,2.9513731489254806
0.0009999999999763531,3863,5.9229734499167055,2.9522676147669316
0.0009999999999763531,3864,5.923382550828725,2.953160658571311
0.0009999999999763531,3865,5.923787469695537,2.954052280338616
0.0009999999999763531,3866,5.924188206517141,2.954942480068849
0.0009999999999763531,3867,5.92458476129354,2.955831257762009
0.0009999999999763531,3868,5.924977134024729,2.9567186134180963
0.0009999999999763531,3869,5.925365324710714,2.9576045470371106
0.0009999999999763531,3870,5.92574933335149,2.958489058619052
0.0009999999999763531,3871,5.9261291599470605,2.9593721481639204
0.0009999999999763531,3872,5.926504804497423,2.9602538156717157
0.0009999999999763531,3873,5.926876267002579,2.961134061142438
0.0009999999999763531,3874,5.927243547462528,2.962012884576088
0.0009999999999763531,3875,5.927606645877269,2.962890285972665
0.0009999999999763531,3876,5.927965562246805,2.9637662653321692
0.0009999999999763531,3877,5.928320296571133,2.9646408226546
0.0009999999999763531,3878,5.928670848850253,2.965513957939958
0.0009999999999763531,3879,5.929017219084168,2.966385671188244
0.0009999999999763531,3880,5.929359407272875,2.9672559623994568
0.0009999999999763531,3881,5.929697413416374,2.968124831573596
0.0009999999999763531,3882,5.930031237514667,2.9689922787106626
0.0009999999999763531,3883,5.930360879567752,2.9698583038106565
0.0009999999999763531,3884,5.930686339575632,2.9707229068735774
0.0009999999999763531,3885,5.931007617538304,2.9715860878994254
0.0009999999999763531,3886,5.931324713455769,2.9724478468882003
0.0009999999999763531,3887,5.931637627328027,2.9733081838399027
0.0009999999999763531,3888,5.931946359155078,2.974167098754532
0.0009999999999763531,3889,5.932250908936922,2.9750245916320885
0.0009999999999763531,3890,5.932551276673559,2.9758806624725724
0.0009999999999763531,3891,5.932847462364989,2.9767353112759833
0.0009999999999763531,3892,5.933139466011211,2.977588538042321
0.0009999999999763531,3893,5.933427287612228,2.978440342771586
0.0009999999999763531,3894,5.933710927168037,2.9792907254637786
0.0009999999999763531,3895,5.933990384678639,2.9801396861188976
0.0009999999999763531,3896,5.934265660144034,2.9809872247369436
0.0009999999999763531,3897,5.934536753564222,2.981833341317917
0.0009999999999763531,3898,5.934803664939203,2.982678035861818
0.0009999999999763531,3899,5.935066394268977,2.983521308368646
0.0009999999999763531,3900,5.935324941553544,2.9843631588384003
0.0009999999999763531,3901,5.935579306792905,2.9852035872710823
0.0009999999999763531,3902,5.935829489987057,2.9860425936666917
0.0009999999999763531,3903,5.936075491136003,2.986880178025227
0.0009999999999763531,3904,5.936317310239742,2.987716340346691
0.0009999999999763531,3905,5.936554947298275,2.9885510806310815
0.0009999999999763531,3906,5.936788402311599,2.9893843988783986
0.0009999999999763531,3907,5.9370176752797175,2.9902162950886435
0.0009999999999763531,3908,5.937242766202628,2.991046769261815
0.0009999999999763531,3909,5.937463675080332,2.991875821397914
0.0009999999999763531,3910,5.9376804019128295,2.99270345149694
0.0009999999999763531,3911,5.937892946700121,2.9935296595588934
0.0009999999999763531,3912,5.938101309442203,2.9943544455837734
0.0009999999999763531,3913,5.938305490139079,2.99517780957158
0.0009999999999763531,3914,5.938505488790748,2.995999751522315
0.0009999999999763531,3915,5.938701305397211,2.9968202714359764
0.0009999999999763531,3916,5.938892939958465,2.997639369312565
0.0009999999999763531,3917,5.939080392474514,2.998457045152081
0.0009999999999763531,3918,5.939263662945354,2.999273298954524
0.0009999999999763531,3919,5.939442751370989,3.000088130719894
0.0009999999999763531,3920,5.939617657751416,3.000901540448191
0.0009999999999763531,3921,5.939788382086636,3.001713528139415
0.0009999999999763531,3922,5.939954924376649,3.0025240937935664
0.0009999999999763531,3923,5.940117284621456,3.0033332374106454
0.0009999999999763531,3924,5.940275462821054,3.0041409589906505
0.0009999999999763531,3925,5.940429458975447,3.0049472585335835
0.0009999999999763531,3926,5.940579273084632,3.0057521360394435
0.0009999999999763531,3927,5.94072490514861,3.0065555915082305
0.0009999999999763531,3928,5.9408663551673815,3.007357624939944
0.0009999999999763531,3929,5.941003623140946,3.0081582363345856
0.0009999999999763531,3930,5.941136709069302,3.0089574256921536
0.0009999999999763531,3931,5.941265612952453,3.0097551930126487
0.0009999999999763531,3932,5.9413903347903965,3.0105515382960713
0.0009999999999763531,3933,5.941510874583133,3.0113464615424217
0.0009999999999763531,3934,5.941627232330662,3.0121399627516983
0.0009999999999763531,3935,5.9417394080329835,3.012932041923902
0.0009999999999763531,3936,5.941847401690099,3.0137226990590333
0.0009999999999763531,3937,5.941951213302008,3.014511934157091
0.0009999999999763531,3938,5.942050842868708,3.0152997472180765
0.0009999999999763531,3939,5.942146290390203,3.0160861382419886
0.0009999999999763531,3940,5.942237555866491,3.016871107228828
0.0009999999999763531,3941,5.942324639297571,3.0176546541785947
0.0009999999999763531,3942,5.942407540683444,3.0184367790912887
0.0009999999999763531,3943,5.94248626002411,3.0192174819669093
0.0009999999999763531,3944,5.94256079731957,3.019996762805457
0.0009999999999763531,3945,5.942631152569821,3.020774621606932
0.0009999999999763531,3946,5.942697325774867,3.0215510583713345
0.0009999999999763531,3947,5.942759316934705,3.0223260730986636
0.0009999999999763531,3948,5.942817126049336,3.0230996657889206
0.0009999999999763531,3949,5.942870753118761,3.0238718364421038
0.0009999999999763531,3950,5.9429201981429784,3.0246425850582144
0.0009999999999763531,3951,5.9429654611219895,3.025411911637252
0.0009999999999763531,3952,5.943006542055793,3.0261798161792166
0.0009999999999763531,3953,5.943043440944388,3.026946298684109
0.0009999999999763531,3954,5.943076157787779,3.0277113591519282
0.0009999999999763531,3955,5.943104692585961,3.0284749975826744
0.0009999999999763531,3956,5.943129045338935,3.0292372139763475
0.0009999999999763531,3957,5.943149216046704,3.029998008332948
0.0009999999999763531,3958,5.943165204709265,3.0307573806524752
0.0009999999999763531,3959,5.94317701132662,3.0315153309349303
0.0009999999999763531,3960,5.943184635898767,3.032271859180312
0.0009999999999763531,3961,5.943188078425708,3.033026965388621
0.0009999999999763531,3962,5.943187338907441,3.0337806495598567
0.0009999999999763531,3963,5.943182417343967,3.0345329116940203
0.0009999999999763531,3964,5.9431733137352865,3.0352837517911104
0.0009999999999763531,3965,5.943160028081399,3.0360331698511276
0.0009999999999763531,3966,5.943142560382304,3.036781165874072
0.0009999999999763531,3967,5.943120910638003,3.037527739859944
0.0009999999999763531,3968,5.943095078848494,3.0382728918087425
0.0009999999999763531,3969,5.943065065013779,3.0390166217204686
0.0009999999999763531,3970,5.943030869133857,3.0397589295951217
0.0009999999999763531,3971,5.942992491208727,3.0404998154327014
0.0009999999999763531,3972,5.94294993123839,3.0412392792332086
0.0009999999999763531,3973,5.9429031892228465,3.041977320996643
0.0009999999999763531,3974,5.942852265162096,3.0427139407230044
0.0009999999999763531,3975,5.942797159056139,3.0434491384122926
0.0009999999999763531,3976,5.942737870904974,3.0441829140645082
0.0009999999999763531,3977,5.9426744007086025,3.0449152676796514
0.0009999999999763531,3978,5.942606748467024,3.045646199257721
0.0009999999999763531,3979,5.942534914180238,3.046375708798718
0.0009999999999763531,3980,5.942458897848246,3.0471037963026424
0.0009999999999763531,3981,5.942378699471047,3.047830461769494
0.0009999999999763531,3982,5.94229431904864,3.0485557051992718
0.0009999999999763531,3983,5.942205756581027,3.0492795265919774
0.0009999999999763531,3984,5.942113012068206,3.05000192594761
0.0009999999999763531,3985,5.942016085510179,3.05072290326617
0.0009999999999763531,3986,5.941914976906944,3.0514424585476565
0.0009999999999763531,3987,5.9418096862585035,3.05216059179207
0.0009999999999763531,3988,5.941700213564855,3.0528773029994114
0.0009999999999763531,3989,5.941586558825999,3.0535925921696796
0.0009999999999763531,3990,5.941468722041937,3.054306459302875
0.0009999999999763531,3991,5.941346703212667,3.0550189043989975
0.0009999999999763531,3992,5.941220502338191,3.055729927458047
0.0009999999999763531,3993,5.941090119418508,3.0564395284800234
0.0009999999999763531,3994,5.940955554453617,3.057147707464927
0.0009999999999763531,3995,5.94081680744352,3.0578544644127583
0.0009999999999763531,3996,5.940673878388215,3.058559799323516
0.0009999999999763531,3997,5.940526767287704,3.0592637121972013
0.0009999999999763531,3998,5.940375474141985,3.0599662030338135
0.0009999999999763531,3999,5.94021999895106,3.0606672718333527
0.0009999999999763531,4000,5.940060341714928,3.0613669185958194
0.0009999999999763531,4001,5.939896502433589,3.062065143321213
0.0009999999999763531,4002,5.939728481107042,3.062761946009534
0.0009999999999763531,4003,5.939556277735289,3.063457326660781
0.0009999999999763531,4004,5.939379892318328,3.0641512852749564
0.0009999999999763531,4005,5.939199324856161,3.064843821852058
0.0009999999999763531,4006,5.939014575348786,3.0655349363920874
0.0009999999999763531,4007,5.938825643796205,3.0662246288950437
0.0009999999999763531,4008,5.938825643796205,3.0662246288950437
0.0009999999999763531,4009,5.9387301325086135,3.0665691196372538
0.0009999999999763531,4010,5.938634621221021,3.0669136103794634
0.0009999999999763531,4011,5.938539109933428,3.0672581011216735
0.0009999999999763531,4012,5.9384435986458355,3.067602591863883
0.0009999999999763531,4013,5.938348087358244,3.0679470826060933
0.0009999999999763531,4014,5.938252576070651,3.068291573348303
0.0009999999999763531,4015,5.938157064783058,3.068636064090513
0.0009999999999763531,4016,5.938061553495466,3.0689805548327227
0.0009999999999763531,4017,5.937966042207874,3.069325045574933
0.0009999999999763531,4018,5.937870530920281,3.0696695363171425
0.0009999999999763531,4019,5.937775019632689,3.0700140270593526
0.0009999999999763531,4020,5.937679508345096,3.070358517801562
0.0009999999999763531,4021,5.937583997057504,3.0707030085437723
0.0009999999999763531,4022,5.9374884857699115,3.071047499285982
0.0009999999999763531,4023,5.937392974482319,3.071391990028192
0.0009999999999763531,4024,5.937297463194726,3.0717364807704026
0.0009999999999763531,4025,5.937201951907134,3.0720809715126123
0.0009999999999763531,4026,5.937106440619542,3.0724254622548224
0.0009999999999763531,4027,5.937010929331949,3.072769952997032
0.0009999999999763531,4028,5.936915418044356,3.073114443739242
0.0009999999999763531,4029,5.936819906756765,3.073458934481452
0.0009999999999763531,4030,5.936724395469172,3.073803425223662
0.0009999999999763531,4031,5.936628884181579,3.0741479159658716
0.0009999999999763531,4032,5.936533372893987,3.0744924067080817
0.0009999999999763531,4033,5.936437861606395,3.0748368974502913
0.0009999999999763531,4034,5.936342350318803,3.0751813881925014
0.0009999999999763531,4035,5.9362468390312095,3.075525878934711
0.0009999999999763531,4036,5.936151327743618,3.075870369676921
0.0009999999999763531,4037,5.936055816456025,3.076214860419131
0.0009999999999763531,4038,5.935960305168433,3.076559351161341
0.0009999999999763531,4039,5.93586479388084,3.0769038419035506
0.0009999999999763531,4040,5.935769282593248,3.0772483326457607
0.0009999999999763531,4041,5.935673771305655,3.0775928233879704
0.0009999999999763531,4042,5.9355782600180635,3.0779373141301805
0.0009999999999763531,4043,5.93548274873047,3.0782818048723906
0.0009999999999763531,4044,5.935387237442878,3.0786262956146
0.0009999999999763531,4045,5.935291726155286,3.0789707863568108
0.0009999999999763531,4046,5.935196214867695,3.0793152770990204
0.0009999999999763531,4047,5.935100703580101,3.0796597678412305
0.0009999999999763531,4048,5.935005192292509,3.08000425858344
0.0009999999999763531,4049,5.934909681004917,3.0803487493256503
0.0009999999999763531,4050,5.934814169717325,3.08069324006786
0.0009999999999763531,4051,5.934718658429732,3.08103773081007
0.0009999999999763531,4052,5.93462314714214,3.0813822215522797
0.0009999999999763531,4053,5.934527635854547,3.08172671229449
0.0009999999999763531,4054,5.934432124566955,3.0820712030366995
0.0009999999999763531,4055,5.934336613279362,3.0824156937789096
0.0009999999999763531,4056,5.93424110199177,3.0827601845211197
0.0009999999999763531,4057,5.934145590704177,3.0831046752633293
0.0009999999999763531,4058,5.934050079416585,3.083449166005539
0.0009999999999763531,4059,5.933954568128993,3.083793656747749
0.0009999999999763531,4060,5.9338590568414,3.084138147489959
0.0009999999999763531,4061,5.933763545553807,3.084482638232169
0.0009999999999763531,4062,5.933668034266216,3.084827128974379
0.0009999999999763531,4063,5.933572522978622,3.085171619716589
0.0009999999999763531,4064,5.93347701169103,3.085516110458799
0.0009999999999763531,4065,5.933381500403438,3.085860601201009
0.0009999999999763531,4066,5.933285989115846,3.086205091943219
0.0009999999999763531,4067,5.933190477828253,3.0865495826854286
0.0009999999999763531,4068,5.9330949665406605,3.0868940734276387
0.0009999999999763531,4069,5.932999455253068,3.0872385641698483
0.0009999999999763531,4070,5.932903943965476,3.0875830549120584
0.0009999999999763531,4071,5.932808432677884,3.087927545654268
0.0009999999999763531,4072,5.932712921390291,3.088272036396478
0.0009999999999763531,4073,5.932617410102699,3.0886165271386883
0.0009999999999763531,4074,5.932521898815106,3.088961017880898
0.0009999999999763531,4075,5.9324263875275145,3.089305508623108
0.0009999999999763531,4076,5.932330876239921,3.0896499993653177
0.0009999999999763531,4077,5.932235364952329,3.089994490107528
0.0009999999999763531,4078,5.9321398536647365,3.0903389808497375
0.0009999999999763531,4079,5.932044342377145,3.0906834715919476
0.0009999999999763531,4080,5.931948831089551,3.091027962334157
0.0009999999999763531,4081,5.931853319801959,3.0913724530763673
0.0009999999999763531,4082,5.931757808514367,3.091716943818577
0.0009999999999763531,4083,5.931662297226774,3.092061434560787
0.0009999999999763531,4084,5.931566785939181,3.0924059253029967
0.0009999999999763531,4085,5.93147127465159,3.092750416045207
0.0009999999999763531,4086,5.931375763363997,3.0930949067874165
0.0009999999999763531,4087,5.931280252076405,3.0934393975296266
0.0009999999999763531,4088,5.931184740788812,3.0937838882718367
0.0009999999999763531,4089,5.93108922950122,3.0941283790140464
0.0009999999999763531,4090,5.930993718213627,3.094472869756256
0.0009999999999763531,4091,5.930898206926035,3.094817360498466
0.0009999999999763531,4092,5.930802695638442,3.095161851240676
0.0009999999999763531,4093,5.93070718435085,3.095506341982886
0.0009999999999763531,4094,5.930611673063257,3.095850832725096
0.0009999999999763531,4095,5.930516161775666,3.096195323467306
0.0009999999999763531,4096,5.930420650488073,3.0965398142095157
0.0009999999999763531,4097,5.930325139200481,3.096884304951726
0.0009999999999763531,4098,5.9302296279128885,3.097228795693936
0.0009999999999763531,4099,5.930134116625297,3.0975732864361456
0.0009999999999763531,4100,5.930038605337703,3.0979177771783557
0.0009999999999763531,4101,5.929943094050111,3.0982622679205654
0.0009999999999763531,4102,5.929847582762519,3.098606758662776
0.0009999999999763531,4103,5.929752071474927,3.0989512494049856
0.0009999999999763531,4104,5.929656560187334,3.0992957401471957
0.0009999999999763531,4105,5.929561048899742,3.0996402308894053
0.0009999999999763531,4106,5.929465537612149,3.0999847216316154
0.0009999999999763531,4107,5.929370026324557,3.1003292123738255
0.0009999999999763531,4108,5.929274515036964,3.100673703116035
0.0009999999999763531,4109,5.929179003749372,3.101018193858245
0.0009999999999763531,4110,5.92908349246178,3.101362684600455
0.0009999999999763531,4111,5.9289879811741875,3.101707175342665
0.0009999999999763531,4112,5.928892469886595,3.1020516660848747
0.0009999999999763531,4113,5.928796958599002,3.1023961568270844
0.0009999999999763531,4114,5.92870144731141,3.1027406475692945
0.0009999999999763531,4115,5.928605936023818,3.1030851383115046
0.0009999999999763531,4116,5.928510424736226,3.1034296290537142
0.0009999999999763531,4117,5.928414913448632,3.1037741197959243
0.0009999999999763531,4118,5.928319402161041,3.104118610538134
0.0009999999999763531,4119,5.928223890873448,3.104463101280344
0.0009999999999763531,4120,5.928128379585855,3.1048075920225537
0.0009999999999763531,4121,5.928032868298263,3.105152082764764
0.0009999999999763531,4122,5.927937357010671,3.105496573506974
0.0009999999999763531,4123,5.927841845723078,3.1058410642491836
0.0009999999999763531,4124,5.927746334435486,3.1061855549913933
0.0009999999999763531,4125,5.927650823147893,3.1065300457336034
0.0009999999999763531,4126,5.927555311860301,3.1068745364758135
0.0009999999999763531,4127,5.927459800572708,3.107219027218023
0.0009999999999763531,4128,5.927364289285116,3.107563517960233
0.0009999999999763531,4129,5.927268777997523,3.107908008702443
0.0009999999999763531,4130,5.927173266709931,3.108252499444653
0.0009999999999763531,4131,5.927077755422339,3.1085969901868626
0.0009999999999763531,4132,5.926982244134747,3.1089414809290727
0.0009999999999763531,4133,5.926886732847153,3.109285971671283
0.0009999999999763531,4134,5.9267912215595615,3.109630462413493
0.0009999999999763531,4135,5.92669571027197,3.1099749531557026
0.0009999999999763531,4136,5.926600198984376,3.1103194438979127
0.0009999999999763531,4137,5.926504687696784,3.1106639346401224
0.0009999999999763531,4138,5.926409176409192,3.1110084253823325
0.0009999999999763531,4139,5.9263136651216,3.1113529161245426
0.0009999999999763531,4140,5.926218153834007,3.1116974068667522
0.0009999999999763531,4141,5.9261226425464155,3.112041897608962
0.0009999999999763531,4142,5.926027131258822,3.112386388351172
0.0009999999999763531,4143,5.92593161997123,3.112730879093382
0.0009999999999763531,4144,5.9258361086836375,3.1130753698355917
0.0009999999999763531,4145,5.925740597396045,3.113419860577802
0.0009999999999763531,4146,5.925645086108452,3.1137643513200115
0.0009999999999763531,4147,5.92554957482086,3.1141088420622216
0.0009999999999763531,4148,5.925454063533268,3.1144533328044313
0.0009999999999763531,4149,5.925358552245676,3.1147978235466414
0.0009999999999763531,4150,5.925263040958082,3.1151423142888515
0.0009999999999763531,4151,5.925167529670491,3.115486805031061
0.0009999999999763531,4152,5.925072018382898,3.115831295773271
0.0009999999999763531,4153,5.924976507095305,3.116175786515481
0.0009999999999763531,4154,5.924880995807713,3.1165202772576905
0.0009999999999763531,4155,5.924785484520121,3.1168647679999006
0.0009999999999763531,4156,5.924689973232528,3.1172092587421103
0.0009999999999763531,4157,5.9245944619449356,3.1175537494843204
0.0009999999999763531,4158,5.924498950657344,3.1178982402265305
0.0009999999999763531,4159,5.924403439369751,3.11824273096874
0.0009999999999763531,4160,5.924307928082159,3.11858722171095
0.0009999999999763531,4161,5.924212416794566,3.11893171245316
0.0009999999999763531,4162,5.924116905506974,3.11927620319537
0.0009999999999763531,4163,5.924021394219381,3.1196206939375797
0.0009999999999763531,4164,5.923925882931789,3.1199651846797893
0.0009999999999763531,4165,5.923830371644197,3.120309675422
0.0009999999999763531,4166,5.923734860356604,3.12065416616421
0.0009999999999763531,4167,5.923639349069012,3.12099865690642
0.0009999999999763531,4168,5.92354383778142,3.1213431476486297
0.0009999999999763531,4169,5.923448326493826,3.1216876383908394
0.0009999999999763531,4170,5.9233528152062345,3.1220321291330495
0.0009999999999763531,4171,5.923257303918642,3.1223766198752596
0.0009999999999763531,4172,5.92316179263105,3.1227211106174693
0.0009999999999763531,4173,5.923066281343457,3.123065601359679
0.0009999999999763531,4174,5.922970770055865,3.123410092101889
0.0009999999999763531,4175,5.922875258768272,3.123754582844099
0.0009999999999763531,4176,5.92277974748068,3.124099073586309
0.0009999999999763531,4177,5.922684236193088,3.1244435643285184
0.0009999999999763531,4178,5.922588724905495,3.124788055070729
0.0009999999999763531,4179,5.922493213617903,3.1251325458129386
0.0009999999999763531,4180,5.9223977023303105,3.1254770365551483
0.0009999999999763531,4181,5.922302191042718,3.1258215272973584
0.0009999999999763531,4182,5.922206679755126,3.1261660180395685
0.0009999999999763531,4183,5.9221111684675325,3.126510508781778
0.0009999999999763531,4184,5.922015657179941,3.1268549995239883
0.0009999999999763531,4185,5.921920145892349,3.1271994902661984
0.0009999999999763531,4186,5.921824634604756,3.127543981008408
0.0009999999999763531,4187,5.921729123317164,3.127888471750618
0.0009999999999763531,4188,5.921633612029572,3.1282329624928282
0.0009999999999763531,4189,5.921538100741979,3.128577453235038
0.0009999999999763531,4190,5.9214425894543865,3.1289219439772475
0.0009999999999763531,4191,5.921347078166795,3.1292664347194576
0.0009999999999763531,4192,5.921251566879201,3.1296109254616677
0.0009999999999763531,4193,5.921156055591609,3.1299554162038774
0.0009999999999763531,4194,5.921060544304017,3.130299906946087
0.0009999999999763531,4195,5.920965033016424,3.130644397688297
0.0009999999999763531,4196,5.920869521728832,3.1309888884305073
0.0009999999999763531,4197,5.92077401044124,3.131333379172717
0.0009999999999763531,4198,5.920678499153647,3.131677869914927
0.0009999999999763531,4199,5.920582987866055,3.132022360657137
0.0009999999999763531,4200,5.9204874765784625,3.132366851399347
0.0009999999999763531,4201,5.92039196529087,3.132711342141557
0.0009999999999763531,4202,5.920296454003278,3.133055832883767
0.0009999999999763531,4203,5.9202009427156845,3.1334003236259766
0.0009999999999763531,4204,5.920105431428093,3.1337448143681863
0.0009999999999763531,4205,5.9200099201405,3.1340893051103964
0.0009999999999763531,4206,5.919914408852907,3.1344337958526065
0.0009999999999763531,4207,5.919818897565316,3.134778286594816
0.0009999999999763531,4208,5.919723386277724,3.135122777337026
0.0009999999999763531,4209,5.91962787499013,3.135467268079236
0.0009999999999763531,4210,5.9195323637025385,3.135811758821446
0.0009999999999763531,4211,5.919436852414946,3.1361562495636557
0.0009999999999763531,4212,5.919341341127353,3.1365007403058662
0.0009999999999763531,4213,5.919245829839761,3.136845231048076
0.0009999999999763531,4214,5.919150318552169,3.1371897217902855
0.0009999999999763531,4215,5.919054807264576,3.1375342125324956
0.0009999999999763531,4216,5.918959295976984,3.1378787032747057
0.0009999999999763531,4217,5.918863784689392,3.1382231940169154
0.0009999999999763531,4218,5.918768273401799,3.138567684759125
0.0009999999999763531,4219,5.918672762114207,3.1389121755013356
0.0009999999999763531,4220,5.918577250826615,3.1392566662435453
0.0009999999999763531,4221,5.918481739539022,3.1396011569857554
0.0009999999999763531,4222,5.91838622825143,3.1399456477279655
0.0009999999999763531,4223,5.9182907169638375,3.140290138470175
0.0009999999999763531,4224,5.918195205676245,3.140634629212385
0.0009999999999763531,4225,5.918099694388653,3.140979119954595
0.0009999999999763531,4226,5.91800418310106,3.141323610696805
0.0009999999999763531,4227,5.917908671813468,3.1416681014390146
0.0009999999999763531,4228,5.917813160525876,3.1420125921812243
0.0009999999999763531,4229,5.917717649238282,3.1423570829234344
0.0009999999999763531,4230,5.917622137950691,3.1427015736656445
0.0009999999999763531,4231,5.917526626663098,3.143046064407854
0.0009999999999763531,4232,5.917431115375505,3.1433905551500643
0.0009999999999763531,4233,5.9173356040879135,3.1437350458922744
0.0009999999999763531,4234,5.917240092800321,3.144079536634484
0.0009999999999763531,4235,5.917144581512728,3.144424027376694
0.0009999999999763531,4236,5.917049070225136,3.1447685181189042
0.0009999999999763531,4237,5.916953558937544,3.145113008861114
0.0009999999999763531,4238,5.916858047649951,3.1454574996033235
0.0009999999999763531,4239,5.916762536362359,3.1458019903455336
0.0009999999999763531,4240,5.916667025074766,3.1461464810877438
0.0009999999999763531,4241,5.916571513787174,3.1464909718299534
0.0009999999999763531,4242,5.916476002499581,3.146835462572163
0.0009999999999763531,4243,5.916380491211989,3.1471799533143736
0.0009999999999763531,4244,5.916284979924397,3.1475244440565833
0.0009999999999763531,4245,5.916189468636804,3.147868934798793
0.0009999999999763531,4246,5.9160939573492115,3.148213425541003
0.0009999999999763531,4247,5.91599844606162,3.148557916283213
0.0009999999999763531,4248,5.915902934774027,3.148902407025423
0.0009999999999763531,4249,5.915807423486434,3.1492468977676324
0.0009999999999763531,4250,5.915711912198843,3.149591388509842
0.0009999999999763531,4251,5.915616400911249,3.1499358792520527
0.0009999999999763531,4252,5.915520889623657,3.1502803699942623
0.0009999999999763531,4253,5.915425378336065,3.1506248607364724
0.0009999999999763531,4254,5.915329867048472,3.1509693514786825
0.0009999999999763531,4255,5.91523435576088,3.151313842220892
0.0009999999999763531,4256,5.9151388444732875,3.151658332963102
0.0009999999999763531,4257,5.915043333185695,3.152002823705312
0.0009999999999763531,4258,5.914947821898103,3.152347314447522
0.0009999999999763531,4259,5.91485231061051,3.1526918051897317
0.0009999999999763531,4260,5.914756799322918,3.1530362959319413
0.0009999999999763531,4261,5.914661288035326,3.1533807866741514
0.0009999999999763531,4262,5.914565776747732,3.1537252774163615
0.0009999999999763531,4263,5.914470265460141,3.154069768158571
0.0009999999999763531,4264,5.914374754172548,3.1544142589007813
0.0009999999999763531,4265,5.914279242884955,3.1547587496429914
0.0009999999999763531,4266,5.9141837315973635,3.155103240385201
0.0009999999999763531,4267,5.914088220309771,3.155447731127411
0.0009999999999763531,4268,5.913992709022178,3.1557922218696213
0.0009999999999763531,4269,5.913897197734586,3.156136712611831
0.0009999999999763531,4270,5.913801686446993,3.1564812033540406
0.0009999999999763531,4271,5.913706175159401,3.1568256940962507
0.0009999999999763531,4272,5.913610663871809,3.157170184838461
0.0009999999999763531,4273,5.913515152584217,3.1575146755806704
0.0009999999999763531,4274,5.913419641296624,3.15785916632288
0.0009999999999763531,4275,5.913324130009032,3.15820365706509
0.0009999999999763531,4276,5.91322861872144,3.1585481478073003
0.0009999999999763531,4277,5.913133107433847,3.15889263854951
0.0009999999999763531,4278,5.913037596146255,3.15923712929172
0.0009999999999763531,4279,5.912942084858662,3.15958162003393
0.0009999999999763531,4280,5.91284657357107,3.15992611077614
0.0009999999999763531,4281,5.912751062283477,3.1602706015183495
0.0009999999999763531,4282,5.9126555509958845,3.16061509226056
0.0009999999999763531,4283,5.912560039708293,3.1609595830027697
0.0009999999999763531,4284,5.9124645284207,3.1613040737449793
0.0009999999999763531,4285,5.912369017133107,3.1616485644871895
0.0009999999999763531,4286,5.912273505845516,3.1619930552293996
0.0009999999999763531,4287,5.912177994557922,3.162337545971609
0.0009999999999763531,4288,5.91208248327033,3.1626820367138193
0.0009999999999763531,4289,5.911986971982738,3.1630265274560294
0.0009999999999763531,4290,5.911891460695145,3.163371018198239
0.0009999999999763531,4291,5.911795949407553,3.1637155089404487
0.0009999999999763531,4292,5.9117004381199605,3.164059999682659
0.0009999999999763531,4293,5.911604926832368,3.164404490424869
0.0009999999999763531,4294,5.911509415544776,3.1647489811670786
0.0009999999999763531,4295,5.911413904257183,3.1650934719092882
0.0009999999999763531,4296,5.911318392969591,3.1654379626514983
0.0009999999999763531,4297,5.911222881681999,3.1657824533937085
0.0009999999999763531,4298,5.911127370394406,3.166126944135918
0.0009999999999763531,4299,5.911031859106814,3.166471434878128
0.0009999999999763531,4300,5.910936347819222,3.1668159256203383
0.0009999999999763531,4301,5.910840836531628,3.167160416362548
0.0009999999999763531,4302,5.9107453252440365,3.1675049071047576
0.0009999999999763531,4303,5.910649813956444,3.1678493978469677
0.0009999999999763531,4304,5.910554302668851,3.168193888589178
0.0009999999999763531,4305,5.910458791381259,3.1685383793313875
0.0009999999999763531,4306,5.910363280093667,3.168882870073598
0.0009999999999763531,4307,5.910267768806074,3.1692273608158077
0.0009999999999763531,4308,5.910172257518482,3.1695718515580174
0.0009999999999763531,4309,5.9100767462308905,3.1699163423002275
0.0009999999999763531,4310,5.909981234943297,3.1702608330424376
0.0009999999999763531,4311,5.909885723655705,3.170605323784647
0.0009999999999763531,4312,5.9097902123681125,3.170949814526857
0.0009999999999763531,4313,5.90969470108052,3.171294305269067
0.0009999999999763531,4314,5.909599189792928,3.171638796011277
0.0009999999999763531,4315,5.909503678505335,3.1719832867534867
0.0009999999999763531,4316,5.909408167217743,3.1723277774956964
0.0009999999999763531,4317,5.909312655930151,3.172672268237907
0.0009999999999763531,4318,5.909217144642557,3.1730167589801166
0.0009999999999763531,4319,5.909121633354966,3.1733612497223262
0.0009999999999763531,4320,5.909026122067373,3.173705740464536
0.0009999999999763531,4321,5.90893061077978,3.1740502312067465
0.0009999999999763531,4322,5.9088350994921885,3.174394721948956
0.0009999999999763531,4323,5.908739588204596,3.174739212691166
0.0009999999999763531,4324,5.908644076917003,3.1750837034333763
0.0009999999999763531,4325,5.908548565629411,3.175428194175586
0.0009999999999763531,4326,5.908453054341819,3.175772684917796
0.0009999999999763531,4327,5.908357543054226,3.1761171756600057
0.0009999999999763531,4328,5.908262031766634,3.176461666402216
0.0009999999999763531,4329,5.908166520479041,3.1768061571444255
0.0009999999999763531,4330,5.908071009191449,3.1771506478866356
0.0009999999999763531,4331,5.907975497903856,3.1774951386288453
0.0009999999999763531,4332,5.907879986616264,3.1778396293710554
0.0009999999999763531,4333,5.907784475328672,3.178184120113265
0.0009999999999763531,4334,5.90768896404108,3.178528610855475
0.0009999999999763531,4335,5.907593452753487,3.1788731015976848
0.0009999999999763531,4336,5.907497941465895,3.179217592339895
0.0009999999999763531,4337,5.907402430178303,3.1795620830821054
0.0009999999999763531,4338,5.9073069188907095,3.179906573824315
0.0009999999999763531,4339,5.907211407603118,3.1802510645665247
0.0009999999999763531,4340,5.907115896315525,3.1805955553087344
0.0009999999999763531,4341,5.907020385027932,3.180940046050945
0.0009999999999763531,4342,5.906924873740341,3.1812845367931546
0.0009999999999763531,4343,5.906829362452748,3.1816290275353643
0.0009999999999763531,4344,5.906733851165155,3.181973518277574
0.0009999999999763531,4345,5.9066383398775635,3.1823180090197845
0.0009999999999763531,4346,5.90654282858997,3.182662499761994
0.0009999999999763531,4347,5.906447317302378,3.1830069905042038
0.0009999999999763531,4348,5.906351806014786,3.1833514812464143
0.0009999999999763531,4349,5.906256294727193,3.183695971988624
0.0009999999999763531,4350,5.906160783439601,3.184040462730834
0.0009999999999763531,4351,5.906065272152008,3.1843849534730437
0.0009999999999763531,4352,5.905969760864417,3.184729444215254
0.0009999999999763531,4353,5.905874249576824,3.1850739349574635
0.0009999999999763531,4354,5.905778738289231,3.1854184256996736
0.0009999999999763531,4355,5.905683227001639,3.1857629164418833
0.0009999999999763531,4356,5.905587715714047,3.1861074071840934
0.0009999999999763531,4357,5.905492204426454,3.186451897926303
0.0009999999999763531,4358,5.9053966931388615,3.186796388668513
0.0009999999999763531,4359,5.905301181851269,3.187140879410723
0.0009999999999763531,4360,5.905205670563676,3.187485370152933
0.0009999999999763531,4361,5.905110159276084,3.187829860895143
0.0009999999999763531,4362,5.905014647988493,3.1881743516373526
0.0009999999999763531,4363,5.904919136700899,3.1885188423795627
0.0009999999999763531,4364,5.904823625413307,3.1888633331217724
0.0009999999999763531,4365,5.904728114125715,3.1892078238639825
0.0009999999999763531,4366,5.904632602838123,3.1895523146061926
0.0009999999999763531,4367,5.904537091550529,3.1898968053484023
0.0009999999999763531,4368,5.9044415802629375,3.1902412960906124
0.0009999999999763531,4369,5.904346068975345,3.190585786832822
0.0009999999999763531,4370,5.904250557687753,3.190930277575032
0.0009999999999763531,4371,5.90415504640016,3.1912747683172418
0.0009999999999763531,4372,5.904059535112568,3.191619259059452
0.0009999999999763531,4373,5.903964023824975,3.1919637498016615
0.0009999999999763531,4374,5.903868512537383,3.1923082405438716
0.0009999999999763531,4375,5.903773001249791,3.1926527312860813
0.0009999999999763531,4376,5.903677489962198,3.1929972220282914
0.0009999999999763531,4377,5.903581978674605,3.193341712770501
0.0009999999999763531,4378,5.9034864673870135,3.193686203512711
0.0009999999999763531,4379,5.903390956099422,3.1940306942549213
0.0009999999999763531,4380,5.903295444811828,3.1943751849971314
0.0009999999999763531,4381,5.903199933524236,3.194719675739341
0.0009999999999763531,4382,5.903104422236644,3.1950641664815507
0.0009999999999763531,4383,5.903008910949051,3.195408657223761
0.0009999999999763531,4384,5.902913399661459,3.195753147965971
0.0009999999999763531,4385,5.902817888373866,3.1960976387081805
0.0009999999999763531,4386,5.902722377086274,3.19644212945039
0.0009999999999763531,4387,5.902626865798682,3.1967866201926007
0.0009999999999763531,4388,5.90253135451109,3.1971311109348104
0.0009999999999763531,4389,5.902435843223497,3.1974756016770205
0.0009999999999763531,4390,5.902340331935904,3.1978200924192306
0.0009999999999763531,4391,5.9022448206483125,3.1981645831614403
0.0009999999999763531,4392,5.90214930936072,3.1985090739036504
0.0009999999999763531,4393,5.902053798073127,3.19885356464586
0.0009999999999763531,4394,5.9019582867855345,3.19919805538807
0.0009999999999763531,4395,5.901862775497943,3.1995425461302798
0.0009999999999763531,4396,5.90176726421035,3.19988703687249
0.0009999999999763531,4397,5.901671752922757,3.2002315276146995
0.0009999999999763531,4398,5.901576241635165,3.2005760183569096
0.0009999999999763531,4399,5.901480730347573,3.2009205090991193
0.0009999999999763531,4400,5.90138521905998,3.2012649998413294
0.0009999999999763531,4401,5.9012897077723885,3.2016094905835395
0.0009999999999763531,4402,5.901194196484795,3.201953981325749
0.0009999999999763531,4403,5.901098685197203,3.2022984720679593
0.0009999999999763531,4404,5.901003173909611,3.202642962810169
0.0009999999999763531,4405,5.900907662622019,3.202987453552379
0.0009999999999763531,4406,5.900812151334426,3.2033319442945887
0.0009999999999763531,4407,5.900716640046833,3.2036764350367988
0.0009999999999763531,4408,5.900621128759241,3.2040209257790084
0.0009999999999763531,4409,5.900525617471649,3.2043654165212185
0.0009999999999763531,4410,5.900430106184055,3.204709907263428
0.0009999999999763531,4411,5.900334594896464,3.2050543980056387
0.0009999999999763531,4412,5.900239083608872,3.2053988887478484
0.0009999999999763531,4413,5.900143572321279,3.205743379490058
0.0009999999999763531,4414,5.9000480610336865,3.2060878702322686
0.0009999999999763531,4415,5.899952549746094,3.2064323609744783
0.0009999999999763531,4416,5.899857038458502,3.206776851716688
0.0009999999999763531,4417,5.899761527170909,3.2071213424588976
0.0009999999999763531,4418,5.899666015883318,3.207465833201108
0.0009999999999763531,4419,5.899570504595724,3.2078103239433178
0.0009999999999763531,4420,5.899474993308132,3.208154814685528
0.0009999999999763531,4421,5.89937948202054,3.2084993054277375
0.0009999999999763531,4422,5.899283970732948,3.2088437961699476
0.0009999999999763531,4423,5.899188459445354,3.2091882869121573
0.0009999999999763531,4424,5.8990929481577625,3.2095327776543674
0.0009999999999763531,4425,5.89899743687017,3.2098772683965775
0.0009999999999763531,4426,5.898901925582578,3.210221759138787
0.0009999999999763531,4427,5.898806414294985,3.2105662498809973
0.0009999999999763531,4428,5.898710903007393,3.210910740623207
0.0009999999999763531,4429,5.8986153917198,3.211255231365417
0.0009999999999763531,4430,5.898519880432208,3.2115997221076267
0.0009999999999763531,4431,5.898424369144616,3.2119442128498368
0.0009999999999763531,4432,5.898328857857024,3.212288703592047
0.0009999999999763531,4433,5.89823334656943,3.2126331943342565
0.0009999999999763531,4434,5.8981378352818385,3.2129776850764666
0.0009999999999763531,4435,5.898042323994246,3.2133221758186763
0.0009999999999763531,4436,5.897946812706654,3.2136666665608864
0.0009999999999763531,4437,5.8978513014190606,3.214011157303096
0.0009999999999763531,4438,5.897755790131469,3.214355648045306
0.0009999999999763531,4439,5.897660278843876,3.214700138787516
0.0009999999999763531,4440,5.897564767556284,3.215044629529726
0.0009999999999763531,4441,5.897469256268691,3.2153891202719356
0.0009999999999763531,4442,5.897373744981099,3.2157336110141457
0.0009999999999763531,4443,5.897278233693507,3.216078101756356
0.0009999999999763531,4444,5.897182722405915,3.2164225924985654
0.0009999999999763531,4445,5.897087211118322,3.2167670832407755
0.0009999999999763531,4446,5.896991699830729,3.217111573982985
0.0009999999999763531,4447,5.896896188543137,3.2174560647251953
0.0009999999999763531,4448,5.896800677255545,3.217800555467405
0.0009999999999763531,4449,5.896705165967953,3.218145046209615
0.0009999999999763531,4450,5.8966096546803595,3.2184895369518247
0.0009999999999763531,4451,5.896514143392768,3.218834027694035
0.0009999999999763531,4452,5.896418632105175,3.2191785184362445
0.0009999999999763531,4453,5.896323120817583,3.219523009178455
0.0009999999999763531,4454,5.89622760952999,3.2198674999206647
0.0009999999999763531,4455,5.896132098242398,3.2202119906628743
0.0009999999999763531,4456,5.896036586954805,3.220556481405085
0.0009999999999763531,4457,5.8959410756672135,3.2209009721472945
0.0009999999999763531,4458,5.89584556437962,3.2212454628895046
0.0009999999999763531,4459,5.895750053092028,3.2215899536317143
0.0009999999999763531,4460,5.8956545418044355,3.2219344443739244
0.0009999999999763531,4461,5.895559030516844,3.222278935116134
0.0009999999999763531,4462,5.895463519229251,3.222623425858344
0.0009999999999763531,4463,5.895368007941658,3.222967916600554
0.0009999999999763531,4464,5.895272496654066,3.223312407342764
0.0009999999999763531,4465,5.895176985366474,3.2236568980849736
0.0009999999999763531,4466,5.895081474078881,3.2240013888271837
0.0009999999999763531,4467,5.894985962791289,3.224345879569394
0.0009999999999763531,4468,5.894890451503696,3.2246903703116034
0.0009999999999763531,4469,5.894794940216104,3.2250348610538135
0.0009999999999763531,4470,5.8946994289285115,3.225379351796023
0.0009999999999763531,4471,5.894603917640919,3.2257238425382333
0.0009999999999763531,4472,5.894508406353327,3.226068333280443
0.0009999999999763531,4473,5.894412895065734,3.226412824022653
0.0009999999999763531,4474,5.894317383778143,3.2267573147648627
0.0009999999999763531,4475,5.894221872490549,3.227101805507073
0.0009999999999763531,4476,5.894126361202957,3.2274462962492825
0.0009999999999763531,4477,5.894030849915365,3.2277907869914926
0.0009999999999763531,4478,5.893935338627773,3.2281352777337027
0.0009999999999763531,4479,5.89383982734018,3.2284797684759123
0.0009999999999763531,4480,5.8937443160525875,3.2288242592181224
0.0009999999999763531,4481,5.893648804764995,3.229168749960332
0.0009999999999763531,4482,5.893553293477403,3.229513240702542
0.0009999999999763531,4483,5.89345778218981,3.229857731444752
0.0009999999999763531,4484,5.893362270902218,3.2302022221869624
0.0009999999999763531,4485,5.893266759614625,3.230546712929172
0.0009999999999763531,4486,5.893171248327033,3.230891203671382
0.0009999999999763531,4487,5.893075737039441,3.231235694413592
0.0009999999999763531,4488,5.892980225751849,3.2315801851558015
0.0009999999999763531,4489,5.892884714464255,3.2319246758980116
0.0009999999999763531,4490,5.8927892031766635,3.2322691666402212
0.0009999999999763531,4491,5.892693691889071,3.2326136573824313
0.0009999999999763531,4492,5.892598180601479,3.2329581481246414
0.0009999999999763531,4493,5.892502669313886,3.2333026388668515
0.0009999999999763531,4494,5.892407158026294,3.233647129609061
0.0009999999999763531,4495,5.892311646738701,3.2339916203512713
0.0009999999999763531,4496,5.892216135451109,3.234336111093481
0.0009999999999763531,4497,5.892120624163517,3.234680601835691
0.0009999999999763531,4498,5.892025112875924,3.235025092577901
0.0009999999999763531,4499,5.891929601588331,3.235369583320111
0.0009999999999763531,4500,5.89183409030074,3.235714074062321
0.0009999999999763531,4501,5.891738579013147,3.2360585648045306
0.0009999999999763531,4502,5.891643067725554,3.2364030555467407
0.0009999999999763531,4503,5.891547556437962,3.2367475462889503
0.0009999999999763531,4504,5.89145204515037,3.2370920370311604
0.0009999999999763531,4505,5.891356533862777,3.23743652777337
0.0009999999999763531,4506,5.8912610225751845,3.23778101851558
0.0009999999999763531,4507,5.891165511287592,3.23812550925779
0.0009999999999763531,4508,5.89107,3.23847
0.6319999999998345,0,1.543603189773362,-1.325054284259974
0.6319999999998345,1,1.544546167819027,-1.3241352507670976
0.6319999999998345,2,1.545489145864692,-1.3232162172742215
0.6319999999998345,3,1.546432123910357,-1.3222971837813453
0.6319999999998345,4,1.5473751019560218,-1.3213781502884692
0.6319999999998345,5,1.548318080001687,-1.3204591167955928
0.6319999999998345,6,1.5492610580473518,-1.3195400833027164
0.6319999999998345,7,1.550204036093017,-1.3186210498098403
0.6319999999998345,8,1.5511470141386818,-1.3177020163169642
0.6319999999998345,9,1.5520899921843467,-1.316782982824088
0.6319999999998345,10,1.5530329702300116,-1.3158639493312116
0.6319999999998345,11,1.5539759482756768,-1.3149449158383353
0.6319999999998345,12,1.5549189263213419,-1.3140258823454591
0.6319999999998345,13,1.5558619043670068,-1.313106848852583
0.6319999999998345,14,1.556804882412672,-1.3121878153597069
0.6319999999998345,15,1.5577478604583366,-1.3112687818668305
0.6319999999998345,16,1.5586908385040017,-1.3103497483739541
0.6319999999998345,17,1.5596338165496666,-1.309430714881078
0.6319999999998345,18,1.5605767945953317,-1.3085116813882016
0.6319999999998345,19,1.5615197726409966,-1.3075926478953257
0.6319999999998345,20,1.5624627506866617,-1.3066736144024493
0.6319999999998345,21,1.5634057287323264,-1.305754580909573
0.6319999999998345,22,1.5643487067779915,-1.3048355474166968
0.6319999999998345,23,1.5652916848236567,-1.3039165139238205
0.6319999999998345,24,1.5662346628693216,-1.3029974804309445
0.6319999999998345,25,1.5671776409149867,-1.3020784469380682
0.6319999999998345,26,1.5681206189606516,-1.3011594134451918
0.6319999999998345,27,1.5690635970063165,-1.3002403799523157
0.6319999999998345,28,1.5700065750519814,-1.2993213464594393
0.6319999999998345,29,1.5709495530976465,-1.2984023129665634
0.6319999999998345,30,1.5718925311433114,-1.297483279473687
0.6319999999998345,31,1.5728355091889765,-1.2965642459808107
0.6319999999998345,32,1.5737784872346414,-1.2956452124879345
0.6319999999998345,33,1.5747214652803065,-1.2947261789950582
0.6319999999998345,34,1.5756644433259712,-1.2938071455021822
0.6319999999998345,35,1.5766074213716363,-1.2928881120093059
0.6319999999998345,36,1.5775503994173015,-1.2919690785164297
0.6319999999998345,37,1.5784933774629666,-1.2910500450235536
0.6319999999998345,38,1.5794363555086315,-1.2901310115306772
0.6319999999998345,39,1.5803793335542964,-1.289211978037801
0.6319999999998345,40,1.5813223115999615,-1.2882929445449247
0.6319999999998345,41,1.5822652896456264,-1.2873739110520486
0.6319999999998345,42,1.5832082676912915,-1.2864548775591724
0.6319999999998345,43,1.5841512457369564,-1.285535844066296
0.6319999999998345,44,1.5850942237826215,-1.28461681057342
0.6319999999998345,45,1.5860372018282862,-1.2836977770805436
0.6319999999998345,46,1.5869801798739513,-1.2827787435876674
0.6319999999998345,47,1.5879231579196162,-1.2818597100947913
0.6319999999998345,48,1.5888661359652814,-1.280940676601915
0.6319999999998345,49,1.5898091140109463,-1.2800216431090388
0.6319999999998345,50,1.5907520920566114,-1.2791026096161624
0.6319999999998345,51,1.591695070102276,-1.2781835761232863
0.6319999999998345,52,1.5926380481479412,-1.2772645426304101
0.6319999999998345,53,1.5935810261936063,-1.2763455091375338
0.6319999999998345,54,1.5945240042392712,-1.2754264756446576
0.6319999999998345,55,1.5954669822849363,-1.2745074421517812
0.6319999999998345,56,1.5964099603306012,-1.273588408658905
0.6319999999998345,57,1.5973529383762664,-1.272669375166029
0.6319999999998345,58,1.598295916421931,-1.2717503416731526
0.6319999999998345,59,1.5992388944675962,-1.2708313081802765
0.6319999999998345,60,1.600181872513261,-1.2699122746874
0.6319999999998345,61,1.6011248505589262,-1.268993241194524
0.6319999999998345,62,1.602067828604591,-1.2680742077016478
0.6319999999998345,63,1.6030108066502562,-1.2671551742087714
0.6319999999998345,64,1.603953784695921,-1.2662361407158953
0.6319999999998345,65,1.604896762741586,-1.265317107223019
0.6319999999998345,66,1.6058397407872511,-1.2643980737301428
0.6319999999998345,67,1.606782718832916,-1.2634790402372666
0.6319999999998345,68,1.6077256968785811,-1.2625600067443903
0.6319999999998345,69,1.608668674924246,-1.2616409732515141
0.6319999999998345,70,1.609611652969911,-1.2607219397586378
0.6319999999998345,71,1.6105546310155758,-1.2598029062657616
0.6319999999998345,72,1.611497609061241,-1.2588838727728855
0.6319999999998345,73,1.6124405871069059,-1.2579648392800091
0.6319999999998345,74,1.6133835651525708,-1.257045805787133
0.6319999999998345,75,1.6143265431982359,-1.2561267722942566
0.6319999999998345,76,1.6152695212439008,-1.2552077388013805
0.6319999999998345,77,1.616212499289566,-1.2542887053085043
0.6319999999998345,78,1.6171554773352308,-1.253369671815628
0.6319999999998345,79,1.618098455380896,-1.2524506383227518
0.6319999999998345,80,1.6190414334265606,-1.2515316048298755
0.6319999999998345,81,1.6199844114722257,-1.2506125713369993
0.6319999999998345,82,1.6209273895178906,-1.2496935378441232
0.6319999999998345,83,1.6218703675635557,-1.2487745043512468
0.6319999999998345,84,1.6228133456092206,-1.2478554708583707
0.6319999999998345,85,1.6237563236548858,-1.2469364373654943
0.6319999999998345,86,1.6246993017005509,-1.2460174038726182
0.6319999999998345,87,1.6256422797462156,-1.2450983703797418
0.6319999999998345,88,1.6265852577918807,-1.2441793368868657
0.6319999999998345,89,1.6275282358375458,-1.2432603033939897
0.6319999999998345,90,1.6284712138832107,-1.2423412699011134
0.6319999999998345,91,1.6294141919288758,-1.2414222364082372
0.6319999999998345,92,1.6303571699745407,-1.2405032029153609
0.6319999999998345,93,1.6313001480202056,-1.2395841694224845
0.6319999999998345,94,1.6322431260658707,-1.2386651359296086
0.6319999999998345,95,1.6331861041115356,-1.2377461024367322
0.6319999999998345,96,1.6341290821572008,-1.236827068943856
0.6319999999998345,97,1.6350720602028657,-1.2359080354509797
0.6319999999998345,98,1.6360150382485306,-1.2349890019581033
0.6319999999998345,99,1.6369580162941957,-1.2340699684652272
0.6319999999998345,100,1.6379009943398606,-1.233150934972351
0.6319999999998345,101,1.6388439723855255,-1.232231901479475
0.6319999999998345,102,1.6397869504311906,-1.2313128679865986
0.6319999999998345,103,1.6407299284768557,-1.2303938344937224
0.6319999999998345,104,1.6416729065225206,-1.229474801000846
0.6319999999998345,105,1.6426158845681855,-1.22855576750797
0.6319999999998345,106,1.6435588626138504,-1.2276367340150938
0.6319999999998345,107,1.6445018406595155,-1.2267177005222174
0.6319999999998345,108,1.6454448187051804,-1.225798667029341
0.6319999999998345,109,1.6463877967508456,-1.224879633536465
0.6319999999998345,110,1.6473307747965102,-1.2239606000435888
0.6319999999998345,111,1.6482737528421754,-1.2230415665507126
0.6319999999998345,112,1.6492167308878403,-1.2221225330578362
0.6319999999998345,113,1.6501597089335054,-1.22120349956496
0.6319999999998345,114,1.6511026869791705,-1.2202844660720837
0.6319999999998345,115,1.6520456650248354,-1.2193654325792076
0.6319999999998345,116,1.6529886430705005,-1.2184463990863315
0.6319999999998345,117,1.6539316211161652,-1.217527365593455
0.6319999999998345,118,1.6548745991618303,-1.216608332100579
0.6319999999998345,119,1.6558175772074952,-1.2156892986077026
0.6319999999998345,120,1.6567605552531603,-1.2147702651148264
0.6319999999998345,121,1.6577035332988252,-1.2138512316219503
0.6319999999998345,122,1.6586465113444904,-1.212932198129074
0.6319999999998345,123,1.659589489390155,-1.2120131646361976
0.6319999999998345,124,1.6605324674358202,-1.2110941311433214
0.6319999999998345,125,1.661475445481485,-1.2101750976504453
0.6319999999998345,126,1.6624184235271502,-1.209256064157569
0.6319999999998345,127,1.663361401572815,-1.2083370306646928
0.6319999999998345,128,1.6643043796184802,-1.2074179971718166
0.6319999999998345,129,1.6652473576641453,-1.2064989636789403
0.6319999999998345,130,1.66619033570981,-1.2055799301860641
0.6319999999998345,131,1.6671333137554751,-1.2046608966931878
0.6319999999998345,132,1.66807629180114,-1.2037418632003116
0.6319999999998345,133,1.6690192698468052,-1.2028228297074355
0.6319999999998345,134,1.66996224789247,-1.2019037962145591
0.6319999999998345,135,1.6709052259381352,-1.200984762721683
0.6319999999998345,136,1.6718482039837999,-1.2000657292288066
0.6319999999998345,137,1.672791182029465,-1.1991466957359305
0.6319999999998345,138,1.67373416007513,-1.1982276622430543
0.6319999999998345,139,1.674677138120795,-1.197308628750178
0.6319999999998345,140,1.67562011616646,-1.1963895952573018
0.6319999999998345,141,1.676563094212125,-1.1954705617644255
0.6319999999998345,142,1.6775060722577901,-1.1945515282715493
0.6319999999998345,143,1.6784490503034548,-1.1936324947786732
0.6319999999998345,144,1.67939202834912,-1.1927134612857968
0.6319999999998345,145,1.6803350063947846,-1.1917944277929207
0.6319999999998345,146,1.6812779844404497,-1.1908753943000443
0.6319999999998345,147,1.6822209624861146,-1.1899563608071682
0.6319999999998345,148,1.6831639405317798,-1.189037327314292
0.6319999999998345,149,1.6841069185774449,-1.1881182938214156
0.6319999999998345,150,1.6850498966231098,-1.1871992603285395
0.6319999999998345,151,1.685992874668775,-1.1862802268356631
0.6319999999998345,152,1.6869358527144396,-1.185361193342787
0.6319999999998345,153,1.6878788307601047,-1.1844421598499109
0.6319999999998345,154,1.6888218088057696,-1.1835231263570345
0.6319999999998345,155,1.6897647868514347,-1.1826040928641584
0.6319999999998345,156,1.6907077648970996,-1.181685059371282
0.6319999999998345,157,1.6916507429427647,-1.1807660258784058
0.6319999999998345,158,1.6925937209884294,-1.1798469923855297
0.6319999999998345,159,1.6935366990340945,-1.1789279588926533
0.6319999999998345,160,1.6944796770797597,-1.1780089253997772
0.6319999999998345,161,1.6954226551254246,-1.1770898919069008
0.6319999999998345,162,1.6963656331710897,-1.1761708584140247
0.6319999999998345,163,1.6973086112167546,-1.1752518249211485
0.6319999999998345,164,1.6982515892624197,-1.1743327914282722
0.6319999999998345,165,1.6991945673080844,-1.1734137579353958
0.6319999999998345,166,1.7001375453537495,-1.1724947244425197
0.6319999999998345,167,1.7010805233994144,-1.1715756909496435
0.6319999999998345,168,1.7020235014450795,-1.1706566574567674
0.6319999999998345,169,1.7029664794907444,-1.169737623963891
0.6319999999998345,170,1.7039094575364095,-1.1688185904710147
0.6319999999998345,171,1.7048524355820747,-1.1678995569781385
0.6319999999998345,172,1.7057954136277393,-1.1669805234852624
0.6319999999998345,173,1.7067383916734045,-1.1660614899923862
0.6319999999998345,174,1.7076813697190694,-1.1651424564995099
0.6319999999998345,175,1.7086243477647345,-1.1642234230066335
0.6319999999998345,176,1.7095673258103994,-1.1633043895137576
0.6319999999998345,177,1.7105103038560645,-1.1623853560208812
0.6319999999998345,178,1.7114532819017294,-1.161466322528005
0.6319999999998345,179,1.7123962599473943,-1.160547289035129
0.6319999999998345,180,1.7133392379930594,-1.1596282555422526
0.6319999999998345,181,1.7142822160387243,-1.1587092220493764
0.6319999999998345,182,1.7152251940843894,-1.1577901885565
0.6319999999998345,183,1.7161681721300543,-1.156871155063624
0.6319999999998345,184,1.7171111501757195,-1.1559521215707478
0.6319999999998345,185,1.7180541282213844,-1.1550330880778714
0.6319999999998345,186,1.7189971062670493,-1.1541140545849953
0.6319999999998345,187,1.7199400843127144,-1.153195021092119
0.6319999999998345,188,1.7208830623583793,-1.1522759875992428
0.6319999999998345,189,1.7218260404040442,-1.1513569541063666
0.6319999999998345,190,1.7227690184497093,-1.1504379206134903
0.6319999999998345,191,1.7237119964953742,-1.1495188871206141
0.6319999999998345,192,1.724654974541039,-1.1485998536277378
0.6319999999998345,193,1.7255979525867042,-1.1476808201348616
0.6319999999998345,194,1.7265409306323694,-1.1467617866419855
0.6319999999998345,195,1.7274839086780343,-1.145842753149109
0.6319999999998345,196,1.7284268867236992,-1.144923719656233
0.6319999999998345,197,1.7293698647693643,-1.1440046861633566
0.6319999999998345,198,1.7303128428150292,-1.1430856526704805
0.6319999999998345,199,1.731255820860694,-1.1421666191776043
0.6319999999998345,200,1.7321987989063592,-1.141247585684728
0.6319999999998345,201,1.733141776952024,-1.1403285521918518
0.6319999999998345,202,1.734084754997689,-1.1394095186989754
0.6319999999998345,203,1.7350277330433541,-1.1384904852060993
0.6319999999998345,204,1.735970711089019,-1.1375714517132232
0.6319999999998345,205,1.7369136891346841,-1.1366524182203468
0.6319999999998345,206,1.737856667180349,-1.1357333847274707
0.6319999999998345,207,1.7387996452260142,-1.1348143512345943
0.6319999999998345,208,1.739742623271679,-1.1338953177417181
0.6319999999998345,209,1.740685601317344,-1.132976284248842
0.6319999999998345,210,1.741628579363009,-1.1320572507559659
0.6319999999998345,211,1.7425715574086742,-1.1311382172630895
0.6319999999998345,212,1.743514535454339,-1.1302191837702134
0.6319999999998345,213,1.744457513500004,-1.129300150277337
0.6319999999998345,214,1.7454004915456691,-1.1283811167844608
0.6319999999998345,215,1.746343469591334,-1.1274620832915847
0.6319999999998345,216,1.747286447636999,-1.1265430497987083
0.6319999999998345,217,1.748229425682664,-1.1256240163058322
0.6319999999998345,218,1.749172403728329,-1.124704982812956
0.6319999999998345,219,1.7501153817739938,-1.1237859493200797
0.6319999999998345,220,1.751058359819659,-1.1228669158272035
0.6319999999998345,221,1.7520013378653239,-1.1219478823343272
0.6319999999998345,222,1.752944315910989,-1.121028848841451
0.6319999999998345,223,1.7538872939566539,-1.120109815348575
0.6319999999998345,224,1.754830272002319,-1.1191907818556985
0.6319999999998345,225,1.755773250047984,-1.1182717483628224
0.6319999999998345,226,1.7567162280936488,-1.1173527148699463
0.6319999999998345,227,1.757659206139314,-1.1164336813770699
0.6319999999998345,228,1.7586021841849788,-1.1155146478841935
0.6319999999998345,229,1.7595451622306437,-1.1145956143913174
0.6319999999998345,230,1.7604881402763088,-1.1136765808984412
0.6319999999998345,231,1.7614311183219737,-1.112757547405565
0.6319999999998345,232,1.7623740963676386,-1.1118385139126887
0.6319999999998345,233,1.7633170744133038,-1.1109194804198124
0.6319999999998345,234,1.7642600524589689,-1.1100004469269362
0.6319999999998345,235,1.7652030305046338,-1.10908141343406
0.6319999999998345,236,1.7661460085502987,-1.108162379941184
0.6319999999998345,237,1.7670889865959638,-1.1072433464483076
0.6319999999998345,238,1.7680319646416287,-1.1063243129554312
0.6319999999998345,239,1.7689749426872936,-1.105405279462555
0.6319999999998345,240,1.7699179207329585,-1.104486245969679
0.6319999999998345,241,1.7708608987786234,-1.1035672124768026
0.6319999999998345,242,1.7718038768242885,-1.1026481789839264
0.6319999999998345,243,1.7727468548699534,-1.10172914549105
0.6319999999998345,244,1.7736898329156183,-1.100810111998174
0.6319999999998345,245,1.7746328109612834,-1.0998910785052978
0.6319999999998345,246,1.7755757890069486,-1.0989720450124214
0.6319999999998345,247,1.7765187670526135,-1.0980530115195453
0.6319999999998345,248,1.7774617450982784,-1.097133978026669
0.6319999999998345,249,1.7784047231439435,-1.0962149445337928
0.6319999999998345,250,1.7793477011896084,-1.0952959110409166
0.6319999999998345,251,1.7802906792352733,-1.0943768775480402
0.6319999999998345,252,1.7812336572809384,-1.093457844055164
0.6319999999998345,253,1.7821766353266035,-1.0925388105622877
0.6319999999998345,254,1.7831196133722682,-1.0916197770694116
0.6319999999998345,255,1.7840625914179333,-1.0907007435765355
0.6319999999998345,256,1.7850055694635985,-1.089781710083659
0.6319999999998345,257,1.7859485475092634,-1.088862676590783
0.6319999999998345,258,1.7868915255549283,-1.0879436430979066
0.6319999999998345,259,1.7878345036005934,-1.0870246096050304
0.6319999999998345,260,1.788777481646258,-1.0861055761121543
0.6319999999998345,261,1.7897204596919232,-1.085186542619278
0.6319999999998345,262,1.7906634377375883,-1.0842675091264018
0.6319999999998345,263,1.7916064157832532,-1.0833484756335254
0.6319999999998345,264,1.792549393828918,-1.0824294421406493
0.6319999999998345,265,1.7934923718745832,-1.0815104086477731
0.6319999999998345,266,1.7944353499202483,-1.0805913751548968
0.6319999999998345,267,1.795378327965913,-1.0796723416620206
0.6319999999998345,268,1.7963213060115781,-1.0787533081691443
0.6319999999998345,269,1.7972642840572433,-1.0778342746762681
0.6319999999998345,270,1.7982072621029082,-1.076915241183392
0.6319999999998345,271,1.799150240148573,-1.0759962076905156
0.6319999999998345,272,1.8000932181942382,-1.0750771741976395
0.6319999999998345,273,1.8010361962399033,-1.0741581407047631
0.6319999999998345,274,1.801979174285568,-1.073239107211887
0.6319999999998345,275,1.802922152331233,-1.0723200737190108
0.6319999999998345,276,1.803865130376898,-1.0714010402261345
0.6319999999998345,277,1.804808108422563,-1.070482006733258
0.6319999999998345,278,1.805751086468228,-1.069562973240382
0.6319999999998345,279,1.8066940645138931,-1.0686439397475058
0.6319999999998345,280,1.8076370425595578,-1.0677249062546297
0.6319999999998345,281,1.808580020605223,-1.0668058727617533
0.6319999999998345,282,1.809522998650888,-1.065886839268877
0.6319999999998345,283,1.810465976696553,-1.0649678057760008
0.6319999999998345,284,1.8114089547422179,-1.0640487722831247
0.6319999999998345,285,1.812351932787883,-1.0631297387902485
0.6319999999998345,286,1.813294910833548,-1.0622107052973722
0.6319999999998345,287,1.8142378888792128,-1.061291671804496
0.6319999999998345,288,1.815180866924878,-1.0603726383116197
0.6319999999998345,289,1.8161238449705428,-1.0594536048187435
0.6319999999998345,290,1.8170668230162077,-1.0585345713258674
0.6319999999998345,291,1.8180098010618728,-1.0576155378329912
0.6319999999998345,292,1.818952779107538,-1.0566965043401149
0.6319999999998345,293,1.8198957571532026,-1.0557774708472385
0.6319999999998345,294,1.8208387351988677,-1.0548584373543624
0.6319999999998345,295,1.8217817132445326,-1.0539394038614862
0.6319999999998345,296,1.8227246912901978,-1.05302037036861
0.6319999999998345,297,1.8236676693358627,-1.052101336875734
0.6319999999998345,298,1.8246106473815278,-1.0511823033828573
0.6319999999998345,299,1.825553625427193,-1.0502632698899812
0.6319999999998345,300,1.8264966034728576,-1.049344236397105
0.6319999999998345,301,1.8274395815185227,-1.048425202904229
0.6319999999998345,302,1.8283825595641876,-1.0475061694113526
0.6319999999998345,303,1.8293255376098525,-1.0465871359184762
0.6319999999998345,304,1.8302685156555176,-1.0456681024256
0.6319999999998345,305,1.8312114937011827,-1.044749068932724
0.6319999999998345,306,1.8321544717468474,-1.0438300354398478
0.6319999999998345,307,1.8330974497925125,-1.0429110019469714
0.6319999999998345,308,1.8340404278381777,-1.0419919684540953
0.6319999999998345,309,1.8349834058838426,-1.0410729349612189
0.6319999999998345,310,1.8359263839295075,-1.0401539014683427
0.6319999999998345,311,1.8368693619751726,-1.0392348679754666
0.6319999999998345,312,1.8378123400208377,-1.0383158344825902
0.6319999999998345,313,1.8387553180665024,-1.037396800989714
0.6319999999998345,314,1.8396982961121675,-1.0364777674968377
0.6319999999998345,315,1.8406412741578324,-1.0355587340039616
0.6319999999998345,316,1.8415842522034973,-1.0346397005110854
0.6319999999998345,317,1.8425272302491624,-1.033720667018209
0.6319999999998345,318,1.8434702082948276,-1.032801633525333
0.6319999999998345,319,1.8444131863404927,-1.0318826000324566
0.6319999999998345,320,1.8453561643861573,-1.0309635665395804
0.6319999999998345,321,1.8462991424318225,-1.0300445330467043
0.6319999999998345,322,1.8472421204774874,-1.029125499553828
0.6319999999998345,323,1.8481850985231523,-1.0282064660609518
0.6319999999998345,324,1.8491280765688174,-1.0272874325680754
0.6319999999998345,325,1.8500710546144825,-1.0263683990751993
0.6319999999998345,326,1.8510140326601472,-1.025449365582323
0.6319999999998345,327,1.8519570107058123,-1.0245303320894468
0.6319999999998345,328,1.8528999887514772,-1.0236112985965706
0.6319999999998345,329,1.8538429667971421,-1.0226922651036943
0.6319999999998345,330,1.8547859448428072,-1.0217732316108181
0.6319999999998345,331,1.8557289228884724,-1.0208541981179418
0.6319999999998345,332,1.8566719009341375,-1.0199351646250656
0.6319999999998345,333,1.8576148789798022,-1.0190161311321895
0.6319999999998345,334,1.8585578570254673,-1.018097097639313
0.6319999999998345,335,1.8595008350711322,-1.017178064146437
0.6319999999998345,336,1.860443813116797,-1.0162590306535606
0.6319999999998345,337,1.8613867911624622,-1.0153399971606845
0.6319999999998345,338,1.8623297692081273,-1.0144209636678083
0.6319999999998345,339,1.863272747253792,-1.013501930174932
0.6319999999998345,340,1.8642157252994571,-1.0125828966820558
0.6319999999998345,341,1.865158703345122,-1.0116638631891797
0.6319999999998345,342,1.8661016813907871,-1.0107448296963033
0.6319999999998345,343,1.867044659436452,-1.0098257962034272
0.6319999999998345,344,1.8679876374821172,-1.0089067627105508
0.6319999999998345,345,1.8689306155277823,-1.0079877292176747
0.6319999999998345,346,1.869873593573447,-1.0070686957247985
0.6319999999998345,347,1.870816571619112,-1.0061496622319221
0.6319999999998345,348,1.871759549664777,-1.0052306287390458
0.6319999999998345,349,1.8727025277104419,-1.0043115952461696
0.6319999999998345,350,1.873645505756107,-1.0033925617532935
0.6319999999998345,351,1.8745884838017721,-1.0024735282604174
0.6319999999998345,352,1.8755314618474368,-1.0015544947675412
0.6319999999998345,353,1.876474439893102,-1.0006354612746649
0.6319999999998345,354,1.8774174179387668,-0.9997164277817886
0.6319999999998345,355,1.878360395984432,-0.9987973942889123
0.6319999999998345,356,1.8793033740300968,-0.9978783607960362
0.6319999999998345,357,1.880246352075762,-0.99695932730316
0.6319999999998345,358,1.8811893301214269,-0.9960402938102837
0.6319999999998345,359,1.8821323081670918,-0.9951212603174074
0.6319999999998345,360,1.8830752862127567,-0.9942022268245312
0.6319999999998345,361,1.8840182642584218,-0.993283193331655
0.6319999999998345,362,1.8849612423040867,-0.9923641598387788
0.6319999999998345,363,1.8859042203497518,-0.9914451263459025
0.6319999999998345,364,1.886847198395417,-0.9905260928530264
0.6319999999998345,365,1.8877901764410818,-0.98960705936015
0.6319999999998345,366,1.8887331544867467,-0.9886880258672739
0.6319999999998345,367,1.8896761325324116,-0.9877689923743976
0.6319999999998345,368,1.8906191105780767,-0.9868499588815214
0.6319999999998345,369,1.8915620886237416,-0.9859309253886452
0.6319999999998345,370,1.8925050666694068,-0.9850118918957689
0.6319999999998345,371,1.8934480447150717,-0.9840928584028927
0.6319999999998345,372,1.8943910227607366,-0.9831738249100165
0.6319999999998345,373,1.8953340008064017,-0.9822547914171402
0.6319999999998345,374,1.8962769788520666,-0.9813357579242641
0.6319999999998345,375,1.8972199568977315,-0.9804167244313878
0.6319999999998345,376,1.8981629349433966,-0.9794976909385116
0.6319999999998345,377,1.8991059129890617,-0.9785786574456353
0.6319999999998345,378,1.9000488910347266,-0.9776596239527591
0.6319999999998345,379,1.9009918690803915,-0.9767405904598829
0.6319999999998345,380,1.9019348471260564,-0.9758215569670067
0.6319999999998345,381,1.9028778251717215,-0.9749025234741304
0.6319999999998345,382,1.9038208032173864,-0.9739834899812541
0.6319999999998345,383,1.9047637812630516,-0.9730644564883779
0.6319999999998345,384,1.9057067593087167,-0.9721454229955018
0.6319999999998345,385,1.9066497373543814,-0.9712263895026255
0.6319999999998345,386,1.9075927154000465,-0.9703073560097493
0.6319999999998345,387,1.9085356934457114,-0.9693883225168729
0.6319999999998345,388,1.9094786714913763,-0.9684692890239968
0.6319999999998345,389,1.9104216495370414,-0.9675502555311206
0.6319999999998345,390,1.9113646275827065,-0.9666312220382444
0.6319999999998345,391,1.9123076056283714,-0.9657121885453681
0.6319999999998345,392,1.9132505836740363,-0.9647931550524917
0.6319999999998345,393,1.9141935617197012,-0.9638741215596156
0.6319999999998345,394,1.9151365397653664,-0.9629550880667395
0.6319999999998345,395,1.9160795178110313,-0.9620360545738631
0.6319999999998345,396,1.9170224958566964,-0.961117021080987
0.6319999999998345,397,1.9179654739023615,-0.9601979875881106
0.6319999999998345,398,1.9189084519480264,-0.9592789540952344
0.6319999999998345,399,1.9198514299936913,-0.9583599206023583
0.6319999999998345,400,1.9207944080393562,-0.9574408871094819
0.6319999999998345,401,1.9217373860850213,-0.9565218536166058
0.6319999999998345,402,1.9226803641306862,-0.9556028201237297
0.6319999999998345,403,1.9236233421763513,-0.9546837866308533
0.6319999999998345,404,1.9245663202220162,-0.953764753137977
0.6319999999998345,405,1.9255092982676811,-0.9528457196451008
0.6319999999998345,406,1.926452276313346,-0.9519266861522246
0.6319999999998345,407,1.9273952543590112,-0.9510076526593485
0.6319999999998345,408,1.928338232404676,-0.9500886191664721
0.6319999999998345,409,1.9292812104503412,-0.9491695856735959
0.6319999999998345,410,1.9302241884960063,-0.9482505521807196
0.6319999999998345,411,1.9311671665416712,-0.9473315186878435
0.6319999999998345,412,1.932110144587336,-0.9464124851949672
0.6319999999998345,413,1.933053122633001,-0.9454934517020911
0.6319999999998345,414,1.9339961006786661,-0.9445744182092147
0.6319999999998345,415,1.934939078724331,-0.9436553847163385
0.6319999999998345,416,1.9358820567699961,-0.9427363512234623
0.6319999999998345,417,1.936825034815661,-0.9418173177305862
0.6319999999998345,418,1.937768012861326,-0.9408982842377099
0.6319999999998345,419,1.9387109909069908,-0.9399792507448337
0.6319999999998345,420,1.939653968952656,-0.9390602172519574
0.6319999999998345,421,1.9405969469983209,-0.9381411837590812
0.6319999999998345,422,1.941539925043986,-0.937222150266205
0.6319999999998345,423,1.9424829030896509,-0.9363031167733288
0.6319999999998345,424,1.943425881135316,-0.9353840832804525
0.6319999999998345,425,1.944368859180981,-0.9344650497875764
0.6319999999998345,426,1.9453118372266458,-0.9335460162947
0.6319999999998345,427,1.9462548152723107,-0.9326269828018239
0.6319999999998345,428,1.9471977933179758,-0.9317079493089476
0.6319999999998345,429,1.948140771363641,-0.9307889158160714
0.6319999999998345,430,1.9490837494093058,-0.9298698823231952
0.6319999999998345,431,1.9500267274549707,-0.9289508488303189
0.6319999999998345,432,1.9509697055006356,-0.9280318153374426
0.6319999999998345,433,1.9519126835463008,-0.9271127818445665
0.6319999999998345,434,1.9528556615919657,-0.9261937483516902
0.6319999999998345,435,1.9537986396376308,-0.9252747148588141
0.6319999999998345,436,1.9547416176832957,-0.9243556813659378
0.6319999999998345,437,1.9556845957289608,-0.9234366478730615
0.6319999999998345,438,1.9566275737746257,-0.9225176143801853
0.6319999999998345,439,1.9575705518202906,-0.9215985808873091
0.6319999999998345,440,1.9585135298659557,-0.9206795473944329
0.6319999999998345,441,1.9594565079116206,-0.9197605139015567
0.6319999999998345,442,1.9603994859572857,-0.9188414804086803
0.6319999999998345,443,1.9613424640029506,-0.9179224469158042
0.6319999999998345,444,1.9622854420486158,-0.9170034134229279
0.6319999999998345,445,1.9632284200942804,-0.9160843799300518
0.6319999999998345,446,1.9641713981399456,-0.9151653464371755
0.6319999999998345,447,1.9651143761856105,-0.9142463129442993
0.6319999999998345,448,1.9660573542312756,-0.9133272794514229
0.6319999999998345,449,1.9670003322769407,-0.9124082459585467
0.6319999999998345,450,1.9679433103226056,-0.9114892124656705
0.6319999999998345,451,1.9688862883682705,-0.9105701789727944
0.6319999999998345,452,1.9698292664139354,-0.9096511454799181
0.6319999999998345,453,1.9707722444596005,-0.9087321119870417
0.6319999999998345,454,1.9717152225052654,-0.9078130784941656
0.6319999999998345,455,1.9726582005509306,-0.9068940450012893
0.6319999999998345,456,1.9736011785965955,-0.9059750115084132
0.6319999999998345,457,1.9745441566422606,-0.9050559780155369
0.6319999999998345,458,1.9754871346879253,-0.9041369445226607
0.6319999999998345,459,1.9764301127335904,-0.9032179110297844
0.6319999999998345,460,1.9773730907792553,-0.9022988775369082
0.6319999999998345,461,1.9783160688249204,-0.901379844044032
0.6319999999998345,462,1.9792590468705855,-0.9004608105511558
0.6319999999998345,463,1.9802020249162504,-0.8995417770582795
0.6319999999998345,464,1.9811450029619153,-0.8986227435654033
0.6319999999998345,465,1.9820879810075802,-0.897703710072527
0.6319999999998345,466,1.9830309590532453,-0.8967846765796508
0.6319999999998345,467,1.9839739370989102,-0.8958656430867746
0.6319999999998345,468,1.9849169151445754,-0.8949466095938984
0.6319999999998345,469,1.9858598931902403,-0.8940275761010222
0.6319999999998345,470,1.9868028712359054,-0.8931085426081459
0.6319999999998345,471,1.98774584928157,-0.8921895091152696
0.6319999999998345,472,1.9886888273272352,-0.8912704756223935
0.6319999999998345,473,1.9896318053729003,-0.8903514421295172
0.6319999999998345,474,1.9905747834185652,-0.8894324086366411
0.6319999999998345,475,1.9915177614642303,-0.8885133751437647
0.6319999999998345,476,1.9924607395098952,-0.8875943416508885
0.6319999999998345,477,1.9934037175555603,-0.8866753081580123
0.6319999999998345,478,1.994346695601225,-0.8857562746651361
0.6319999999998345,479,1.9952896736468901,-0.8848372411722599
0.6319999999998345,480,1.996232651692555,-0.8839182076793837
0.6319999999998345,481,1.9971756297382202,-0.8829991741865074
0.6319999999998345,482,1.998118607783885,-0.8820801406936312
0.6319999999998345,483,1.9990615858295502,-0.8811611072007549
0.6319999999998345,484,2.000004563875215,-0.8802420737078788
0.6319999999998345,485,2.0009475419208798,-0.8793230402150025
0.6319999999998345,486,2.001890519966545,-0.8784040067221264
0.6319999999998345,487,2.00283349801221,-0.87748497322925
0.6319999999998345,488,2.003776476057875,-0.8765659397363738
0.6319999999998345,489,2.0047194541035402,-0.8756469062434976
0.6319999999998345,490,2.005662432149205,-0.8747278727506214
0.6319999999998345,491,2.00660541019487,-0.8738088392577452
0.6319999999998345,492,2.0075483882405347,-0.8728898057648689
0.6319999999998345,493,2.0084913662862,-0.8719707722719926
0.6319999999998345,494,2.009434344331865,-0.8710517387791165
0.6319999999998345,495,2.01037732237753,-0.8701327052862402
0.6319999999998345,496,2.0113203004231948,-0.869213671793364
0.6319999999998345,497,2.01226327846886,-0.8682946383004878
0.6319999999998345,498,2.0132062565145246,-0.8673756048076114
0.6319999999998345,499,2.0141492345601897,-0.8664565713147353
0.6319999999998345,500,2.015092212605855,-0.865537537821859
0.6319999999998345,501,2.015092212605855,-0.865537537821859
0.6319999999998345,502,2.0169780827411206,-0.8637001089030745
0.6319999999998345,503,2.018863780964257,-0.8618639561182256
0.6319999999998345,504,2.0207493072752643,-0.8600290794673126
0.6319999999998345,505,2.0226346616741426,-0.8581954789503351
0.6319999999998345,506,2.0245198441608916,-0.8563631545672935
0.6319999999998345,507,2.0264048547355125,-0.8545321063181878
0.6319999999998345,508,2.028289693398004,-0.8527023342030174
0.6319999999998345,509,2.030174360148366,-0.8508738382217832
0.6319999999998345,510,2.0320588549865994,-0.8490466183744845
0.6319999999998345,511,2.033943177912703,-0.8472206746611214
0.6319999999998345,512,2.035827328926679,-0.8453960070816944
0.6319999999998345,513,2.037711308028525,-0.8435726156362029
0.6319999999998345,514,2.0395951152182423,-0.8417505003246473
0.6319999999998345,515,2.041478750495831,-0.8399296611470274
0.6319999999998345,516,2.04336221386129,-0.8381100981033431
0.6319999999998345,517,2.0452455053146203,-0.8362918111935946
0.6319999999998345,518,2.047128624855821,-0.834474800417782
0.6319999999998345,519,2.0490115724848934,-0.832659065775905
0.6319999999998345,520,2.050894348201837,-0.8308446072679636
0.6319999999998345,521,2.052776952006651,-0.8290314248939582
0.6319999999998345,522,2.0546593838993363,-0.8272195186538884
0.6319999999998345,523,2.0565416438798922,-0.8254088885477545
0.6319999999998345,524,2.058423731948319,-0.8235995345755562
0.6319999999998345,525,2.060305648104617,-0.8217914567372937
0.6319999999998345,526,2.0621873923487866,-0.8199846550329669
0.6319999999998345,527,2.0640689646808266,-0.818179129462576
0.6319999999998345,528,2.0659503651007376,-0.8163748800261206
0.6319999999998345,529,2.0678315936085196,-0.814571906723601
0.6319999999998345,530,2.0697126502041723,-0.8127702095550171
0.6319999999998345,531,2.071593534887697,-0.8109697885203692
0.6319999999998345,532,2.0734742476590915,-0.8091706436196567
0.6319999999998345,533,2.0753547885183576,-0.8073727748528802
0.6319999999998345,534,2.0772351574654944,-0.8055761822200393
0.6319999999998345,535,2.0791153545005026,-0.8037808657211343
0.6319999999998345,536,2.0809953796233813,-0.801986825356165
0.6319999999998345,537,2.082875232834131,-0.8001940611251314
0.6319999999998345,538,2.0847549141327524,-0.7984025730280336
0.6319999999998345,539,2.086634423519244,-0.7966123610648714
0.6319999999998345,540,2.088513760993607,-0.7948234252356451
0.6319999999998345,541,2.090392926555841,-0.7930357655403544
0.6319999999998345,542,2.092271920205946,-0.7912493819789995
0.6319999999998345,543,2.0941507419439214,-0.7894642745515804
0.6319999999998345,544,2.0960293917697683,-0.7876804432580969
0.6319999999998345,545,2.0979078696834863,-0.7858978880985492
0.6319999999998345,546,2.099786175685075,-0.7841166090729372
0.6319999999998345,547,2.101664309774535,-0.7823366061812611
0.6319999999998345,548,2.1035422719518655,-0.7805578794235206
0.6319999999998345,549,2.1054200622170676,-0.778780428799716
0.6319999999998345,550,2.1072976805701398,-0.777004254309847
0.6319999999998345,551,2.109175127011084,-0.7752293559539138
0.6319999999998345,552,2.111052401539898,-0.7734557337319162
0.6319999999998345,553,2.112929504156584,-0.7716833876438546
0.6319999999998345,554,2.114806434861141,-0.7699123176897286
0.6319999999998345,555,2.1166831936535684,-0.7681425238695383
0.6319999999998345,556,2.1185597805338667,-0.7663740061832838
0.6319999999998345,557,2.120436195502036,-0.764606764630965
0.6319999999998345,558,2.122312438558077,-0.762840799212582
0.6319999999998345,559,2.124188509701989,-0.7610761099281347
0.6319999999998345,560,2.1260644089337712,-0.7593126967776231
0.6319999999998345,561,2.1279401362534247,-0.7575505597610473
0.6319999999998345,562,2.129815691660949,-0.7557896988784073
0.6319999999998345,563,2.1316910751563447,-0.7540301141297029
0.6319999999998345,564,2.1335662867396112,-0.7522718055149343
0.6319999999998345,565,2.1354413264107484,-0.7505147730341015
0.6319999999998345,566,2.1373161941697574,-0.7487590166872045
0.6319999999998345,567,2.139190890016637,-0.747004536474243
0.6319999999998345,568,2.1410654139513867,-0.7452513323952175
0.6319999999998345,569,2.1429397659740084,-0.7434994044501275
0.6319999999998345,570,2.1448139460845006,-0.7417487526389734
0.6319999999998345,571,2.1466879542828643,-0.739999376961755
0.6319999999998345,572,2.148561790569098,-0.7382512774184724
0.6319999999998345,573,2.150435454943204,-0.7365044540091256
0.6319999999998345,574,2.15230894740518,-0.7347589067337144
0.6319999999998345,575,2.154182267955027,-0.733014635592239
0.6319999999998345,576,2.1560554165927455,-0.7312716405846992
0.6319999999998345,577,2.157928393318335,-0.7295299217110953
0.6319999999998345,578,2.159801198131795,-0.7277894789714271
0.6319999999998345,579,2.1616738310331267,-0.7260503123656947
0.6319999999998345,580,2.1635462920223283,-0.7243124218938979
0.6319999999998345,581,2.1654185810994018,-0.722575807556037
0.6319999999998345,582,2.167290698264346,-0.7208404693521118
0.6319999999998345,583,2.1691626435171614,-0.7191064072821224
0.6319999999998345,584,2.1710344168578475,-0.7173736213460685
0.6319999999998345,585,2.1729060182864046,-0.7156421115439507
0.6319999999998345,586,2.174777447802833,-0.7139118778757684
0.6319999999998345,587,2.176648705407132,-0.7121829203415219
0.6319999999998345,588,2.178519791099302,-0.7104552389412111
0.6319999999998345,589,2.180390704879344,-0.7087288336748362
0.6319999999998345,590,2.182261446747255,-0.707003704542397
0.6319999999998345,591,2.184132016703039,-0.7052798515438935
0.6319999999998345,592,2.1860024147466928,-0.7035572746793255
0.6319999999998345,593,2.187872640878217,-0.7018359739486936
0.6319999999998345,594,2.189742695097613,-0.7001159493519973
0.6319999999998345,595,2.1916125774048805,-0.6983972008892366
0.6319999999998345,596,2.1934822878000184,-0.6966797285604118
0.6319999999998345,597,2.1953518262830274,-0.6949635323655228
0.6319999999998345,598,2.1972211928539074,-0.6932486123045695
0.6319999999998345,599,2.199090387512658,-0.6915349683775518
0.6319999999998345,600,2.2009594102592804,-0.68982260058447
0.6319999999998345,601,2.202828261093773,-0.6881115089253239
0.6319999999998345,602,2.2046969400161367,-0.6864016934001134
0.6319999999998345,603,2.2065654470263723,-0.6846931540088389
0.6319999999998345,604,2.208433782124478,-0.6829858907515
0.6319999999998345,605,2.2103019453104547,-0.6812799036280968
0.6319999999998345,606,2.2121699365843024,-0.6795751926386294
0.6319999999998345,607,2.214037755946021,-0.6778717577830977
0.6319999999998345,608,2.2159054033956105,-0.6761695990615018
0.6319999999998345,609,2.2177728789330717,-0.6744687164738417
0.6319999999998345,610,2.219640182558403,-0.6727691100201172
0.6319999999998345,611,2.221507314271606,-0.6710707797003285
0.6319999999998345,612,2.22337427407268,-0.6693737255144754
0.6319999999998345,613,2.2252410619616247,-0.6676779474625582
0.6319999999998345,614,2.2271076779384407,-0.6659834455445767
0.6319999999998345,615,2.228974122003127,-0.664290219760531
0.6319999999998345,616,2.2308403941556842,-0.6625982701104209
0.6319999999998345,617,2.2327064943961132,-0.6609075965942467
0.6319999999998345,618,2.2345724227244133,-0.6592181992120083
0.6319999999998345,619,2.236438179140584,-0.6575300779637054
0.6319999999998345,620,2.2383037636446255,-0.6558432328493384
0.6319999999998345,621,2.2401691762365377,-0.6541576638689072
0.6319999999998345,622,2.242034416916321,-0.6524733710224117
0.6319999999998345,623,2.243899485683976,-0.6507903543098519
0.6319999999998345,624,2.2457643825395013,-0.6491086137312279
0.6319999999998345,625,2.247629107482898,-0.6474281492865396
0.6319999999998345,626,2.2494936605141653,-0.645748960975787
0.6319999999998345,627,2.2513580416333037,-0.6440710487989703
0.6319999999998345,628,2.2532222508403135,-0.6423944127560891
0.6319999999998345,629,2.2550862881351934,-0.6407190528471438
0.6319999999998345,630,2.2569501535179453,-0.639044969072134
0.6319999999998345,631,2.2588138469885672,-0.6373721614310602
0.6319999999998345,632,2.260677368547061,-0.6357006299239222
0.6319999999998345,633,2.262540718193425,-0.6340303745507198
0.6319999999998345,634,2.2644038959276607,-0.6323613953114533
0.6319999999998345,635,2.266266901749767,-0.6306936922061224
0.6319999999998345,636,2.2681297356597447,-0.6290272652347271
0.6319999999998345,637,2.269992397657593,-0.6273621143972677
0.6319999999998345,638,2.2718548877433125,-0.6256982396937442
0.6319999999998345,639,2.2737172059169026,-0.6240356411241562
0.6319999999998345,640,2.275579352178364,-0.6223743186885039
0.6319999999998345,641,2.277441326527696,-0.6207142723867876
0.6319999999998345,642,2.2793031289648997,-0.619055502219007
0.6319999999998345,643,2.281164759489974,-0.617398008185162
0.6319999999998345,644,2.283026218102919,-0.6157417902852527
0.6319999999998345,645,2.284887504803735,-0.6140868485192793
0.6319999999998345,646,2.286748619592422,-0.6124331828872416
0.6319999999998345,647,2.28860956246898,-0.6107807933891395
0.6319999999998345,648,2.2904703334334093,-0.6091296800249733
0.6319999999998345,649,2.2923309324857093,-0.6074798427947428
0.6319999999998345,650,2.2941913596258807,-0.605831281698448
0.6319999999998345,651,2.2960516148539227,-0.604183996736089
0.6319999999998345,652,2.2979116981698358,-0.6025379879076658
0.6319999999998345,653,2.29977160957362,-0.6008932552131782
0.6319999999998345,654,2.301631349065275,-0.5992497986526265
0.6319999999998345,655,2.3034909166448014,-0.5976076182260104
0.6319999999998345,656,2.305350312312198,-0.5959667139333301
0.6319999999998345,657,2.3072095360674663,-0.5943270857745855
0.6319999999998345,658,2.309068587910605,-0.5926887337497767
0.6319999999998345,659,2.310927467841615,-0.5910516578589036
0.6319999999998345,660,2.3127861758604964,-0.5894158581019663
0.6319999999998345,661,2.314644711967248,-0.5877813344789647
0.6319999999998345,662,2.3165030761618706,-0.5861480869898988
0.6319999999998345,663,2.318361268444365,-0.5845161156347688
0.6319999999998345,664,2.3202192888147297,-0.5828854204135744
0.6319999999998345,665,2.3220771372729656,-0.5812560013263158
0.6319999999998345,666,2.3239348138190725,-0.5796278583729929
0.6319999999998345,667,2.3257923184530505,-0.5780009915536057
0.6319999999998345,668,2.3276496511748994,-0.5763754008681543
0.6319999999998345,669,2.329506811984619,-0.5747510863166386
0.6319999999998345,670,2.33136380088221,-0.5731280478990588
0.6319999999998345,671,2.3332206178676715,-0.5715062856154146
0.6319999999998345,672,2.335077262941004,-0.5698857994657062
0.6319999999998345,673,2.3369337361022082,-0.5682665894499336
0.6319999999998345,674,2.338790037351283,-0.5666486555680965
0.6319999999998345,675,2.3406461666882286,-0.5650319978201953
0.6319999999998345,676,2.3425021241130453,-0.56341661620623
0.6319999999998345,677,2.3443579096257334,-0.5618025107262004
0.6319999999998345,678,2.346213523226292,-0.5601896813801064
0.6319999999998345,679,2.3480689649147215,-0.558578128167948
0.6319999999998345,680,2.3499242346910223,-0.5569678510897256
0.6319999999998345,681,2.351779332555194,-0.555358850145439
0.6319999999998345,682,2.3536342585072365,-0.5537511253350879
0.6319999999998345,683,2.3554890125471504,-0.5521446766586726
0.6319999999998345,684,2.357343594674935,-0.5505395041161931
0.6319999999998345,685,2.3591980048905903,-0.5489356077076493
0.6319999999998345,686,2.361052243194117,-0.5473329874330413
0.6319999999998345,687,2.3629063095855147,-0.5457316432923689
0.6319999999998345,688,2.3647602040647833,-0.5441315752856325
0.6319999999998345,689,2.366613926631923,-0.5425327834128316
0.6319999999998345,690,2.368467477286933,-0.5409352676739666
0.6319999999998345,691,2.3703208560298146,-0.5393390280690373
0.6319999999998345,692,2.372174062860567,-0.5377440645980437
0.6319999999998345,693,2.3740270977791904,-0.5361503772609858
0.6319999999998345,694,2.375879960785685,-0.5345579660578637
0.6319999999998345,695,2.3777326518800503,-0.5329668309886773
0.6319999999998345,696,2.3795851710622866,-0.5313769720534267
0.6319999999998345,697,2.381437518332394,-0.5297883892521118
0.6319999999998345,698,2.3832896936903727,-0.5282010825847328
0.6319999999998345,699,2.385141697136222,-0.5266150520512893
0.6319999999998345,700,2.3869935286699424,-0.5250302976517817
0.6319999999998345,701,2.388845188291534,-0.5234468193862097
0.6319999999998345,702,2.390696676000996,-0.5218646172545737
0.6319999999998345,703,2.3925479917983288,-0.5202836912568732
0.6319999999998345,704,2.3943991356835337,-0.5187040413931084
0.6319999999998345,705,2.3962501076566087,-0.5171256676632795
0.6319999999998345,706,2.398100907717555,-0.5155485700673863
0.6319999999998345,707,2.3999515358663723,-0.5139727486054289
0.6319999999998345,708,2.4018019921030604,-0.5123982032774073
0.6319999999998345,709,2.4036522764276196,-0.5108249340833212
0.6319999999998345,710,2.40550238884005,-0.5092529410231712
0.6319999999998345,711,2.407352329340351,-0.5076822240969566
0.6319999999998345,712,2.4092020979285236,-0.5061127833046779
0.6319999999998345,713,2.4110516946045664,-0.5045446186463349
0.6319999999998345,714,2.4129011193684806,-0.5029777301219277
0.6319999999998345,715,2.414750372220266,-0.5014121177314561
0.6319999999998345,716,2.4165994531599218,-0.49984778147492037
0.6319999999998345,717,2.418448362187449,-0.4982847213523203
0.6319999999998345,718,2.420297099302847,-0.4967229373636561
0.6319999999998345,719,2.422145664506116,-0.49516242950892747
0.6319999999998345,720,2.423994057797256,-0.49360319778813466
0.6319999999998345,721,2.4258422791762673,-0.4920452422012776
0.6319999999998345,722,2.4276903286431493,-0.49048856274835634
0.6319999999998345,723,2.4295382061979023,-0.4889331594293707
0.6319999999998345,724,2.431385911840526,-0.4873790322443209
0.6319999999998345,725,2.433233445571021,-0.4858261811932068
0.6319999999998345,726,2.435080807389387,-0.4842746062760285
0.6319999999998345,727,2.4369279972956237,-0.48272430749278583
0.6319999999998345,728,2.438775015289732,-0.48117528484347893
0.6319999999998345,729,2.4406218613717106,-0.4796275383281078
0.6319999999998345,730,2.4424685355415603,-0.4780810679466724
0.6319999999998345,731,2.4443150377992815,-0.47653587369917283
0.6319999999998345,732,2.4461613681448733,-0.4749919555856089
0.6319999999998345,733,2.448007526578336,-0.47344931360598075
0.6319999999998345,734,2.4498535130996695,-0.4719079477602883
0.6319999999998345,735,2.4516993277088748,-0.47036785804853165
0.6319999999998345,736,2.45354497040595,-0.4688290444707107
0.6319999999998345,737,2.455390441190897,-0.46729150702682554
0.6319999999998345,738,2.457235740063715,-0.4657552457168761
0.6319999999998345,739,2.4590808670244035,-0.46422026054086235
0.6319999999998345,740,2.460925822072963,-0.46268655149878435
0.6319999999998345,741,2.4627706052093936,-0.46115411859064215
0.6319999999998345,742,2.4646152164336956,-0.4596229618164357
0.6319999999998345,743,2.466459655745868,-0.45809308117616493
0.6319999999998345,744,2.4683039231459114,-0.4565644766698299
0.6319999999998345,745,2.470148018633826,-0.4550371482974307
0.6319999999998345,746,2.4719919422096117,-0.4535110960589672
0.6319999999998345,747,2.4738356938732684,-0.4519863199544395
0.6319999999998345,748,2.475679273624796,-0.45046281998384735
0.6319999999998345,749,2.477522681464195,-0.4489405961471912
0.6319999999998345,750,2.479365917391464,-0.4474196484444705
0.6319999999998345,751,2.4812089814066045,-0.4458999768756858
0.6319999999998345,752,2.4830518735096163,-0.4443815814408368
0.6319999999998345,753,2.4848945937004987,-0.4428644621399234
0.6319999999998345,754,2.486737141979252,-0.44134861897294586
0.6319999999998345,755,2.4885795183458765,-0.439834051939904
0.6319999999998345,756,2.4904217228003724,-0.43832076104079787
0.6319999999998345,757,2.4922637553427385,-0.43680874627562755
0.6319999999998345,758,2.494105615972976,-0.4352980076443929
0.6319999999998345,759,2.495947304691084,-0.4337885451470941
0.6319999999998345,760,2.497788821497064,-0.43228035878373094
0.6319999999998345,761,2.499630166390914,-0.43077344855430355
0.6319999999998345,762,2.5014713393726353,-0.42926781445881196
0.6319999999998345,763,2.5033123404422284,-0.42776345649725606
0.6319999999998345,764,2.505153169599691,-0.4262603746696359
0.6319999999998345,765,2.506993826845026,-0.42475856897595154
0.6319999999998345,766,2.508834312178231,-0.4232580394162029
0.6319999999998345,767,2.5106746255993073,-0.42175878599038996
0.6319999999998345,768,2.5125147671082546,-0.42026080869851273
0.6319999999998345,769,2.514354736705073,-0.4187641075405713
0.6319999999998345,770,2.5161945343897623,-0.41726868251656557
0.6319999999998345,771,2.518034160162322,-0.41577453362649563
0.6319999999998345,772,2.519873614022753,-0.41428166087036145
0.6319999999998345,773,2.5217128959710555,-0.4127900642481629
0.6319999999998345,774,2.523552006007229,-0.4112997437599002
0.6319999999998345,775,2.5253909441312734,-0.40981069940557324
0.6319999999998345,776,2.527229710343188,-0.408322931185182
0.6319999999998345,777,2.529068304642974,-0.40683643909872647
0.6319999999998345,778,2.5309067270306316,-0.40535122314620675
0.6319999999998345,779,2.5327449775061597,-0.4038672833276227
0.6319999999998345,780,2.534583056069559,-0.40238461964297445
0.6319999999998345,781,2.5364209627208285,-0.40090323209226186
0.6319999999998345,782,2.5382586974599697,-0.3994231206754851
0.6319999999998345,783,2.5400962602869814,-0.39794428539264404
0.6319999999998345,784,2.5419336512018647,-0.39646672624373874
0.6319999999998345,785,2.543770870204619,-0.39499044322876925
0.6319999999998345,786,2.5456079172952437,-0.39351543634773534
0.6319999999998345,787,2.5474447924737396,-0.3920417056006373
0.6319999999998345,788,2.5492814957401064,-0.39056925098747497
0.6319999999998345,789,2.5511180270943443,-0.3890980725082483
0.6319999999998345,790,2.5529543865364532,-0.3876281701629576
0.6319999999998345,791,2.554790574066433,-0.38615954395160246
0.6319999999998345,792,2.556626589684284,-0.3846921938741831
0.6319999999998345,793,2.558462433390006,-0.38322611993069944
0.6319999999998345,794,2.560298105183599,-0.3817613221211516
0.6319999999998345,795,2.5621336050650627,-0.3802978004455394
0.6319999999998345,796,2.5639689330343973,-0.378835554903863
0.6319999999998345,797,2.5658040890916034,-0.37737458549612235
0.6319999999998345,798,2.5676390732366805,-0.37591489222231744
0.6319999999998345,799,2.5694738854696277,-0.3744564750824483
0.6319999999998345,800,2.571308525790447,-0.3729993340765148
0.6319999999998345,801,2.5731429941991366,-0.3715434692045171
0.6319999999998345,802,2.5749772906956974,-0.37008888046645516
0.6319999999998345,803,2.5768114152801287,-0.368635567862329
0.6319999999998345,804,2.578645367952432,-0.3671835313921385
0.6319999999998345,805,2.5804791487126053,-0.3657327710558838
0.6319999999998345,806,2.5823127575606497,-0.3642832868535648
0.6319999999998345,807,2.584146194496566,-0.3628350787851816
0.6319999999998345,808,2.5859794595203525,-0.3613881468507341
0.6319999999998345,809,2.58781255263201,-0.35994249105022236
0.6319999999998345,810,2.5896454738315384,-0.3584981113836463
0.6319999999998345,811,2.5914782231189384,-0.357055007851006
0.6319999999998345,812,2.5933108004942085,-0.3556131804523015
0.6319999999998345,813,2.59514320595735,-0.35417262918753273
0.6319999999998345,814,2.5969754395083626,-0.35273335405669964
0.6319999999998345,815,2.5988075011472462,-0.35129535505980236
0.6319999999998345,816,2.600639390874001,-0.3498586321968408
0.6319999999998345,817,2.6024711086886265,-0.34842318546781503
0.6319999999998345,818,2.604302654591123,-0.3469890148727249
0.6319999999998345,819,2.60613402858149,-0.3455561204115705
0.6319999999998345,820,2.6079652306597287,-0.34412450208435197
0.6319999999998345,821,2.6097962608258385,-0.34269415989106916
0.6319999999998345,822,2.611627119079819,-0.341265093831722
0.6319999999998345,823,2.61345780542167,-0.3398373039063106
0.6319999999998345,824,2.615288319851392,-0.33841079011483505
0.6319999999998345,825,2.617118662368986,-0.33698555245729517
0.6319999999998345,826,2.61894883297445,-0.335561590933691
0.6319999999998345,827,2.620778831667786,-0.33413890554402265
0.6319999999998345,828,2.622608658448992,-0.33271749628828995
0.6319999999998345,829,2.6244383133180693,-0.33129736316649305
0.6319999999998345,830,2.6262677962750174,-0.3298785061786319
0.6319999999998345,831,2.628097107319837,-0.32846092532470644
0.6319999999998345,832,2.629926246452527,-0.3270446206047168
0.6319999999998345,833,2.631755213673088,-0.3256295920186628
0.6319999999998345,834,2.6335840089815203,-0.3242158395665446
0.6319999999998345,835,2.635412632377824,-0.3228033632483622
0.6319999999998345,836,2.6372410838619977,-0.32139216306411544
0.6319999999998345,837,2.639069363434043,-0.31998223901380446
0.6319999999998345,838,2.6408974710939592,-0.3185735910974292
0.6319999999998345,839,2.6427254068417465,-0.3171662193149898
0.6319999999998345,840,2.6445531706774044,-0.31576012366648604
0.6319999999998345,841,2.646380762600934,-0.314355304151918
0.6319999999998345,842,2.6482081826123336,-0.3129517607712857
0.6319999999998345,843,2.650035430711605,-0.31154949352458916
0.6319999999998345,844,2.6518625068987465,-0.31014850241182845
0.6319999999998345,845,2.65368941117376,-0.3087487874330034
0.6319999999998345,846,2.655516143536644,-0.30735034858811405
0.6319999999998345,847,2.657342703987399,-0.3059531858771605
0.6319999999998345,848,2.6591690925260245,-0.3045572993001427
0.6319999999998345,849,2.660995309152522,-0.30316268885706066
0.6319999999998345,850,2.66282135386689,-0.3017693545479143
0.6319999999998345,851,2.6646472266691292,-0.3003772963727037
0.6319999999998345,852,2.666472927559239,-0.29898651433142887
0.6319999999998345,853,2.6682984565372196,-0.29759700842408987
0.6319999999998345,854,2.6701238136030714,-0.2962087786506865
0.6319999999998345,855,2.6719489987567946,-0.2948218250112189
0.6319999999998345,856,2.673774011998389,-0.29343614750568703
0.6319999999998345,857,2.675598853327853,-0.2920517461340909
0.6319999999998345,858,2.677423522745189,-0.2906686208964305
0.6319999999998345,859,2.6792480202503963,-0.28928677179270584
0.6319999999998345,860,2.6810723458434738,-0.28790619882291696
0.6319999999998345,861,2.682896499524422,-0.28652690198706376
0.6319999999998345,862,2.684720481293242,-0.28514888128514637
0.6319999999998345,863,2.686544291149933,-0.28377213671716467
0.6319999999998345,864,2.688367929094495,-0.28239666828311877
0.6319999999998345,865,2.690191395126928,-0.28102247598300856
0.6319999999998345,866,2.692014689247231,-0.27964955981683404
0.6319999999998345,867,2.6938378114554062,-0.2782779197845954
0.6319999999998345,868,2.695660761751452,-0.2769075558862924
0.6319999999998345,869,2.6974835401353685,-0.2755384681219252
0.6319999999998345,870,2.6993061466071566,-0.2741706564914937
0.6319999999998345,871,2.701128581166815,-0.27280412099499796
0.6319999999998345,872,2.702950843814344,-0.2714388616324379
0.6319999999998345,873,2.7047729345497453,-0.27007487840381367
0.6319999999998345,874,2.7065948533730166,-0.26871217130912517
0.6319999999998345,875,2.7084166002841594,-0.2673507403483724
0.6319999999998345,876,2.710238175283173,-0.26599058552155536
0.6319999999998345,877,2.7120595783700576,-0.2646317068286741
0.6319999999998345,878,2.713880809544813,-0.2632741042697285
0.6319999999998345,879,2.7157018688074395,-0.2619177778447187
0.6319999999998345,880,2.717522756157937,-0.2605627275536446
0.6319999999998345,881,2.7193434715963054,-0.25920895339650635
0.6319999999998345,882,2.721164015122545,-0.25785645537330376
0.6319999999998345,883,2.7229843867366554,-0.2565052334840369
0.6319999999998345,884,2.724804586438637,-0.2551552877287058
0.6319999999998345,885,2.726624614228489,-0.2538066181073105
0.6319999999998345,886,2.7284444701062123,-0.2524592246198509
0.6319999999998345,887,2.730264154071807,-0.25111310726632696
0.6319999999998345,888,2.7320836661252725,-0.24976826604673888
0.6319999999998345,889,2.7339030062666088,-0.2484247009610865
0.6319999999998345,890,2.735722174495816,-0.24708241200936984
0.6319999999998345,891,2.7375411708128947,-0.24574139919158894
0.6319999999998345,892,2.739359995217844,-0.24440166250774378
0.6319999999998345,893,2.7411786477106643,-0.2430632019578344
0.6319999999998345,894,2.7429971282913552,-0.24172601754186068
0.6319999999998345,895,2.7448154369599176,-0.2403901092598228
0.6319999999998345,896,2.746633573716351,-0.2390554771117206
0.6319999999998345,897,2.748451538560655,-0.23772212109755414
0.6319999999998345,898,2.750269331492831,-0.23639004121732343
0.6319999999998345,899,2.752086952512877,-0.23505923747102847
0.6319999999998345,900,2.753904401620794,-0.23372970985866923
0.6319999999998345,901,2.755721678816582,-0.23240145838024578
0.6319999999998345,902,2.757538784100241,-0.23107448303575806
0.6319999999998345,903,2.759355717471771,-0.22974878382520603
0.6319999999998345,904,2.7611724789311722,-0.2284243607485898
0.6319999999998345,905,2.7629890684784444,-0.22710121380590925
0.6319999999998345,906,2.7648054861135876,-0.22577934299716446
0.6319999999998345,907,2.7666217318366013,-0.22445874832235546
0.6319999999998345,908,2.7684378056474865,-0.22313942978148216
0.6319999999998345,909,2.770253707546243,-0.22182138737454465
0.6319999999998345,910,2.7720694375328696,-0.22050462110154284
0.6319999999998345,911,2.773884995607368,-0.21918913096247677
0.6319999999998345,912,2.7757003817697368,-0.21787491695734645
0.6319999999998345,913,2.7775155960199767,-0.21656197908615193
0.6319999999998345,914,2.779330638358088,-0.21525031734889308
0.6319999999998345,915,2.7811455087840695,-0.21393993174556997
0.6319999999998345,916,2.782960207297923,-0.21263082227618263
0.6319999999998345,917,2.7847747338996465,-0.21132298894073104
0.6319999999998345,918,2.7865890885892415,-0.21001643173921522
0.6319999999998345,919,2.7884032713667075,-0.2087111506716351
0.6319999999998345,920,2.790217282232044,-0.20740714573799074
0.6319999999998345,921,2.7920311211852518,-0.2061044169382821
0.6319999999998345,922,2.7938447882263304,-0.2048029642725092
0.6319999999998345,923,2.795658283355281,-0.20350278774067207
0.6319999999998345,924,2.7974716065721017,-0.20220388734277062
0.6319999999998345,925,2.7992847578767934,-0.200906263078805
0.6319999999998345,926,2.801097737269356,-0.19960991494877503
0.6319999999998345,927,2.80291054474979,-0.19831484295268087
0.6319999999998345,928,2.8047231803180948,-0.19702104709052243
0.6319999999998345,929,2.80653564397427,-0.19572852736229973
0.6319999999998345,930,2.808347935718317,-0.19443728376801275
0.6319999999998345,931,2.8101600555502344,-0.19314731630766152
0.6319999999998345,932,2.8119720034700233,-0.19185862498124606
0.6319999999998345,933,2.813783779477683,-0.19057120978876635
0.6319999999998345,934,2.8155953835732137,-0.18928507073022235
0.6319999999998345,935,2.8174068157566152,-0.1880002078056141
0.6319999999998345,936,2.819218076027888,-0.1867166210149416
0.6319999999998345,937,2.8210291643870318,-0.18543431035820485
0.6319999999998345,938,2.8228400808340464,-0.1841532758354038
0.6319999999998345,939,2.8246508253689315,-0.18287351744653854
0.6319999999998345,940,2.826461397991688,-0.18159503519160902
0.6319999999998345,941,2.828271798702316,-0.18031782907061522
0.6319999999998345,942,2.8300820275008145,-0.17904189908355717
0.6319999999998345,943,2.831892084387184,-0.17776724523043486
0.6319999999998345,944,2.8337019693614245,-0.1764938675112483
0.6319999999998345,945,2.8355116824235362,-0.17522176592599747
0.6319999999998345,946,2.8373212235735186,-0.1739509404746824
0.6319999999998345,947,2.839130592811372,-0.17268139115730308
0.6319999999998345,948,2.8409397901370963,-0.17141311797385944
0.6319999999998345,949,2.842748815550692,-0.1701461209243516
0.6319999999998345,950,2.844557669052158,-0.16888040000877946
0.6319999999998345,951,2.8463663506414956,-0.16761595522714312
0.6319999999998345,952,2.8481748603187036,-0.16635278657944247
0.6319999999998345,953,2.849983198083783,-0.1650908940656776
0.6319999999998345,954,2.8517913639367336,-0.16383027768584846
0.6319999999998345,955,2.8535993578775547,-0.16257093743995504
0.6319999999998345,956,2.8554071799062473,-0.16131287332799737
0.6319999999998345,957,2.8572148300228104,-0.16005608534997545
0.6319999999998345,958,2.859022308227245,-0.15880057350588928
0.6319999999998345,959,2.86082961451955,-0.15754633779573884
0.6319999999998345,960,2.862636748899726,-0.15629337821952416
0.6319999999998345,961,2.864443711367773,-0.1550416947772452
0.6319999999998345,962,2.866250501923692,-0.15379128746890197
0.6319999999998345,963,2.868057120567481,-0.15254215629449452
0.6319999999998345,964,2.869863567299141,-0.1512943012540228
0.6319999999998345,965,2.871669842118672,-0.1500477223474868
0.6319999999998345,966,2.8734759450260743,-0.1488024195748866
0.6319999999998345,967,2.875281876021347,-0.14755839293622208
0.6319999999998345,968,2.877087635104492,-0.14631564243149334
0.6319999999998345,969,2.8788932222755066,-0.1450741680607003
0.6319999999998345,970,2.880698637534393,-0.14383396982384303
0.6319999999998345,971,2.88250388088115,-0.14259504772092152
0.6319999999998345,972,2.884308952315778,-0.14135740175193573
0.6319999999998345,973,2.886113851838277,-0.14012103191688569
0.6319999999998345,974,2.8879185794486473,-0.1388859382157714
0.6319999999998345,975,2.889723135146888,-0.1376521206485928
0.6319999999998345,976,2.8915275189329996,-0.13641957921534997
0.6319999999998345,977,2.8933317308069832,-0.1351883139160429
0.6319999999998345,978,2.8951357707688374,-0.13395832475067157
0.6319999999998345,979,2.896939638818562,-0.132729611719236
0.6319999999998345,980,2.898743334956158,-0.13150217482173615
0.6319999999998345,981,2.900546859181625,-0.1302760140581721
0.6319999999998345,982,2.9023502114949626,-0.12905112942854374
0.6319999999998345,983,2.9041533918961715,-0.1278275209328511
0.6319999999998345,984,2.9059564003852514,-0.12660518857109423
0.6319999999998345,985,2.9077592369622023,-0.12538413234327309
0.6319999999998345,986,2.909561901627024,-0.12416435224938768
0.6319999999998345,987,2.911364394379717,-0.12294584828943804
0.6319999999998345,988,2.9131667152202807,-0.12172862046342411
0.6319999999998345,989,2.9149688641487157,-0.12051266877134595
0.6319999999998345,990,2.9167708411650217,-0.11929799321320353
0.6319999999998345,991,2.9185726462691983,-0.11808459378899683
0.6319999999998345,992,2.920374279461246,-0.11687247049872589
0.6319999999998345,993,2.9221757407411646,-0.11566162334239069
0.6319999999998345,994,2.9239770301089543,-0.11445205231999123
0.6319999999998345,995,2.925778147564615,-0.11324375743152751
0.6319999999998345,996,2.9275790931081467,-0.11203673867699954
0.6319999999998345,997,2.9293798667395494,-0.1108309960564073
0.6319999999998345,998,2.931180468458823,-0.1096265295697508
0.6319999999998345,999,2.9329808982659675,-0.10842333921703005
0.6319999999998345,1000,2.934781156160983,-0.10722142499824504
0.6319999999998345,1001,2.9365812421438697,-0.10602078691339578
0.6319999999998345,1002,2.9365812421438697,-0.10602078691339578
0.6319999999998345,1003,2.9383805421706817,-0.10482088689551587
0.6319999999998345,1004,2.9401784421974724,-0.10362118687763895
0.6319999999998345,1005,2.9419749422242423,-0.10242168685976502
0.6319999999998345,1006,2.9437700422509914,-0.10122238684189405
0.6319999999998345,1007,2.9455637422777197,-0.10002328682402607
0.6319999999998345,1008,2.9473560423044267,-0.09882438680616107
0.6319999999998345,1009,2.949146942331113,-0.09762568678829903
0.6319999999998345,1010,2.950936442357779,-0.09642718677044
0.6319999999998345,1011,2.9527245423844235,-0.09522888675258394
0.6319999999998345,1012,2.9545112424110473,-0.09403078673473085
0.6319999999998345,1013,2.956296542437651,-0.09283288671688077
0.6319999999998345,1014,2.958080442464233,-0.09163518669903364
0.6319999999998345,1015,2.959862942490794,-0.09043768668118948
0.6319999999998345,1016,2.9616440425173347,-0.08924038666334833
0.6319999999998345,1017,2.963423742543854,-0.08804328664551014
0.6319999999998345,1018,2.9652020425703527,-0.08684638662767497
0.6319999999998345,1019,2.9669789425968305,-0.08564968660984273
0.6319999999998345,1020,2.9687544426232875,-0.0844531865920135
0.6319999999998345,1021,2.9705285426497237,-0.08325688657418724
0.6319999999998345,1022,2.972301242676139,-0.08206078655636395
0.6319999999998345,1023,2.9740725427025336,-0.08086488653854365
0.6319999999998345,1024,2.975842442728907,-0.07966918652072634
0.6319999999998345,1025,2.9776109427552595,-0.078473686502912
0.6319999999998345,1026,2.9793780427815917,-0.07727838648510063
0.6319999999998345,1027,2.9811437428079026,-0.07608328646729227
0.6319999999998345,1028,2.9829080428341928,-0.07488838644948687
0.6319999999998345,1029,2.984670942860462,-0.07369368643168445
0.6319999999998345,1030,2.98643244288671,-0.07249918641388502
0.6319999999998345,1031,2.9881925429129375,-0.07130488639608855
0.6319999999998345,1032,2.989951242939145,-0.07011078637829508
0.6319999999998345,1033,2.9917085429653305,-0.06891688636050458
0.6319999999998345,1034,2.9934644429914954,-0.06772318634271707
0.6319999999998345,1035,2.995218943017639,-0.06652968632493253
0.6319999999998345,1036,2.9969720430437623,-0.06533638630715097
0.6319999999998345,1037,2.998723743069865,-0.06414328628937238
0.6319999999998345,1038,3.0004740430959465,-0.06295038627159678
0.6319999999998345,1039,3.0022229431220073,-0.061757686253824204
0.6319999999998345,1040,3.0039704431480474,-0.06056518623605457
0.6319999999998345,1041,3.0057165431740667,-0.05937288621828791
0.6319999999998345,1042,3.0074612432000642,-0.058180786200524234
0.6319999999998345,1043,3.0092045432260415,-0.05698888618276352
0.6319999999998345,1044,3.0109464432519983,-0.05579718616500582
0.6319999999998345,1045,3.0126869432779335,-0.054605686147251094
0.6319999999998345,1046,3.0144260433038474,-0.05341438612949935
0.6319999999998345,1047,3.0161637433297415,-0.052223286111750575
0.6319999999998345,1048,3.0179000433556142,-0.05103238609400479
0.6319999999998345,1049,3.0196349433814667,-0.04984168607626195
0.6319999999998345,1050,3.0213684434072974,-0.04865118605852213
0.6319999999998345,1051,3.0231005434331077,-0.04746088604078527
0.6319999999998345,1052,3.0248312434588973,-0.0462707860230514
0.6319999999998345,1053,3.026560543484666,-0.045080886005320495
0.6319999999998345,1054,3.028288443510414,-0.04389118598759259
0.6319999999998345,1055,3.0300149435361408,-0.04270168596986767
0.6319999999998345,1056,3.0317400435618467,-0.04151238595214572
0.6319999999998345,1057,3.0334637435875313,-0.04032328593442675
0.6319999999998345,1058,3.0351860436131957,-0.03913438591671075
0.6319999999998345,1059,3.036906943638839,-0.03794568589899774
0.6319999999998345,1060,3.038626443664462,-0.036757185881287714
0.6319999999998345,1061,3.0403445436900634,-0.03556888586358066
0.6319999999998345,1062,3.042061243715644,-0.03438078584587659
0.6319999999998345,1063,3.043776543741204,-0.03319288582817549
0.6319999999998345,1064,3.045490443766743,-0.03200518581047739
0.6319999999998345,1065,3.047202943792262,-0.03081768579278226
0.6319999999998345,1066,3.048914043817759,-0.02963038577509011
0.6319999999998345,1067,3.0506237438432353,-0.02844328575740094
0.6319999999998345,1068,3.052332043868691,-0.027256385739714752
0.6319999999998345,1069,3.0540389438941262,-0.02606968572203154
0.6319999999998345,1070,3.05574444391954,-0.02488318570435132
0.6319999999998345,1071,3.0574485439449326,-0.023696885686674066
0.6319999999998345,1072,3.059151243970305,-0.02251078566899979
0.6319999999998345,1073,3.060852543995656,-0.021324885651328503
0.6319999999998345,1074,3.062552444020987,-0.020139185633660208
0.6319999999998345,1075,3.064250944046296,-0.018953685615994892
0.6319999999998345,1076,3.065948044071585,-0.017768385598332548
0.6319999999998345,1077,3.067643744096853,-0.016583285580673165
0.6319999999998345,1078,3.0693380441221003,-0.015398385563016792
0.6319999999998345,1079,3.071030944147326,-0.014213685545363374
0.6319999999998345,1080,3.072722444172532,-0.01302918552771295
0.6319999999998345,1081,3.074412544197716,-0.011844885510065505
0.6319999999998345,1082,3.0761012442228792,-0.010660785492421037
0.6319999999998345,1083,3.077788544248022,-0.009476885474779564
0.6319999999998345,1084,3.0794744442731443,-0.008293185457141052
0.6319999999998345,1085,3.081158944298245,-0.007109685439505527
0.6319999999998345,1086,3.0828420443233253,-0.005926385421872982
0.6319999999998345,1087,3.0845237443483846,-0.004743285404243427
0.6319999999998345,1088,3.086204044373423,-0.0035603853866168246
0.6319999999998345,1089,3.087882944398441,-0.0023776853689932154
0.6319999999998345,1090,3.0895604444234377,-0.0011951853513726372
0.6319999999998345,1091,3.091236544448414,-1.2885333754977454e-05
0.6319999999998345,1092,3.0929112444733686,0.0011692146838596772
0.6319999999998345,1093,3.0945845444983027,0.0023511147014713667
0.6319999999998345,1094,3.096256444523216,0.0035328147190800616
0.6319999999998345,1095,3.0979269445481084,0.0047143147366857895
0.6319999999998345,1096,3.0995960445729795,0.005895614754288535
0.6319999999998345,1097,3.1012637445978304,0.007076714771888287
0.6319999999998345,1098,3.1029300446226604,0.008257614789485081
0.6319999999998345,1099,3.104594944647469,0.009438314807078865
0.6319999999998345,1100,3.1062584446722576,0.010618814824669698
0.6319999999998345,1101,3.107920544697025,0.011799114842257537
0.6319999999998345,1102,3.1095812447217708,0.012979214859842405
0.6319999999998345,1103,3.1112405447464964,0.014159114877424293
0.6319999999998345,1104,3.1128984447712016,0.015338814895003182
0.6319999999998345,1105,3.114554944795885,0.016518314912579095
0.6319999999998345,1106,3.116210044820548,0.017697614930152056
0.6319999999998345,1107,3.11786374484519,0.018876714947721987
0.6319999999998345,1108,3.119516044869811,0.020055614965288963
0.6319999999998345,1109,3.1211669448944113,0.021234314982852973
0.6319999999998345,1110,3.122816444918991,0.022412815000413977
0.6319999999998345,1111,3.124464544943549,0.02359111501797203
0.6319999999998345,1112,3.1261112449680866,0.02476921503552708
0.6319999999998345,1113,3.127756544992604,0.025947115053079162
0.6319999999998345,1114,3.1294004450171,0.027124815070628267
0.6319999999998345,1115,3.131042945041575,0.028302315088174376
0.6319999999998345,1116,3.1326840450660294,0.02947961510571751
0.6319999999998345,1117,3.1343237450904624,0.030656715123257676
0.6319999999998345,1118,3.1359620451148746,0.03183361514079485
0.6319999999998345,1119,3.137598945139267,0.03301031515832906
0.6319999999998345,1120,3.139234445163638,0.03418681517586028
0.6319999999998345,1121,3.1408685451879883,0.03536311519338851
0.6319999999998345,1122,3.142501245212317,0.03653921521091376
0.6319999999998345,1123,3.144132545236625,0.03771511522843604
0.6319999999998345,1124,3.1457624452609125,0.03889081524595532
0.6319999999998345,1125,3.1473909452851787,0.04006631526347165
0.6319999999998345,1126,3.1490180453094245,0.04124161528098497
0.6319999999998345,1127,3.1506437453336495,0.04241671529849533
0.6319999999998345,1128,3.1522680453578538,0.0435916153160027
0.6319999999998345,1129,3.1538909453820363,0.04476631533350711
0.6319999999998345,1130,3.155512445406199,0.04594081535100851
0.6319999999998345,1131,3.1571325454303403,0.047115115368506946
0.6319999999998345,1132,3.1587512454544604,0.04828921538600242
0.6319999999998345,1133,3.1603685454785606,0.049463115403494885
0.6319999999998345,1134,3.1619844455026387,0.05063681542098438
0.6319999999998345,1135,3.163598945526697,0.051810315438470894
0.6319999999998345,1136,3.1652120455507338,0.05298361545595443
0.6319999999998345,1137,3.16682374557475,0.05415671547343498
0.6319999999998345,1138,3.1684340455987456,0.05532961549091254
0.6319999999998345,1139,3.17004294562272,0.05650231550838715
0.6319999999998345,1140,3.171650445646674,0.05767481552585874
0.6319999999998345,1141,3.1732565456706068,0.05884711554332739
0.6319999999998345,1142,3.174861245694518,0.06001921556079303
0.6319999999998345,1143,3.1764645457184097,0.06119111557825572
0.6319999999998345,1144,3.17806644574228,0.06236281559571541
0.6319999999998345,1145,3.179666945766129,0.06353431561317212
0.6319999999998345,1146,3.1812660457899575,0.06470561563062585
0.6319999999998345,1147,3.1828637458137647,0.06587671564807657
0.6319999999998345,1148,3.184460045837551,0.06704761566552433
0.6319999999998345,1149,3.1860549458613168,0.06821831568296913
0.6319999999998345,1150,3.1876484458850625,0.06938881570041094
0.6319999999998345,1151,3.1892405459087865,0.07055911571784976
0.6319999999998345,1152,3.1908312459324897,0.07172921573528562
0.6319999999998345,1153,3.192420545956172,0.07289911575271849
0.6319999999998345,1154,3.1940084459798337,0.07406881577014837
0.6319999999998345,1155,3.1955949460034745,0.07523831578757528
0.6319999999998345,1156,3.197180046027094,0.07640761580499922
0.6319999999998345,1157,3.198763746050693,0.07757671582242016
0.6319999999998345,1158,3.200346046074271,0.07874561583983813
0.6319999999998345,1159,3.2019269460978284,0.07991431585725312
0.6319999999998345,1160,3.203506446121365,0.08108281587466512
0.6319999999998345,1161,3.2050845461448803,0.08225111589207415
0.6319999999998345,1162,3.2066612461683754,0.0834192159094802
0.6319999999998345,1163,3.208236546191849,0.08458711592688328
0.6319999999998345,1164,3.209810446215302,0.08575481594428334
0.6319999999998345,1165,3.211382946238734,0.08692231596168046
0.6319999999998345,1166,3.212954046262145,0.08808961597907458
0.6319999999998345,1167,3.2145237462855354,0.08925671599646574
0.6319999999998345,1168,3.216092046308905,0.0904236160138539
0.6319999999998345,1169,3.2176589463322536,0.09159031603123907
0.6319999999998345,1170,3.219224446355581,0.0927568160486213
0.6319999999998345,1171,3.220788546378888,0.09392311606600051
0.6319999999998345,1172,3.222351246402174,0.09508921608337678
0.6319999999998345,1173,3.223912546425439,0.09625511610075002
0.6319999999998345,1174,3.225472446448684,0.09742081611812031
0.6319999999998345,1175,3.227030946471907,0.0985863161354876
0.6319999999998345,1176,3.2285880464951093,0.09975161615285194
0.6319999999998345,1177,3.230143746518291,0.10091671617021328
0.6319999999998345,1178,3.231698046541453,0.10208161618757161
0.6319999999998345,1179,3.233250946564593,0.103246316204927
0.6319999999998345,1180,3.234802446587712,0.1044108162222794
0.6319999999998345,1181,3.23635254661081,0.10557511623962881
0.6319999999998345,1182,3.237901246633888,0.10673921625697527
0.6319999999998345,1183,3.239448546656944,0.10790311627431873
0.6319999999998345,1184,3.24099444667998,0.10906681629165921
0.6319999999998345,1185,3.242538946702995,0.11023031630899671
0.6319999999998345,1186,3.244082046725988,0.11139361632633124
0.6319999999998345,1187,3.245623746748962,0.11255671634366277
0.6319999999998345,1188,3.2471640467719136,0.11371961636099134
0.6319999999998345,1189,3.248702946794846,0.11488231637831692
0.6319999999998345,1190,3.250240446817756,0.11604481639563953
0.6319999999998345,1191,3.2517765468406457,0.11720711641295914
0.6319999999998345,1192,3.2533112468635146,0.11836921643027579
0.6319999999998345,1193,3.2548445468863627,0.11953111644758943
0.6319999999998345,1194,3.25637644690919,0.12069281646490011
0.6319999999998345,1195,3.2579069469319957,0.12185431648220782
0.6319999999998345,1196,3.259436046954781,0.12301561649951254
0.6319999999998345,1197,3.2609637469775454,0.12417671651681428
0.6319999999998345,1198,3.2624900470002896,0.12533761653411304
0.6319999999998345,1199,3.2640149470230124,0.1264983165514088
0.6319999999998345,1200,3.2655384470457145,0.12765881656870162
0.6319999999998345,1201,3.267060547068395,0.12881911658599143
0.6319999999998345,1202,3.2685812470910554,0.12997921660327827
0.6319999999998345,1203,3.2701005471136946,0.13113911662056213
0.6319999999998345,1204,3.271618447136313,0.13229881663784301
0.6319999999998345,1205,3.2731349471589106,0.13345831665512092
0.6319999999998345,1206,3.2746500471814874,0.13461761667239583
0.6319999999998345,1207,3.276163747204043,0.13577671668966776
0.6319999999998345,1208,3.2776760472265782,0.1369356167069367
0.6319999999998345,1209,3.2791869472490927,0.1380943167242027
0.6319999999998345,1210,3.280696447271586,0.1392528167414657
0.6319999999998345,1211,3.2822045472940586,0.14041111675872567
0.6319999999998345,1212,3.28371124731651,0.14156921677598272
0.6319999999998345,1213,3.285216547338941,0.14272711679323677
0.6319999999998345,1214,3.286720447361351,0.14388481681048784
0.6319999999998345,1215,3.2882229473837397,0.14504231682773594
0.6319999999998345,1216,3.289724047406108,0.14619961684498106
0.6319999999998345,1217,3.2912237474284547,0.14735671686222318
0.6319999999998345,1218,3.2927220474507815,0.14851361687946232
0.6319999999998345,1219,3.2942189474730874,0.14967031689669852
0.6319999999998345,1220,3.2957144474953717,0.15082681691393168
0.6319999999998345,1221,3.2972085475176356,0.1519831169311619
0.6319999999998345,1222,3.2987012475398787,0.15313921694838917
0.6319999999998345,1223,3.3001925475621006,0.1542951169656134
0.6319999999998345,1224,3.3016824475843016,0.1554508169828347
0.6319999999998345,1225,3.3031709476064823,0.15660631700005298
0.6319999999998345,1226,3.3046580476286413,0.15776161701726832
0.6319999999998345,1227,3.306143747650781,0.15891671703448063
0.6319999999998345,1228,3.3076280476728983,0.16007161705168999
0.6319999999998345,1229,3.309110947694995,0.16122631706889634
0.6319999999998345,1230,3.310592447717071,0.16238081708609975
0.6319999999998345,1231,3.3120725477391266,0.16353511710330015
0.6319999999998345,1232,3.313551247761161,0.16468921712049758
0.6319999999998345,1233,3.3150285477831747,0.16584311713769204
0.6319999999998345,1234,3.3165044478051673,0.1669968171548835
0.6319999999998345,1235,3.3179789478271386,0.168150317172072
0.6319999999998345,1236,3.3194520478490896,0.16930361718925752
0.6319999999998345,1237,3.32092374787102,0.17045671720644004
0.6319999999998345,1238,3.322394047892929,0.1716096172236196
0.6319999999998345,1239,3.323862947914817,0.17276231724079616
0.6319999999998345,1240,3.325330447936685,0.17391481725796976
0.6319999999998345,1241,3.3267965479585313,0.17506711727514035
0.6319999999998345,1242,3.328261247980356,0.17621921729230794
0.6319999999998345,1243,3.3297245480021616,0.17737111730947258
0.6319999999998345,1244,3.3311864480239453,0.17852281732663428
0.6319999999998345,1245,3.3326469480457086,0.17967431734379297
0.6319999999998345,1246,3.334106048067451,0.18082561736094865
0.6319999999998345,1247,3.3355637480891724,0.1819767173781014
0.6319999999998345,1248,3.3370200481108725,0.18312761739525113
0.6319999999998345,1249,3.3384749481325526,0.18427831741239792
0.6319999999998345,1250,3.3399284481542115,0.1854288174295417
0.6319999999998345,1251,3.341380548175849,0.18657911744668249
0.6319999999998345,1252,3.3428312481974665,0.18772921746382032
0.6319999999998345,1253,3.3442805482190625,0.18887911748095515
0.6319999999998345,1254,3.345728448240638,0.19002881749808703
0.6319999999998345,1255,3.3471749482621926,0.1911783175152159
0.6319999999998345,1256,3.3486200482837263,0.19232761753234184
0.6319999999998345,1257,3.350063748305239,0.19347671754946477
0.6319999999998345,1258,3.351506048326731,0.1946256175665847
0.6319999999998345,1259,3.352946948348202,0.19577431758370167
0.6319999999998345,1260,3.3543864483696524,0.19692281760081562
0.6319999999998345,1261,3.3558245483910816,0.19807111761792665
0.6319999999998345,1262,3.3572612484124904,0.1992192176350347
0.6319999999998345,1263,3.358696548433878,0.20036711765213971
0.6319999999998345,1264,3.3601304484552452,0.20151481766924179
0.6319999999998345,1265,3.3615629484765908,0.20266231768634085
0.6319999999998345,1266,3.3629940484979155,0.20380961770343697
0.6319999999998345,1267,3.36442374851922,0.2049567177205301
0.6319999999998345,1268,3.3658520485405035,0.20610361773762026
0.6319999999998345,1269,3.367278948561766,0.2072503177547074
0.6319999999998345,1270,3.3687044485830073,0.2083968177717916
0.6319999999998345,1271,3.370128548604228,0.20954311778887277
0.6319999999998345,1272,3.371551248625428,0.21068921780595098
0.6319999999998345,1273,3.372972548646607,0.21183511782302625
0.6319999999998345,1274,3.3743924486677654,0.2129808178400985
0.6319999999998345,1275,3.3758109486889025,0.2141263178571678
0.6319999999998345,1276,3.377228048710019,0.21527161787423407
0.6319999999998345,1277,3.378643748731114,0.2164167178912974
0.6319999999998345,1278,3.380058048752189,0.2175616179083577
0.6319999999998345,1279,3.3814709487732433,0.21870631792541512
0.6319999999998345,1280,3.382882448794276,0.21985081794246947
0.6319999999998345,1281,3.384292548815288,0.2209951179595209
0.6319999999998345,1282,3.385701248836279,0.22213921797656927
0.6319999999998345,1283,3.38710854885725,0.22328311799361475
0.6319999999998345,1284,3.3885144488781993,0.22442681801065723
0.6319999999998345,1285,3.389918948899128,0.2255703180276967
0.6319999999998345,1286,3.3913220489200357,0.22671361804473317
0.6319999999998345,1287,3.3927237489409228,0.22785671806176672
0.6319999999998345,1288,3.394124048961789,0.22899961807879726
0.6319999999998345,1289,3.3955229489826344,0.2301423180958248
0.6319999999998345,1290,3.396920449003458,0.23128481811284937
0.6319999999998345,1291,3.398316549024262,0.23242711812987088
0.6319999999998345,1292,3.399711249045045,0.23356921814688952
0.6319999999998345,1293,3.4011045490658063,0.23471111816390516
0.6319999999998345,1294,3.4024964490865477,0.2358528181809178
0.6319999999998345,1295,3.4038869491072674,0.2369943181979275
0.6319999999998345,1296,3.4052760491279663,0.23813561821493417
0.6319999999998345,1297,3.4066637491486444,0.2392767182319379
0.6319999999998345,1298,3.408050049169302,0.24041761824893865
0.6319999999998345,1299,3.409434949189939,0.24155831826593643
0.6319999999998345,1300,3.4108184492105544,0.2426988182829312
0.6319999999998345,1301,3.41220054923115,0.24383911829992297
0.6319999999998345,1302,3.4135812492517235,0.24497921831691177
0.6319999999998345,1303,3.4149605492722768,0.2461191183338976
0.6319999999998345,1304,3.416338449292809,0.24725881835088048
0.6319999999998345,1305,3.4177149493133205,0.24839831836786036
0.6319999999998345,1306,3.419090049333811,0.24953761838483723
0.6319999999998345,1307,3.420463749354281,0.25067671840181116
0.6319999999998345,1308,3.42183604937473,0.2518156184187821
0.6319999999998345,1309,3.4232069493951576,0.25295431843575
0.6319999999998345,1310,3.4245764494155653,0.25409281845271503
0.6319999999998345,1311,3.4259445494359513,0.255231118469677
0.6319999999998345,1312,3.4273112494563165,0.256369218486636
0.6319999999998345,1313,3.428676549476661,0.25750711850359204
0.6319999999998345,1314,3.4300404494969845,0.2586448185205451
0.6319999999998345,1315,3.4314029495172877,0.25978231853749517
0.6319999999998345,1316,3.4327640495375698,0.26091961855444223
0.6319999999998345,1317,3.4341237495578305,0.2620567185713864
0.6319999999998345,1318,3.435482049578071,0.2631936185883275
0.6319999999998345,1319,3.4368389495982905,0.2643303186052657
0.6319999999998345,1320,3.438194449618489,0.26546681862220084
0.6319999999998345,1321,3.4395485496386664,0.26660311863913305
0.6319999999998345,1322,3.4409012496588236,0.2677392186560622
0.6319999999998345,1323,3.442252549678959,0.26887511867298847
0.6319999999998345,1324,3.4436024496990747,0.2700108186899117
0.6319999999998345,1325,3.4449509497191686,0.271146318706832
0.6319999999998345,1326,3.4462980497392417,0.27228161872374923
0.6319999999998345,1327,3.4476437497592944,0.2734167187406636
0.6319999999998345,1328,3.448988049779326,0.27455161875757494
0.6319999999998345,1329,3.450330949799337,0.27568631877448324
0.6319999999998345,1330,3.451672449819327,0.27682081879138865
0.6319999999998345,1331,3.4530125498392956,0.27795511880829105
0.6319999999998345,1332,3.454351249859244,0.27908921882519044
0.6319999999998345,1333,3.455688549879171,0.28022311884208684
0.6319999999998345,1334,3.4570244498990776,0.28135681885898034
0.6319999999998345,1335,3.4583589499189635,0.2824903188758707
0.6319999999998345,1336,3.459692049938828,0.2836236188927583
0.6319999999998345,1337,3.461023749958672,0.28475671890964277
0.6319999999998345,1338,3.462354049978495,0.28588961892652426
0.6319999999998345,1339,3.4636829499982973,0.2870223189434028
0.6319999999998345,1340,3.4650104500180783,0.2881548189602784
0.6319999999998345,1341,3.4663365500378385,0.289287118977151
0.6319999999998345,1342,3.4676612500575787,0.2904192189940206
0.6319999999998345,1343,3.4689845500772973,0.2915511190108872
0.6319999999998345,1344,3.470306450096995,0.29268281902775084
0.6319999999998345,1345,3.471626950116672,0.2938143190446115
0.6319999999998345,1346,3.4729460501363283,0.2949456190614692
0.6319999999998345,1347,3.4742637501559637,0.2960767190783239
0.6319999999998345,1348,3.4755800501755774,0.2972076190951756
0.6319999999998345,1349,3.476894950195171,0.29833831911202435
0.6319999999998345,1350,3.478208450214744,0.29946881912887013
0.6319999999998345,1351,3.4795205502342963,0.3005991191457129
0.6319999999998345,1352,3.480831250253827,0.30172921916255274
0.6319999999998345,1353,3.482140550273337,0.30285911917938957
0.6319999999998345,1354,3.4834484502928262,0.30398881919622334
0.6319999999998345,1355,3.4847549503122943,0.3051183192130542
0.6319999999998345,1356,3.4860600503317416,0.3062476192298821
0.6319999999998345,1357,3.4873637503511685,0.307376719246707
0.6319999999998345,1358,3.488666050370574,0.30850561926352893
0.6319999999998345,1359,3.4899669503899595,0.30963431928034785
0.6319999999998345,1360,3.4912664504093236,0.3107628192971638
0.6319999999998345,1361,3.4925645504286664,0.3118911193139768
0.6319999999998345,1362,3.493861250447989,0.3130192193307868
0.6319999999998345,1363,3.49515655046729,0.3141471193475938
0.6319999999998345,1364,3.496450450486571,0.31527481936439783
0.6319999999998345,1365,3.497742950505831,0.3164023193811989
0.6319999999998345,1366,3.4990340505250694,0.317529619397997
0.6319999999998345,1367,3.500323750544287,0.31865671941479207
0.6319999999998345,1368,3.5016120505634847,0.31978361943158423
0.6319999999998345,1369,3.5028989505826615,0.3209103194483734
0.6319999999998345,1370,3.5041844506018163,0.3220368194651595
0.6319999999998345,1371,3.505468550620951,0.3231631194819427
0.6319999999998345,1372,3.5067512506400647,0.3242892194987229
0.6319999999998345,1373,3.5080325506591574,0.32541511951550006
0.6319999999998345,1374,3.50931245067823,0.3265408195322744
0.6319999999998345,1375,3.510590950697281,0.3276663195490456
0.6319999999998345,1376,3.511868050716311,0.3287916195658139
0.6319999999998345,1377,3.5131437507353205,0.3299167195825792
0.6319999999998345,1378,3.5144180507543092,0.33104161959934153
0.6319999999998345,1379,3.5156909507732768,0.3321663196161009
0.6319999999998345,1380,3.5169624507922235,0.3332908196328572
0.6319999999998345,1381,3.5182325508111494,0.3344151196496105
0.6319999999998345,1382,3.5195012508300545,0.33553921966636097
0.6319999999998345,1383,3.5207685508489392,0.3366631196831084
0.6319999999998345,1384,3.5220344508678023,0.3377868196998528
0.6319999999998345,1385,3.5232989508866446,0.3389103197165943
0.6319999999998345,1386,3.524562050905466,0.34003361973333274
0.6319999999998345,1387,3.5258237509242667,0.3411567197500682
0.6319999999998345,1388,3.5270840509430474,0.34227961976680077
0.6319999999998345,1389,3.5283429509618065,0.3434023197835303
0.6319999999998345,1390,3.5296004509805448,0.34452481980025684
0.6319999999998345,1391,3.5308565509992618,0.3456471198169804
0.6319999999998345,1392,3.5321112510179584,0.346769219833701
0.6319999999998345,1393,3.533364551036634,0.3478911198504186
0.6319999999998345,1394,3.534616451055289,0.3490128198671333
0.6319999999998345,1395,3.5358669510739227,0.3501343198838449
0.6319999999998345,1396,3.5371160510925357,0.3512556199005536
0.6319999999998345,1397,3.5383637511111283,0.35237671991725933
0.6319999999998345,1398,3.5396100511296993,0.353497619933962
0.6319999999998345,1399,3.5408549511482494,0.35461831995066173
0.6319999999998345,1400,3.5420984511667792,0.35573881996735846
0.6319999999998345,1401,3.543340551185288,0.35685911998405223
0.6319999999998345,1402,3.544581251203776,0.35797922000074306
0.6319999999998345,1403,3.545820551222243,0.3590991200174309
0.6319999999998345,1404,3.547058451240689,0.3602188200341157
0.6319999999998345,1405,3.5482949512591144,0.3613383200507975
0.6319999999998345,1406,3.5495300512775185,0.3624576200674764
0.6319999999998345,1407,3.5507637512959023,0.3635767200841523
0.6319999999998345,1408,3.5519960513142648,0.3646956201008252
0.6319999999998345,1409,3.553226951332607,0.3658143201174951
0.6319999999998345,1410,3.554456451350928,0.36693282013416206
0.6319999999998345,1411,3.555684551369228,0.368051120150826
0.6319999999998345,1412,3.5569112513875067,0.36916922016748704
0.6319999999998345,1413,3.5581365514057652,0.37028712018414506
0.6319999999998345,1414,3.559360451424003,0.37140482020080007
0.6319999999998345,1415,3.5605829514422194,0.37252232021745213
0.6319999999998345,1416,3.561804051460415,0.3736396202341012
0.6319999999998345,1417,3.5630237514785903,0.3747567202507473
0.6319999999998345,1418,3.564242051496745,0.37587362026739046
0.6319999999998345,1419,3.565458951514878,0.37699032028403046
0.6319999999998345,1420,3.5666744515329905,0.3781068203006676
0.6319999999998345,1421,3.5678885515510816,0.3792231203173018
0.6319999999998345,1422,3.569101251569152,0.3803392203339329
0.6319999999998345,1423,3.570312551587202,0.38145512035056117
0.6319999999998345,1424,3.5715224516052313,0.38257082036718637
0.6319999999998345,1425,3.572730951623239,0.3836863203838086
0.6319999999998345,1426,3.5739380516412265,0.38480162040042787
0.6319999999998345,1427,3.575143751659192,0.38591672041704417
0.6319999999998345,1428,3.576348051677138,0.3870316204336575
0.6319999999998345,1429,3.5775509516950628,0.38814632045026787
0.6319999999998345,1430,3.5787524517129663,0.38926082046687516
0.6319999999998345,1431,3.579952551730849,0.3903751204834795
0.6319999999998345,1432,3.581151251748711,0.3914892205000809
0.6319999999998345,1433,3.582348551766552,0.39260312051667934
0.6319999999998345,1434,3.5835444517843724,0.3937168205332747
0.6319999999998345,1435,3.584738951802172,0.39483032054986716
0.6319999999998345,1436,3.5859320518199507,0.39594362056645666
0.6319999999998345,1437,3.5871237518377086,0.39705672058304314
0.6319999999998345,1438,3.588314051855445,0.3981696205996266
0.6319999999998345,1439,3.589502951873161,0.3992823206162071
0.6319999999998345,1440,3.5906904518908562,0.40039482063278464
0.6319999999998345,1441,3.591876551908531,0.4015071206493593
0.6319999999998345,1442,3.593061251926184,0.4026192206659308
0.6319999999998345,1443,3.5942445519438166,0.4037311206824995
0.6319999999998345,1444,3.595426451961428,0.4048428206990651
0.6319999999998345,1445,3.596606951979019,0.4059543207156277
0.6319999999998345,1446,3.597786051996589,0.4070656207321874
0.6319999999998345,1447,3.598963752014138,0.40817672074874406
0.6319999999998345,1448,3.6001400520316666,0.4092876207652978
0.6319999999998345,1449,3.6013149520491736,0.41039832078184846
0.6319999999998345,1450,3.6024884520666607,0.41150882079839624
0.6319999999998345,1451,3.603660552084126,0.41261912081494095
0.6319999999998345,1452,3.6048312521015706,0.4137292208314828
0.6319999999998345,1453,3.6060005521189944,0.4148391208480215
0.6319999999998345,1454,3.6071684521363974,0.41594882086455737
0.6319999999998345,1455,3.6083349521537795,0.4170583208810902
0.6319999999998345,1456,3.6095000521711413,0.4181676208976201
0.6319999999998345,1457,3.610663752188482,0.41927672091414697
0.6319999999998345,1458,3.611826052205801,0.42038562093067083
0.6319999999998345,1459,3.6129869522230997,0.4214943209471918
0.6319999999998345,1460,3.614146452240378,0.4226028209637097
0.6319999999998345,1461,3.615304552257635,0.4237111209802247
0.6319999999998345,1462,3.616461252274871,0.42481922099673664
0.6319999999998345,1463,3.6176165522920862,0.42592712101324565
0.6319999999998345,1464,3.618770452309281,0.4270348210297517
0.6319999999998345,1465,3.619922952326455,0.4281423210462547
0.6319999999998345,1466,3.6210740523436074,0.4292496210627547
0.6319999999998345,1467,3.6222237523607395,0.4303567210792518
0.6319999999998345,1468,3.62337205237785,0.43146362109574593
0.6319999999998345,1469,3.6245189523949404,0.4325703211122371
0.6319999999998345,1470,3.6256644524120096,0.4336768211287252
0.6319999999998345,1471,3.6268085524290576,0.43478312114521034
0.6319999999998345,1472,3.6279512524460857,0.43588922116169254
0.6319999999998345,1473,3.6290925524630926,0.43699512117817174
0.6319999999998345,1474,3.6302324524800786,0.43810082119464794
0.6319999999998345,1475,3.6313709524970434,0.4392063212111212
0.6319999999998345,1476,3.6325080525139875,0.44031162122759143
0.6319999999998345,1477,3.6336437525309107,0.4414167212440587
0.6319999999998345,1478,3.6347780525478126,0.44252162126052297
0.6319999999998345,1479,3.6359109525646947,0.4436263212769843
0.6319999999998345,1480,3.637042452581555,0.44473082129344266
0.6319999999998345,1481,3.638172552598395,0.445835121309898
0.6319999999998345,1482,3.6393012526152138,0.4469392213263503
0.6319999999998345,1483,3.6404285526320117,0.44804312134279967
0.6319999999998345,1484,3.641554452648789,0.4491468213592461
0.6319999999998345,1485,3.6426789526655456,0.45025032137568954
0.6319999999998345,1486,3.643802052682281,0.45135362139213
0.6319999999998345,1487,3.6449237526989955,0.45245672140856746
0.6319999999998345,1488,3.6460440527156894,0.45355962142500195
0.6319999999998345,1489,3.647162952732362,0.4546623214414335
0.6319999999998345,1490,3.6482804527490145,0.455764821457862
0.6319999999998345,1491,3.6493965527656456,0.45686712147428754
0.6319999999998345,1492,3.6505112527822554,0.4579692214907101
0.6319999999998345,1493,3.6516245527988453,0.4590711215071297
0.6319999999998345,1494,3.6527364528154136,0.4601728215235463
0.6319999999998345,1495,3.6538469528319615,0.46127432153995995
0.6319999999998345,1496,3.6549560528484886,0.4623756215563706
0.6319999999998345,1497,3.6560637528649944,0.46347672157277825
0.6319999999998345,1498,3.6571700528814794,0.4645776215891829
0.6319999999998345,1499,3.658274952897944,0.46567832160558464
0.6319999999998345,1500,3.6593784529143876,0.4667788216219834
0.6319999999998345,1501,3.6604805529308098,0.46787912163837914
0.6319999999998345,1502,3.6615812529472116,0.4689792216547719
0.6319999999998345,1503,3.6615812529472116,0.4689792216547719
0.6319999999998345,1504,3.662681452963606,0.47007982167117207
0.6319999999998345,1505,3.663782052980006,0.47118162168759026
0.6319999999998345,1506,3.6648830529964127,0.47228462170402624
0.6319999999998345,1507,3.6659844530128245,0.47338882172048
0.6319999999998345,1508,3.6670862530292423,0.47449422173695177
0.6319999999998345,1509,3.6681884530456665,0.4756008217534414
0.6319999999998345,1510,3.669291053062097,0.47670862176994894
0.6319999999998345,1511,3.670394053078532,0.47781762178647436
0.6319999999998345,1512,3.671497453094975,0.4789278218030176
0.6319999999998345,1513,3.672601253111422,0.4800392218195787
0.6319999999998345,1514,3.673705453127876,0.48115182183615773
0.6319999999998345,1515,3.674810053144336,0.4822656218527547
0.6319999999998345,1516,3.675915053160802,0.4833806218693695
0.6319999999998345,1517,3.6770204531772737,0.4844968218860022
0.6319999999998345,1518,3.678126253193751,0.4856142219026527
0.6319999999998345,1519,3.679232453210235,0.4867328219193211
0.6319999999998345,1520,3.6803390532267244,0.4878526219360075
0.6319999999998345,1521,3.6814460532432203,0.48897362195271166
0.6319999999998345,1522,3.6825534532597213,0.4900958219694337
0.6319999999998345,1523,3.683661253276229,0.4912192219861737
0.6319999999998345,1524,3.6847694532927426,0.49234382200293153
0.6319999999998345,1525,3.6858780533092617,0.4934696220197073
0.6319999999998345,1526,3.686987053325787,0.49459662203650084
0.6319999999998345,1527,3.6880964533423186,0.49572482205331236
0.6319999999998345,1528,3.689206253358856,0.4968542220701418
0.6319999999998345,1529,3.6903164533753996,0.497984822086989
0.6319999999998345,1530,3.691427053391948,0.49911662210385416
0.6319999999998345,1531,3.6925380534085037,0.5002496221207372
0.6319999999998345,1532,3.693649453425065,0.5013838221376381
0.6319999999998345,1533,3.694761253441632,0.5025192221545568
0.6319999999998345,1534,3.6958734534582045,0.5036558221714934
0.6319999999998345,1535,3.6969860534747836,0.504793622188448
0.6319999999998345,1536,3.698099053491369,0.5059326222054205
0.6319999999998345,1537,3.6992124535079594,0.5070728222224107
0.6319999999998345,1538,3.7003262535245565,0.5082142222394189
0.6319999999998345,1539,3.7014404535411596,0.509356822256445
0.6319999999998345,1540,3.702555053557769,0.510500622273489
0.6319999999998345,1541,3.703670053574384,0.5116456222905509
0.6319999999998345,1542,3.704785453591004,0.5127918223076305
0.6319999999998345,1543,3.7059012536076312,0.5139392223247281
0.6319999999998345,1544,3.707017453624264,0.5150878223418436
0.6319999999998345,1545,3.708134053640902,0.5162376223589771
0.6319999999998345,1546,3.709251053657547,0.5173886223761281
0.6319999999998345,1547,3.7103684536741977,0.5185408223932972
0.6319999999998345,1548,3.711486253690854,0.5196942224104844
0.6319999999998345,1549,3.712604453707517,0.5208488224276893
0.6319999999998345,1550,3.713723053724185,0.522004622444912
0.6319999999998345,1551,3.7148420537408593,0.5231616224621526
0.6319999999998345,1552,3.7159614537575396,0.524319822479411
0.6319999999998345,1553,3.7170812537742264,0.5254792224966875
0.6319999999998345,1554,3.7182014537909187,0.5266398225139819
0.6319999999998345,1555,3.7193220538076175,0.527801622531294
0.6319999999998345,1556,3.720443053824321,0.528964622548624
0.6319999999998345,1557,3.7215644538410313,0.5301288225659719
0.6319999999998345,1558,3.722686253857747,0.5312942225833378
0.6319999999998345,1559,3.723808453874469,0.5324608226007215
0.6319999999998345,1560,3.724931053891197,0.533628622618123
0.6319999999998345,1561,3.7260540539079314,0.5347976226355425
0.6319999999998345,1562,3.727177453924672,0.5359678226529798
0.6319999999998345,1563,3.7283012539414173,0.537139222670435
0.6319999999998345,1564,3.7294254539581693,0.5383118226879081
0.6319999999998345,1565,3.7305500539749263,0.5394856227053991
0.6319999999998345,1566,3.7316750539916907,0.540660622722908
0.6319999999998345,1567,3.7328004540084603,0.5418368227404347
0.6319999999998345,1568,3.7339262540252363,0.5430142227579795
0.6319999999998345,1569,3.735052454042018,0.5441928227755418
0.6319999999998345,1570,3.7361790540588053,0.5453726227931223
0.6319999999998345,1571,3.737306054075599,0.5465536228107205
0.6319999999998345,1572,3.7384334540923985,0.5477358228283368
0.6319999999998345,1573,3.7395612541092036,0.5489192228459707
0.6319999999998345,1574,3.7406894541260156,0.5501038228636227
0.6319999999998345,1575,3.7418180541428328,0.5512896228812925
0.6319999999998345,1576,3.7429470541596563,0.5524766228989801
0.6319999999998345,1577,3.7440764541764855,0.5536648229166857
0.6319999999998345,1578,3.7452062541933206,0.5548542229344091
0.6319999999998345,1579,3.7463364542101623,0.5560448229521504
0.6319999999998345,1580,3.7474670542270094,0.5572366229699096
0.6319999999998345,1581,3.748598054243863,0.5584296229876867
0.6319999999998345,1582,3.7497294542607222,0.5596238230054816
0.6319999999998345,1583,3.750861254277587,0.5608192230232945
0.6319999999998345,1584,3.751993454294458,0.5620158230411253
0.6319999999998345,1585,3.7531260543113354,0.5632136230589738
0.6319999999998345,1586,3.7542590543282186,0.5644126230768405
0.6319999999998345,1587,3.7553924543451074,0.5656128230947247
0.6319999999998345,1588,3.756526254362002,0.566814223112627
0.6319999999998345,1589,3.7576604543789034,0.5680168231305471
0.6319999999998345,1590,3.75879505439581,0.5692206231484852
0.6319999999998345,1591,3.7599300544127234,0.5704256231664412
0.6319999999998345,1592,3.761065454429642,0.5716318231844149
0.6319999999998345,1593,3.7622012544465666,0.5728392232024065
0.6319999999998345,1594,3.7633374544634974,0.574047823220416
0.6319999999998345,1595,3.7644740544804343,0.5752576232384434
0.6319999999998345,1596,3.7656110544973767,0.5764686232564887
0.6319999999998345,1597,3.766748454514325,0.5776808232745521
0.6319999999998345,1598,3.76788625453128,0.5788942232926331
0.6319999999998345,1599,3.7690244545482403,0.580108823310732
0.6319999999998345,1600,3.770163054565207,0.5813246233288488
0.6319999999998345,1601,3.771302054582179,0.5825416233469836
0.6319999999998345,1602,3.772441454599158,0.5837598233651362
0.6319999999998345,1603,3.7735812546161425,0.5849792233833067
0.6319999999998345,1604,3.774721454633132,0.5861998234014949
0.6319999999998345,1605,3.775862054650129,0.5874216234197013
0.6319999999998345,1606,3.777003054667131,0.5886446234379253
0.6319999999998345,1607,3.778144454684139,0.5898688234561674
0.6319999999998345,1608,3.779286254701153,0.5910942234744273
0.6319999999998345,1609,3.7804284547181735,0.592320823492705
0.6319999999998345,1610,3.781571054735199,0.5935486235110007
0.6319999999998345,1611,3.782714054752231,0.5947776235293142
0.6319999999998345,1612,3.7838574547692696,0.5960078235476456
0.6319999999998345,1613,3.7850012547863137,0.5972392235659948
0.6319999999998345,1614,3.7861454548033633,0.598471823584362
0.6319999999998345,1615,3.7872900548204194,0.5997056236027472
0.6319999999998345,1616,3.7884350548374806,0.6009406236211501
0.6319999999998345,1617,3.7895804548545486,0.6021768236395708
0.6319999999998345,1618,3.790726254871622,0.6034142236580095
0.6319999999998345,1619,3.791872454888702,0.6046528236764661
0.6319999999998345,1620,3.7930190549057876,0.6058926236949407
0.6319999999998345,1621,3.7941660549228793,0.6071336237134329
0.6319999999998345,1622,3.7953134549399774,0.6083758237319432
0.6319999999998345,1623,3.7964612549570798,0.6096192237504713
0.6319999999998345,1624,3.7976094549741894,0.6108638237690172
0.6319999999998345,1625,3.7987580549913056,0.6121096237875812
0.6319999999998345,1626,3.7999070550084264,0.613356623806163
0.6319999999998345,1627,3.801056455025554,0.6146048238247624
0.6319999999998345,1628,3.8022062550426874,0.61585422384338
0.6319999999998345,1629,3.8033564550598267,0.6171048238620154
0.6319999999998345,1630,3.804507055076972,0.6183566238806687
0.6319999999998345,1631,3.8056580550941232,0.6196096238993398
0.6319999999998345,1632,3.80680945511128,0.6208638239180287
0.6319999999998345,1633,3.807961255128444,0.6221192239367358
0.6319999999998345,1634,3.8091134551456127,0.6233758239554605
0.6319999999998345,1635,3.8102660551627876,0.6246336239742032
0.6319999999998345,1636,3.811419055179969,0.6258926239929639
0.6319999999998345,1637,3.812572455197156,0.6271528240117423
0.6319999999998345,1638,3.8137262552143483,0.6284142240305385
0.6319999999998345,1639,3.8148804552315476,0.6296768240493527
0.6319999999998345,1640,3.8160350552487525,0.6309406240681849
0.6319999999998345,1641,3.8171900552659634,0.6322056240870348
0.6319999999998345,1642,3.8183454552831804,0.6334718241059026
0.6319999999998345,1643,3.819501255300403,0.6347392241247884
0.6319999999998345,1644,3.8206574553176322,0.6360078241436921
0.6319999999998345,1645,3.8218140553348667,0.6372776241626135
0.6319999999998345,1646,3.8229710553521072,0.6385486241815529
0.6319999999998345,1647,3.8241284553693538,0.6398208242005101
0.6319999999998345,1648,3.825286255386606,0.6410942242194853
0.6319999999998345,1649,3.8264444554038644,0.6423688242384782
0.6319999999998345,1650,3.827603055421129,0.6436446242574891
0.6319999999998345,1651,3.828762055438399,0.6449216242765179
0.6319999999998345,1652,3.8299214554556755,0.6461998242955646
0.6319999999998345,1653,3.8310812554729576,0.6474792243146292
0.6319999999998345,1654,3.8322414554902466,0.6487598243337115
0.6319999999998345,1655,3.8334020555075408,0.6500416243528118
0.6319999999998345,1656,3.834563055524841,0.6513246243719301
0.6319999999998345,1657,3.835724455542147,0.6526088243910662
0.6319999999998345,1658,3.836886255559459,0.65389422441022
0.6319999999998345,1659,3.8380484555767778,0.655180824429392
0.6319999999998345,1660,3.8392110555941015,0.6564686244485817
0.6319999999998345,1661,3.8403740556114316,0.6577576244677892
0.6319999999998345,1662,3.8415374556287674,0.6590478244870147
0.6319999999998345,1663,3.84270125564611,0.660339224506258
0.6319999999998345,1664,3.8438654556634577,0.6616318245255193
0.6319999999998345,1665,3.8450300556808115,0.6629256245447984
0.6319999999998345,1666,3.846195055698171,0.6642206245640954
0.6319999999998345,1667,3.8473604557155374,0.6655168245834103
0.6319999999998345,1668,3.8485262557329087,0.6668142246027431
0.6319999999998345,1669,3.8496924557502865,0.6681128246220938
0.6319999999998345,1670,3.8508590557676703,0.6694126246414622
0.6319999999998345,1671,3.8520260557850596,0.6707136246608486
0.6319999999998345,1672,3.8531934558024554,0.6720158246802529
0.6319999999998345,1673,3.854361255819857,0.6733192246996751
0.6319999999998345,1674,3.8555294558372646,0.6746238247191152
0.6319999999998345,1675,3.8566980558546784,0.6759296247385732
0.6319999999998345,1676,3.8578670558720978,0.677236624758049
0.6319999999998345,1677,3.8590364558895227,0.6785448247775426
0.6319999999998345,1678,3.860206255906954,0.6798542247970543
0.6319999999998345,1679,3.861376455924392,0.6811648248165837
0.6319999999998345,1680,3.8625470559418353,0.682476624836131
0.6319999999998345,1681,3.8637180559592847,0.6837896248556963
0.6319999999998345,1682,3.8648894559767397,0.6851038248752794
0.6319999999998345,1683,3.866061255994201,0.6864192248948804
0.6319999999998345,1684,3.867233456011668,0.6877358249144992
0.6319999999998345,1685,3.868406056029141,0.689053624934136
0.6319999999998345,1686,3.8695790560466206,0.6903726249537907
0.6319999999998345,1687,3.870752456064105,0.6916928249734631
0.6319999999998345,1688,3.871926256081596,0.6930142249931536
0.6319999999998345,1689,3.873100456099093,0.6943368250128619
0.6319999999998345,1690,3.874275056116596,0.6956606250325879
0.6319999999998345,1691,3.875450056134105,0.6969856250523321
0.6319999999998345,1692,3.8766254561516202,0.698311825072094
0.6319999999998345,1693,3.877801256169141,0.6996392250918737
0.6319999999998345,1694,3.8789774561866674,0.7009678251116714
0.6319999999998345,1695,3.8801540562042005,0.7022976251314871
0.6319999999998345,1696,3.881331056221739,0.7036286251513204
0.6319999999998345,1697,3.8825084562392833,0.7049608251711718
0.6319999999998345,1698,3.8836862562568335,0.7062942251910409
0.6319999999998345,1699,3.884864456274391,0.7076288252109281
0.6319999999998345,1700,3.8860430562919532,0.708964625230833
0.6319999999998345,1701,3.8872220563095214,0.7103016252507559
0.6319999999998345,1702,3.8884014563270957,0.7116398252706966
0.6319999999998345,1703,3.8895812563446763,0.7129792252906553
0.6319999999998345,1704,3.890761456362263,0.7143198253106318
0.6319999999998345,1705,3.891942056379855,0.7156616253306262
0.6319999999998345,1706,3.8931230563974535,0.7170046253506384
0.6319999999998345,1707,3.8943044564150577,0.7183488253706686
0.6319999999998345,1708,3.8954862564326675,0.7196942253907165
0.6319999999998345,1709,3.8966684564502834,0.7210408254107825
0.6319999999998345,1710,3.897851056467906,0.7223886254308662
0.6319999999998345,1711,3.899034056485534,0.7237376254509679
0.6319999999998345,1712,3.9002174565031686,0.7250878254710875
0.6319999999998345,1713,3.9014012565208085,0.7264392254912249
0.6319999999998345,1714,3.902585456538455,0.7277918255113802
0.6319999999998345,1715,3.9037700565561066,0.7291456255315534
0.6319999999998345,1716,3.9049550565737645,0.7305006255517446
0.6319999999998345,1717,3.9061404565914284,0.7318568255719535
0.6319999999998345,1718,3.907326256609098,0.7332142255921803
0.6319999999998345,1719,3.9085124566267737,0.734572825612425
0.6319999999998345,1720,3.9096990566444556,0.7359326256326877
0.6319999999998345,1721,3.910886056662143,0.7372936256529681
0.6319999999998345,1722,3.9120734566798365,0.7386558256732665
0.6319999999998345,1723,3.913261256697536,0.7400192256935827
0.6319999999998345,1724,3.914449456715242,0.7413838257139168
0.6319999999998345,1725,3.9156380567329534,0.7427496257342688
0.6319999999998345,1726,3.9168270567506713,0.7441166257546388
0.6319999999998345,1727,3.9180164567683944,0.7454848257750265
0.6319999999998345,1728,3.919206256786124,0.7468542257954321
0.6319999999998345,1729,3.920396456803859,0.7482248258158557
0.6319999999998345,1730,3.9215870568216005,0.749596625836297
0.6319999999998345,1731,3.9227780568393475,0.7509696258567564
0.6319999999998345,1732,3.9239694568571006,0.7523438258772337
0.6319999999998345,1733,3.92516125687486,0.7537192258977286
0.6319999999998345,1734,3.926353456892625,0.7550958259182416
0.6319999999998345,1735,3.927546056910397,0.7564736259387723
0.6319999999998345,1736,3.9287390569281735,0.757852625959321
0.6319999999998345,1737,3.9299324569459566,0.7592328259798877
0.6319999999998345,1738,3.9311262569637457,0.7606142260004721
0.6319999999998345,1739,3.9323204569815404,0.7619968260210745
0.6319999999998345,1740,3.9335150569993416,0.7633806260416947
0.6319999999998345,1741,3.9347100570171483,0.7647656260623328
0.6319999999998345,1742,3.935905457034961,0.7661518260829887
0.6319999999998345,1743,3.9371012570527797,0.7675392261036625
0.6319999999998345,1744,3.938297457070604,0.7689278261243543
0.6319999999998345,1745,3.9394940570884347,0.7703176261450639
0.6319999999998345,1746,3.9406910571062714,0.7717086261657915
0.6319999999998345,1747,3.941888457124114,0.7731008261865369
0.6319999999998345,1748,3.943086257141963,0.7744942262073002
0.6319999999998345,1749,3.9442844571598172,0.7758888262280814
0.6319999999998345,1750,3.945483057177678,0.7772846262488804
0.6319999999998345,1751,3.9466820571955443,0.7786816262696973
0.6319999999998345,1752,3.947881457213417,0.7800798262905322
0.6319999999998345,1753,3.9490812572312954,0.7814792263113848
0.6319999999998345,1754,3.9502814572491802,0.7828798263322554
0.6319999999998345,1755,3.9514820572670706,0.7842816263531438
0.6319999999998345,1756,3.952683057284966,0.78568462637405
0.6319999999998345,1757,3.953884457302869,0.7870888263949744
0.6319999999998345,1758,3.955086257320777,0.7884942264159165
0.6319999999998345,1759,3.9562884573386907,0.7899008264368763
0.6319999999998345,1760,3.957491057356611,0.7913086264578543
0.6319999999998345,1761,3.9586940573745375,0.79271762647885
0.6319999999998345,1762,3.9598974573924695,0.7941278264998637
0.6319999999998345,1763,3.961101257410407,0.7955392265208951
0.6319999999998345,1764,3.962305457428351,0.7969518265419444
0.6319999999998345,1765,3.9635100574463014,0.7983656265630118
0.6319999999998345,1766,3.9647150574642573,0.799780626584097
0.6319999999998345,1767,3.965920457482219,0.8011968266051999
0.6319999999998345,1768,3.967126257500187,0.8026142266263209
0.6319999999998345,1769,3.9683324575181604,0.8040328266474597
0.6319999999998345,1770,3.9695390575361404,0.8054526266686163
0.6319999999998345,1771,3.9707460575541265,0.8068736266897909
0.6319999999998345,1772,3.971953457572118,0.8082958267109832
0.6319999999998345,1773,3.9731612575901156,0.8097192267321935
0.6319999999998345,1774,3.9743694576081188,0.8111438267534217
0.6319999999998345,1775,3.9755780576261284,0.8125696267746678
0.6319999999998345,1776,3.9767870576441444,0.8139966267959319
0.6319999999998345,1777,3.977996457662166,0.8154248268172137
0.6319999999998345,1778,3.979206257680193,0.8168542268385134
0.6319999999998345,1779,3.980416457698226,0.818284826859831
0.6319999999998345,1780,3.981627057716266,0.8197166268811665
0.6319999999998345,1781,3.9828380577343108,0.8211496269025198
0.6319999999998345,1782,3.984049457752363,0.8225838269238912
0.6319999999998345,1783,3.985261257770419,0.8240192269452802
0.6319999999998345,1784,3.986473457788483,0.8254558269666872
0.6319999999998345,1785,3.9876860578065516,0.826893626988112
0.6319999999998345,1786,3.9888990578246273,0.8283326270095549
0.6319999999998345,1787,3.9901124578427076,0.8297728270310155
0.6319999999998345,1788,3.991326257860795,0.831214227052494
0.6319999999998345,1789,3.992540457878888,0.8326568270739905
0.6319999999998345,1790,3.993755057896987,0.8341006270955049
0.6319999999998345,1791,3.9949700579150917,0.835545627117037
0.6319999999998345,1792,3.9961854579332026,0.836991827138587
0.6319999999998345,1793,3.99740125795132,0.8384392271601548
0.6319999999998345,1794,3.9986174579694422,0.8398878271817407
0.6319999999998345,1795,3.999834057987571,0.8413376272033444
0.6319999999998345,1796,4.0010510580057055,0.8427886272249661
0.6319999999998345,1797,4.002268458023846,0.8442408272466055
0.6319999999998345,1798,4.003486258041993,0.8456942272682628
0.6319999999998345,1799,4.004704458060146,0.8471488272899379
0.6319999999998345,1800,4.005923058078304,0.8486046273116312
0.6319999999998345,1801,4.007142058096468,0.8500616273333422
0.6319999999998345,1802,4.008361458114639,0.851519827355071
0.6319999999998345,1803,4.009581258132815,0.8529792273768178
0.6319999999998345,1804,4.010801458150998,0.8544398273985824
0.6319999999998345,1805,4.012022058169187,0.855901627420365
0.6319999999998345,1806,4.013243058187381,0.8573646274421654
0.6319999999998345,1807,4.014464458205581,0.8588288274639836
0.6319999999998345,1808,4.015686258223788,0.8602942274858199
0.6319999999998345,1809,4.016908458242,0.8617608275076738
0.6319999999998345,1810,4.018131058260217,0.8632286275295458
0.6319999999998345,1811,4.0193540582784415,0.8646976275514356
0.6319999999998345,1812,4.020577458296671,0.8661678275733433
0.6319999999998345,1813,4.021801258314908,0.8676392275952689
0.6319999999998345,1814,4.02302545833315,0.8691118276172123
0.6319999999998345,1815,4.024250058351398,0.8705856276391737
0.6319999999998345,1816,4.0254750583696515,0.8720606276611528
0.6319999999998345,1817,4.026700458387912,0.8735368276831499
0.6319999999998345,1818,4.027926258406177,0.8750142277051649
0.6319999999998345,1819,4.029152458424449,0.8764928277271977
0.6319999999998345,1820,4.030379058442727,0.8779726277492486
0.6319999999998345,1821,4.031606058461011,0.8794536277713172
0.6319999999998345,1822,4.032833458479301,0.8809358277934036
0.6319999999998345,1823,4.034061258497596,0.8824192278155081
0.6319999999998345,1824,4.035289458515898,0.8839038278376303
0.6319999999998345,1825,4.036518058534205,0.8853896278597704
0.6319999999998345,1826,4.037747058552519,0.8868766278819284
0.6319999999998345,1827,4.038976458570838,0.8883648279041043
0.6319999999998345,1828,4.040206258589164,0.8898542279262982
0.6319999999998345,1829,4.041436458607495,0.8913448279485099
0.6319999999998345,1830,4.042667058625833,0.8928366279707394
0.6319999999998345,1831,4.043898058644176,0.8943296279929869
0.6319999999998345,1832,4.045129458662525,0.8958238280152521
0.6319999999998345,1833,4.04636125868088,0.8973192280375353
0.6319999999998345,1834,4.047593458699241,0.8988158280598364
0.6319999999998345,1835,4.048826058717609,0.9003136280821553
0.6319999999998345,1836,4.050059058735982,0.9018126281044921
0.6319999999998345,1837,4.051292458754361,0.903312828126847
0.6319999999998345,1838,4.052526258772746,0.9048142281492195
0.6319999999998345,1839,4.053760458791137,0.90631682817161
0.6319999999998345,1840,4.054995058809534,0.9078206281940183
0.6319999999998345,1841,4.056230058827937,0.9093256282164446
0.6319999999998345,1842,4.0574654588463455,0.9108318282388888
0.6319999999998345,1843,4.058701258864761,0.9123392282613507
0.6319999999998345,1844,4.059937458883182,0.9138478282838307
0.6319999999998345,1845,4.061174058901608,0.9153576283063284
0.6319999999998345,1846,4.062411058920041,0.9168686283288441
0.6319999999998345,1847,4.06364845893848,0.9183808283513777
0.6319999999998345,1848,4.064886258956925,0.9198942283739291
0.6319999999998345,1849,4.066124458975375,0.9214088283964983
0.6319999999998345,1850,4.067363058993832,0.9229246284190855
0.6319999999998345,1851,4.068602059012294,0.9244416284416905
0.6319999999998345,1852,4.069841459030763,0.9259598284643136
0.6319999999998345,1853,4.071081259049237,0.9274792284869544
0.6319999999998345,1854,4.072321459067718,0.928999828509613
0.6319999999998345,1855,4.073562059086203,0.9305216285322896
0.6319999999998345,1856,4.074803059104696,0.932044628554984
0.6319999999998345,1857,4.076044459123194,0.9335688285776964
0.6319999999998345,1858,4.077286259141699,0.9350942286004267
0.6319999999998345,1859,4.078528459160209,0.9366208286231748
0.6319999999998345,1860,4.079771059178725,0.9381486286459407
0.6319999999998345,1861,4.081014059197248,0.9396776286687247
0.6319999999998345,1862,4.082257459215775,0.9412078286915264
0.6319999999998345,1863,4.083501259234309,0.942739228714346
0.6319999999998345,1864,4.084745459252849,0.9442718287371835
0.6319999999998345,1865,4.085990059271396,0.9458056287600389
0.6319999999998345,1866,4.087235059289948,0.9473406287829123
0.6319999999998345,1867,4.088480459308506,0.9488768288058034
0.6319999999998345,1868,4.089726259327069,0.9504142288287124
0.6319999999998345,1869,4.09097245934564,0.9519528288516393
0.6319999999998345,1870,4.092219059364215,0.9534926288745842
0.6319999999998345,1871,4.093466059382797,0.9550336288975468
0.6319999999998345,1872,4.094713459401385,0.9565758289205275
0.6319999999998345,1873,4.095961259419978,0.9581192289435259
0.6319999999998345,1874,4.097209459438577,0.9596638289665421
0.6319999999998345,1875,4.098458059457183,0.9612096289895764
0.6319999999998345,1876,4.099707059475795,0.9627566290126286
0.6319999999998345,1877,4.100956459494412,0.9643048290356985
0.6319999999998345,1878,4.102206259513036,0.9658542290587864
0.6319999999998345,1879,4.103456459531666,0.9674048290818921
0.6319999999998345,1880,4.104707059550301,0.9689566291050158
0.6319999999998345,1881,4.105958059568942,0.9705096291281573
0.6319999999998345,1882,4.107209459587589,0.9720638291513166
0.6319999999998345,1883,4.108461259606242,0.973619229174494
0.6319999999998345,1884,4.109713459624902,0.9751758291976891
0.6319999999998345,1885,4.110966059643567,0.9767336292209021
0.6319999999998345,1886,4.112219059662238,0.9782926292441331
0.6319999999998345,1887,4.113472459680915,0.9798528292673817
0.6319999999998345,1888,4.114726259699598,0.9814142292906485
0.6319999999998345,1889,4.115980459718288,0.9829768293139332
0.6319999999998345,1890,4.1172350597369824,0.9845406293372354
0.6319999999998345,1891,4.1184900597556835,0.9861056293605558
0.6319999999998345,1892,4.11974545977439,0.987671829383894
0.6319999999998345,1893,4.121001259793103,0.9892392294072501
0.6319999999998345,1894,4.122257459811822,0.9908078294306241
0.6319999999998345,1895,4.123514059830547,0.9923776294540159
0.6319999999998345,1896,4.1247710598492775,0.9939486294774256
0.6319999999998345,1897,4.126028459868014,0.9955208295008532
0.6319999999998345,1898,4.127286259886757,0.9970942295242988
0.6319999999998345,1899,4.1285444599055054,0.9986688295477619
0.6319999999998345,1900,4.12980305992426,1.0002446295712433
0.6319999999998345,1901,4.131062059943021,1.0018216295947424
0.6319999999998345,1902,4.132321459961787,1.0033998296182594
0.6319999999998345,1903,4.13358125998056,1.0049792296417945
0.6319999999998345,1904,4.134841459999338,1.0065598296653473
0.6319999999998345,1905,4.136102060018123,1.0081416296889179
0.6319999999998345,1906,4.137363060036913,1.0097246297125064
0.6319999999998345,1907,4.138624460055709,1.0113088297361128
0.6319999999998345,1908,4.139886260074512,1.012894229759737
0.6319999999998345,1909,4.141148460093319,1.0144808297833792
0.6319999999998345,1910,4.142411060112134,1.0160686298070392
0.6319999999998345,1911,4.143674060130954,1.0176576298307172
0.6319999999998345,1912,4.14493746014978,1.019247829854413
0.6319999999998345,1913,4.1462012601686125,1.0208392298781268
0.6319999999998345,1914,4.14746546018745,1.0224318299018582
0.6319999999998345,1915,4.148730060206294,1.0240256299256079
0.6319999999998345,1916,4.1499950602251445,1.025620629949375
0.6319999999998345,1917,4.151260460244,1.0272168299731603
0.6319999999998345,1918,4.152526260262862,1.0288142299969634
0.6319999999998345,1919,4.15379246028173,1.0304128300207847
0.6319999999998345,1920,4.155059060300603,1.0320126300446233
0.6319999999998345,1921,4.1563260603194845,1.0336136300684802
0.6319999999998345,1922,4.1575934603383695,1.0352158300923548
0.6319999999998345,1923,4.158861260357261,1.036819230116247
0.6319999999998345,1924,4.160129460376158,1.0384238301401576
0.6319999999998345,1925,4.161398060395062,1.040029630164086
0.6319999999998345,1926,4.1626670604139715,1.041636630188032
0.6319999999998345,1927,4.163936460432887,1.043244830211996
0.6319999999998345,1928,4.165206260451808,1.044854230235978
0.6319999999998345,1929,4.1664764604707365,1.046464830259978
0.6319999999998345,1930,4.16774706048967,1.0480766302839957
0.6319999999998345,1931,4.169018060508609,1.0496896303080312
0.6319999999998345,1932,4.170289460527554,1.0513038303320845
0.6319999999998345,1933,4.171561260546506,1.0529192303561559
0.6319999999998345,1934,4.172833460565463,1.0545358303802452
0.6319999999998345,1935,4.1741060605844265,1.0561536304043522
0.6319999999998345,1936,4.175379060603396,1.0577726304284771
0.6319999999998345,1937,4.17665246062237,1.0593928304526201
0.6319999999998345,1938,4.177926260641351,1.061014230476781
0.6319999999998345,1939,4.179200460660338,1.0626368305009595
0.6319999999998345,1940,4.180475060679331,1.064260630525156
0.6319999999998345,1941,4.181750060698331,1.0658856305493702
0.6319999999998345,1942,4.183025460717336,1.0675118305736027
0.6319999999998345,1943,4.184301260736347,1.0691392305978529
0.6319999999998345,1944,4.185577460755363,1.0707678306221209
0.6319999999998345,1945,4.186854060774387,1.0723976306464067
0.6319999999998345,1946,4.188131060793415,1.0740286306707105
0.6319999999998345,1947,4.18940846081245,1.0756608306950322
0.6319999999998345,1948,4.190686260831491,1.0772942307193718
0.6319999999998345,1949,4.191964460850537,1.0789288307437293
0.6319999999998345,1950,4.19324306086959,1.0805646307681047
0.6319999999998345,1951,4.194522060888648,1.0822016307924978
0.6319999999998345,1952,4.195801460907713,1.0838398308169088
0.6319999999998345,1953,4.197081260926784,1.085479230841338
0.6319999999998345,1954,4.1983614609458595,1.0871198308657846
0.6319999999998345,1955,4.199642060964942,1.0887616308902495
0.6319999999998345,1956,4.200923060984031,1.090404630914732
0.6319999999998345,1957,4.202204461003125,1.0920488309392324
0.6319999999998345,1958,4.203486261022225,1.093694230963751
0.6319999999998345,1959,4.204768461041332,1.095340830988287
0.6319999999998345,1960,4.206051061060443,1.0969886310128412
0.6319999999998345,1961,4.207334061079562,1.0986376310374133
0.6319999999998345,1962,4.208617461098686,1.1002878310620032
0.6319999999998345,1963,4.209901261117817,1.101939231086611
0.6319999999998345,1964,4.211185461136952,1.1035918311112365
0.6319999999998345,1965,4.212470061156094,1.10524563113588
0.6319999999998345,1966,4.213755061175243,1.1069006311605416
0.6319999999998345,1967,4.215040461194397,1.1085568311852207
0.6319999999998345,1968,4.216326261213556,1.110214231209918
0.6319999999998345,1969,4.217612461232722,1.111872831234633
0.6319999999998345,1970,4.218899061251895,1.113532631259366
0.6319999999998345,1971,4.220186061271072,1.1151936312841169
0.6319999999998345,1972,4.221473461290255,1.1168558313088857
0.6319999999998345,1973,4.222761261309445,1.1185192313336723
0.6319999999998345,1974,4.224049461328641,1.1201838313584769
0.6319999999998345,1975,4.225338061347842,1.121849631383299
0.6319999999998345,1976,4.226627061367051,1.1235166314081395
0.6319999999998345,1977,4.227916461386264,1.1251848314329973
0.6319999999998345,1978,4.2292062614054835,1.1268542314578733
0.6319999999998345,1979,4.230496461424709,1.1285248314827672
0.6319999999998345,1980,4.23178706144394,1.130196631507679
0.6319999999998345,1981,4.2330780614631776,1.1318696315326087
0.6319999999998345,1982,4.234369461482421,1.1335438315575561
0.6319999999998345,1983,4.23566126150167,1.1352192315825216
0.6319999999998345,1984,4.236953461520925,1.1368958316075048
0.6319999999998345,1985,4.2382460615401865,1.138573631632506
0.6319999999998345,1986,4.239539061559454,1.140252631657525
0.6319999999998345,1987,4.240832461578727,1.141932831682562
0.6319999999998345,1988,4.242126261598006,1.1436142317076168
0.6319999999998345,1989,4.243420461617291,1.1452968317326895
0.6319999999998345,1990,4.244715061636582,1.14698063175778
0.6319999999998345,1991,4.24601006165588,1.1486656317828887
0.6319999999998345,1992,4.247305461675182,1.1503518318080148
0.6319999999998345,1993,4.248601261694492,1.152039231833159
0.6319999999998345,1994,4.249897461713806,1.153727831858321
0.6319999999998345,1995,4.251194061733127,1.1554176318835012
0.6319999999998345,1996,4.252491061752454,1.157108631908699
0.6319999999998345,1997,4.253788461771787,1.158800831933915
0.6319999999998345,1998,4.255086261791125,1.1604942319591485
0.6319999999998345,1999,4.2563844618104705,1.1621888319843998
0.6319999999998345,2000,4.2576830618298205,1.1638846320096692
0.6319999999998345,2001,4.258982061849177,1.1655816320349566
0.6319999999998345,2002,4.26028146186854,1.1672798320602618
0.6319999999998345,2003,4.261581261887908,1.1689792320855847
0.6319999999998345,2004,4.261581261887908,1.1689792320855847
0.6319999999998345,2005,4.262880761907273,1.1706778321108957
0.6319999999998345,2006,4.264179261926622,1.1723736321361653
0.6319999999998345,2007,4.265476761945956,1.174066632161393
0.6319999999998345,2008,4.266773261965275,1.1757568321865788
0.6319999999998345,2009,4.26806876198458,1.1774442322117231
0.6319999999998345,2010,4.269363262003869,1.1791288322368256
0.6319999999998345,2011,4.270656762023144,1.1808106322618863
0.6319999999998345,2012,4.271949262042404,1.1824896322869056
0.6319999999998345,2013,4.273240762061648,1.1841658323118827
0.6319999999998345,2014,4.274531262080878,1.1858392323368183
0.6319999999998345,2015,4.2758207621000945,1.1875098323617121
0.6319999999998345,2016,4.277109262119293,1.1891776323865644
0.6319999999998345,2017,4.278396762138479,1.1908426324113748
0.6319999999998345,2018,4.279683262157648,1.1925048324361436
0.6319999999998345,2019,4.280968762176804,1.1941642324608706
0.6319999999998345,2020,4.282253262195945,1.195820832485556
0.6319999999998345,2021,4.283536762215071,1.1974746325101993
0.6319999999998345,2022,4.284819262234181,1.199125632534801
0.6319999999998345,2023,4.286100762253277,1.200773832559361
0.6319999999998345,2024,4.287381262272358,1.2024192325838796
0.6319999999998345,2025,4.288660762291424,1.204061832608356
0.6319999999998345,2026,4.289939262310475,1.205701632632791
0.6319999999998345,2027,4.291216762329511,1.2073386326571844
0.6319999999998345,2028,4.292493262348533,1.2089728326815357
0.6319999999998345,2029,4.29376876236754,1.2106042327058453
0.6319999999998345,2030,4.295043262386531,1.2122328327301135
0.6319999999998345,2031,4.296316762405507,1.2138586327543397
0.6319999999998345,2032,4.297589262424469,1.2154816327785243
0.6319999999998345,2033,4.298860762443416,1.2171018328026673
0.6319999999998345,2034,4.300131262462347,1.2187192328267684
0.6319999999998345,2035,4.301400762481265,1.2203338328508277
0.6319999999998345,2036,4.302669262500167,1.2219456328748455
0.6319999999998345,2037,4.303936762519054,1.2235546328988216
0.6319999999998345,2038,4.305203262537926,1.2251608329227557
0.6319999999998345,2039,4.306468762556784,1.2267642329466482
0.6319999999998345,2040,4.307733262575626,1.2283648329704988
0.6319999999998345,2041,4.308996762594455,1.2299626329943085
0.6319999999998345,2042,4.310259262613267,1.2315576330180757
0.6319999999998345,2043,4.311520762632065,1.2331498330418011
0.6319999999998345,2044,4.312781262650849,1.2347392330654852
0.6319999999998345,2045,4.314040762669616,1.2363258330891274
0.6319999999998345,2046,4.315299262688369,1.2379096331127277
0.6319999999998345,2047,4.316556762707107,1.2394906331362865
0.6319999999998345,2048,4.3178132627258305,1.2410688331598037
0.6319999999998345,2049,4.319068762744539,1.242644233183279
0.6319999999998345,2050,4.320323262763233,1.2442168332067125
0.6319999999998345,2051,4.321576762781911,1.2457866332301042
0.6319999999998345,2052,4.322829262800576,1.2473536332534545
0.6319999999998345,2053,4.324080762819224,1.2489178332767628
0.6319999999998345,2054,4.3253312628378575,1.2504792333000294
0.6319999999998345,2055,4.3265807628564765,1.2520378333232545
0.6319999999998345,2056,4.32782926287508,1.2535936333464377
0.6319999999998345,2057,4.32907676289367,1.255146633369579
0.6319999999998345,2058,4.330323262912244,1.256696833392679
0.6319999999998345,2059,4.331568762930804,1.2582442334157369
0.6319999999998345,2060,4.332813262949348,1.2597888334387533
0.6319999999998345,2061,4.334056762967878,1.2613306334617278
0.6319999999998345,2062,4.335299262986393,1.2628696334846607
0.6319999999998345,2063,4.336540763004892,1.2644058335075519
0.6319999999998345,2064,4.337781263023377,1.2659392335304014
0.6319999999998345,2065,4.339020763041846,1.267469833553209
0.6319999999998345,2066,4.340259263060301,1.268997633575975
0.6319999999998345,2067,4.341496763078742,1.2705226335986994
0.6319999999998345,2068,4.342733263097167,1.2720448336213819
0.6319999999998345,2069,4.343968763115578,1.2735642336440227
0.6319999999998345,2070,4.345203263133973,1.275080833666622
0.6319999999998345,2071,4.346436763152354,1.276594633689179
0.6319999999998345,2072,4.34766926317072,1.2781056337116947
0.6319999999998345,2073,4.348900763189071,1.2796138337341687
0.6319999999998345,2074,4.350131263207406,1.281119233756601
0.6319999999998345,2075,4.351360763225727,1.2826218337789916
0.6319999999998345,2076,4.352589263244033,1.2841216338013401
0.6319999999998345,2077,4.353816763262324,1.2856186338236473
0.6319999999998345,2078,4.355043263280601,1.2871128338459124
0.6319999999998345,2079,4.3562687632988615,1.288604233868136
0.6319999999998345,2080,4.3574932633171075,1.290092833890318
0.6319999999998345,2081,4.35871676333534,1.291578633912458
0.6319999999998345,2082,4.3599392633535565,1.2930616339345566
0.6319999999998345,2083,4.361160763371758,1.294541833956613
0.6319999999998345,2084,4.362381263389945,1.296019233978628
0.6319999999998345,2085,4.363600763408117,1.2974938340006015
0.6319999999998345,2086,4.364819263426274,1.298965634022533
0.6319999999998345,2087,4.366036763444416,1.3004346340444226
0.6319999999998345,2088,4.367253263462543,1.301900834066271
0.6319999999998345,2089,4.368468763480656,1.3033642340880771
0.6319999999998345,2090,4.369683263498754,1.3048248341098418
0.6319999999998345,2091,4.370896763516836,1.3062826341315648
0.6319999999998345,2092,4.372109263534904,1.3077376341532463
0.6319999999998345,2093,4.373320763552957,1.3091898341748855
0.6319999999998345,2094,4.374531263570995,1.3106392341964834
0.6319999999998345,2095,4.375740763589018,1.3120858342180393
0.6319999999998345,2096,4.376949263607026,1.3135296342395537
0.6319999999998345,2097,4.378156763625019,1.3149706342610263
0.6319999999998345,2098,4.379363263642998,1.3164088342824571
0.6319999999998345,2099,4.3805687636609605,1.3178442343038461
0.6319999999998345,2100,4.381773263678909,1.3192768343251937
0.6319999999998345,2101,4.382976763696843,1.3207066343464993
0.6319999999998345,2102,4.384179263714761,1.3221336343677632
0.6319999999998345,2103,4.385380763732665,1.3235578343889856
0.6319999999998345,2104,4.386581263750554,1.324979234410166
0.6319999999998345,2105,4.387780763768428,1.3263978344313048
0.6319999999998345,2106,4.388979263786287,1.327813634452402
0.6319999999998345,2107,4.390176763804131,1.3292266344734571
0.6319999999998345,2108,4.3913732638219605,1.3306368344944708
0.6319999999998345,2109,4.392568763839775,1.3320442345154428
0.6319999999998345,2110,4.393763263857574,1.3334488345363729
0.6319999999998345,2111,4.394956763875358,1.3348506345572613
0.6319999999998345,2112,4.396149263893127,1.336249634578108
0.6319999999998345,2113,4.397340763910883,1.337645834598913
0.6319999999998345,2114,4.398531263928622,1.3390392346196764
0.6319999999998345,2115,4.399720763946347,1.3404298346403978
0.6319999999998345,2116,4.400909263964058,1.3418176346610777
0.6319999999998345,2117,4.402096763981753,1.3432026346817159
0.6319999999998345,2118,4.403283263999433,1.3445848347023124
0.6319999999998345,2119,4.404468764017098,1.3459642347228669
0.6319999999998345,2120,4.405653264034749,1.3473408347433797
0.6319999999998345,2121,4.406836764052384,1.3487146347638512
0.6319999999998345,2122,4.408019264070005,1.3500856347842805
0.6319999999998345,2123,4.40920076408761,1.3514538348046683
0.6319999999998345,2124,4.410381264105202,1.3528192348250143
0.6319999999998345,2125,4.411560764122777,1.3541818348453185
0.6319999999998345,2126,4.412739264140338,1.355541634865581
0.6319999999998345,2127,4.413916764157885,1.3568986348858019
0.6319999999998345,2128,4.4150932641754155,1.358252834905981
0.6319999999998345,2129,4.416268764192933,1.3596042349261186
0.6319999999998345,2130,4.4174432642104335,1.3609528349462143
0.6319999999998345,2131,4.41861676422792,1.3622986349662682
0.6319999999998345,2132,4.419789264245391,1.3636416349862803
0.6319999999998345,2133,4.420960764262848,1.364981835006251
0.6319999999998345,2134,4.4221312642802895,1.36631923502618
0.6319999999998345,2135,4.423300764297717,1.3676538350460672
0.6319999999998345,2136,4.424469264315129,1.3689856350659122
0.6319999999998345,2137,4.425636764332526,1.370314635085716
0.6319999999998345,2138,4.426803264349908,1.3716408351054779
0.6319999999998345,2139,4.427968764367275,1.372964235125198
0.6319999999998345,2140,4.429133264384627,1.3742848351448766
0.6319999999998345,2141,4.430296764401966,1.3756026351645134
0.6319999999998345,2142,4.431459264419288,1.3769176351841084
0.6319999999998345,2143,4.432620764436596,1.3782298352036615
0.6319999999998345,2144,4.433781264453888,1.3795392352231732
0.6319999999998345,2145,4.4349407644711665,1.3808458352426431
0.6319999999998345,2146,4.436099264488429,1.3821496352620712
0.6319999999998345,2147,4.437256764505677,1.3834506352814575
0.6319999999998345,2148,4.438413264522911,1.3847488353008024
0.6319999999998345,2149,4.4395687645401285,1.3860442353201052
0.6319999999998345,2150,4.440723264557332,1.3873368353393665
0.6319999999998345,2151,4.44187676457452,1.388626635358586
0.6319999999998345,2152,4.4430292645916944,1.3899136353777637
0.6319999999998345,2153,4.444180764608852,1.3911978353968997
0.6319999999998345,2154,4.445331264625997,1.3924792354159943
0.6319999999998345,2155,4.446480764643125,1.3937578354350466
0.6319999999998345,2156,4.44762926466024,1.3950336354540576
0.6319999999998345,2157,4.448776764677339,1.396306635473027
0.6319999999998345,2158,4.449923264694423,1.3975768354919542
0.6319999999998345,2159,4.451068764711492,1.3988442355108401
0.6319999999998345,2160,4.452213264728546,1.400108835529684
0.6319999999998345,2161,4.453356764745585,1.4013706355484863
0.6319999999998345,2162,4.45449926476261,1.402629635567247
0.6319999999998345,2163,4.45564076477962,1.4038858355859658
0.6319999999998345,2164,4.456781264796614,1.4051392356046428
0.6319999999998345,2165,4.457920764813594,1.4063898356232782
0.6319999999998345,2166,4.459059264830559,1.4076376356418718
0.6319999999998345,2167,4.46019676484751,1.4088826356604238
0.6319999999998345,2168,4.461333264864445,1.410124835678934
0.6319999999998345,2169,4.462468764881365,1.4113642356974025
0.6319999999998345,2170,4.46360326489827,1.4126008357158293
0.6319999999998345,2171,4.464736764915161,1.4138346357342144
0.6319999999998345,2172,4.465869264932036,1.415065635752558
0.6319999999998345,2173,4.467000764948897,1.4162938357708594
0.6319999999998345,2174,4.468131264965742,1.4175192357891193
0.6319999999998345,2175,4.4692607649825735,1.4187418358073374
0.6319999999998345,2176,4.4703892649993895,1.419961635825514
0.6319999999998345,2177,4.47151676501619,1.4211786358436485
0.6319999999998345,2178,4.472643265032977,1.4223928358617415
0.6319999999998345,2179,4.473768765049748,1.423604235879793
0.6319999999998345,2180,4.4748932650665045,1.4248128358978023
0.6319999999998345,2181,4.476016765083246,1.4260186359157703
0.6319999999998345,2182,4.477139265099972,1.4272216359336962
0.6319999999998345,2183,4.478260765116684,1.4284218359515808
0.6319999999998345,2184,4.479381265133381,1.4296192359694233
0.6319999999998345,2185,4.4805007651500635,1.4308138359872244
0.6319999999998345,2186,4.48161926516673,1.4320056360049835
0.6319999999998345,2187,4.482736765183382,1.433194636022701
0.6319999999998345,2188,4.483853265200019,1.4343808360403767
0.6319999999998345,2189,4.4849687652166415,1.4355642360580108
0.6319999999998345,2190,4.4860832652332485,1.4367448360756032
0.6319999999998345,2191,4.487196765249841,1.4379226360931538
0.6319999999998345,2192,4.488309265266419,1.4390976361106624
0.6319999999998345,2193,4.489420765282981,1.4402698361281296
0.6319999999998345,2194,4.49053126529953,1.4414392361455552
0.6319999999998345,2195,4.491640765316062,1.4426058361629388
0.6319999999998345,2196,4.49274926533258,1.4437696361802808
0.6319999999998345,2197,4.493856765349083,1.4449306361975809
0.6319999999998345,2198,4.494963265365572,1.4460888362148396
0.6319999999998345,2199,4.496068765382045,1.4472442362320563
0.6319999999998345,2200,4.497173265398502,1.4483968362492314
0.6319999999998345,2201,4.498276765414946,1.4495466362663647
0.6319999999998345,2202,4.499379265431375,1.4506936362834564
0.6319999999998345,2203,4.500480765447788,1.4518378363005064
0.6319999999998345,2204,4.501581265464187,1.4529792363175145
0.6319999999998345,2205,4.502680765480571,1.454117836334481
0.6319999999998345,2206,4.50377926549694,1.455253636351406
0.6319999999998345,2207,4.504876765513294,1.456386636368289
0.6319999999998345,2208,4.505973265529633,1.45751683638513
0.6319999999998345,2209,4.507068765545958,1.4586442364019296
0.6319999999998345,2210,4.508163265562266,1.4597688364186874
0.6319999999998345,2211,4.509256765578561,1.4608906364354035
0.6319999999998345,2212,4.51034926559484,1.4620096364520778
0.6319999999998345,2213,4.5114407656111055,1.4631258364687105
0.6319999999998345,2214,4.512531265627355,1.4642392364853016
0.6319999999998345,2215,4.513620765643591,1.4653498365018511
0.6319999999998345,2216,4.5147092656598105,1.4664576365183584
0.6319999999998345,2217,4.515796765676016,1.4675626365348242
0.6319999999998345,2218,4.516883265692205,1.4686648365512482
0.6319999999998345,2219,4.51796876570838,1.4697642365676304
0.6319999999998345,2220,4.519053265724541,1.4708608365839713
0.6319999999998345,2221,4.520136765740686,1.47195463660027
0.6319999999998345,2222,4.521219265756816,1.4730456366165272
0.6319999999998345,2223,4.522300765772932,1.4741338366327428
0.6319999999998345,2224,4.523381265789033,1.4752192366489165
0.6319999999998345,2225,4.524460765805118,1.4763018366650487
0.6319999999998345,2226,4.525539265821189,1.4773816366811388
0.6319999999998345,2227,4.526616765837246,1.4784586366971872
0.6319999999998345,2228,4.527693265853286,1.4795328367131941
0.6319999999998345,2229,4.528768765869313,1.4806042367291592
0.6319999999998345,2230,4.529843265885324,1.4816728367450827
0.6319999999998345,2231,4.5309167659013205,1.4827386367609643
0.6319999999998345,2232,4.531989265917302,1.4838016367768043
0.6319999999998345,2233,4.533060765933269,1.4848618367926025
0.6319999999998345,2234,4.53413126594922,1.485919236808359
0.6319999999998345,2235,4.535200765965158,1.4869738368240737
0.6319999999998345,2236,4.53626926598108,1.4880256368397466
0.6319999999998345,2237,4.537336765996986,1.4890746368553782
0.6319999999998345,2238,4.538403266012878,1.4901208368709675
0.6319999999998345,2239,4.539468766028755,1.4911642368865154
0.6319999999998345,2240,4.540533266044617,1.4922048369020218
0.6319999999998345,2241,4.541596766060465,1.4932426369174863
0.6319999999998345,2242,4.542659266076297,1.4942776369329087
0.6319999999998345,2243,4.543720766092115,1.4953098369482896
0.6319999999998345,2244,4.5447812661079166,1.4963392369636288
0.6319999999998345,2245,4.545840766123705,1.4973658369789264
0.6319999999998345,2246,4.546899266139478,1.498389636994182
0.6319999999998345,2247,4.547956766155235,1.4994106370093963
0.6319999999998345,2248,4.549013266170979,1.5004288370245686
0.6319999999998345,2249,4.5500687661867065,1.5014442370396992
0.6319999999998345,2250,4.551123266202421,1.5024568370547882
0.6319999999998345,2251,4.5521767662181185,1.5034666370698355
0.6319999999998345,2252,4.553229266233803,1.5044736370848408
0.6319999999998345,2253,4.55428076624947,1.5054778370998048
0.6319999999998345,2254,4.555331266265124,1.5064792371147266
0.6319999999998345,2255,4.556380766280763,1.5074778371296071
0.6319999999998345,2256,4.557429266296388,1.5084736371444456
0.6319999999998345,2257,4.558476766311996,1.5094666371592425
0.6319999999998345,2258,4.559523266327591,1.5104568371739975
0.6319999999998345,2259,4.560568766343169,1.511444237188711
0.6319999999998345,2260,4.561613266358734,1.5124288372033825
0.6319999999998345,2261,4.562656766374283,1.5134106372180125
0.6319999999998345,2262,4.563699266389817,1.5143896372326007
0.6319999999998345,2263,4.564740766405337,1.5153658372471475
0.6319999999998345,2264,4.565781266420841,1.5163392372616522
0.6319999999998345,2265,4.566820766436331,1.5173098372761151
0.6319999999998345,2266,4.567859266451807,1.5182776372905367
0.6319999999998345,2267,4.568896766467266,1.5192426373049162
0.6319999999998345,2268,4.569933266482711,1.520204837319254
0.6319999999998345,2269,4.570968766498141,1.52116423733355
0.6319999999998345,2270,4.572003266513557,1.5221208373478046
0.6319999999998345,2271,4.573036766528957,1.5230746373620174
0.6319999999998345,2272,4.574069266544343,1.5240256373761885
0.6319999999998345,2273,4.5751007665597125,1.5249738373903177
0.6319999999998345,2274,4.576131266575069,1.525919237404405
0.6319999999998345,2275,4.577160766590409,1.526861837418451
0.6319999999998345,2276,4.578189266605735,1.5278016374324552
0.6319999999998345,2277,4.579216766621046,1.5287386374464176
0.6319999999998345,2278,4.580243266636343,1.5296728374603383
0.6319999999998345,2279,4.581268766651624,1.5306042374742173
0.6319999999998345,2280,4.582293266666889,1.5315328374880544
0.6319999999998345,2281,4.583316766682141,1.5324586375018499
0.6319999999998345,2282,4.584339266697378,1.5333816375156037
0.6319999999998345,2283,4.585360766712599,1.5343018375293158
0.6319999999998345,2284,4.586381266727805,1.5352192375429858
0.6319999999998345,2285,4.587400766742997,1.5361338375566147
0.6319999999998345,2286,4.588419266758174,1.5370456375702015
0.6319999999998345,2287,4.589436766773336,1.5379546375837467
0.6319999999998345,2288,4.590453266788483,1.53886083759725
0.6319999999998345,2289,4.591468766803615,1.539764237610712
0.6319999999998345,2290,4.592483266818733,1.5406648376241319
0.6319999999998345,2291,4.593496766833835,1.5415626376375102
0.6319999999998345,2292,4.594509266848922,1.5424576376508465
0.6319999999998345,2293,4.595520766863994,1.5433498376641412
0.6319999999998345,2294,4.596531266879052,1.5442392376773946
0.6319999999998345,2295,4.597540766894094,1.5451258376906059
0.6319999999998345,2296,4.598549266909123,1.5460096377037755
0.6319999999998345,2297,4.599556766924136,1.5468906377169034
0.6319999999998345,2298,4.600563266939133,1.5477688377299896
0.6319999999998345,2299,4.6015687669541165,1.548644237743034
0.6319999999998345,2300,4.602573266969085,1.5495168377560367
0.6319999999998345,2301,4.603576766984039,1.550386637768998
0.6319999999998345,2302,4.604579266998977,1.551253637781917
0.6319999999998345,2303,4.6055807670139,1.5521178377947948
0.6319999999998345,2304,4.606581267028809,1.5529792378076306
0.6319999999998345,2305,4.607580767043702,1.5538378378204247
0.6319999999998345,2306,4.608579267058581,1.5546936378331773
0.6319999999998345,2307,4.609576767073445,1.5555466378458878
0.6319999999998345,2308,4.610573267088295,1.5563968378585569
0.6319999999998345,2309,4.611568767103129,1.5572442378711842
0.6319999999998345,2310,4.612563267117947,1.5580888378837696
0.6319999999998345,2311,4.613556767132752,1.5589306378963133
0.6319999999998345,2312,4.614549267147542,1.5597696379088155
0.6319999999998345,2313,4.615540767162316,1.5606058379212757
0.6319999999998345,2314,4.616531267177075,1.5614392379336945
0.6319999999998345,2315,4.61752076719182,1.5622698379460713
0.6319999999998345,2316,4.61850926720655,1.5630976379584065
0.6319999999998345,2317,4.619496767221265,1.5639226379707
0.6319999999998345,2318,4.620483267235965,1.5647448379829516
0.6319999999998345,2319,4.621468767250651,1.565564237995162
0.6319999999998345,2320,4.62245326726532,1.56638083800733
0.6319999999998345,2321,4.623436767279975,1.5671946380194566
0.6319999999998345,2322,4.624419267294615,1.5680056380315415
0.6319999999998345,2323,4.625400767309242,1.5688138380435845
0.6319999999998345,2324,4.626381267323852,1.569619238055586
0.6319999999998345,2325,4.627360767338447,1.5704218380675457
0.6319999999998345,2326,4.628339267353028,1.5712216380794637
0.6319999999998345,2327,4.629316767367594,1.5720186380913397
0.6319999999998345,2328,4.630293267382145,1.5728128381031743
0.6319999999998345,2329,4.631268767396681,1.5736042381149673
0.6319999999998345,2330,4.632243267411202,1.5743928381267183
0.6319999999998345,2331,4.633216767425708,1.5751786381384274
0.6319999999998345,2332,4.634189267440201,1.5759616381500954
0.6319999999998345,2333,4.635160767454677,1.576741838161721
0.6319999999998345,2334,4.636131267469138,1.5775192381733052
0.6319999999998345,2335,4.6371007674835845,1.5782938381848475
0.6319999999998345,2336,4.638069267498016,1.5790656381963484
0.6319999999998345,2337,4.639036767512434,1.5798346382078075
0.6319999999998345,2338,4.640003267526836,1.5806008382192247
0.6319999999998345,2339,4.640968767541223,1.5813642382306001
0.6319999999998345,2340,4.641933267555594,1.582124838241934
0.6319999999998345,2341,4.642896767569952,1.582882638253226
0.6319999999998345,2342,4.643859267584294,1.5836376382644763
0.6319999999998345,2343,4.644820767598622,1.5843898382756851
0.6319999999998345,2344,4.645781267612934,1.585139238286852
0.6319999999998345,2345,4.646740767627232,1.5858858382979772
0.6319999999998345,2346,4.647699267641515,1.5866296383090606
0.6319999999998345,2347,4.648656767655783,1.5873706383201025
0.6319999999998345,2348,4.649613267670036,1.5881088383311024
0.6319999999998345,2349,4.650568767684273,1.5888442383420607
0.6319999999998345,2350,4.651523267698497,1.5895768383529774
0.6319999999998345,2351,4.652476767712705,1.5903066383638524
0.6319999999998345,2352,4.6534292677268985,1.5910336383746855
0.6319999999998345,2353,4.654380767741078,1.591757838385477
0.6319999999998345,2354,4.6553312677552405,1.5924792383962263
0.6319999999998345,2355,4.656280767769388,1.5931978384069345
0.6319999999998345,2356,4.6572292677835225,1.5939136384176007
0.6319999999998345,2357,4.658176767797642,1.5946266384282253
0.6319999999998345,2358,4.659123267811745,1.595336838438808
0.6319999999998345,2359,4.660068767825836,1.5960442384493492
0.6319999999998345,2360,4.661013267839909,1.5967488384598485
0.6319999999998345,2361,4.661956767853969,1.597450638470306
0.6319999999998345,2362,4.6628992678680135,1.5981496384807221
0.6319999999998345,2363,4.663840767882042,1.5988458384910964
0.6319999999998345,2364,4.664781267896057,1.5995392385014287
0.6319999999998345,2365,4.665720767910056,1.6002298385117193
0.6319999999998345,2366,4.666659267924041,1.6009176385219686
0.6319999999998345,2367,4.6675967679380115,1.6016026385321758
0.6319999999998345,2368,4.668533267951966,1.6022848385423414
0.6319999999998345,2369,4.669468767965906,1.602964238552465
0.6319999999998345,2370,4.670403267979831,1.6036408385625474
0.6319999999998345,2371,4.671336767993742,1.6043146385725877
0.6319999999998345,2372,4.6722692680076365,1.6049856385825865
0.6319999999998345,2373,4.673200768021516,1.6056538385925434
0.6319999999998345,2374,4.674131268035382,1.6063192386024585
0.6319999999998345,2375,4.675060768049233,1.606981838612332
0.6319999999998345,2376,4.675989268063068,1.607641638622164
0.6319999999998345,2377,4.6769167680768895,1.608298638631954
0.6319999999998345,2378,4.677843268090696,1.6089528386417022
0.6319999999998345,2379,4.6787687681044865,1.609604238651409
0.6319999999998345,2380,4.679693268118263,1.6102528386610737
0.6319999999998345,2381,4.680616768132024,1.610898638670697
0.6319999999998345,2382,4.68153926814577,1.6115416386802783
0.6319999999998345,2383,4.682460768159501,1.6121818386898181
0.6319999999998345,2384,4.6833812681732185,1.6128192386993163
0.6319999999998345,2385,4.68430076818692,1.6134538387087725
0.6319999999998345,2386,4.685219268200607,1.614085638718187
0.6319999999998345,2387,4.686136768214278,1.61471463872756
0.6319999999998345,2388,4.687053268227935,1.6153408387368908
0.6319999999998345,2389,4.687968768241577,1.6159642387461801
0.6319999999998345,2390,4.688883268255204,1.616584838755428
0.6319999999998345,2391,4.689796768268817,1.6172026387646339
0.6319999999998345,2392,4.690709268282414,1.617817638773798
0.6319999999998345,2393,4.691620768295996,1.6184298387829206
0.6319999999998345,2394,4.692531268309564,1.6190392387920012
0.6319999999998345,2395,4.693440768323116,1.6196458388010404
0.6319999999998345,2396,4.694349268336655,1.6202496388100378
0.6319999999998345,2397,4.695256768350177,1.6208506388189932
0.6319999999998345,2398,4.6961632683636845,1.6214488388279071
0.6319999999998345,2399,4.697068768377179,1.6220442388367795
0.6319999999998345,2400,4.697973268390656,1.6226368388456096
0.6319999999998345,2401,4.698876768404119,1.6232266388543986
0.6319999999998345,2402,4.699779268417567,1.6238136388631457
0.6319999999998345,2403,4.700680768431001,1.6243978388718507
0.6319999999998345,2404,4.70158126844442,1.6249792388805142
0.6319999999998345,2405,4.702480768457823,1.625557838889136
0.6319999999998345,2406,4.7033792684712115,1.6261336388977161
0.6319999999998345,2407,4.704276768484585,1.6267066389062546
0.6319999999998345,2408,4.705173268497944,1.6272768389147512
0.6319999999998345,2409,4.7060687685112885,1.6278442389232062
0.6319999999998345,2410,4.706963268524617,1.6284088389316191
0.6319999999998345,2411,4.707856768537932,1.6289706389399905
0.6319999999998345,2412,4.708749268551231,1.6295296389483207
0.6319999999998345,2413,4.709640768564515,1.6300858389566084
0.6319999999998345,2414,4.710531268577785,1.6306392389648547
0.6319999999998345,2415,4.711420768591039,1.6311898389730595
0.6319999999998345,2416,4.712309268604279,1.6317376389812224
0.6319999999998345,2417,4.713196768617504,1.6322826389893432
0.6319999999998345,2418,4.714083268630714,1.6328248389974227
0.6319999999998345,2419,4.714968768643908,1.6333642390054603
0.6319999999998345,2420,4.715853268657089,1.6339008390134566
0.6319999999998345,2421,4.716736768670254,1.6344346390214106
0.6319999999998345,2422,4.717619268683404,1.6349656390293235
0.6319999999998345,2423,4.71850076869654,1.635493839037194
0.6319999999998345,2424,4.719381268709659,1.636019239045023
0.6319999999998345,2425,4.720260768722765,1.6365418390528104
0.6319999999998345,2426,4.721139268735856,1.6370616390605561
0.6319999999998345,2427,4.722016768748932,1.6375786390682598
0.6319999999998345,2428,4.722893268761993,1.638092839075922
0.6319999999998345,2429,4.723768768775038,1.6386042390835425
0.6319999999998345,2430,4.7246432687880695,1.6391128390911214
0.6319999999998345,2431,4.725516768801086,1.6396186390986585
0.6319999999998345,2432,4.726389268814087,1.6401216391061535
0.6319999999998345,2433,4.727260768827073,1.640621839113607
0.6319999999998345,2434,4.728131268840045,1.6411192391210188
0.6319999999998345,2435,4.729000768853002,1.641613839128389
0.6319999999998345,2436,4.729869268865944,1.6421056391357174
0.6319999999998345,2437,4.73073676887887,1.6425946391430042
0.6319999999998345,2438,4.7316032688917815,1.6430808391502492
0.6319999999998345,2439,4.732468768904679,1.6435642391574523
0.6319999999998345,2440,4.733333268917561,1.6440448391646139
0.6319999999998345,2441,4.7341967689304285,1.6445226391717336
0.6319999999998345,2442,4.73505926894328,1.6449976391788117
0.6319999999998345,2443,4.735920768956118,1.645469839185848
0.6319999999998345,2444,4.73678126896894,1.6459392391928427
0.6319999999998345,2445,4.737640768981748,1.6464058391997956
0.6319999999998345,2446,4.73849926899454,1.6468696392067068
0.6319999999998345,2447,4.739356769007318,1.647330639213576
0.6319999999998345,2448,4.740213269020081,1.6477888392204036
0.6319999999998345,2449,4.741068769032829,1.6482442392271899
0.6319999999998345,2450,4.741923269045562,1.648696839233934
0.6319999999998345,2451,4.74277676905828,1.6491466392406366
0.6319999999998345,2452,4.743629269070984,1.6495936392472974
0.6319999999998345,2453,4.744480769083672,1.6500378392539163
0.6319999999998345,2454,4.745331269096345,1.650479239260494
0.6319999999998345,2455,4.746180769109003,1.6509178392670294
0.6319999999998345,2456,4.747029269121647,1.6513536392735235
0.6319999999998345,2457,4.747876769134276,1.6517866392799756
0.6319999999998345,2458,4.74872326914689,1.6522168392863863
0.6319999999998345,2459,4.749568769159488,1.652644239292755
0.6319999999998345,2460,4.750413269172073,1.6530688392990818
0.6319999999998345,2461,4.751256769184642,1.653490639305367
0.6319999999998345,2462,4.7520992691971955,1.6539096393116108
0.6319999999998345,2463,4.752940769209736,1.6543258393178126
0.6319999999998345,2464,4.75378126922226,1.6547392393239728
0.6319999999998345,2465,4.754620769234769,1.6551498393300912
0.6319999999998345,2466,4.755459269247265,1.655557639336168
0.6319999999998345,2467,4.756296769259744,1.6559626393422031
0.6319999999998345,2468,4.757133269272209,1.6563648393481962
0.6319999999998345,2469,4.757968769284659,1.6567642393541477
0.6319999999998345,2470,4.758803269297093,1.6571608393600574
0.6319999999998345,2471,4.759636769309513,1.6575546393659257
0.6319999999998345,2472,4.760469269321919,1.6579456393717518
0.6319999999998345,2473,4.761300769334309,1.6583338393775364
0.6319999999998345,2474,4.762131269346685,1.6587192393832795
0.6319999999998345,2475,4.762960769359045,1.6591018393889807
0.6319999999998345,2476,4.763789269371391,1.65948163939464
0.6319999999998345,2477,4.764616769383721,1.659858639400258
0.6319999999998345,2478,4.765443269396037,1.6602328394058339
0.6319999999998345,2479,4.766268769408338,1.660604239411368
0.6319999999998345,2480,4.767093269420624,1.6609728394168606
0.6319999999998345,2481,4.767916769432896,1.6613386394223117
0.6319999999998345,2482,4.768739269445152,1.6617016394277206
0.6319999999998345,2483,4.769560769457392,1.662061839433088
0.6319999999998345,2484,4.7703812694696195,1.6624192394384139
0.6319999999998345,2485,4.771200769481831,1.6627738394436977
0.6319999999998345,2486,4.772019269494026,1.66312563944894
0.6319999999998345,2487,4.772836769506209,1.6634746394541404
0.6319999999998345,2488,4.773653269518376,1.6638208394592993
0.6319999999998345,2489,4.774468769530528,1.6641642394644163
0.6319999999998345,2490,4.775283269542665,1.6645048394694915
0.6319999999998345,2491,4.776096769554787,1.6648426394745253
0.6319999999998345,2492,4.776909269566894,1.6651776394795172
0.6319999999998345,2493,4.777720769578987,1.6655098394844672
0.6319999999998345,2494,4.778531269591063,1.6658392394893755
0.6319999999998345,2495,4.779340769603126,1.6661658394942422
0.6319999999998345,2496,4.7801492696151735,1.6664896394990674
0.6319999999998345,2497,4.780956769627206,1.6668106395038507
0.6319999999998345,2498,4.7817632696392245,1.6671288395085924
0.6319999999998345,2499,4.782568769651227,1.667444239513292
0.6319999999998345,2500,4.783373269663215,1.66775683951795
0.6319999999998345,2501,4.784176769675189,1.6680666395225667
0.6319999999998345,2502,4.784979269687146,1.6683736395271411
0.6319999999998345,2503,4.78578076969909,1.6686778395316741
0.6319999999998345,2504,4.786581269711018,1.6689792395361653
0.6319999999998345,2505,4.786581269711018,1.6689792395361653
0.6319999999998345,2506,4.787380569722929,1.6692798395406445
0.6319999999998345,2507,4.788178469734818,1.669581639545142
0.6319999999998345,2508,4.788974969746687,1.669884639549657
0.6319999999998345,2509,4.789770069758536,1.6701888395541897
0.6319999999998345,2510,4.790563769770362,1.6704942395587405
0.6319999999998345,2511,4.791356069782169,1.6708008395633094
0.6319999999998345,2512,4.792146969793953,1.6711086395678958
0.6319999999998345,2513,4.792936469805717,1.6714176395725004
0.6319999999998345,2514,4.793724569817461,1.6717278395771225
0.6319999999998345,2515,4.794511269829184,1.6720392395817627
0.6319999999998345,2516,4.795296569840886,1.6723518395864208
0.6319999999998345,2517,4.796080469852567,1.6726656395910968
0.6319999999998345,2518,4.796862969864227,1.672980639595791
0.6319999999998345,2519,4.797644069875867,1.6732968396005026
0.6319999999998345,2520,4.798423769887485,1.673614239605232
0.6319999999998345,2521,4.799202069899082,1.67393283960998
0.6319999999998345,2522,4.799978969910659,1.6742526396147452
0.6319999999998345,2523,4.800754469922214,1.6745736396195283
0.6319999999998345,2524,4.801528569933749,1.6748958396243294
0.6319999999998345,2525,4.802301269945264,1.6752192396291485
0.6319999999998345,2526,4.803072569956757,1.6755438396339852
0.6319999999998345,2527,4.80384246996823,1.6758696396388402
0.6319999999998345,2528,4.804610969979682,1.6761966396437127
0.6319999999998345,2529,4.805378069991111,1.6765248396486034
0.6319999999998345,2530,4.806143770002522,1.6768542396535118
0.6319999999998345,2531,4.80690807001391,1.6771848396584381
0.6319999999998345,2532,4.807670970025279,1.6775166396633825
0.6319999999998345,2533,4.808432470036626,1.6778496396683444
0.6319999999998345,2534,4.809192570047953,1.6781838396733244
0.6319999999998345,2535,4.8099512700592575,1.6785192396783222
0.6319999999998345,2536,4.810708570070543,1.6788558396833377
0.6319999999998345,2537,4.811464470081806,1.6791936396883715
0.6319999999998345,2538,4.812218970093049,1.6795326396934231
0.6319999999998345,2539,4.81297207010427,1.6798728396984923
0.6319999999998345,2540,4.813723770115472,1.6802142397035797
0.6319999999998345,2541,4.814474070126653,1.6805568397086847
0.6319999999998345,2542,4.815222970137813,1.6809006397138082
0.6319999999998345,2543,4.815970470148952,1.6812456397189492
0.6319999999998345,2544,4.816716570160069,1.6815918397241079
0.6319999999998345,2545,4.817461270171165,1.6819392397292845
0.6319999999998345,2546,4.8182045701822425,1.682287839734479
0.6319999999998345,2547,4.818946470193297,1.6826376397396916
0.6319999999998345,2548,4.819686970204332,1.6829886397449219
0.6319999999998345,2549,4.820426070215345,1.6833408397501697
0.6319999999998345,2550,4.821163770226338,1.6836942397554362
0.6319999999998345,2551,4.82190007023731,1.68404883976072
0.6319999999998345,2552,4.82263497024826,1.6844046397660217
0.6319999999998345,2553,4.82336847025919,1.6847616397713416
0.6319999999998345,2554,4.824100570270099,1.685119839776679
0.6319999999998345,2555,4.8248312702809875,1.6854792397820346
0.6319999999998345,2556,4.825560570291855,1.6858398397874077
0.6319999999998345,2557,4.8262884703027025,1.6862016397927992
0.6319999999998345,2558,4.827014970313527,1.6865646397982081
0.6319999999998345,2559,4.8277400703243325,1.6869288398036353
0.6319999999998345,2560,4.828463770335117,1.6872942398090802
0.6319999999998345,2561,4.829186070345878,1.6876608398145427
0.6319999999998345,2562,4.829906970356621,1.6880286398200235
0.6319999999998345,2563,4.830626470367343,1.6883976398255223
0.6319999999998345,2564,4.831344570378043,1.6887678398310384
0.6319999999998345,2565,4.8320612703887225,1.6891392398365728
0.6319999999998345,2566,4.832776570399382,1.689511839842125
0.6319999999998345,2567,4.833490470410019,1.689885639847695
0.6319999999998345,2568,4.834202970420637,1.690260639853283
0.6319999999998345,2569,4.834914070431233,1.6906368398588887
0.6319999999998345,2570,4.835623770441808,1.6910142398645125
0.6319999999998345,2571,4.836332070452363,1.6913928398701539
0.6319999999998345,2572,4.8370389704628955,1.6917726398758135
0.6319999999998345,2573,4.8377444704734085,1.6921536398814907
0.6319999999998345,2574,4.838448570483901,1.692535839887186
0.6319999999998345,2575,4.839151270494371,1.692919239892899
0.6319999999998345,2576,4.839852570504822,1.69330383989863
0.6319999999998345,2577,4.840552470515251,1.693689639904379
0.6319999999998345,2578,4.8412509705256594,1.6940766399101457
0.6319999999998345,2579,4.841948070536048,1.6944648399159303
0.6319999999998345,2580,4.842643770546414,1.6948542399217328
0.6319999999998345,2581,4.843338070556761,1.6952448399275533
0.6319999999998345,2582,4.844030970567085,1.6956366399333915
0.6319999999998345,2583,4.8447224705773895,1.6960296399392476
0.6319999999998345,2584,4.845412570587673,1.6964238399451217
0.6319999999998345,2585,4.846101270597935,1.6968192399510134
0.6319999999998345,2586,4.846788570608177,1.6972158399569235
0.6319999999998345,2587,4.847474470618398,1.6976136399628512
0.6319999999998345,2588,4.848158970628597,1.6980126399687965
0.6319999999998345,2589,4.848842070638776,1.6984128399747602
0.6319999999998345,2590,4.849523770648934,1.6988142399807415
0.6319999999998345,2591,4.850204070659071,1.6992168399867404
0.6319999999998345,2592,4.850882970669188,1.6996206399927576
0.6319999999998345,2593,4.851560470679284,1.7000256399987932
0.6319999999998345,2594,4.852236570689358,1.700431840004846
0.6319999999998345,2595,4.852911270699413,1.7008392400109162
0.6319999999998345,2596,4.853584570709446,1.7012478400170052
0.6319999999998345,2597,4.8542564707194575,1.7016576400231118
0.6319999999998345,2598,4.854926970729449,1.702068640029236
0.6319999999998345,2599,4.855596070739418,1.7024808400353781
0.6319999999998345,2600,4.856263770749369,1.7028942400415386
0.6319999999998345,2601,4.856930070759298,1.7033088400477165
0.6319999999998345,2602,4.857594970769205,1.7037246400539123
0.6319999999998345,2603,4.858258470779092,1.7041416400601261
0.6319999999998345,2604,4.858920570788958,1.7045598400663577
0.6319999999998345,2605,4.859581270798804,1.7049792400726074
0.6319999999998345,2606,4.860240570808627,1.7053998400788748
0.6319999999998345,2607,4.86089847081843,1.7058216400851602
0.6319999999998345,2608,4.861554970828213,1.7062446400914633
0.6319999999998345,2609,4.862210070837975,1.7066688400977843
0.6319999999998345,2610,4.862863770847716,1.7070942401041234
0.6319999999998345,2611,4.863516070857436,1.7075208401104802
0.6319999999998345,2612,4.864166970867135,1.7079486401168547
0.6319999999998345,2613,4.864816470876813,1.7083776401232473
0.6319999999998345,2614,4.865464570886471,1.7088078401296578
0.6319999999998345,2615,4.866111270896108,1.709239240136086
0.6319999999998345,2616,4.866756570905723,1.7096718401425326
0.6319999999998345,2617,4.867400470915318,1.7101056401489965
0.6319999999998345,2618,4.868042970924892,1.7105406401554786
0.6319999999998345,2619,4.868684070934445,1.7109768401619785
0.6319999999998345,2620,4.869323770943977,1.7114142401684962
0.6319999999998345,2621,4.869962070953489,1.7118528401750317
0.6319999999998345,2622,4.87059897096298,1.7122926401815852
0.6319999999998345,2623,4.871234470972449,1.7127336401881568
0.6319999999998345,2624,4.871868570981898,1.7131758401947461
0.6319999999998345,2625,4.872501270991326,1.7136192402013533
0.6319999999998345,2626,4.873132571000733,1.7140638402079782
0.6319999999998345,2627,4.873762471010119,1.7145096402146212
0.6319999999998345,2628,4.874390971019484,1.7149566402212821
0.6319999999998345,2629,4.875018071028829,1.7154048402279607
0.6319999999998345,2630,4.8756437710381535,1.7158542402346573
0.6319999999998345,2631,4.876268071047455,1.7163048402413719
0.6319999999998345,2632,4.876890971056738,1.716756640248104
0.6319999999998345,2633,4.877512471065998,1.7172096402548542
0.6319999999998345,2634,4.878132571075238,1.7176638402616222
0.6319999999998345,2635,4.878751271084457,1.7181192402684082
0.6319999999998345,2636,4.879368571093656,1.7185758402752123
0.6319999999998345,2637,4.8799844711028335,1.719033640282034
0.6319999999998345,2638,4.880598971111991,1.7194926402888737
0.6319999999998345,2639,4.881212071121126,1.7199528402957311
0.6319999999998345,2640,4.881823771130242,1.7204142403026066
0.6319999999998345,2641,4.882434071139336,1.7208768403095
0.6319999999998345,2642,4.883042971148409,1.7213406403164113
0.6319999999998345,2643,4.883650471157462,1.7218056403233402
0.6319999999998345,2644,4.884256571166493,1.722271840330287
0.6319999999998345,2645,4.884861271175504,1.7227392403372517
0.6319999999998345,2646,4.885464571184493,1.7232078403442346
0.6319999999998345,2647,4.886066471193463,1.7236776403512353
0.6319999999998345,2648,4.886666971202411,1.7241486403582533
0.6319999999998345,2649,4.887266071211339,1.7246208403652896
0.6319999999998345,2650,4.887863771220244,1.725094240372344
0.6319999999998345,2651,4.8884600712291295,1.7255688403794158
0.6319999999998345,2652,4.889054971237995,1.7260446403865057
0.6319999999998345,2653,4.889648471246839,1.7265216403936137
0.6319999999998345,2654,4.890240571255661,1.7269998404007396
0.6319999999998345,2655,4.890831271264464,1.7274792404078831
0.6319999999998345,2656,4.891420571273245,1.7279598404150445
0.6319999999998345,2657,4.892008471282005,1.728441640422224
0.6319999999998345,2658,4.892594971290745,1.7289246404294212
0.6319999999998345,2659,4.893180071299463,1.7294088404366363
0.6319999999998345,2660,4.893763771308162,1.729894240443869
0.6319999999998345,2661,4.894346071316838,1.7303808404511203
0.6319999999998345,2662,4.894926971325494,1.730868640458389
0.6319999999998345,2663,4.895506471334129,1.7313576404656756
0.6319999999998345,2664,4.896084571342745,1.7318478404729805
0.6319999999998345,2665,4.896661271351337,1.7323392404803026
0.6319999999998345,2666,4.89723657135991,1.732831840487643
0.6319999999998345,2667,4.897810471368461,1.7333256404950015
0.6319999999998345,2668,4.898382971376992,1.7338206405023773
0.6319999999998345,2669,4.898954071385502,1.7343168405097713
0.6319999999998345,2670,4.8995237713939925,1.7348142405171834
0.6319999999998345,2671,4.900092071402461,1.735312840524613
0.6319999999998345,2672,4.900658971410907,1.7358126405320604
0.6319999999998345,2673,4.901224471419334,1.7363136405395259
0.6319999999998345,2674,4.9017885714277405,1.7368158405470093
0.6319999999998345,2675,4.902351271436125,1.7373192405545104
0.6319999999998345,2676,4.902912571444489,1.7378238405620297
0.6319999999998345,2677,4.903472471452832,1.7383296405695667
0.6319999999998345,2678,4.904030971461154,1.7388366405771216
0.6319999999998345,2679,4.904588071469456,1.7393448405846943
0.6319999999998345,2680,4.905143771477737,1.7398542405922848
0.6319999999998345,2681,4.905698071485996,1.7403648405998937
0.6319999999998345,2682,4.906250971494235,1.74087664060752
0.6319999999998345,2683,4.906802471502454,1.7413896406151643
0.6319999999998345,2684,4.907352571510651,1.7419038406228267
0.6319999999998345,2685,4.907901271518828,1.7424192406305066
0.6319999999998345,2686,4.908448571526982,1.7429358406382045
0.6319999999998345,2687,4.908994471535117,1.7434536406459205
0.6319999999998345,2688,4.90953897154323,1.743972640653654
0.6319999999998345,2689,4.910082071551323,1.7444928406614055
0.6319999999998345,2690,4.910623771559395,1.745014240669175
0.6319999999998345,2691,4.911164071567446,1.7455368406769622
0.6319999999998345,2692,4.911702971575477,1.7460606406847676
0.6319999999998345,2693,4.912240471583487,1.7465856406925908
0.6319999999998345,2694,4.912776571591475,1.7471118407004318
0.6319999999998345,2695,4.913311271599442,1.7476392407082908
0.6319999999998345,2696,4.913844571607389,1.7481678407161674
0.6319999999998345,2697,4.914376471615315,1.7486976407240622
0.6319999999998345,2698,4.91490697162322,1.7492286407319746
0.6319999999998345,2699,4.915436071631104,1.7497608407399048
0.6319999999998345,2700,4.9159637716389675,1.7502942407478532
0.6319999999998345,2701,4.91649007164681,1.7508288407558195
0.6319999999998345,2702,4.9170149716546305,1.7513646407638035
0.6319999999998345,2703,4.917538471662432,1.7519016407718055
0.6319999999998345,2704,4.918060571670212,1.7524398407798252
0.6319999999998345,2705,4.918581271677971,1.7529792407878628
0.6319999999998345,2706,4.919100571685709,1.7535198407959185
0.6319999999998345,2707,4.919618471693426,1.754061640803992
0.6319999999998345,2708,4.920134971701123,1.7546046408120834
0.6319999999998345,2709,4.920650071708799,1.7551488408201923
0.6319999999998345,2710,4.921163771716454,1.7556942408283194
0.6319999999998345,2711,4.921676071724087,1.7562408408364645
0.6319999999998345,2712,4.9221869717317,1.7567886408446274
0.6319999999998345,2713,4.922696471739292,1.757337640852808
0.6319999999998345,2714,4.923204571746864,1.7578878408610068
0.6319999999998345,2715,4.9237112717544145,1.7584392408692235
0.6319999999998345,2716,4.924216571761945,1.7589918408774579
0.6319999999998345,2717,4.9247204717694535,1.75954564088571
0.6319999999998345,2718,4.9252229717769405,1.7601006408939803
0.6319999999998345,2719,4.925724071784408,1.760656840902268
0.6319999999998345,2720,4.926223771791854,1.761214240910574
0.6319999999998345,2721,4.926722071799279,1.761772840918898
0.6319999999998345,2722,4.927218971806684,1.7623326409272395
0.6319999999998345,2723,4.927714471814067,1.762893640935599
0.6319999999998345,2724,4.928208571821429,1.7634558409439767
0.6319999999998345,2725,4.928701271828771,1.7640192409523718
0.6319999999998345,2726,4.929192571836092,1.7645838409607852
0.6319999999998345,2727,4.9296824718433925,1.7651496409692162
0.6319999999998345,2728,4.930170971850671,1.765716640977665
0.6319999999998345,2729,4.93065807185793,1.766284840986132
0.6319999999998345,2730,4.931143771865168,1.7668542409946166
0.6319999999998345,2731,4.931628071872384,1.7674248410031193
0.6319999999998345,2732,4.932110971879579,1.76799664101164
0.6319999999998345,2733,4.932592471886755,1.768569641020178
0.6319999999998345,2734,4.933072571893909,1.7691438410287343
0.6319999999998345,2735,4.933551271901043,1.7697192410373086
0.6319999999998345,2736,4.934028571908154,1.7702958410459007
0.6319999999998345,2737,4.934504471915246,1.7708736410545105
0.6319999999998345,2738,4.934978971922317,1.7714526410631382
0.6319999999998345,2739,4.935452071929367,1.772032841071784
0.6319999999998345,2740,4.9359237719363955,1.7726142410804473
0.6319999999998345,2741,4.936394071943403,1.773196841089129
0.6319999999998345,2742,4.93686297195039,1.773780641097828
0.6319999999998345,2743,4.937330471957357,1.7743656411065454
0.6319999999998345,2744,4.937796571964302,1.7749518411152803
0.6319999999998345,2745,4.938261271971227,1.775539241124033
0.6319999999998345,2746,4.93872457197813,1.7761278411328039
0.6319999999998345,2747,4.939186471985012,1.7767176411415926
0.6319999999998345,2748,4.939646971991874,1.777308641150399
0.6319999999998345,2749,4.9401060719987155,1.7779008411592236
0.6319999999998345,2750,4.940563772005536,1.778494241168066
0.6319999999998345,2751,4.941020072012336,1.7790888411769261
0.6319999999998345,2752,4.941474972019114,1.7796846411858043
0.6319999999998345,2753,4.941928472025872,1.7802816411947004
0.6319999999998345,2754,4.942380572032608,1.780879841203614
0.6319999999998345,2755,4.942831272039324,1.781479241212546
0.6319999999998345,2756,4.943280572046019,1.7820798412214955
0.6319999999998345,2757,4.943728472052694,1.7826816412304631
0.6319999999998345,2758,4.944174972059347,1.7832846412394483
0.6319999999998345,2759,4.944620072065979,1.7838888412484517
0.6319999999998345,2760,4.945063772072591,1.7844942412574727
0.6319999999998345,2761,4.945506072079182,1.785100841266512
0.6319999999998345,2762,4.945946972085752,1.7857086412755687
0.6319999999998345,2763,4.946386472092301,1.7863176412846438
0.6319999999998345,2764,4.946824572098829,1.7869278412937364
0.6319999999998345,2765,4.947261272105337,1.787539241302847
0.6319999999998345,2766,4.9476965721118225,1.7881518413119755
0.6319999999998345,2767,4.948130472118288,1.788765641321122
0.6319999999998345,2768,4.9485629721247335,1.7893806413302857
0.6319999999998345,2769,4.948994072131158,1.7899968413394682
0.6319999999998345,2770,4.9494237721375605,1.790614241348668
0.6319999999998345,2771,4.949852072143942,1.791232841357886
0.6319999999998345,2772,4.950278972150304,1.7918526413671216
0.6319999999998345,2773,4.950704472156644,1.7924736413763753
0.6319999999998345,2774,4.951128572162964,1.793095841385647
0.6319999999998345,2775,4.9515512721692625,1.7937192413949363
0.6319999999998345,2776,4.95197257217554,1.7943438414042432
0.6319999999998345,2777,4.952392472181797,1.7949696414135685
0.6319999999998345,2778,4.952810972188034,1.7955966414229116
0.6319999999998345,2779,4.953228072194249,1.7962248414322728
0.6319999999998345,2780,4.953643772200444,1.7968542414416513
0.6319999999998345,2781,4.9540580722066165,1.797484841451048
0.6319999999998345,2782,4.9544709722127696,1.7981166414604628
0.6319999999998345,2783,4.954882472218902,1.7987496414698951
0.6319999999998345,2784,4.955292572225012,1.7993838414793455
0.6319999999998345,2785,4.955701272231103,1.8000192414888136
0.6319999999998345,2786,4.956108572237172,1.8006558414982996
0.6319999999998345,2787,4.95651447224322,1.8012936415078034
0.6319999999998345,2788,4.956918972249248,1.8019326415173254
0.6319999999998345,2789,4.957322072255255,1.8025728415268651
0.6319999999998345,2790,4.9577237722612395,1.8032142415364227
0.6319999999998345,2791,4.958124072267204,1.8038568415459981
0.6319999999998345,2792,4.958522972273149,1.8045006415555918
0.6319999999998345,2793,4.958920472279072,1.8051456415652027
0.6319999999998345,2794,4.959316572284974,1.8057918415748317
0.6319999999998345,2795,4.959711272290856,1.806439241584479
0.6319999999998345,2796,4.960104572296717,1.807087841594144
0.6319999999998345,2797,4.960496472302556,1.8077376416038264
0.6319999999998345,2798,4.9608869723083755,1.808388641613527
0.6319999999998345,2799,4.961276072314173,1.8090408416232457
0.6319999999998345,2800,4.961663772319951,1.8096942416329822
0.6319999999998345,2801,4.962050072325707,1.8103488416427365
0.6319999999998345,2802,4.962434972331443,1.811004641652509
0.6319999999998345,2803,4.9628184723371565,1.8116616416622988
0.6319999999998345,2804,4.963200572342851,1.8123198416721067
0.6319999999998345,2805,4.963581272348524,1.8129792416819324
0.6319999999998345,2806,4.963960572354175,1.813639841691776
0.6319999999998345,2807,4.964338472359806,1.8143016417016378
0.6319999999998345,2808,4.964714972365417,1.814964641711517
0.6319999999998345,2809,4.965090072371007,1.8156288417214148
0.6319999999998345,2810,4.965463772376575,1.8162942417313297
0.6319999999998345,2811,4.965836072382123,1.8169608417412628
0.6319999999998345,2812,4.966206972387649,1.817628641751214
0.6319999999998345,2813,4.966576472393156,1.8182976417611831
0.6319999999998345,2814,4.96694457239864,1.8189678417711694
0.6319999999998345,2815,4.967311272404105,1.8196392417811742
0.6319999999998345,2816,4.967676572409548,1.8203118417911968
0.6319999999998345,2817,4.9680404724149705,1.8209856418012373
0.6319999999998345,2818,4.968402972420372,1.8216606418112955
0.6319999999998345,2819,4.968764072425753,1.8223368418213717
0.6319999999998345,2820,4.969123772431113,1.8230142418314657
0.6319999999998345,2821,4.969482072436453,1.8236928418415776
0.6319999999998345,2822,4.969838972441771,1.8243726418517074
0.6319999999998345,2823,4.9701944724470675,1.825053641861855
0.6319999999998345,2824,4.970548572452344,1.8257358418720206
0.6319999999998345,2825,4.9709012724576,1.826419241882204
0.6319999999998345,2826,4.971252572462834,1.8271038418924055
0.6319999999998345,2827,4.971602472468049,1.827789641902625
0.6319999999998345,2828,4.971950972473241,1.8284766419128617
0.6319999999998345,2829,4.972298072478414,1.8291648419231166
0.6319999999998345,2830,4.972643772483565,1.8298542419333896
0.6319999999998345,2831,4.972988072488695,1.8305448419436803
0.6319999999998345,2832,4.973330972493805,1.8312366419539892
0.6319999999998345,2833,4.973672472498894,1.8319296419643156
0.6319999999998345,2834,4.974012572503962,1.8326238419746599
0.6319999999998345,2835,4.9743512725090095,1.8333192419850222
0.6319999999998345,2836,4.974688572514035,1.8340158419954022
0.6319999999998345,2837,4.97502447251904,1.8347136420058006
0.6319999999998345,2838,4.975358972524025,1.8354126420162165
0.6319999999998345,2839,4.9756920725289895,1.8361128420266501
0.6319999999998345,2840,4.976023772533932,1.8368142420371019
0.6319999999998345,2841,4.976354072538853,1.8375168420475712
0.6319999999998345,2842,4.976682972543754,1.8382206420580587
0.6319999999998345,2843,4.977010472548635,1.8389256420685642
0.6319999999998345,2844,4.977336572553494,1.8396318420790871
0.6319999999998345,2845,4.977661272558332,1.8403392420896285
0.6319999999998345,2846,4.97798457256315,1.8410478421001875
0.6319999999998345,2847,4.978306472567946,1.841757642110764
0.6319999999998345,2848,4.978626972572722,1.842468642121359
0.6319999999998345,2849,4.978946072577477,1.8431808421319715
0.6319999999998345,2850,4.979263772582211,1.843894242142602
0.6319999999998345,2851,4.9795800725869235,1.8446088421532503
0.6319999999998345,2852,4.979894972591616,1.8453246421639165
0.6319999999998345,2853,4.980208472596288,1.8460416421746006
0.6319999999998345,2854,4.9805205726009385,1.8467598421853029
0.6319999999998345,2855,4.980831272605569,1.8474792421960227
0.6319999999998345,2856,4.981140572610177,1.8481998422067605
0.6319999999998345,2857,4.981448472614765,1.8489216422175159
0.6319999999998345,2858,4.981754972619333,1.8496446422282897
0.6319999999998345,2859,4.982060072623879,1.850368842239081
0.6319999999998345,2860,4.982363772628405,1.8510942422498906
0.6319999999998345,2861,4.9826660726329095,1.8518208422607176
0.6319999999998345,2862,4.982966972637392,1.8525486422715625
0.6319999999998345,2863,4.983266472641857,1.8532776422824258
0.6319999999998345,2864,4.983564572646298,1.8540078422933064
0.6319999999998345,2865,4.983861272650719,1.854739242304205
0.6319999999998345,2866,4.984156572655119,1.8554718423151217
0.6319999999998345,2867,4.984450472659498,1.856205642326056
0.6319999999998345,2868,4.984742972663858,1.8569406423370085
0.6319999999998345,2869,4.985034072668196,1.8576768423479788
0.6319999999998345,2870,4.985323772672512,1.858414242358967
0.6319999999998345,2871,4.985612072676808,1.8591528423699728
0.6319999999998345,2872,4.985898972681083,1.8598926423809967
0.6319999999998345,2873,4.986184472685338,1.8606336423920384
0.6319999999998345,2874,4.986468572689571,1.8613758424030982
0.6319999999998345,2875,4.986751272693784,1.8621192424141757
0.6319999999998345,2876,4.9870325726979745,1.8628638424252708
0.6319999999998345,2877,4.987312472702146,1.8636096424363844
0.6319999999998345,2878,4.987590972706296,1.8643566424475155
0.6319999999998345,2879,4.987868072710425,1.8651048424586645
0.6319999999998345,2880,4.988143772714533,1.8658542424698314
0.6319999999998345,2881,4.988418072718621,1.8666048424810162
0.6319999999998345,2882,4.988690972722687,1.867356642492219
0.6319999999998345,2883,4.988962472726733,1.8681096425034398
0.6319999999998345,2884,4.989232572730757,1.868863842514678
0.6319999999998345,2885,4.989501272734762,1.8696192425259344
0.6319999999998345,2886,4.989768572738745,1.8703758425372086
0.6319999999998345,2887,4.990034472742707,1.8711336425485006
0.6319999999998345,2888,4.990298972746649,1.8718926425598106
0.6319999999998345,2889,4.990562072750569,1.8726528425711386
0.6319999999998345,2890,4.990823772754468,1.8734142425824842
0.6319999999998345,2891,4.991084072758348,1.8741768425938479
0.6319999999998345,2892,4.991342972762205,1.8749406426052293
0.6319999999998345,2893,4.991600472766042,1.8757056426166288
0.6319999999998345,2894,4.9918565727698585,1.876471842628046
0.6319999999998345,2895,4.992111272773654,1.8772392426394813
0.6319999999998345,2896,4.9923645727774275,1.8780078426509343
0.6319999999998345,2897,4.992616472781182,1.8787776426624054
0.6319999999998345,2898,4.992866972784914,1.8795486426738939
0.6319999999998345,2899,4.993116072788626,1.8803208426854008
0.6319999999998345,2900,4.993363772792318,1.8810942426969253
0.6319999999998345,2901,4.993610072795987,1.8818688427084675
0.6319999999998345,2902,4.993854972799637,1.882644642720028
0.6319999999998345,2903,4.994098472803265,1.8834216427316062
0.6319999999998345,2904,4.994340572806872,1.884199842743202
0.6319999999998345,2905,4.99458127281046,1.8849792427548162
0.6319999999998345,2906,4.994820572814025,1.8857598427664484
0.6319999999998345,2907,4.99505847281757,1.8865416427780977
0.6319999999998345,2908,4.995294972821094,1.8873246427897654
0.6319999999998345,2909,4.9955300728245975,1.888108842801451
0.6319999999998345,2910,4.99576377282808,1.888894242813154
0.6319999999998345,2911,4.995996072831542,1.8896808428248755
0.6319999999998345,2912,4.996226972834982,1.8904686428366144
0.6319999999998345,2913,4.996456472838402,1.8912576428483716
0.6319999999998345,2914,4.996684572841801,1.8920478428601464
0.6319999999998345,2915,4.996911272845179,1.8928392428719394
0.6319999999998345,2916,4.997136572848536,1.8936318428837497
0.6319999999998345,2917,4.997360472851873,1.8944256428955786
0.6319999999998345,2918,4.997582972855189,1.8952206429074248
0.6319999999998345,2919,4.997804072858483,1.896016842919289
0.6319999999998345,2920,4.998023772861757,1.8968142429311712
0.6319999999998345,2921,4.99824207286501,1.8976128429430714
0.6319999999998345,2922,4.998458972868241,1.8984126429549895
0.6319999999998345,2923,4.998674472871453,1.8992136429669255
0.6319999999998345,2924,4.998888572874644,1.900015842978879
0.6319999999998345,2925,4.999101272877812,1.9008192429908504
0.6319999999998345,2926,4.999312572880961,1.9016238430028398
0.6319999999998345,2927,4.999522472884089,1.9024296430148475
0.6319999999998345,2928,4.999730972887195,1.9032366430268723
0.6319999999998345,2929,4.999938072890282,1.9040448430389159
0.6319999999998345,2930,5.000143772893347,1.9048542430509765
0.6319999999998345,2931,5.000348072896392,1.9056648430630556
0.6319999999998345,2932,5.000550972899415,1.9064766430751523
0.6319999999998345,2933,5.000752472902417,1.9072896430872668
0.6319999999998345,2934,5.000952572905399,1.9081038430993993
0.6319999999998345,2935,5.00115127290836,1.9089192431115498
0.6319999999998345,2936,5.0013485729113,1.909735843123718
0.6319999999998345,2937,5.001544472914219,1.9105536431359043
0.6319999999998345,2938,5.001738972917117,1.9113726431481084
0.6319999999998345,2939,5.001932072919995,1.9121928431603306
0.6319999999998345,2940,5.002123772922851,1.9130142431725703
0.6319999999998345,2941,5.002314072925687,1.9138368431848278
0.6319999999998345,2942,5.002502972928502,1.9146606431971034
0.6319999999998345,2943,5.002690472931295,1.9154856432093967
0.6319999999998345,2944,5.002876572934069,1.9163118432217083
0.6319999999998345,2945,5.003061272936821,1.9171392432340373
0.6319999999998345,2946,5.003244572939553,1.9179678432463847
0.6319999999998345,2947,5.003426472942263,1.9187976432587497
0.6319999999998345,2948,5.003606972944953,1.9196286432711325
0.6319999999998345,2949,5.003786072947622,1.9204608432835333
0.6319999999998345,2950,5.00396377295027,1.9212942432959519
0.6319999999998345,2951,5.004140072952897,1.9221288433083883
0.6319999999998345,2952,5.004314972955503,1.9229646433208427
0.6319999999998345,2953,5.004488472958088,1.9238016433333152
0.6319999999998345,2954,5.004660572960653,1.9246398433458052
0.6319999999998345,2955,5.004831272963196,1.9254792433583132
0.6319999999998345,2956,5.005000572965718,1.926319843370839
0.6319999999998345,2957,5.00516847296822,1.927161643383383
0.6319999999998345,2958,5.005334972970702,1.9280046433959446
0.6319999999998345,2959,5.005500072973162,1.9288488434085242
0.6319999999998345,2960,5.005663772975601,1.9296942434211215
0.6319999999998345,2961,5.005826072978021,1.930540843433737
0.6319999999998345,2962,5.005986972980418,1.93138864344637
0.6319999999998345,2963,5.006146472982794,1.9322376434590212
0.6319999999998345,2964,5.00630457298515,1.93308784347169
0.6319999999998345,2965,5.006461272987486,1.933939243484377
0.6319999999998345,2966,5.006616572989799,1.9347918434970817
0.6319999999998345,2967,5.006770472992093,1.9356456435098044
0.6319999999998345,2968,5.006922972994365,1.936500643522545
0.6319999999998345,2969,5.007074072996616,1.9373568435353032
0.6319999999998345,2970,5.007223772998848,1.9382142435480794
0.6319999999998345,2971,5.007372073001057,1.9390728435608735
0.6319999999998345,2972,5.007518973003247,1.9399326435736857
0.6319999999998345,2973,5.0076644730054145,1.9407936435865154
0.6319999999998345,2974,5.007808573007561,1.9416558435993634
0.6319999999998345,2975,5.007951273009688,1.9425192436122292
0.6319999999998345,2976,5.008092573011794,1.9433838436251125
0.6319999999998345,2977,5.008232473013878,1.9442496436380141
0.6319999999998345,2978,5.008370973015942,1.9451166436509333
0.6319999999998345,2979,5.008508073017985,1.9459848436638705
0.6319999999998345,2980,5.008643773020007,1.9468542436768255
0.6319999999998345,2981,5.0087780730220075,1.9477248436897985
0.6319999999998345,2982,5.008910973023989,1.9485966437027893
0.6319999999998345,2983,5.009042473025948,1.9494696437157981
0.6319999999998345,2984,5.009172573027887,1.9503438437288247
0.6319999999998345,2985,5.009301273029805,1.951219243741869
0.6319999999998345,2986,5.009428573031701,1.9520958437549314
0.6319999999998345,2987,5.009554473033577,1.9529736437680116
0.6319999999998345,2988,5.009678973035433,1.9538526437811097
0.6319999999998345,2989,5.009802073037267,1.954732843794226
0.6319999999998345,2990,5.00992377303908,1.9556142438073596
0.6319999999998345,2991,5.0100440730408735,1.9564968438205115
0.6319999999998345,2992,5.010162973042645,1.9573806438336812
0.6319999999998345,2993,5.010280473044396,1.9582656438468686
0.6319999999998345,2994,5.010396573046126,1.9591518438600741
0.6319999999998345,2995,5.010511273047834,1.9600392438732972
0.6319999999998345,2996,5.010624573049523,1.9609278438865383
0.6319999999998345,2997,5.010736473051191,1.9618176438997974
0.6319999999998345,2998,5.010846973052837,1.9627086439130743
0.6319999999998345,2999,5.010956073054463,1.9636008439263692
0.6319999999998345,3000,5.011063773056068,1.964494243939682
0.6319999999998345,3001,5.011170073057651,1.9653888439530125
0.6319999999998345,3002,5.011274973059215,1.966284643966361
0.6319999999998345,3003,5.011378473060757,1.9671816439797274
0.6319999999998345,3004,5.011480573062279,1.9680798439931118
0.6319999999998345,3005,5.011581273063779,1.9689792440065137
0.6319999999998345,3006,5.011581273063779,1.9689792440065137
0.6319999999998345,3007,5.011683073065296,1.9698797440199323
0.6319999999998345,3008,5.011788473066868,1.9707812440333656
0.6319999999998345,3009,5.01189747306849,1.971683744046814
0.6319999999998345,3010,5.012010073070168,1.9725872440602772
0.6319999999998345,3011,5.0121262730719005,1.973491744073755
0.6319999999998345,3012,5.012246073073686,1.9743972440872481
0.6319999999998345,3013,5.012369473075523,1.975303744100756
0.6319999999998345,3014,5.012496473077416,1.9762112441142787
0.6319999999998345,3015,5.012627073079362,1.9771197441278163
0.6319999999998345,3016,5.012761273081362,1.978029244141369
0.6319999999998345,3017,5.012899073083417,1.9789397441549366
0.6319999999998345,3018,5.013040473085523,1.9798512441685192
0.6319999999998345,3019,5.013185473087684,1.9807637441821164
0.6319999999998345,3020,5.013334073089898,1.9816772441957287
0.6319999999998345,3021,5.013486273092166,1.9825917442093555
0.6319999999998345,3022,5.013642073094488,1.9835072442229977
0.6319999999998345,3023,5.013801473096862,1.9844237442366546
0.6319999999998345,3024,5.013964473099291,1.9853412442503264
0.6319999999998345,3025,5.014131073101773,1.986259744264013
0.6319999999998345,3026,5.01430127310431,1.9871792442777148
0.6319999999998345,3027,5.0144750731069,1.9880997442914312
0.6319999999998345,3028,5.014652473109543,1.9890212443051627
0.6319999999998345,3029,5.014833473112241,1.989943744318909
0.6319999999998345,3030,5.015018073114991,1.99086724433267
0.6319999999998345,3031,5.015206273117796,1.9917917443464463
0.6319999999998345,3032,5.015398073120654,1.9927172443602372
0.6319999999998345,3033,5.015593473123565,1.9936437443740431
0.6319999999998345,3034,5.015792473126531,1.9945712443878643
0.6319999999998345,3035,5.01599507312955,1.9954997444016997
0.6319999999998345,3036,5.016201273132622,1.9964292444155505
0.6319999999998345,3037,5.016411073135748,1.997359744429416
0.6319999999998345,3038,5.016624473138927,1.9982912444432963
0.6319999999998345,3039,5.016841473142161,1.9992237444571919
0.6319999999998345,3040,5.017062073145449,2.0001572444711018
0.6319999999998345,3041,5.01728627314879,2.0010917444850267
0.6319999999998345,3042,5.017514073152184,2.002027244498967
0.6319999999998345,3043,5.017745473155634,2.0029637445129223
0.6319999999998345,3044,5.0179804731591355,2.003901244526892
0.6319999999998345,3045,5.01821907316269,2.004839744540877
0.6319999999998345,3046,5.0184612731663,2.0057792445548768
0.6319999999998345,3047,5.018707073169963,2.006719744568891
0.6319999999998345,3048,5.018956473173678,2.0076612445829207
0.6319999999998345,3049,5.019209473177448,2.008603744596965
0.6319999999998345,3050,5.019466073181272,2.009547244611024
0.6319999999998345,3051,5.0197262731851495,2.010491744625098
0.6319999999998345,3052,5.0199900731890805,2.0114372446391875
0.6319999999998345,3053,5.020257473193065,2.0123837446532913
0.6319999999998345,3054,5.0205284731971025,2.0133312446674103
0.6319999999998345,3055,5.020803073201194,2.0142797446815437
0.6319999999998345,3056,5.021081273205341,2.0152292446956928
0.6319999999998345,3057,5.021363073209541,2.016179744709856
0.6319999999998345,3058,5.0216484732137925,2.017131244724035
0.6319999999998345,3059,5.021937473218099,2.018083744738228
0.6319999999998345,3060,5.02223007322246,2.019037244752436
0.6319999999998345,3061,5.022526273226872,2.019991744766659
0.6319999999998345,3062,5.02282607323134,2.0209472447808974
0.6319999999998345,3063,5.023129473235862,2.0219037447951504
0.6319999999998345,3064,5.0234364732404355,2.0228612448094183
0.6319999999998345,3065,5.023747073245064,2.023819744823701
0.6319999999998345,3066,5.024061273249746,2.0247792448379984
0.6319999999998345,3067,5.024379073254481,2.025739744852311
0.6319999999998345,3068,5.02470047325927,2.0267012448666386
0.6319999999998345,3069,5.0250254732641135,2.027663744880981
0.6319999999998345,3070,5.02535407326901,2.028627244895338
0.6319999999998345,3071,5.02568627327396,2.0295917449097103
0.6319999999998345,3072,5.026022073278964,2.030557244924098
0.6319999999998345,3073,5.0263614732840205,2.0315237449384993
0.6319999999998345,3074,5.026704473289132,2.032491244952916
0.6319999999998345,3075,5.027051073294297,2.033459744967348
0.6319999999998345,3076,5.027401273299516,2.0344292449817942
0.6319999999998345,3077,5.027755073304787,2.035399744996256
0.6319999999998345,3078,5.028112473310113,2.0363712450107325
0.6319999999998345,3079,5.0284734733154925,2.0373437450252236
0.6319999999998345,3080,5.028838073320925,2.0383172450397304
0.6319999999998345,3081,5.029206273326412,2.0392917450542516
0.6319999999998345,3082,5.029578073331952,2.0402672450687875
0.6319999999998345,3083,5.029953473337546,2.0412437450833383
0.6319999999998345,3084,5.0303324733431936,2.0422212450979047
0.6319999999998345,3085,5.030715073348894,2.043199745112485
0.6319999999998345,3086,5.03110127335465,2.0441792451270806
0.6319999999998345,3087,5.031491073360458,2.0451597451416914
0.6319999999998345,3088,5.03188447336632,2.046141245156317
0.6319999999998345,3089,5.032281473372236,2.0471237451709574
0.6319999999998345,3090,5.032682073378205,2.0481072451856126
0.6319999999998345,3091,5.033086273384229,2.049091745200283
0.6319999999998345,3092,5.0334940733903055,2.050077245214968
0.6319999999998345,3093,5.033905473396435,2.051063745229668
0.6319999999998345,3094,5.03432047340262,2.052051245244383
0.6319999999998345,3095,5.034739073408858,2.0530397452591127
0.6319999999998345,3096,5.035161273415149,2.0540292452738576
0.6319999999998345,3097,5.035587073421494,2.055019745288617
0.6319999999998345,3098,5.036016473427892,2.0560112453033916
0.6319999999998345,3099,5.036449473434345,2.0570037453181813
0.6319999999998345,3100,5.036886073440851,2.0579972453329853
0.6319999999998345,3101,5.037326273447411,2.058991745347805
0.6319999999998345,3102,5.037770073454023,2.059987245362639
0.6319999999998345,3103,5.03821747346069,2.060983745377488
0.6319999999998345,3104,5.0386684734674105,2.0619812453923516
0.6319999999998345,3105,5.039123073474186,2.062979745407231
0.6319999999998345,3106,5.039581273481013,2.0639792454221246
0.6319999999998345,3107,5.040043073487893,2.064979745437033
0.6319999999998345,3108,5.040508473494828,2.0659812454519564
0.6319999999998345,3109,5.040977473501817,2.066983745466895
0.6319999999998345,3110,5.041450073508859,2.067987245481848
0.6319999999998345,3111,5.041926273515955,2.0689917454968163
0.6319999999998345,3112,5.042406073523105,2.0699972455117996
0.6319999999998345,3113,5.042889473530307,2.0710037455267973
0.6319999999998345,3114,5.043376473537565,2.0720112455418103
0.6319999999998345,3115,5.043867073544876,2.073019745556838
0.6319999999998345,3116,5.04436127355224,2.0740292455718805
0.6319999999998345,3117,5.044859073559657,2.0750397455869383
0.6319999999998345,3118,5.045360473567129,2.076051245602011
0.6319999999998345,3119,5.045865473574654,2.0770637456170986
0.6319999999998345,3120,5.046374073582232,2.0780772456322008
0.6319999999998345,3121,5.046886273589865,2.0790917456473177
0.6319999999998345,3122,5.047402073597551,2.08010724566245
0.6319999999998345,3123,5.047921473605291,2.081123745677597
0.6319999999998345,3124,5.048444473613084,2.082141245692759
0.6319999999998345,3125,5.0489710736209314,2.083159745707936
0.6319999999998345,3126,5.049501273628831,2.0841792457231274
0.6319999999998345,3127,5.050035073636785,2.085199745738334
0.6319999999998345,3128,5.0505724736447934,2.086221245753556
0.6319999999998345,3129,5.051113473652855,2.087243745768792
0.6319999999998345,3130,5.0516580736609695,2.0882672457840434
0.6319999999998345,3131,5.05220627366914,2.0892917457993097
0.6319999999998345,3132,5.052758073677362,2.0903172458145907
0.6319999999998345,3133,5.053313473685638,2.091343745829887
0.6319999999998345,3134,5.053872473693967,2.0923712458451975
0.6319999999998345,3135,5.054435073702351,2.0933997458605234
0.6319999999998345,3136,5.055001273710788,2.0944292458758644
0.6319999999998345,3137,5.055571073719278,2.09545974589122
0.6319999999998345,3138,5.056144473727823,2.0964912459065905
0.6319999999998345,3139,5.056721473736421,2.097523745921976
0.6319999999998345,3140,5.057302073745072,2.0985572459373767
0.6319999999998345,3141,5.057886273753777,2.0995917459527917
0.6319999999998345,3142,5.058474073762537,2.100627245968222
0.6319999999998345,3143,5.05906547377135,2.1016637459836667
0.6319999999998345,3144,5.059660473780215,2.1027012459991266
0.6319999999998345,3145,5.060259073789135,2.1037397460146017
0.6319999999998345,3146,5.060861273798109,2.104779246030091
0.6319999999998345,3147,5.061467073807136,2.105819746045596
0.6319999999998345,3148,5.062076473816217,2.106861246061116
0.6319999999998345,3149,5.06268947382535,2.10790374607665
0.6319999999998345,3150,5.063306073834539,2.1089472460921996
0.6319999999998345,3151,5.063926273843781,2.1099917461077635
0.6319999999998345,3152,5.064550073853074,2.1110372461233426
0.6319999999998345,3153,5.065177473862423,2.1120837461389366
0.6319999999998345,3154,5.065808473871827,2.1131312461545457
0.6319999999998345,3155,5.066443073881283,2.1141797461701692
0.6319999999998345,3156,5.067081273890793,2.1152292461858084
0.6319999999998345,3157,5.067723073900356,2.116279746201462
0.6319999999998345,3158,5.068368473909974,2.1173312462171303
0.6319999999998345,3159,5.069017473919644,2.118383746232814
0.6319999999998345,3160,5.06967007392937,2.1194372462485127
0.6319999999998345,3161,5.0703262739391475,2.1204917462642254
0.6319999999998345,3162,5.070986073948979,2.121547246279954
0.6319999999998345,3163,5.071649473958864,2.122603746295697
0.6319999999998345,3164,5.0723164739688045,2.123661246311455
0.6319999999998345,3165,5.072987073978797,2.124719746327228
0.6319999999998345,3166,5.073661273988843,2.125779246343016
0.6319999999998345,3167,5.074339073998943,2.1268397463588182
0.6319999999998345,3168,5.075020474009096,2.127901246374636
0.6319999999998345,3169,5.075705474019303,2.1289637463904683
0.6319999999998345,3170,5.076394074029564,2.130027246406316
0.6319999999998345,3171,5.077086274039878,2.131091746422178
0.6319999999998345,3172,5.077782074050248,2.132157246438055
0.6319999999998345,3173,5.07848147406067,2.133223746453947
0.6319999999998345,3174,5.079184474071145,2.134291246469854
0.6319999999998345,3175,5.079891074081674,2.135359746485776
0.6319999999998345,3176,5.080601274092257,2.136429246501713
0.6319999999998345,3177,5.081315074102893,2.1374997465176646
0.6319999999998345,3178,5.082032474113583,2.1385712465336315
0.6319999999998345,3179,5.082753474124327,2.1396437465496128
0.6319999999998345,3180,5.083478074135125,2.1407172465656092
0.6319999999998345,3181,5.084206274145976,2.1417917465816205
0.6319999999998345,3182,5.08493807415688,2.1428672465976466
0.6319999999998345,3183,5.085673474167839,2.143943746613688
0.6319999999998345,3184,5.086412474178851,2.145021246629744
0.6319999999998345,3185,5.087155074189916,2.146099746645815
0.6319999999998345,3186,5.087901274201036,2.1471792466619006
0.6319999999998345,3187,5.088651074212208,2.148259746678001
0.6319999999998345,3188,5.089404474223436,2.149341246694117
0.6319999999998345,3189,5.090161474234716,2.1504237467102474
0.6319999999998345,3190,5.090922074246049,2.1515072467263927
0.6319999999998345,3191,5.0916862742574365,2.1525917467425533
0.6319999999998345,3192,5.092454074268877,2.153677246758728
0.6319999999998345,3193,5.093225474280373,2.1547637467749183
0.6319999999998345,3194,5.094000474291921,2.1558512467911237
0.6319999999998345,3195,5.094779074303522,2.1569397468073435
0.6319999999998345,3196,5.0955612743151795,2.1580292468235784
0.6319999999998345,3197,5.096347074326888,2.1591197468398278
0.6319999999998345,3198,5.097136474338652,2.160211246856093
0.6319999999998345,3199,5.097929474350467,2.161303746872372
0.6319999999998345,3200,5.098726074362338,2.1623972468886667
0.6319999999998345,3201,5.099526274374261,2.1634917469049757
0.6319999999998345,3202,5.10033007438624,2.1645872469213003
0.6319999999998345,3203,5.1011374743982705,2.1656837469376393
0.6319999999998345,3204,5.101948474410356,2.166781246953993
0.6319999999998345,3205,5.102763074422494,2.167879746970362
0.6319999999998345,3206,5.103581274434686,2.168979246986746
0.6319999999998345,3207,5.104403074446932,2.170079747003145
0.6319999999998345,3208,5.105228474459231,2.1711812470195584
0.6319999999998345,3209,5.1060574744715845,2.1722837470359866
0.6319999999998345,3210,5.1068900744839905,2.17338724705243
0.6319999999998345,3211,5.107726274496451,2.1744917470688887
0.6319999999998345,3212,5.108566074508965,2.1755972470853617
0.6319999999998345,3213,5.1094094745215335,2.1767037471018504
0.6319999999998345,3214,5.110256474534154,2.1778112471183526
0.6319999999998345,3215,5.11110707454683,2.1789197471348714
0.6319999999998345,3216,5.111961274559558,2.180029247151404
0.6319999999998345,3217,5.11281907457234,2.181139747167952
0.6319999999998345,3218,5.113680474585177,2.182251247184514
0.6319999999998345,3219,5.114545474598066,2.183363747201092
0.6319999999998345,3220,5.115414074611009,2.1844772472176848
0.6319999999998345,3221,5.116286274624006,2.185591747234292
0.6319999999998345,3222,5.117162074637056,2.186707247250914
0.6319999999998345,3223,5.118041474650161,2.187823747267551
0.6319999999998345,3224,5.118924474663318,2.1889412472842027
0.6319999999998345,3225,5.11981107467653,2.19005974730087
0.6319999999998345,3226,5.120701274689794,2.1911792473175518
0.6319999999998345,3227,5.121595074703114,2.192299747334249
0.6319999999998345,3228,5.122492474716486,2.1934212473509604
0.6319999999998345,3229,5.1233934747299115,2.194543747367687
0.6319999999998345,3230,5.1242980747433915,2.1956672473844283
0.6319999999998345,3231,5.125206274756923,2.1967917474011847
0.6319999999998345,3232,5.1261180747705115,2.1979172474179562
0.6319999999998345,3233,5.1270334747841515,2.199043747434742
0.6319999999998345,3234,5.127952474797846,2.200171247451543
0.6319999999998345,3235,5.128875074811593,2.2012997474683593
0.6319999999998345,3236,5.129801274825395,2.20242924748519
0.6319999999998345,3237,5.13073107483925,2.203559747502036
0.6319999999998345,3238,5.131664474853158,2.2046912475188964
0.6319999999998345,3239,5.132601474867122,2.205823747535772
0.6319999999998345,3240,5.133542074881137,2.206957247552663
0.6319999999998345,3241,5.134486274895207,2.208091747569568
0.6319999999998345,3242,5.13543407490933,2.2092272475864885
0.6319999999998345,3243,5.136385474923507,2.2103637476034232
0.6319999999998345,3244,5.137340474937738,2.2115012476203733
0.6319999999998345,3245,5.138299074952021,2.212639747637338
0.6319999999998345,3246,5.139261274966359,2.213779247654318
0.6319999999998345,3247,5.140227074980751,2.214919747671313
0.6319999999998345,3248,5.141196474995196,2.216061247688322
0.6319999999998345,3249,5.142169475009695,2.217203747705347
0.6319999999998345,3250,5.143146075024247,2.2183472477223862
0.6319999999998345,3251,5.144126275038854,2.2194917477394407
0.6319999999998345,3252,5.1451100750535135,2.2206372477565104
0.6319999999998345,3253,5.146097475068227,2.221783747773594
0.6319999999998345,3254,5.147088475082994,2.2229312477906937
0.6319999999998345,3255,5.148083075097815,2.2240797478078074
0.6319999999998345,3256,5.149081275112689,2.2252292478249363
0.6319999999998345,3257,5.1500830751276165,2.2263797478420804
0.6319999999998345,3258,5.151088475142599,2.227531247859239
0.6319999999998345,3259,5.152097475157634,2.228683747876412
0.6319999999998345,3260,5.153110075172723,2.2298372478936006
0.6319999999998345,3261,5.154126275187865,2.2309917479108043
0.6319999999998345,3262,5.155146075203061,2.2321472479280224
0.6319999999998345,3263,5.156169475218311,2.2333037479452558
0.6319999999998345,3264,5.157196475233615,2.234461247962504
0.6319999999998345,3265,5.158227075248972,2.235619747979767
0.6319999999998345,3266,5.159261275264383,2.2367792479970445
0.6319999999998345,3267,5.1602990752798465,2.2379397480143375
0.6319999999998345,3268,5.161340475295365,2.2391012480316457
0.6319999999998345,3269,5.162385475310937,2.2402637480489678
0.6319999999998345,3270,5.163434075326562,2.241427248066305
0.6319999999998345,3271,5.164486275342242,2.2425917480836577
0.6319999999998345,3272,5.165542075357974,2.243757248101025
0.6319999999998345,3273,5.16660147537376,2.2449237481184072
0.6319999999998345,3274,5.167664475389601,2.246091248135804
0.6319999999998345,3275,5.1687310754054945,2.2472597481532164
0.6319999999998345,3276,5.169801275421441,2.2484292481706434
0.6319999999998345,3277,5.170875075437442,2.2495997481880847
0.6319999999998345,3278,5.171952475453496,2.2507712482055418
0.6319999999998345,3279,5.173033475469605,2.251943748223013
0.6319999999998345,3280,5.174118075485766,2.2531172482404997
0.6319999999998345,3281,5.175206275501981,2.2542917482580016
0.6319999999998345,3282,5.17629807551825,2.2554672482755174
0.6319999999998345,3283,5.177393475534574,2.256643748293049
0.6319999999998345,3284,5.17849247555095,2.257821248310595
0.6319999999998345,3285,5.17959507556738,2.258999748328156
0.6319999999998345,3286,5.180701275583863,2.260179248345732
0.6319999999998345,3287,5.181811075600401,2.2613597483633225
0.6319999999998345,3288,5.182924475616992,2.2625412483809284
0.6319999999998345,3289,5.184041475633636,2.263723748398549
0.6319999999998345,3290,5.185162075650335,2.2649072484161845
0.6319999999998345,3291,5.186286275667086,2.266091748433835
0.6319999999998345,3292,5.1874140756838925,2.2672772484515002
0.6319999999998345,3293,5.188545475700751,2.2684637484691805
0.6319999999998345,3294,5.1896804757176636,2.2696512484868756
0.6319999999998345,3295,5.19081907573463,2.2708397485045855
0.6319999999998345,3296,5.191961275751651,2.2720292485223106
0.6319999999998345,3297,5.193107075768725,2.2732197485400505
0.6319999999998345,3298,5.194256475785852,2.274411248557805
0.6319999999998345,3299,5.195409475803033,2.275603748575575
0.6319999999998345,3300,5.196566075820267,2.276797248593359
0.6319999999998345,3301,5.197726275837556,2.277991748611159
0.6319999999998345,3302,5.198890075854898,2.279187248628973
0.6319999999998345,3303,5.200057475872294,2.2803837486468024
0.6319999999998345,3304,5.201228475889742,2.2815812486646463
0.6319999999998345,3305,5.202403075907245,2.2827797486825054
0.6319999999998345,3306,5.203581275924803,2.2839792487003794
0.6319999999998345,3307,5.204763075942412,2.285179748718268
0.6319999999998345,3308,5.205948475960076,2.2863812487361717
0.6319999999998345,3309,5.2071374759777935,2.287583748754091
0.6319999999998345,3310,5.208330075995565,2.2887872487720244
0.6319999999998345,3311,5.209526276013389,2.289991748789973
0.6319999999998345,3312,5.210726076031268,2.291197248807936
0.6319999999998345,3313,5.2119294760492,2.2924037488259144
0.6319999999998345,3314,5.213136476067186,2.2936112488439075
0.6319999999998345,3315,5.214347076085225,2.294819748861915
0.6319999999998345,3316,5.215561276103319,2.2960292488799388
0.6319999999998345,3317,5.216779076121465,2.2972397488979763
0.6319999999998345,3318,5.218000476139665,2.298451248916029
0.6319999999998345,3319,5.219225476157919,2.2996637489340968
0.6319999999998345,3320,5.220454076176226,2.300877248952179
0.6319999999998345,3321,5.221686276194587,2.302091748970277
0.6319999999998345,3322,5.222922076213003,2.3033072489883892
0.6319999999998345,3323,5.224161476231471,2.3045237490065165
0.6319999999998345,3324,5.225404476249993,2.305741249024659
0.6319999999998345,3325,5.226651076268569,2.3069597490428158
0.6319999999998345,3326,5.227901276287199,2.308179249060988
0.6319999999998345,3327,5.229155076305881,2.3093997490791747
0.6319999999998345,3328,5.230412476324618,2.310621249097376
0.6319999999998345,3329,5.231673476343408,2.311843749115593
0.6319999999998345,3330,5.232938076362252,2.3130672491338244
0.6319999999998345,3331,5.23420627638115,2.314291749152071
0.6319999999998345,3332,5.235478076400101,2.315517249170332
0.6319999999998345,3333,5.236753476419107,2.3167437491886087
0.6319999999998345,3334,5.238032476438166,2.3179712492069
0.6319999999998345,3335,5.239315076457277,2.3191997492252057
0.6319999999998345,3336,5.240601276476443,2.320429249243527
0.6319999999998345,3337,5.241891076495662,2.3216597492618627
0.6319999999998345,3338,5.243184476514936,2.3228912492802136
0.6319999999998345,3339,5.244481476534263,2.324123749298579
0.6319999999998345,3340,5.245782076553644,2.32535724931696
0.6319999999998345,3341,5.247086276573077,2.326591749335355
0.6319999999998345,3342,5.2483940765925645,2.3278272493537653
0.6319999999998345,3343,5.249705476612107,2.3290637493721906
0.6319999999998345,3344,5.251020476631702,2.330301249390631
0.6319999999998345,3345,5.252339076651349,2.331539749409086
0.6319999999998345,3346,5.253661276671052,2.3327792494275563
0.6319999999998345,3347,5.254987076690808,2.3340197494460413
0.6319999999998345,3348,5.256316476710618,2.3352612494645406
0.6319999999998345,3349,5.257649476730481,2.3365037494830556
0.6319999999998345,3350,5.258986076750398,2.337747249501585
0.6319999999998345,3351,5.2603262767703685,2.3389917495201296
0.6319999999998345,3352,5.261670076790393,2.340237249538689
0.6319999999998345,3353,5.26301747681047,2.3414837495572636
0.6319999999998345,3354,5.264368476830602,2.342731249575852
0.6319999999998345,3355,5.265723076850787,2.3439797495944568
0.6319999999998345,3356,5.267081276871026,2.3452292496130758
0.6319999999998345,3357,5.268443076891318,2.3464797496317096
0.6319999999998345,3358,5.269808476911665,2.347731249650358
0.6319999999998345,3359,5.271177476932063,2.348983749669022
0.6319999999998345,3360,5.272550076952517,2.3502372496877006
0.6319999999998345,3361,5.273926276973025,2.351491749706394
0.6319999999998345,3362,5.275306076993585,2.3527472497251027
0.6319999999998345,3363,5.276689477014199,2.3540037497438258
0.6319999999998345,3364,5.278076477034867,2.355261249762564
0.6319999999998345,3365,5.279467077055589,2.356519749781317
0.6319999999998345,3366,5.280861277076363,2.3577792498000854
0.6319999999998345,3367,5.2822590770971924,2.3590397498188684
0.6319999999998345,3368,5.283660477118076,2.360301249837666
0.6319999999998345,3369,5.285065477139012,2.3615637498564785
0.6319999999998345,3370,5.286474077160001,2.3628272498753065
0.6319999999998345,3371,5.287886277181045,2.3640917498941487
0.6319999999998345,3372,5.289302077202142,2.365357249913006
0.6319999999998345,3373,5.2907214772232924,2.3666237499318785
0.6319999999998345,3374,5.292144477244497,2.3678912499507656
0.6319999999998345,3375,5.293571077265755,2.369159749969668
0.6319999999998345,3376,5.295001277287066,2.370429249988585
0.6319999999998345,3377,5.2964350773084306,2.3716997500075165
0.6319999999998345,3378,5.29787247732985,2.3729712500264637
0.6319999999998345,3379,5.2993134773513235,2.3742437500454256
0.6319999999998345,3380,5.3007580773728495,2.375517250064402
0.6319999999998345,3381,5.302206277394429,2.3767917500833935
0.6319999999998345,3382,5.303658077416063,2.3780672501024
0.6319999999998345,3383,5.30511347743775,2.3793437501214214
0.6319999999998345,3384,5.306572477459491,2.3806212501404573
0.6319999999998345,3385,5.308035077481285,2.3818997501595085
0.6319999999998345,3386,5.309501277503133,2.383179250178575
0.6319999999998345,3387,5.310971077525036,2.3844597501976557
0.6319999999998345,3388,5.31244447754699,2.3857412502167517
0.6319999999998345,3389,5.313921477569,2.387023750235862
0.6319999999998345,3390,5.315402077591062,2.388307250254988
0.6319999999998345,3391,5.316886277613178,2.3895917502741284
0.6319999999998345,3392,5.318374077635348,2.3908772502932836
0.6319999999998345,3393,5.319865477657572,2.3921637503124544
0.6319999999998345,3394,5.321360477679849,2.3934512503316396
0.6319999999998345,3395,5.32285907770218,2.3947397503508396
0.6319999999998345,3396,5.324361277724564,2.396029250370055
0.6319999999998345,3397,5.325867077747003,2.3973197503892845
0.6319999999998345,3398,5.327376477769495,2.3986112504085297
0.6319999999998345,3399,5.32888947779204,2.399903750427789
0.6319999999998345,3400,5.330406077814638,2.401197250447064
0.6319999999998345,3401,5.331926277837292,2.4024917504663534
0.6319999999998345,3402,5.3334500778599985,2.4037872504856574
0.6319999999998345,3403,5.334977477882759,2.405083750504977
0.6319999999998345,3404,5.336508477905572,2.4063812505243116
0.6319999999998345,3405,5.33804307792844,2.407679750543661
0.6319999999998345,3406,5.3395812779513605,2.408979250563025
0.6319999999998345,3407,5.341123077974334,2.410279750582404
0.6319999999998345,3408,5.342668477997363,2.4115812506017975
0.6319999999998345,3409,5.344217478020445,2.4128837506212064
0.6319999999998345,3410,5.34577007804358,2.41418725064063
0.6319999999998345,3411,5.347326278066769,2.4154917506600686
0.6319999999998345,3412,5.348886078090012,2.4167972506795214
0.6319999999998345,3413,5.350449478113308,2.4181037506989904
0.6319999999998345,3414,5.35201647813666,2.4194112507184737
0.6319999999998345,3415,5.3535870781600625,2.4207197507379714
0.6319999999998345,3416,5.35516127818352,2.4220292507574848
0.6319999999998345,3417,5.356739078207031,2.4233397507770125
0.6319999999998345,3418,5.3583204782305955,2.424651250796556
0.6319999999998345,3419,5.359905478254214,2.4259637508161136
0.6319999999998345,3420,5.361494078277886,2.427277250835686
0.6319999999998345,3421,5.363086278301612,2.4285917508552735
0.6319999999998345,3422,5.364682078325392,2.4299072508748765
0.6319999999998345,3423,5.366281478349224,2.4312237508944934
0.6319999999998345,3424,5.367884478373111,2.4325412509141255
0.6319999999998345,3425,5.369491078397051,2.433859750933773
0.6319999999998345,3426,5.371101278421045,2.435179250953435
0.6319999999998345,3427,5.372715078445092,2.436499750973112
0.6319999999998345,3428,5.374332478469193,2.437821250992804
0.6319999999998345,3429,5.375953478493348,2.4391437510125105
0.6319999999998345,3430,5.377578078517557,2.4404672510322323
0.6319999999998345,3431,5.379206278541818,2.441791751051969
0.6319999999998345,3432,5.380838078566134,2.4431172510717207
0.6319999999998345,3433,5.382473478590503,2.444443751091487
0.6319999999998345,3434,5.384112478614927,2.4457712511112684
0.6319999999998345,3435,5.385755078639403,2.4470997511310646
0.6319999999998345,3436,5.387401278663933,2.448429251150875
0.6319999999998345,3437,5.389051078688517,2.4497597511707014
0.6319999999998345,3438,5.390704478713155,2.451091251190542
0.6319999999998345,3439,5.392361478737846,2.452423751210398
0.6319999999998345,3440,5.394022078762591,2.453757251230269
0.6319999999998345,3441,5.39568627878739,2.4550917512501544
0.6319999999998345,3442,5.397354078812241,2.4564272512700547
0.6319999999998345,3443,5.399025478837148,2.4577637512899706
0.6319999999998345,3444,5.400700478862107,2.4591012513099004
0.6319999999998345,3445,5.402379078887121,2.460439751329846
0.6319999999998345,3446,5.404061278912187,2.461779251349806
0.6319999999998345,3447,5.405747078937307,2.4631197513697813
0.6319999999998345,3448,5.407436478962482,2.464461251389771
0.6319999999998345,3449,5.409129478987708,2.465803751409776
0.6319999999998345,3450,5.41082607901299,2.4671472514297954
0.6319999999998345,3451,5.4125262790383255,2.46849175144983
0.6319999999998345,3452,5.414230079063715,2.4698372514698796
0.6319999999998345,3453,5.415937479089156,2.471183751489944
0.6319999999998345,3454,5.417648479114652,2.4725312515100235
0.6319999999998345,3455,5.419363079140201,2.4738797515301174
0.6319999999998345,3456,5.421081279165804,2.475229251550227
0.6319999999998345,3457,5.4228030791914605,2.4765797515703505
0.6319999999998345,3458,5.424528479217172,2.4779312515904897
0.6319999999998345,3459,5.426257479242936,2.4792837516106436
0.6319999999998345,3460,5.427990079268754,2.4806372516308124
0.6319999999998345,3461,5.429726279294625,2.481991751650996
0.6319999999998345,3462,5.4314660793205505,2.4833472516711943
0.6319999999998345,3463,5.433209479346528,2.4847037516914074
0.6319999999998345,3464,5.434956479372562,2.486061251711636
0.6319999999998345,3465,5.436707079398647,2.487419751731879
0.6319999999998345,3466,5.438461279424787,2.4887792517521374
0.6319999999998345,3467,5.44021907945098,2.49013975177241
0.6319999999998345,3468,5.441980479477227,2.4915012517926987
0.6319999999998345,3469,5.443745479503528,2.492863751813001
0.6319999999998345,3470,5.4455140795298815,2.4942272518333186
0.6319999999998345,3471,5.44728627955629,2.4955917518536515
0.6319999999998345,3472,5.449062079582751,2.496957251873999
0.6319999999998345,3473,5.450841479609267,2.4983237518943615
0.6319999999998345,3474,5.452624479635835,2.4996912519147387
0.6319999999998345,3475,5.454411079662457,2.5010597519351307
0.6319999999998345,3476,5.456201279689134,2.5024292519555384
0.6319999999998345,3477,5.457995079715864,2.5037997519759605
0.6319999999998345,3478,5.459792479742647,2.5051712519963973
0.6319999999998345,3479,5.461593479769484,2.506543752016849
0.6319999999998345,3480,5.463398079796375,2.507917252037316
0.6319999999998345,3481,5.465206279823318,2.509291752057797
0.6319999999998345,3482,5.467018079850316,2.510667252078294
0.6319999999998345,3483,5.468833479877368,2.5120437520988057
0.6319999999998345,3484,5.470652479904473,2.5134212521193318
0.6319999999998345,3485,5.472475079931631,2.514799752139873
0.6319999999998345,3486,5.474301279958844,2.516179252160429
0.6319999999998345,3487,5.476131079986111,2.5175597521810005
0.6319999999998345,3488,5.47796448001343,2.518941252201586
0.6319999999998345,3489,5.479801480040805,2.520323752222187
0.6319999999998345,3490,5.481642080068231,2.521707252242803
0.6319999999998345,3491,5.483486280095712,2.5230917522634337
0.6319999999998345,3492,5.485334080123246,2.524477252284079
0.6319999999998345,3493,5.487185480150834,2.5258637523047396
0.6319999999998345,3494,5.489040480178476,2.527251252325415
0.6319999999998345,3495,5.490899080206171,2.5286397523461055
0.6319999999998345,3496,5.492761280233919,2.53002925236681
0.6319999999998345,3497,5.494627080261723,2.53141975238753
0.6319999999998345,3498,5.496496480289579,2.5328112524082655
0.6319999999998345,3499,5.498369480317488,2.5342037524290153
0.6319999999998345,3500,5.500246080345452,2.53559725244978
0.6319999999998345,3501,5.502126280373469,2.536991752470559
0.6319999999998345,3502,5.50401008040154,2.538387252491354
0.6319999999998345,3503,5.505897480429664,2.5397837525121636
0.6319999999998345,3504,5.507788480457842,2.5411812525329878
0.6319999999998345,3505,5.509683080486074,2.542579752553827
0.6319999999998345,3506,5.51158128051436,2.5439792525746814
0.6319999999998345,3507,5.51158128051436,2.5439792525746814
0.6319999999998345,3508,5.513479189520067,2.5453785415770067
0.6319999999998345,3509,5.515372916480571,2.546776408542259
0.6319999999998345,3510,5.517262461395865,2.548172853470438
0.6319999999998345,3511,5.519147824265953,2.549567876361545
0.6319999999998345,3512,5.521029005090833,2.550961477215578
0.6319999999998345,3513,5.5229060038705065,2.552353656032539
0.6319999999998345,3514,5.524778820604974,2.553744412812427
0.6319999999998345,3515,5.526647455294234,2.5551337475552423
0.6319999999998345,3516,5.528511907938286,2.5565216602609837
0.6319999999998345,3517,5.530372178537132,2.557908150929653
0.6319999999998345,3518,5.532228267090771,2.55929321956125
0.6319999999998345,3519,5.534080173599202,2.560676866155773
0.6319999999998345,3520,5.535927898062428,2.562059090713224
0.6319999999998345,3521,5.537771440480445,2.5634398932336016
0.6319999999998345,3522,5.539610800853255,2.5648192737169064
0.6319999999998345,3523,5.5414459791808595,2.566197232163138
0.6319999999998345,3524,5.5432769754632565,2.5675737685722972
0.6319999999998345,3525,5.5451037897004465,2.5689488829443836
0.6319999999998345,3526,5.546926421892429,2.570322575279397
0.6319999999998345,3527,5.548744872039205,2.571694845577337
0.6319999999998345,3528,5.5505591401407735,2.5730656938382044
0.6319999999998345,3529,5.552369226197135,2.5744351200619993
0.6319999999998345,3530,5.554175130208291,2.5758031242487207
0.6319999999998345,3531,5.555976852174238,2.5771697063983696
0.6319999999998345,3532,5.55777439209498,2.5785348665109455
0.6319999999998345,3533,5.559567749970513,2.5798986045864485
0.6319999999998345,3534,5.561356925800839,2.5812609206248793
0.6319999999998345,3535,5.563141919585959,2.5826218146262363
0.6319999999998345,3536,5.564922731325872,2.583981286590521
0.6319999999998345,3537,5.566699361020578,2.5853393365177326
0.6319999999998345,3538,5.568471808670077,2.5866959644078706
0.6319999999998345,3539,5.570240074274369,2.5880511702609366
0.6319999999998345,3540,5.572004157833454,2.5894049540769295
0.6319999999998345,3541,5.573764059347331,2.5907573158558495
0.6319999999998345,3542,5.575519778816002,2.592108255597697
0.6319999999998345,3543,5.577271316239466,2.593457773302471
0.6319999999998345,3544,5.5790186716177255,2.594805868970173
0.6319999999998345,3545,5.580761844950774,2.5961525426008016
0.6319999999998345,3546,5.582500836238617,2.597497794194357
0.6319999999998345,3547,5.584235645481253,2.5988416237508396
0.6319999999998345,3548,5.585966272678681,2.600184031270249
0.6319999999998345,3549,5.587692717830905,2.6015250167525865
0.6319999999998345,3550,5.589414980937919,2.6028645801978505
0.6319999999998345,3551,5.591133061999727,2.604202721606042
0.6319999999998345,3552,5.592846961016328,2.60553944097716
0.6319999999998345,3553,5.594556677987722,2.606874738311206
0.6319999999998345,3554,5.596262212913908,2.608208613608178
0.6319999999998345,3555,5.597963565794889,2.6095410668680774
0.6319999999998345,3556,5.599660736630661,2.6108720980909044
0.6319999999998345,3557,5.601353725421228,2.612201707276659
0.6319999999998345,3558,5.603042532166587,2.6135298944253393
0.6319999999998345,3559,5.60472715686674,2.6148566595369473
0.6319999999998345,3560,5.606407599521684,2.616182002611483
0.6319999999998345,3561,5.608083860131423,2.617505923648945
0.6319999999998345,3562,5.609755938695953,2.618828422649335
0.6319999999998345,3563,5.611423835215277,2.6201494996126513
0.6319999999998345,3564,5.613087549689394,2.621469154538895
0.6319999999998345,3565,5.614747082118304,2.6227873874280654
0.6319999999998345,3566,5.6164024325020065,2.6241041982801634
0.6319999999998345,3567,5.618053600840502,2.6254195870951884
0.6319999999998345,3568,5.619700587133792,2.6267335538731404
0.6319999999998345,3569,5.621343391381874,2.6280460986140195
0.6319999999998345,3570,5.62298201358475,2.6293572213178265
0.6319999999998345,3571,5.624616453742417,2.6306669219845595
0.6319999999998345,3572,5.626246711854878,2.63197520061422
0.6319999999998345,3573,5.627872787922132,2.633282057206808
0.6319999999998345,3574,5.62949468194418,2.634587491762323
0.6319999999998345,3575,5.631112393921019,2.635891504280765
0.6319999999998345,3576,5.632725923852653,2.6371940947621337
0.6319999999998345,3577,5.634335271739078,2.6384952632064302
0.6319999999998345,3578,5.635940437580298,2.6397950096136538
0.6319999999998345,3579,5.63754142137631,2.6410933339838043
0.6319999999998345,3580,5.639138223127114,2.6423902363168814
0.6319999999998345,3581,5.6407308428327125,2.643685716612886
0.6319999999998345,3582,5.642319280493103,2.644979774871818
0.6319999999998345,3583,5.643903536108288,2.646272411093677
0.6319999999998345,3584,5.645483609678266,2.6475636252784627
0.6319999999998345,3585,5.647059501203036,2.648853417426176
0.6319999999998345,3586,5.648631210682599,2.6501417875368163
0.6319999999998345,3587,5.650198738116955,2.6514287356103834
0.6319999999998345,3588,5.651762083506105,2.6527142616468784
0.6319999999998345,3589,5.653321246850047,2.6539983656463
0.6319999999998345,3590,5.654876228148781,2.6552810476086486
0.6319999999998345,3591,5.65642702740231,2.6565623075339246
0.6319999999998345,3592,5.657973644610632,2.6578421454221273
0.6319999999998345,3593,5.659516079773745,2.6591205612732574
0.6319999999998345,3594,5.661054332891653,2.660397555087315
0.6319999999998345,3595,5.662588403964354,2.6616731268642995
0.6319999999998345,3596,5.664118292991846,2.6629472766042106
0.6319999999998345,3597,5.665643999974132,2.664220004307049
0.6319999999998345,3598,5.667165524911212,2.665491309972815
0.6319999999998345,3599,5.668682867803085,2.666761193601508
0.6319999999998345,3600,5.670196028649749,2.668029655193128
0.6319999999998345,3601,5.671705007451208,2.6692966947476746
0.6319999999998345,3602,5.67320980420746,2.670562312265149
0.6319999999998345,3603,5.674710418918504,2.6718265077455503
0.6319999999998345,3604,5.676206851584341,2.6730892811888785
0.6319999999998345,3605,5.677699102204972,2.6743506325951336
0.6319999999998345,3606,5.679187170780395,2.6756105619643167
0.6319999999998345,3607,5.680671057310611,2.6768690692964263
0.6319999999998345,3608,5.68215076179562,2.678126154591463
0.6319999999998345,3609,5.683626284235423,2.679381817849427
0.6319999999998345,3610,5.685097624630019,2.680636059070318
0.6319999999998345,3611,5.6865647829794055,2.6818888782541364
0.6319999999998345,3612,5.688027759283587,2.683140275400881
0.6319999999998345,3613,5.689486553542561,2.6843902505105537
0.6319999999998345,3614,5.690941165756328,2.685638803583153
0.6319999999998345,3615,5.692391595924889,2.68688593461868
0.6319999999998345,3616,5.693837844048242,2.6881316436171336
0.6319999999998345,3617,5.695279910126389,2.6893759305785148
0.6319999999998345,3618,5.696717794159328,2.6906187955028225
0.6319999999998345,3619,5.6981514961470605,2.6918602383900576
0.6319999999998345,3620,5.699581016089585,2.6931002592402202
0.6319999999998345,3621,5.701006353986903,2.6943388580533094
0.6319999999998345,3622,5.702427509839016,2.6955760348293256
0.6319999999998345,3623,5.70384448364592,2.6968117895682693
0.6319999999998345,3624,5.705257275407617,2.69804612227014
0.6319999999998345,3625,5.706665885124107,2.699279032934938
0.6319999999998345,3626,5.708070312795392,2.7005105215626624
0.6319999999998345,3627,5.709470558421468,2.7017405881533145
0.6319999999998345,3628,5.710866622002337,2.7029692327068933
0.6319999999998345,3629,5.712258503537999,2.7041964552233995
0.6319999999998345,3630,5.713646203028455,2.705422255702833
0.6319999999998345,3631,5.715029720473703,2.706646634145194
0.6319999999998345,3632,5.716409055873745,2.707869590550481
0.6319999999998345,3633,5.717784209228578,2.709091124918696
0.6319999999998345,3634,5.719155180538206,2.710311237249838
0.6319999999998345,3635,5.720521969802627,2.7115299275439066
0.6319999999998345,3636,5.721884577021839,2.712747195800903
0.6319999999998345,3637,5.723243002195847,2.713963042020826
0.6319999999998345,3638,5.724597245324646,2.7151774662036767
0.6319999999998345,3639,5.725947306408239,2.7163904683494535
0.6319999999998345,3640,5.727293185446625,2.7176020484581587
0.6319999999998345,3641,5.728634882439803,2.71881220652979
0.6319999999998345,3642,5.729972397387773,2.7200209425643487
0.6319999999998345,3643,5.731305730290539,2.7212282565618344
0.6319999999998345,3644,5.732634881148097,2.7224341485222476
0.6319999999998345,3645,5.7339598499604465,2.723638618445588
0.6319999999998345,3646,5.73528063672759,2.7248416663318555
0.6319999999998345,3647,5.736597241449527,2.72604329218105
0.6319999999998345,3648,5.737909664126256,2.727243495993171
0.6319999999998345,3649,5.73921790475778,2.7284422777682202
0.6319999999998345,3650,5.7405219633440945,2.729639637506196
0.6319999999998345,3651,5.741821839885203,2.7308355752070983
0.6319999999998345,3652,5.7431175343811045,2.7320300908709276
0.6319999999998345,3653,5.744409046831798,2.7332231844976853
0.6319999999998345,3654,5.745696377237286,2.734414856087369
0.6319999999998345,3655,5.746979525597567,2.7356051056399804
0.6319999999998345,3656,5.748258491912641,2.736793933155519
0.6319999999998345,3657,5.7495332761825075,2.7379813386339844
0.6319999999998345,3658,5.750803878407167,2.739167322075377
0.6319999999998345,3659,5.752070298586619,2.740351883479697
0.6319999999998345,3660,5.7533325367208645,2.7415350228469437
0.6319999999998345,3661,5.754590592809903,2.7427167401771175
0.6319999999998345,3662,5.755844466853735,2.743897035470219
0.6319999999998345,3663,5.757094158852359,2.745075908726247
0.6319999999998345,3664,5.758339668805776,2.7462533599452024
0.6319999999998345,3665,5.7595809967139875,2.747429389127085
0.6319999999998345,3666,5.7608181425769915,2.748603996271895
0.6319999999998345,3667,5.762051106394789,2.749777181379631
0.6319999999998345,3668,5.763279888167378,2.750948944450295
0.6319999999998345,3669,5.76450448789476,2.752119285483886
0.6319999999998345,3670,5.765724905576937,2.753288204480404
0.6319999999998345,3671,5.766941141213905,2.7544557014398494
0.6319999999998345,3672,5.768153194805667,2.7556217763622213
0.6319999999998345,3673,5.7693610663522215,2.756786429247521
0.6319999999998345,3674,5.770564755853568,2.757949660095747
0.6319999999998345,3675,5.771764263309709,2.7591114689069007
0.6319999999998345,3676,5.772959588720643,2.7602718556809815
0.6319999999998345,3677,5.77415073208637,2.7614308204179894
0.6319999999998345,3678,5.77533769340689,2.762588363117924
0.6319999999998345,3679,5.776520472682202,2.7637444837807865
0.6319999999998345,3680,5.777699069912307,2.764899182406576
0.6319999999998345,3681,5.778873485097208,2.766052458995292
0.6319999999998345,3682,5.780043718236898,2.767204313546935
0.6319999999998345,3683,5.781209769331384,2.768354746061506
0.6319999999998345,3684,5.7823716383806625,2.769503756539004
0.6319999999998345,3685,5.783529325384734,2.770651344979429
0.6319999999998345,3686,5.784682830343596,2.771797511382781
0.6319999999998345,3687,5.785832153257253,2.7729422557490597
0.6319999999998345,3688,5.786977294125703,2.774085578078266
0.6319999999998345,3689,5.788118252948945,2.7752274783703985
0.6319999999998345,3690,5.789255029726982,2.7763679566254593
0.6319999999998345,3691,5.79038762445981,2.7775070128434467
0.6319999999998345,3692,5.7915160371474315,2.7786446470243615
0.6319999999998345,3693,5.792640267789848,2.779780859168203
0.6319999999998345,3694,5.793760316387055,2.780915649274972
0.6319999999998345,3695,5.794876182939055,2.782049017344668
0.6319999999998345,3696,5.79598786744585,2.783180963377291
0.6319999999998345,3697,5.797095369907437,2.7843114873728414
0.6319999999998345,3698,5.798198690323816,2.7854405893313183
0.6319999999998345,3699,5.799297828694989,2.786568269252723
0.6319999999998345,3700,5.8003927850209545,2.7876945271370546
0.6319999999998345,3701,5.801483559301713,2.788819362984313
0.6319999999998345,3702,5.802570151537266,2.789942776794499
0.6319999999998345,3703,5.803652561727611,2.7910647685676118
0.6319999999998345,3704,5.804730789872749,2.7921853383036517
0.6319999999998345,3705,5.80580483597268,2.7933044860026186
0.6319999999998345,3706,5.806874700027403,2.794422211664513
0.6319999999998345,3707,5.80794038203692,2.7955385152893344
0.6319999999998345,3708,5.80900188200123,2.796653396877083
0.6319999999998345,3709,5.810059199920332,2.7977668564277582
0.6319999999998345,3710,5.8111123357942285,2.798878893941361
0.6319999999998345,3711,5.812161289622918,2.799989509417891
0.6319999999998345,3712,5.813206061406399,2.801098702857348
0.6319999999998345,3713,5.814246651144674,2.802206474259732
0.6319999999998345,3714,5.815283058837742,2.803312823625043
0.6319999999998345,3715,5.816315284485603,2.8044177509532813
0.6319999999998345,3716,5.817343328088258,2.805521256244447
0.6319999999998345,3717,5.818367189645705,2.8066233394985396
0.6319999999998345,3718,5.819386869157945,2.807724000715559
0.6319999999998345,3719,5.820402366624977,2.808823239895506
0.6319999999998345,3720,5.821413682046804,2.80992105703838
0.6319999999998345,3721,5.822420815423422,2.8110174521441813
0.6319999999998345,3722,5.823423766754835,2.8121124252129084
0.6319999999998345,3723,5.824422536041039,2.813205976244564
0.6319999999998345,3724,5.825417123282038,2.8142981052391463
0.6319999999998345,3725,5.826407528477828,2.8153888121966557
0.6319999999998345,3726,5.827393751628412,2.8164780971170926
0.6319999999998345,3727,5.828375792733789,2.817565960000456
0.6319999999998345,3728,5.8293536517939595,2.818652400846747
0.6319999999998345,3729,5.830327328808923,2.8197374196559646
0.6319999999998345,3730,5.831296823778678,2.82082101642811
0.6319999999998345,3731,5.8322621367032275,2.821903191163182
0.6319999999998345,3732,5.83322326758257,2.8229839438611815
0.6319999999998345,3733,5.834180216416705,2.8240632745221075
0.6319999999998345,3734,5.835132983205632,2.8251411831459614
0.6319999999998345,3735,5.836081567949353,2.826217669732742
0.6319999999998345,3736,5.837025970647868,2.827292734282449
0.6319999999998345,3737,5.8379661913011756,2.8283663767950844
0.6319999999998345,3738,5.838902229909276,2.829438597270646
0.6319999999998345,3739,5.839834086472169,2.8305093957091354
0.6319999999998345,3740,5.840761760989855,2.8315787721105514
0.6319999999998345,3741,5.841685253462334,2.832646726474895
0.6319999999998345,3742,5.842604563889605,2.833713258802165
0.6319999999998345,3743,5.84351969227167,2.834778369092363
0.6319999999998345,3744,5.844430638608529,2.8358420573454874
0.6319999999998345,3745,5.84533740290018,2.836904323561539
0.6319999999998345,3746,5.846239985146624,2.837965167740518
0.6319999999998345,3747,5.8471383853478605,2.839024589882424
0.6319999999998345,3748,5.84803260350389,2.8400825899872566
0.6319999999998345,3749,5.848922639614713,2.841139168055017
0.6319999999998345,3750,5.84980849368033,2.842194324085704
0.6319999999998345,3751,5.850690165700739,2.8432480580793187
0.6319999999998345,3752,5.851567655675941,2.8443003700358607
0.6319999999998345,3753,5.852440963605936,2.8453512599553297
0.6319999999998345,3754,5.853310089490725,2.846400727837725
0.6319999999998345,3755,5.854175033330305,2.8474487736830483
0.6319999999998345,3756,5.85503579512468,2.848495397491298
0.6319999999998345,3757,5.8558923748738465,2.8495405992624754
0.6319999999998345,3758,5.856744772577807,2.8505843789965795
0.6319999999998345,3759,5.8575929882365605,2.8516267366936106
0.6319999999998345,3760,5.858437021850106,2.8526676723535696
0.6319999999998345,3761,5.8592768734184455,2.8537071859764547
0.6319999999998345,3762,5.860112542941578,2.8547452775622677
0.6319999999998345,3763,5.860944030419502,2.8557819471110073
0.6319999999998345,3764,5.861771335852221,2.856817194622675
0.6319999999998345,3765,5.862594459239733,2.8578510200972684
0.6319999999998345,3766,5.863413400582037,2.85888342353479
0.6319999999998345,3767,5.864228159879134,2.859914404935238
0.6319999999998345,3768,5.865038737131024,2.860943964298613
0.6319999999998345,3769,5.865845132337708,2.861972101624916
0.6319999999998345,3770,5.866647345499183,2.862998816914146
0.6319999999998345,3771,5.8674453766154535,2.8640241101663024
0.6319999999998345,3772,5.868239225686516,2.865047981381387
0.6319999999998345,3773,5.86902889271237,2.8660704305593976
0.6319999999998345,3774,5.86981437769302,2.8670914577003357
0.6319999999998345,3775,5.870595680628461,2.8681110628042013
0.6319999999998345,3776,5.871372801518695,2.8691292458709934
0.6319999999998345,3777,5.872145740363722,2.870146006900713
0.6319999999998345,3778,5.872914497163542,2.8711613458933596
0.6319999999998345,3779,5.873679071918156,2.872175262848933
0.6319999999998345,3780,5.874439464627562,2.8731877577674343
0.6319999999998345,3781,5.875195675291762,2.8741988306488624
0.6319999999998345,3782,5.875947703910754,2.875208481493217
0.6319999999998345,3783,5.876695550484539,2.876216710300499
0.6319999999998345,3784,5.877439215013117,2.877223517070709
0.6319999999998345,3785,5.878178697496489,2.878228901803845
0.6319999999998345,3786,5.878913997934653,2.879232864499909
0.6319999999998345,3787,5.879645116327611,2.880235405158899
0.6319999999998345,3788,5.8803720526753605,2.8812365237808173
0.6319999999998345,3789,5.881094806977904,2.882236220365662
0.6319999999998345,3790,5.881813379235241,2.883234494913434
0.6319999999998345,3791,5.882527769447369,2.8842313474241332
0.6319999999998345,3792,5.883237977614292,2.8852267778977594
0.6319999999998345,3793,5.883944003736008,2.8862207863343126
0.6319999999998345,3794,5.884645847812516,2.887213372733793
0.6319999999998345,3795,5.885343509843818,2.888204537096201
0.6319999999998345,3796,5.886036989829911,2.8891942794215355
0.6319999999998345,3797,5.8867262877707995,2.8901825997097976
0.6319999999998345,3798,5.88741140366648,2.8911694979609863
0.6319999999998345,3799,5.888092337516953,2.892154974175102
0.6319999999998345,3800,5.88876908932222,2.893139028352145
0.6319999999998345,3801,5.889441659082279,2.894121660492116
0.6319999999998345,3802,5.8901100467971315,2.8951028705950135
0.6319999999998345,3803,5.890774252466777,2.8960826586608377
0.6319999999998345,3804,5.891434276091216,2.8970610246895894
0.6319999999998345,3805,5.892090117670447,2.898037968681268
0.6319999999998345,3806,5.8927417772044715,2.8990134906358738
0.6319999999998345,3807,5.893389254693289,2.899987590553407
0.6319999999998345,3808,5.894032550136899,2.9009602684338667
0.6319999999998345,3809,5.894671663535304,2.901931524277254
0.6319999999998345,3810,5.895306594888499,2.902901358083569
0.6319999999998345,3811,5.89593734419649,2.90386976985281
0.6319999999998345,3812,5.896563911459271,2.9048367595849784
0.6319999999998345,3813,5.897186296676846,2.905802327280074
0.6319999999998345,3814,5.897804499849215,2.906766472938097
0.6319999999998345,3815,5.898418520976377,2.907729196559047
0.6319999999998345,3816,5.899028360058331,2.9086904981429242
0.6319999999998345,3817,5.89963401709508,2.9096503776897285
0.6319999999998345,3818,5.90023549208662,2.9106088351994597
0.6319999999998345,3819,5.900832785032954,2.911565870672118
0.6319999999998345,3820,5.90142589593408,2.912521484107703
0.6319999999998345,3821,5.902014824789999,2.9134756755062154
0.6319999999998345,3822,5.902599571600712,2.9144284448676556
0.6319999999998345,3823,5.903180136366218,2.915379792192023
0.6319999999998345,3824,5.9037565190865156,2.916329717479316
0.6319999999998345,3825,5.904328719761608,2.9172782207295374
0.6319999999998345,3826,5.904896738391493,2.9182253019426856
0.6319999999998345,3827,5.9054605749761695,2.9191709611187613
0.6319999999998345,3828,5.90602022951564,2.9201151982577636
0.6319999999998345,3829,5.906575702009905,2.9210580133596933
0.6319999999998345,3830,5.907126992458961,2.9219994064245496
0.6319999999998345,3831,5.90767410086281,2.922939377452333
0.6319999999998345,3832,5.908217027221452,2.923877926443044
0.6319999999998345,3833,5.908755771534889,2.9248150533966824
0.6319999999998345,3834,5.909290333803117,2.9257507583132476
0.6319999999998345,3835,5.909820714026139,2.92668504119274
0.6319999999998345,3836,5.910346912203953,2.927617902035159
0.6319999999998345,3837,5.910868928336562,2.9285493408405054
0.6319999999998345,3838,5.9113867624239615,2.929479357608779
0.6319999999998345,3839,5.911900414466156,2.93040795233998
0.6319999999998345,3840,5.912409884463143,2.9313351250341073
0.6319999999998345,3841,5.912915172414922,2.9322608756911626
0.6319999999998345,3842,5.913416278321495,2.933185204311145
0.6319999999998345,3843,5.91391320218286,2.9341081108940537
0.6319999999998345,3844,5.91440594399902,2.9350295954398904
0.6319999999998345,3845,5.914894503769971,2.9359496579486537
0.6319999999998345,3846,5.915378881495715,2.936868298420344
0.6319999999998345,3847,5.915859077176253,2.937785516854962
0.6319999999998345,3848,5.916335090811584,2.9387013132525066
0.6319999999998345,3849,5.916806922401708,2.9396156876129784
0.6319999999998345,3850,5.917274571946624,2.9405286399363773
0.6319999999998345,3851,5.917738039446334,2.9414401702227035
0.6319999999998345,3852,5.918197324900837,2.942350278471957
0.6319999999998345,3853,5.918652428310133,2.943258964684137
0.6319999999998345,3854,5.919103349674221,2.9441662288592445
0.6319999999998345,3855,5.919550088993104,2.945072070997279
0.6319999999998345,3856,5.919992646266778,2.9459764910982407
0.6319999999998345,3857,5.920431021495245,2.9468794891621295
0.6319999999998345,3858,5.920865214678507,2.947781065188946
0.6319999999998345,3859,5.921295225816561,2.948681219178688
0.6319999999998345,3860,5.9217210549094075,2.9495799511313585
0.6319999999998345,3861,5.922142701957046,2.950477261046956
0.6319999999998345,3862,5.92256016695948,2.9513731489254806
0.6319999999998345,3863,5.9229734499167055,2.9522676147669316
0.6319999999998345,3864,5.923382550828725,2.953160658571311
0.6319999999998345,3865,5.923787469695537,2.954052280338616
0.6319999999998345,3866,5.924188206517141,2.954942480068849
0.6319999999998345,3867,5.92458476129354,2.955831257762009
0.6319999999998345,3868,5.924977134024729,2.9567186134180963
0.6319999999998345,3869,5.925365324710714,2.9576045470371106
0.6319999999998345,3870,5.92574933335149,2.958489058619052
0.6319999999998345,3871,5.9261291599470605,2.9593721481639204
0.6319999999998345,3872,5.926504804497423,2.9602538156717157
0.6319999999998345,3873,5.926876267002579,2.961134061142438
0.6319999999998345,3874,5.927243547462528,2.962012884576088
0.6319999999998345,3875,5.927606645877269,2.962890285972665
0.6319999999998345,3876,5.927965562246805,2.9637662653321692
0.6319999999998345,3877,5.928320296571133,2.9646408226546
0.6319999999998345,3878,5.928670848850253,2.965513957939958
0.6319999999998345,3879,5.929017219084168,2.966385671188244
0.6319999999998345,3880,5.929359407272875,2.9672559623994568
0.6319999999998345,3881,5.929697413416374,2.968124831573596
0.6319999999998345,3882,5.930031237514667,2.9689922787106626
0.6319999999998345,3883,5.930360879567752,2.9698583038106565
0.6319999999998345,3884,5.930686339575632,2.9707229068735774
0.6319999999998345,3885,5.931007617538304,2.9715860878994254
0.6319999999998345,3886,5.931324713455769,2.9724478468882003
0.6319999999998345,3887,5.931637627328027,2.9733081838399027
0.6319999999998345,3888,5.931946359155078,2.974167098754532
0.6319999999998345,3889,5.932250908936922,2.9750245916320885
0.6319999999998345,3890,5.932551276673559,2.9758806624725724
0.6319999999998345,3891,5.932847462364989,2.9767353112759833
0.6319999999998345,3892,5.933139466011211,2.977588538042321
0.6319999999998345,3893,5.933427287612228,2.978440342771586
0.6319999999998345,3894,5.933710927168037,2.9792907254637786
0.6319999999998345,3895,5.933990384678639,2.9801396861188976
0.6319999999998345,3896,5.934265660144034,2.9809872247369436
0.6319999999998345,3897,5.934536753564222,2.981833341317917
0.6319999999998345,3898,5.934803664939203,2.982678035861818
0.6319999999998345,3899,5.935066394268977,2.983521308368646
0.6319999999998345,3900,5.935324941553544,2.9843631588384003
0.6319999999998345,3901,5.935579306792905,2.9852035872710823
0.6319999999998345,3902,5.935829489987057,2.9860425936666917
0.6319999999998345,3903,5.936075491136003,2.986880178025227
0.6319999999998345,3904,5.936317310239742,2.987716340346691
0.6319999999998345,3905,5.936554947298275,2.9885510806310815
0.6319999999998345,3906,5.936788402311599,2.9893843988783986
0.6319999999998345,3907,5.9370176752797175,2.9902162950886435
0.6319999999998345,3908,5.937242766202628,2.991046769261815
0.6319999999998345,3909,5.937463675080332,2.991875821397914
0.6319999999998345,3910,5.9376804019128295,2.99270345149694
0.6319999999998345,3911,5.937892946700121,2.9935296595588934
0.6319999999998345,3912,5.938101309442203,2.9943544455837734
0.6319999999998345,3913,5.938305490139079,2.99517780957158
0.6319999999998345,3914,5.938505488790748,2.995999751522315
0.6319999999998345,3915,5.938701305397211,2.9968202714359764
0.6319999999998345,3916,5.938892939958465,2.997639369312565
0.6319999999998345,3917,5.939080392474514,2.998457045152081
0.6319999999998345,3918,5.939263662945354,2.999273298954524
0.6319999999998345,3919,5.939442751370989,3.000088130719894
0.6319999999998345,3920,5.939617657751416,3.000901540448191
0.6319999999998345,3921,5.939788382086636,3.001713528139415
0.6319999999998345,3922,5.939954924376649,3.0025240937935664
0.6319999999998345,3923,5.940117284621456,3.0033332374106454
0.6319999999998345,3924,5.940275462821054,3.0041409589906505
0.6319999999998345,3925,5.940429458975447,3.0049472585335835
0.6319999999998345,3926,5.940579273084632,3.0057521360394435
0.6319999999998345,3927,5.94072490514861,3.0065555915082305
0.6319999999998345,3928,5.9408663551673815,3.007357624939944
0.6319999999998345,3929,5.941003623140946,3.0081582363345856
0.6319999999998345,3930,5.941136709069302,3.0089574256921536
0.6319999999998345,3931,5.941265612952453,3.0097551930126487
0.6319999999998345,3932,5.9413903347903965,3.0105515382960713
0.6319999999998345,3933,5.941510874583133,3.0113464615424217
0.6319999999998345,3934,5.941627232330662,3.0121399627516983
0.6319999999998345,3935,5.9417394080329835,3.012932041923902
0.6319999999998345,3936,5.941847401690099,3.0137226990590333
0.6319999999998345,3937,5.941951213302008,3.014511934157091
0.6319999999998345,3938,5.942050842868708,3.0152997472180765
0.6319999999998345,3939,5.942146290390203,3.0160861382419886
0.6319999999998345,3940,5.942237555866491,3.016871107228828
0.6319999999998345,3941,5.942324639297571,3.0176546541785947
0.6319999999998345,3942,5.942407540683444,3.0184367790912887
0.6319999999998345,3943,5.94248626002411,3.0192174819669093
0.6319999999998345,3944,5.94256079731957,3.019996762805457
0.6319999999998345,3945,5.942631152569821,3.020774621606932
0.6319999999998345,3946,5.942697325774867,3.0215510583713345
0.6319999999998345,3947,5.942759316934705,3.0223260730986636
0.6319999999998345,3948,5.942817126049336,3.0230996657889206
0.6319999999998345,3949,5.942870753118761,3.0238718364421038
0.6319999999998345,3950,5.9429201981429784,3.0246425850582144
0.6319999999998345,3951,5.9429654611219895,3.025411911637252
0.6319999999998345,3952,5.943006542055793,3.0261798161792166
0.6319999999998345,3953,5.943043440944388,3.026946298684109
0.6319999999998345,3954,5.943076157787779,3.0277113591519282
0.6319999999998345,3955,5.943104692585961,3.0284749975826744
0.6319999999998345,3956,5.943129045338935,3.0292372139763475
0.6319999999998345,3957,5.943149216046704,3.029998008332948
0.6319999999998345,3958,5.943165204709265,3.0307573806524752
0.6319999999998345,3959,5.94317701132662,3.0315153309349303
0.6319999999998345,3960,5.943184635898767,3.032271859180312
0.6319999999998345,3961,5.943188078425708,3.033026965388621
0.6319999999998345,3962,5.943187338907441,3.0337806495598567
0.6319999999998345,3963,5.943182417343967,3.0345329116940203
0.6319999999998345,3964,5.9431733137352865,3.0352837517911104
0.6319999999998345,3965,5.943160028081399,3.0360331698511276
0.6319999999998345,3966,5.943142560382304,3.036781165874072
0.6319999999998345,3967,5.943120910638003,3.037527739859944
0.6319999999998345,3968,5.943095078848494,3.0382728918087425
0.6319999999998345,3969,5.943065065013779,3.0390166217204686
0.6319999999998345,3970,5.943030869133857,3.0397589295951217
0.6319999999998345,3971,5.942992491208727,3.0404998154327014
0.6319999999998345,3972,5.94294993123839,3.0412392792332086
0.6319999999998345,3973,5.9429031892228465,3.041977320996643
0.6319999999998345,3974,5.942852265162096,3.0427139407230044
0.6319999999998345,3975,5.942797159056139,3.0434491384122926
0.6319999999998345,3976,5.942737870904974,3.0441829140645082
0.6319999999998345,3977,5.9426744007086025,3.0449152676796514
0.6319999999998345,3978,5.942606748467024,3.045646199257721
0.6319999999998345,3979,5.942534914180238,3.046375708798718
0.6319999999998345,3980,5.942458897848246,3.0471037963026424
0.6319999999998345,3981,5.942378699471047,3.047830461769494
0.6319999999998345,3982,5.94229431904864,3.0485557051992718
0.6319999999998345,3983,5.942205756581027,3.0492795265919774
0.6319999999998345,3984,5.942113012068206,3.05000192594761
0.6319999999998345,3985,5.942016085510179,3.05072290326617
0.6319999999998345,3986,5.941914976906944,3.0514424585476565
0.6319999999998345,3987,5.9418096862585035,3.05216059179207
0.6319999999998345,3988,5.941700213564855,3.0528773029994114
0.6319999999998345,3989,5.941586558825999,3.0535925921696796
0.6319999999998345,3990,5.941468722041937,3.054306459302875
0.6319999999998345,3991,5.941346703212667,3.0550189043989975
0.6319999999998345,3992,5.941220502338191,3.055729927458047
0.6319999999998345,3993,5.941090119418508,3.0564395284800234
0.6319999999998345,3994,5.940955554453617,3.057147707464927
0.6319999999998345,3995,5.94081680744352,3.0578544644127583
0.6319999999998345,3996,5.940673878388215,3.058559799323516
0.6319999999998345,3997,5.940526767287704,3.0592637121972013
0.6319999999998345,3998,5.940375474141985,3.0599662030338135
0.6319999999998345,3999,5.94021999895106,3.0606672718333527
0.6319999999998345,4000,5.940060341714928,3.0613669185958194
0.6319999999998345,4001,5.939896502433589,3.062065143321213
0.6319999999998345,4002,5.939728481107042,3.062761946009534
0.6319999999998345,4003,5.939556277735289,3.063457326660781
0.6319999999998345,4004,5.939379892318328,3.0641512852749564
0.6319999999998345,4005,5.939199324856161,3.064843821852058
0.6319999999998345,4006,5.939014575348786,3.0655349363920874
0.6319999999998345,4007,5.938825643796205,3.0662246288950437
0.6319999999998345,4008,5.938825643796205,3.0662246288950437
0.6319999999998345,4009,5.9387301325086135,3.0665691196372538
0.6319999999998345,4010,5.938634621221021,3.0669136103794634
0.6319999999998345,4011,5.938539109933428,3.0672581011216735
0.6319999999998345,4012,5.9384435986458355,3.067602591863883
0.6319999999998345,4013,5.938348087358244,3.0679470826060933
0.6319999999998345,4014,5.938252576070651,3.068291573348303
0.6319999999998345,4015,5.938157064783058,3.068636064090513
0.6319999999998345,4016,5.938061553495466,3.0689805548327227
0.6319999999998345,4017,5.937966042207874,3.069325045574933
0.6319999999998345,4018,5.937870530920281,3.0696695363171425
0.6319999999998345,4019,5.937775019632689,3.0700140270593526
0.6319999999998345,4020,5.937679508345096,3.070358517801562
0.6319999999998345,4021,5.937583997057504,3.0707030085437723
0.6319999999998345,4022,5.9374884857699115,3.071047499285982
0.6319999999998345,4023,5.937392974482319,3.071391990028192
0.6319999999998345,4024,5.937297463194726,3.0717364807704026
0.6319999999998345,4025,5.937201951907134,3.0720809715126123
0.6319999999998345,4026,5.937106440619542,3.0724254622548224
0.6319999999998345,4027,5.937010929331949,3.072769952997032
0.6319999999998345,4028,5.936915418044356,3.073114443739242
0.6319999999998345,4029,5.936819906756765,3.073458934481452
0.6319999999998345,4030,5.936724395469172,3.073803425223662
0.6319999999998345,4031,5.936628884181579,3.0741479159658716
0.6319999999998345,4032,5.936533372893987,3.0744924067080817
0.6319999999998345,4033,5.936437861606395,3.0748368974502913
0.6319999999998345,4034,5.936342350318803,3.0751813881925014
0.6319999999998345,4035,5.9362468390312095,3.075525878934711
0.6319999999998345,4036,5.936151327743618,3.075870369676921
0.6319999999998345,4037,5.936055816456025,3.076214860419131
0.6319999999998345,4038,5.935960305168433,3.076559351161341
0.6319999999998345,4039,5.93586479388084,3.0769038419035506
0.6319999999998345,4040,5.935769282593248,3.0772483326457607
0.6319999999998345,4041,5.935673771305655,3.0775928233879704
0.6319999999998345,4042,5.9355782600180635,3.0779373141301805
0.6319999999998345,4043,5.93548274873047,3.0782818048723906
0.6319999999998345,4044,5.935387237442878,3.0786262956146
0.6319999999998345,4045,5.935291726155286,3.0789707863568108
0.6319999999998345,4046,5.935196214867695,3.0793152770990204
0.6319999999998345,4047,5.935100703580101,3.0796597678412305
0.6319999999998345,4048,5.935005192292509,3.08000425858344
0.6319999999998345,4049,5.934909681004917,3.0803487493256503
0.6319999999998345,4050,5.934814169717325,3.08069324006786
0.6319999999998345,4051,5.934718658429732,3.08103773081007
0.6319999999998345,4052,5.93462314714214,3.0813822215522797
0.6319999999998345,4053,5.934527635854547,3.08172671229449
0.6319999999998345,4054,5.934432124566955,3.0820712030366995
0.6319999999998345,4055,5.934336613279362,3.0824156937789096
0.6319999999998345,4056,5.93424110199177,3.0827601845211197
0.6319999999998345,4057,5.934145590704177,3.0831046752633293
0.6319999999998345,4058,5.934050079416585,3.083449166005539
0.6319999999998345,4059,5.933954568128993,3.083793656747749
0.6319999999998345,4060,5.9338590568414,3.084138147489959
0.6319999999998345,4061,5.933763545553807,3.084482638232169
0.6319999999998345,4062,5.933668034266216,3.084827128974379
0.6319999999998345,4063,5.933572522978622,3.085171619716589
0.6319999999998345,4064,5.93347701169103,3.085516110458799
0.6319999999998345,4065,5.933381500403438,3.085860601201009
0.6319999999998345,4066,5.933285989115846,3.086205091943219
0.6319999999998345,4067,5.933190477828253,3.0865495826854286
0.6319999999998345,4068,5.9330949665406605,3.0868940734276387
0.6319999999998345,4069,5.932999455253068,3.0872385641698483
0.6319999999998345,4070,5.932903943965476,3.0875830549120584
0.6319999999998345,4071,5.932808432677884,3.087927545654268
0.6319999999998345,4072,5.932712921390291,3.088272036396478
0.6319999999998345,4073,5.932617410102699,3.0886165271386883
0.6319999999998345,4074,5.932521898815106,3.088961017880898
0.6319999999998345,4075,5.9324263875275145,3.089305508623108
0.6319999999998345,4076,5.932330876239921,3.0896499993653177
0.6319999999998345,4077,5.932235364952329,3.089994490107528
0.6319999999998345,4078,5.9321398536647365,3.0903389808497375
0.6319999999998345,4079,5.932044342377145,3.0906834715919476
0.6319999999998345,4080,5.931948831089551,3.091027962334157
0.6319999999998345,4081,5.931853319801959,3.0913724530763673
0.6319999999998345,4082,5.931757808514367,3.091716943818577
0.6319999999998345,4083,5.931662297226774,3.092061434560787
0.6319999999998345,4084,5.931566785939181,3.0924059253029967
0.6319999999998345,4085,5.93147127465159,3.092750416045207
0.6319999999998345,4086,5.931375763363997,3.0930949067874165
0.6319999999998345,4087,5.931280252076405,3.0934393975296266
0.6319999999998345,4088,5.931184740788812,3.0937838882718367
0.6319999999998345,4089,5.93108922950122,3.0941283790140464
0.6319999999998345,4090,5.930993718213627,3.094472869756256
0.6319999999998345,4091,5.930898206926035,3.094817360498466
0.6319999999998345,4092,5.930802695638442,3.095161851240676
0.6319999999998345,4093,5.93070718435085,3.095506341982886
0.6319999999998345,4094,5.930611673063257,3.095850832725096
0.6319999999998345,4095,5.930516161775666,3.096195323467306
0.6319999999998345,4096,5.930420650488073,3.0965398142095157
0.6319999999998345,4097,5.930325139200481,3.096884304951726
0.6319999999998345,4098,5.9302296279128885,3.097228795693936
0.6319999999998345,4099,5.930134116625297,3.0975732864361456
0.6319999999998345,4100,5.930038605337703,3.0979177771783557
0.6319999999998345,4101,5.929943094050111,3.0982622679205654
0.6319999999998345,4102,5.929847582762519,3.098606758662776
0.6319999999998345,4103,5.929752071474927,3.0989512494049856
0.6319999999998345,4104,5.929656560187334,3.0992957401471957
0.6319999999998345,4105,5.929561048899742,3.0996402308894053
0.6319999999998345,4106,5.929465537612149,3.0999847216316154
0.6319999999998345,4107,5.929370026324557,3.1003292123738255
0.6319999999998345,4108,5.929274515036964,3.100673703116035
0.6319999999998345,4109,5.929179003749372,3.101018193858245
0.6319999999998345,4110,5.92908349246178,3.101362684600455
0.6319999999998345,4111,5.9289879811741875,3.101707175342665
0.6319999999998345,4112,5.928892469886595,3.1020516660848747
0.6319999999998345,4113,5.928796958599002,3.1023961568270844
0.6319999999998345,4114,5.92870144731141,3.1027406475692945
0.6319999999998345,4115,5.928605936023818,3.1030851383115046
0.6319999999998345,4116,5.928510424736226,3.1034296290537142
0.6319999999998345,4117,5.928414913448632,3.1037741197959243
0.6319999999998345,4118,5.928319402161041,3.104118610538134
0.6319999999998345,4119,5.928223890873448,3.104463101280344
0.6319999999998345,4120,5.928128379585855,3.1048075920225537
0.6319999999998345,4121,5.928032868298263,3.105152082764764
0.6319999999998345,4122,5.927937357010671,3.105496573506974
0.6319999999998345,4123,5.927841845723078,3.1058410642491836
0.6319999999998345,4124,5.927746334435486,3.1061855549913933
0.6319999999998345,4125,5.927650823147893,3.1065300457336034
0.6319999999998345,4126,5.927555311860301,3.1068745364758135
0.6319999999998345,4127,5.927459800572708,3.107219027218023
0.6319999999998345,4128,5.927364289285116,3.107563517960233
0.6319999999998345,4129,5.927268777997523,3.107908008702443
0.6319999999998345,4130,5.927173266709931,3.108252499444653
0.6319999999998345,4131,5.927077755422339,3.1085969901868626
0.6319999999998345,4132,5.926982244134747,3.1089414809290727
0.6319999999998345,4133,5.926886732847153,3.109285971671283
0.6319999999998345,4134,5.9267912215595615,3.109630462413493
0.6319999999998345,4135,5.92669571027197,3.1099749531557026
0.6319999999998345,4136,5.926600198984376,3.1103194438979127
0.6319999999998345,4137,5.926504687696784,3.1106639346401224
0.6319999999998345,4138,5.926409176409192,3.1110084253823325
0.6319999999998345,4139,5.9263136651216,3.1113529161245426
0.6319999999998345,4140,5.926218153834007,3.1116974068667522
0.6319999999998345,4141,5.9261226425464155,3.112041897608962
0.6319999999998345,4142,5.926027131258822,3.112386388351172
0.6319999999998345,4143,5.92593161997123,3.112730879093382
0.6319999999998345,4144,5.9258361086836375,3.1130753698355917
0.6319999999998345,4145,5.925740597396045,3.113419860577802
0.6319999999998345,4146,5.925645086108452,3.1137643513200115
0.6319999999998345,4147,5.92554957482086,3.1141088420622216
0.6319999999998345,4148,5.925454063533268,3.1144533328044313
0.6319999999998345,4149,5.925358552245676,3.1147978235466414
0.6319999999998345,4150,5.925263040958082,3.1151423142888515
0.6319999999998345,4151,5.925167529670491,3.115486805031061
0.6319999999998345,4152,5.925072018382898,3.115831295773271
0.6319999999998345,4153,5.924976507095305,3.116175786515481
0.6319999999998345,4154,5.924880995807713,3.1165202772576905
0.6319999999998345,4155,5.924785484520121,3.1168647679999006
0.6319999999998345,4156,5.924689973232528,3.1172092587421103
0.6319999999998345,4157,5.9245944619449356,3.1175537494843204
0.6319999999998345,4158,5.924498950657344,3.1178982402265305
0.6319999999998345,4159,5.924403439369751,3.11824273096874
0.6319999999998345,4160,5.924307928082159,3.11858722171095
0.6319999999998345,4161,5.924212416794566,3.11893171245316
0.6319999999998345,4162,5.924116905506974,3.11927620319537
0.6319999999998345,4163,5.924021394219381,3.1196206939375797
0.6319999999998345,4164,5.923925882931789,3.1199651846797893
0.6319999999998345,4165,5.923830371644197,3.120309675422
0.6319999999998345,4166,5.923734860356604,3.12065416616421
0.6319999999998345,4167,5.923639349069012,3.12099865690642
0.6319999999998345,4168,5.92354383778142,3.1213431476486297
0.6319999999998345,4169,5.923448326493826,3.1216876383908394
0.6319999999998345,4170,5.9233528152062345,3.1220321291330495
0.6319999999998345,4171,5.923257303918642,3.1223766198752596
0.6319999999998345,4172,5.92316179263105,3.1227211106174693
0.6319999999998345,4173,5.923066281343457,3.123065601359679
0.6319999999998345,4174,5.922970770055865,3.123410092101889
0.6319999999998345,4175,5.922875258768272,3.123754582844099
0.6319999999998345,4176,5.92277974748068,3.124099073586309
0.6319999999998345,4177,5.922684236193088,3.1244435643285184
0.6319999999998345,4178,5.922588724905495,3.124788055070729
0.6319999999998345,4179,5.922493213617903,3.1251325458129386
0.6319999999998345,4180,5.9223977023303105,3.1254770365551483
0.6319999999998345,4181,5.922302191042718,3.1258215272973584
0.6319999999998345,4182,5.922206679755126,3.1261660180395685
0.6319999999998345,4183,5.9221111684675325,3.126510508781778
0.6319999999998345,4184,5.922015657179941,3.1268549995239883
0.6319999999998345,4185,5.921920145892349,3.1271994902661984
0.6319999999998345,4186,5.921824634604756,3.127543981008408
0.6319999999998345,4187,5.921729123317164,3.127888471750618
0.6319999999998345,4188,5.921633612029572,3.1282329624928282
0.6319999999998345,4189,5.921538100741979,3.128577453235038
0.6319999999998345,4190,5.9214425894543865,3.1289219439772475
0.6319999999998345,4191,5.921347078166795,3.1292664347194576
0.6319999999998345,4192,5.921251566879201,3.1296109254616677
0.6319999999998345,4193,5.921156055591609,3.1299554162038774
0.6319999999998345,4194,5.921060544304017,3.130299906946087
0.6319999999998345,4195,5.920965033016424,3.130644397688297
0.6319999999998345,4196,5.920869521728832,3.1309888884305073
0.6319999999998345,4197,5.92077401044124,3.131333379172717
0.6319999999998345,4198,5.920678499153647,3.131677869914927
0.6319999999998345,4199,5.920582987866055,3.132022360657137
0.6319999999998345,4200,5.9204874765784625,3.132366851399347
0.6319999999998345,4201,5.92039196529087,3.132711342141557
0.6319999999998345,4202,5.920296454003278,3.133055832883767
0.6319999999998345,4203,5.9202009427156845,3.1334003236259766
0.6319999999998345,4204,5.920105431428093,3.1337448143681863
0.6319999999998345,4205,5.9200099201405,3.1340893051103964
0.6319999999998345,4206,5.919914408852907,3.1344337958526065
0.6319999999998345,4207,5.919818897565316,3.134778286594816
0.6319999999998345,4208,5.919723386277724,3.135122777337026
0.6319999999998345,4209,5.91962787499013,3.135467268079236
0.6319999999998345,4210,5.9195323637025385,3.135811758821446
0.6319999999998345,4211,5.919436852414946,3.1361562495636557
0.6319999999998345,4212,5.919341341127353,3.1365007403058662
0.6319999999998345,4213,5.919245829839761,3.136845231048076
0.6319999999998345,4214,5.919150318552169,3.1371897217902855
0.6319999999998345,4215,5.919054807264576,3.1375342125324956
0.6319999999998345,4216,5.918959295976984,3.1378787032747057
0.6319999999998345,4217,5.918863784689392,3.1382231940169154
0.6319999999998345,4218,5.918768273401799,3.138567684759125
0.6319999999998345,4219,5.918672762114207,3.1389121755013356
0.6319999999998345,4220,5.918577250826615,3.1392566662435453
0.6319999999998345,4221,5.918481739539022,3.1396011569857554
0.6319999999998345,4222,5.91838622825143,3.1399456477279655
0.6319999999998345,4223,5.9182907169638375,3.140290138470175
0.6319999999998345,4224,5.918195205676245,3.140634629212385
0.6319999999998345,4225,5.918099694388653,3.140979119954595
0.6319999999998345,4226,5.91800418310106,3.141323610696805
0.6319999999998345,4227,5.917908671813468,3.1416681014390146
0.6319999999998345,4228,5.917813160525876,3.1420125921812243
0.6319999999998345,4229,5.917717649238282,3.1423570829234344
0.6319999999998345,4230,5.917622137950691,3.1427015736656445
0.6319999999998345,4231,5.917526626663098,3.143046064407854
0.6319999999998345,4232,5.917431115375505,3.1433905551500643
0.6319999999998345,4233,5.9173356040879135,3.1437350458922744
0.6319999999998345,4234,5.917240092800321,3.144079536634484
0.6319999999998345,4235,5.917144581512728,3.144424027376694
0.6319999999998345,4236,5.917049070225136,3.1447685181189042
0.6319999999998345,4237,5.916953558937544,3.145113008861114
0.6319999999998345,4238,5.916858047649951,3.1454574996033235
0.6319999999998345,4239,5.916762536362359,3.1458019903455336
0.6319999999998345,4240,5.916667025074766,3.1461464810877438
0.6319999999998345,4241,5.916571513787174,3.1464909718299534
0.6319999999998345,4242,5.916476002499581,3.146835462572163
0.6319999999998345,4243,5.916380491211989,3.1471799533143736
0.6319999999998345,4244,5.916284979924397,3.1475244440565833
0.6319999999998345,4245,5.916189468636804,3.147868934798793
0.6319999999998345,4246,5.9160939573492115,3.148213425541003
0.6319999999998345,4247,5.91599844606162,3.148557916283213
0.6319999999998345,4248,5.915902934774027,3.148902407025423
0.6319999999998345,4249,5.915807423486434,3.1492468977676324
0.6319999999998345,4250,5.915711912198843,3.149591388509842
0.6319999999998345,4251,5.915616400911249,3.1499358792520527
0.6319999999998345,4252,5.915520889623657,3.1502803699942623
0.6319999999998345,4253,5.915425378336065,3.1506248607364724
0.6319999999998345,4254,5.915329867048472,3.1509693514786825
0.6319999999998345,4255,5.91523435576088,3.151313842220892
0.6319999999998345,4256,5.9151388444732875,3.151658332963102
0.6319999999998345,4257,5.915043333185695,3.152002823705312
0.6319999999998345,4258,5.914947821898103,3.152347314447522
0.6319999999998345,4259,5.91485231061051,3.1526918051897317
0.6319999999998345,4260,5.914756799322918,3.1530362959319413
0.6319999999998345,4261,5.914661288035326,3.1533807866741514
0.6319999999998345,4262,5.914565776747732,3.1537252774163615
0.6319999999998345,4263,5.914470265460141,3.154069768158571
0.6319999999998345,4264,5.914374754172548,3.1544142589007813
0.6319999999998345,4265,5.914279242884955,3.1547587496429914
0.6319999999998345,4266,5.9141837315973635,3.155103240385201
0.6319999999998345,4267,5.914088220309771,3.155447731127411
0.6319999999998345,4268,5.913992709022178,3.1557922218696213
0.6319999999998345,4269,5.913897197734586,3.156136712611831
0.6319999999998345,4270,5.913801686446993,3.1564812033540406
0.6319999999998345,4271,5.913706175159401,3.1568256940962507
0.6319999999998345,4272,5.913610663871809,3.157170184838461
0.6319999999998345,4273,5.913515152584217,3.1575146755806704
0.6319999999998345,4274,5.913419641296624,3.15785916632288
0.6319999999998345,4275,5.913324130009032,3.15820365706509
0.6319999999998345,4276,5.91322861872144,3.1585481478073003
0.6319999999998345,4277,5.913133107433847,3.15889263854951
0.6319999999998345,4278,5.913037596146255,3.15923712929172
0.6319999999998345,4279,5.912942084858662,3.15958162003393
0.6319999999998345,4280,5.91284657357107,3.15992611077614
0.6319999999998345,4281,5.912751062283477,3.1602706015183495
0.6319999999998345,4282,5.9126555509958845,3.16061509226056
0.6319999999998345,4283,5.912560039708293,3.1609595830027697
0.6319999999998345,4284,5.9124645284207,3.1613040737449793
0.6319999999998345,4285,5.912369017133107,3.1616485644871895
0.6319999999998345,4286,5.912273505845516,3.1619930552293996
0.6319999999998345,4287,5.912177994557922,3.162337545971609
0.6319999999998345,4288,5.91208248327033,3.1626820367138193
0.6319999999998345,4289,5.911986971982738,3.1630265274560294
0.6319999999998345,4290,5.911891460695145,3.163371018198239
0.6319999999998345,4291,5.911795949407553,3.1637155089404487
0.6319999999998345,4292,5.9117004381199605,3.164059999682659
0.6319999999998345,4293,5.911604926832368,3.164404490424869
0.6319999999998345,4294,5.911509415544776,3.1647489811670786
0.6319999999998345,4295,5.911413904257183,3.1650934719092882
0.6319999999998345,4296,5.911318392969591,3.1654379626514983
0.6319999999998345,4297,5.911222881681999,3.1657824533937085
0.6319999999998345,4298,5.911127370394406,3.166126944135918
0.6319999999998345,4299,5.911031859106814,3.166471434878128
0.6319999999998345,4300,5.910936347819222,3.1668159256203383
0.6319999999998345,4301,5.910840836531628,3.167160416362548
0.6319999999998345,4302,5.9107453252440365,3.1675049071047576
0.6319999999998345,4303,5.910649813956444,3.1678493978469677
0.6319999999998345,4304,5.910554302668851,3.168193888589178
0.6319999999998345,4305,5.910458791381259,3.1685383793313875
0.6319999999998345,4306,5.910363280093667,3.168882870073598
0.6319999999998345,4307,5.910267768806074,3.1692273608158077
0.6319999999998345,4308,5.910172257518482,3.1695718515580174
0.6319999999998345,4309,5.9100767462308905,3.1699163423002275
0.6319999999998345,4310,5.909981234943297,3.1702608330424376
0.6319999999998345,4311,5.909885723655705,3.170605323784647
0.6319999999998345,4312,5.9097902123681125,3.170949814526857
0.6319999999998345,4313,5.90969470108052,3.171294305269067
0.6319999999998345,4314,5.909599189792928,3.171638796011277
0.6319999999998345,4315,5.909503678505335,3.1719832867534867
0.6319999999998345,4316,5.909408167217743,3.1723277774956964
0.6319999999998345,4317,5.909312655930151,3.172672268237907
0.6319999999998345,4318,5.909217144642557,3.1730167589801166
0.6319999999998345,4319,5.909121633354966,3.1733612497223262
0.6319999999998345,4320,5.909026122067373,3.173705740464536
0.6319999999998345,4321,5.90893061077978,3.1740502312067465
0.6319999999998345,4322,5.9088350994921885,3.174394721948956
0.6319999999998345,4323,5.908739588204596,3.174739212691166
0.6319999999998345,4324,5.908644076917003,3.1750837034333763
0.6319999999998345,4325,5.908548565629411,3.175428194175586
0.6319999999998345,4326,5.908453054341819,3.175772684917796
0.6319999999998345,4327,5.908357543054226,3.1761171756600057
0.6319999999998345,4328,5.908262031766634,3.176461666402216
0.6319999999998345,4329,5.908166520479041,3.1768061571444255
0.6319999999998345,4330,5.908071009191449,3.1771506478866356
0.6319999999998345,4331,5.907975497903856,3.1774951386288453
0.6319999999998345,4332,5.907879986616264,3.1778396293710554
0.6319999999998345,4333,5.907784475328672,3.178184120113265
0.6319999999998345,4334,5.90768896404108,3.178528610855475
0.6319999999998345,4335,5.907593452753487,3.1788731015976848
0.6319999999998345,4336,5.907497941465895,3.179217592339895
0.6319999999998345,4337,5.907402430178303,3.1795620830821054
0.6319999999998345,4338,5.9073069188907095,3.179906573824315
0.6319999999998345,4339,5.907211407603118,3.1802510645665247
0.6319999999998345,4340,5.907115896315525,3.1805955553087344
0.6319999999998345,4341,5.907020385027932,3.180940046050945
0.6319999999998345,4342,5.906924873740341,3.1812845367931546
0.6319999999998345,4343,5.906829362452748,3.1816290275353643
0.6319999999998345,4344,5.906733851165155,3.181973518277574
0.6319999999998345,4345,5.9066383398775635,3.1823180090197845
0.6319999999998345,4346,5.90654282858997,3.182662499761994
0.6319999999998345,4347,5.906447317302378,3.1830069905042038
0.6319999999998345,4348,5.906351806014786,3.1833514812464143
0.6319999999998345,4349,5.906256294727193,3.183695971988624
0.6319999999998345,4350,5.906160783439601,3.184040462730834
0.6319999999998345,4351,5.906065272152008,3.1843849534730437
0.6319999999998345,4352,5.905969760864417,3.184729444215254
0.6319999999998345,4353,5.905874249576824,3.1850739349574635
0.6319999999998345,4354,5.905778738289231,3.1854184256996736
0.6319999999998345,4355,5.905683227001639,3.1857629164418833
0.6319999999998345,4356,5.905587715714047,3.1861074071840934
0.6319999999998345,4357,5.905492204426454,3.186451897926303
0.6319999999998345,4358,5.9053966931388615,3.186796388668513
0.6319999999998345,4359,5.905301181851269,3.187140879410723
0.6319999999998345,4360,5.905205670563676,3.187485370152933
0.6319999999998345,4361,5.905110159276084,3.187829860895143
0.6319999999998345,4362,5.905014647988493,3.1881743516373526
0.6319999999998345,4363,5.904919136700899,3.1885188423795627
0.6319999999998345,4364,5.904823625413307,3.1888633331217724
0.6319999999998345,4365,5.904728114125715,3.1892078238639825
0.6319999999998345,4366,5.904632602838123,3.1895523146061926
0.6319999999998345,4367,5.904537091550529,3.1898968053484023
0.6319999999998345,4368,5.9044415802629375,3.1902412960906124
0.6319999999998345,4369,5.904346068975345,3.190585786832822
0.6319999999998345,4370,5.904250557687753,3.190930277575032
0.6319999999998345,4371,5.90415504640016,3.1912747683172418
0.6319999999998345,4372,5.904059535112568,3.191619259059452
0.6319999999998345,4373,5.903964023824975,3.1919637498016615
0.6319999999998345,4374,5.903868512537383,3.1923082405438716
0.6319999999998345,4375,5.903773001249791,3.1926527312860813
0.6319999999998345,4376,5.903677489962198,3.1929972220282914
0.6319999999998345,4377,5.903581978674605,3.193341712770501
0.6319999999998345,4378,5.9034864673870135,3.193686203512711
0.6319999999998345,4379,5.903390956099422,3.1940306942549213
0.6319999999998345,4380,5.903295444811828,3.1943751849971314
0.6319999999998345,4381,5.903199933524236,3.194719675739341
0.6319999999998345,4382,5.903104422236644,3.1950641664815507
0.6319999999998345,4383,5.903008910949051,3.195408657223761
0.6319999999998345,4384,5.902913399661459,3.195753147965971
0.6319999999998345,4385,5.902817888373866,3.1960976387081805
0.6319999999998345,4386,5.902722377086274,3.19644212945039
0.6319999999998345,4387,5.902626865798682,3.1967866201926007
0.6319999999998345,4388,5.90253135451109,3.1971311109348104
0.6319999999998345,4389,5.902435843223497,3.1974756016770205
0.6319999999998345,4390,5.902340331935904,3.1978200924192306
0.6319999999998345,4391,5.9022448206483125,3.1981645831614403
0.6319999999998345,4392,5.90214930936072,3.1985090739036504
0.6319999999998345,4393,5.902053798073127,3.19885356464586
0.6319999999998345,4394,5.9019582867855345,3.19919805538807
0.6319999999998345,4395,5.901862775497943,3.1995425461302798
0.6319999999998345,4396,5.90176726421035,3.19988703687249
0.6319999999998345,4397,5.901671752922757,3.2002315276146995
0.6319999999998345,4398,5.901576241635165,3.2005760183569096
0.6319999999998345,4399,5.901480730347573,3.2009205090991193
0.6319999999998345,4400,5.90138521905998,3.2012649998413294
0.6319999999998345,4401,5.9012897077723885,3.2016094905835395
0.6319999999998345,4402,5.901194196484795,3.201953981325749
0.6319999999998345,4403,5.901098685197203,3.2022984720679593
0.6319999999998345,4404,5.901003173909611,3.202642962810169
0.6319999999998345,4405,5.900907662622019,3.202987453552379
0.6319999999998345,4406,5.900812151334426,3.2033319442945887
0.6319999999998345,4407,5.900716640046833,3.2036764350367988
0.6319999999998345,4408,5.900621128759241,3.2040209257790084
0.6319999999998345,4409,5.900525617471649,3.2043654165212185
0.6319999999998345,4410,5.900430106184055,3.204709907263428
0.6319999999998345,4411,5.900334594896464,3.2050543980056387
0.6319999999998345,4412,5.900239083608872,3.2053988887478484
0.6319999999998345,4413,5.900143572321279,3.205743379490058
0.6319999999998345,4414,5.9000480610336865,3.2060878702322686
0.6319999999998345,4415,5.899952549746094,3.2064323609744783
0.6319999999998345,4416,5.899857038458502,3.206776851716688
0.6319999999998345,4417,5.899761527170909,3.2071213424588976
0.6319999999998345,4418,5.899666015883318,3.207465833201108
0.6319999999998345,4419,5.899570504595724,3.2078103239433178
0.6319999999998345,4420,5.899474993308132,3.208154814685528
0.6319999999998345,4421,5.89937948202054,3.2084993054277375
0.6319999999998345,4422,5.899283970732948,3.2088437961699476
0.6319999999998345,4423,5.899188459445354,3.2091882869121573
0.6319999999998345,4424,5.8990929481577625,3.2095327776543674
0.6319999999998345,4425,5.89899743687017,3.2098772683965775
0.6319999999998345,4426,5.898901925582578,3.210221759138787
0.6319999999998345,4427,5.898806414294985,3.2105662498809973
0.6319999999998345,4428,5.898710903007393,3.210910740623207
0.6319999999998345,4429,5.8986153917198,3.211255231365417
0.6319999999998345,4430,5.898519880432208,3.2115997221076267
0.6319999999998345,4431,5.898424369144616,3.2119442128498368
0.6319999999998345,4432,5.898328857857024,3.212288703592047
0.6319999999998345,4433,5.89823334656943,3.2126331943342565
0.6319999999998345,4434,5.8981378352818385,3.2129776850764666
0.6319999999998345,4435,5.898042323994246,3.2133221758186763
0.6319999999998345,4436,5.897946812706654,3.2136666665608864
0.6319999999998345,4437,5.8978513014190606,3.214011157303096
0.6319999999998345,4438,5.897755790131469,3.214355648045306
0.6319999999998345,4439,5.897660278843876,3.214700138787516
0.6319999999998345,4440,5.897564767556284,3.215044629529726
0.6319999999998345,4441,5.897469256268691,3.2153891202719356
0.6319999999998345,4442,5.897373744981099,3.2157336110141457
0.6319999999998345,4443,5.897278233693507,3.216078101756356
0.6319999999998345,4444,5.897182722405915,3.2164225924985654
0.6319999999998345,4445,5.897087211118322,3.2167670832407755
0.6319999999998345,4446,5.896991699830729,3.217111573982985
0.6319999999998345,4447,5.896896188543137,3.2174560647251953
0.6319999999998345,4448,5.896800677255545,3.217800555467405
0.6319999999998345,4449,5.896705165967953,3.218145046209615
0.6319999999998345,4450,5.8966096546803595,3.2184895369518247
0.6319999999998345,4451,5.896514143392768,3.218834027694035
0.6319999999998345,4452,5.896418632105175,3.2191785184362445
0.6319999999998345,4453,5.896323120817583,3.219523009178455
0.6319999999998345,4454,5.89622760952999,3.2198674999206647
0.6319999999998345,4455,5.896132098242398,3.2202119906628743
0.6319999999998345,4456,5.896036586954805,3.220556481405085
0.6319999999998345,4457,5.8959410756672135,3.2209009721472945
0.6319999999998345,4458,5.89584556437962,3.2212454628895046
0.6319999999998345,4459,5.895750053092028,3.2215899536317143
0.6319999999998345,4460,5.8956545418044355,3.2219344443739244
0.6319999999998345,4461,5.895559030516844,3.222278935116134
0.6319999999998345,4462,5.895463519229251,3.222623425858344
0.6319999999998345,4463,5.895368007941658,3.222967916600554
0.6319999999998345,4464,5.895272496654066,3.223312407342764
0.6319999999998345,4465,5.895176985366474,3.2236568980849736
0.6319999999998345,4466,5.895081474078881,3.2240013888271837
0.6319999999998345,4467,5.894985962791289,3.224345879569394
0.6319999999998345,4468,5.894890451503696,3.2246903703116034
0.6319999999998345,4469,5.894794940216104,3.2250348610538135
0.6319999999998345,4470,5.8946994289285115,3.225379351796023
0.6319999999998345,4471,5.894603917640919,3.2257238425382333
0.6319999999998345,4472,5.894508406353327,3.226068333280443
0.6319999999998345,4473,5.894412895065734,3.226412824022653
0.6319999999998345,4474,5.894317383778143,3.2267573147648627
0.6319999999998345,4475,5.894221872490549,3.227101805507073
0.6319999999998345,4476,5.894126361202957,3.2274462962492825
0.6319999999998345,4477,5.894030849915365,3.2277907869914926
0.6319999999998345,4478,5.893935338627773,3.2281352777337027
0.6319999999998345,4479,5.89383982734018,3.2284797684759123
0.6319999999998345,4480,5.8937443160525875,3.2288242592181224
0.6319999999998345,4481,5.893648804764995,3.229168749960332
0.6319999999998345,4482,5.893553293477403,3.229513240702542
0.6319999999998345,4483,5.89345778218981,3.229857731444752
0.6319999999998345,4484,5.893362270902218,3.2302022221869624
0.6319999999998345,4485,5.893266759614625,3.230546712929172
0.6319999999998345,4486,5.893171248327033,3.230891203671382
0.6319999999998345,4487,5.893075737039441,3.231235694413592
0.6319999999998345,4488,5.892980225751849,3.2315801851558015
0.6319999999998345,4489,5.892884714464255,3.2319246758980116
0.6319999999998345,4490,5.8927892031766635,3.2322691666402212
0.6319999999998345,4491,5.892693691889071,3.2326136573824313
0.6319999999998345,4492,5.892598180601479,3.2329581481246414
0.6319999999998345,4493,5.892502669313886,3.2333026388668515
0.6319999999998345,4494,5.892407158026294,3.233647129609061
0.6319999999998345,4495,5.892311646738701,3.2339916203512713
0.6319999999998345,4496,5.892216135451109,3.234336111093481
0.6319999999998345,4497,5.892120624163517,3.234680601835691
0.6319999999998345,4498,5.892025112875924,3.235025092577901
0.6319999999998345,4499,5.891929601588331,3.235369583320111
0.6319999999998345,4500,5.89183409030074,3.235714074062321
0.6319999999998345,4501,5.891738579013147,3.2360585648045306
0.6319999999998345,4502,5.891643067725554,3.2364030555467407
0.6319999999998345,4503,5.891547556437962,3.2367475462889503
0.6319999999998345,4504,5.89145204515037,3.2370920370311604
0.6319999999998345,4505,5.891356533862777,3.23743652777337
0.6319999999998345,4506,5.8912610225751845,3.23778101851558
0.6319999999998345,4507,5.891165511287592,3.23812550925779
0.6319999999998345,4508,5.89107,3.23847
