Time_sec,Waypoint_Index,X,Y
4.452317953109741,0,1.5053222959748116,-1.329094326983776
4.452317953109741,1,1.50615355491204,-1.3281962534485485
4.452317953109741,2,1.5069848138492683,-1.327298179913321
4.452317953109741,3,1.5078160727864967,-1.3264001063780937
4.452317953109741,4,1.508647331723725,-1.325502032842866
4.452317953109741,5,1.5094785906609534,-1.3246039593076384
4.452317953109741,6,1.5103098495981817,-1.3237058857724109
4.452317953109741,7,1.5111411085354103,-1.3228078122371836
4.452317953109741,8,1.5119723674726384,-1.321909738701956
4.452317953109741,9,1.5128036264098668,-1.3210116651667285
4.452317953109741,10,1.5136348853470953,-1.320113591631501
4.452317953109741,11,1.5144661442843235,-1.3192155180962735
4.452317953109741,12,1.5152974032215518,-1.318317444561046
4.452317953109741,13,1.5161286621587804,-1.3174193710258184
4.452317953109741,14,1.5169599210960085,-1.3165212974905909
4.452317953109741,15,1.5177911800332369,-1.3156232239553636
4.452317953109741,16,1.5186224389704654,-1.314725150420136
4.452317953109741,17,1.5194536979076936,-1.3138270768849085
4.452317953109741,18,1.5202849568449222,-1.312929003349681
4.452317953109741,19,1.5211162157821505,-1.3120309298144535
4.452317953109741,20,1.5219474747193786,-1.311132856279226
4.452317953109741,21,1.5227787336566072,-1.3102347827439984
4.452317953109741,22,1.5236099925938356,-1.3093367092087709
4.452317953109741,23,1.5244412515310637,-1.3084386356735436
4.452317953109741,24,1.5252725104682923,-1.307540562138316
4.452317953109741,25,1.5261037694055206,-1.3066424886030885
4.452317953109741,26,1.526935028342749,-1.3057444150678608
4.452317953109741,27,1.5277662872799773,-1.3048463415326335
4.452317953109741,28,1.5285975462172057,-1.303948267997406
4.452317953109741,29,1.529428805154434,-1.3030501944621784
4.452317953109741,30,1.5302600640916624,-1.3021521209269509
4.452317953109741,31,1.5310913230288907,-1.3012540473917233
4.452317953109741,32,1.531922581966119,-1.300355973856496
4.452317953109741,33,1.5327538409033474,-1.2994579003212683
4.452317953109741,34,1.5335850998405758,-1.2985598267860408
4.452317953109741,35,1.5344163587778041,-1.2976617532508132
4.452317953109741,36,1.5352476177150325,-1.296763679715586
4.452317953109741,37,1.5360788766522608,-1.2958656061803586
4.452317953109741,38,1.5369101355894894,-1.294967532645131
4.452317953109741,39,1.5377413945267178,-1.2940694591099036
4.452317953109741,40,1.5385726534639461,-1.2931713855746758
4.452317953109741,41,1.5394039124011745,-1.2922733120394485
4.452317953109741,42,1.5402351713384028,-1.291375238504221
4.452317953109741,43,1.5410664302756312,-1.2904771649689935
4.452317953109741,44,1.5418976892128595,-1.289579091433766
4.452317953109741,45,1.5427289481500879,-1.2886810178985386
4.452317953109741,46,1.5435602070873162,-1.287782944363311
4.452317953109741,47,1.5443914660245446,-1.2868848708280836
4.452317953109741,48,1.5452227249617732,-1.2859867972928558
4.452317953109741,49,1.5460539838990013,-1.2850887237576283
4.452317953109741,50,1.5468852428362296,-1.284190650222401
4.452317953109741,51,1.5477165017734582,-1.2832925766871734
4.452317953109741,52,1.5485477607106863,-1.282394503151946
4.452317953109741,53,1.5493790196479147,-1.2814964296167184
4.452317953109741,54,1.5502102785851433,-1.280598356081491
4.452317953109741,55,1.5510415375223714,-1.2797002825462633
4.452317953109741,56,1.5518727964595997,-1.2788022090110358
4.452317953109741,57,1.5527040553968283,-1.2779041354758083
4.452317953109741,58,1.5535353143340564,-1.277006061940581
4.452317953109741,59,1.554366573271285,-1.2761079884053534
4.452317953109741,60,1.5551978322085134,-1.275209914870126
4.452317953109741,61,1.5560290911457415,-1.2743118413348984
4.452317953109741,62,1.55686035008297,-1.2734137677996709
4.452317953109741,63,1.5576916090201984,-1.2725156942644433
4.452317953109741,64,1.5585228679574266,-1.2716176207292158
4.452317953109741,65,1.5593541268946551,-1.2707195471939883
4.452317953109741,66,1.5601853858318835,-1.269821473658761
4.452317953109741,67,1.5610166447691118,-1.2689234001235334
4.452317953109741,68,1.5618479037063402,-1.268025326588306
4.452317953109741,69,1.5626791626435685,-1.2671272530530784
4.452317953109741,70,1.563510421580797,-1.2662291795178509
4.452317953109741,71,1.5643416805180252,-1.2653311059826233
4.452317953109741,72,1.5651729394552536,-1.2644330324473958
4.452317953109741,73,1.566004198392482,-1.2635349589121683
4.452317953109741,74,1.5668354573297103,-1.262636885376941
4.452317953109741,75,1.5676667162669387,-1.2617388118417134
4.452317953109741,76,1.568497975204167,-1.2608407383064857
4.452317953109741,77,1.5693292341413954,-1.2599426647712582
4.452317953109741,78,1.5701604930786237,-1.2590445912360306
4.452317953109741,79,1.570991752015852,-1.2581465177008033
4.452317953109741,80,1.5718230109530804,-1.2572484441655758
4.452317953109741,81,1.5726542698903088,-1.2563503706303483
4.452317953109741,82,1.5734855288275371,-1.2554522970951207
4.452317953109741,83,1.5743167877647655,-1.2545542235598934
4.452317953109741,84,1.575148046701994,-1.253656150024666
4.452317953109741,85,1.5759793056392222,-1.2527580764894382
4.452317953109741,86,1.5768105645764505,-1.2518600029542106
4.452317953109741,87,1.577641823513679,-1.2509619294189833
4.452317953109741,88,1.5784730824509074,-1.250063855883756
4.452317953109741,89,1.5793043413881358,-1.2491657823485285
4.452317953109741,90,1.5801356003253642,-1.2482677088133007
4.452317953109741,91,1.5809668592625925,-1.2473696352780732
4.452317953109741,92,1.581798118199821,-1.246471561742846
4.452317953109741,93,1.5826293771370492,-1.2455734882076184
4.452317953109741,94,1.5834606360742776,-1.2446754146723908
4.452317953109741,95,1.5842918950115061,-1.2437773411371633
4.452317953109741,96,1.5851231539487343,-1.242879267601936
4.452317953109741,97,1.5859544128859626,-1.2419811940667085
4.452317953109741,98,1.5867856718231912,-1.241083120531481
4.452317953109741,99,1.5876169307604193,-1.2401850469962532
4.452317953109741,100,1.588448189697648,-1.2392869734610257
4.452317953109741,101,1.5892794486348762,-1.2383888999257984
4.452317953109741,102,1.5901107075721044,-1.2374908263905708
4.452317953109741,103,1.590941966509333,-1.2365927528553433
4.452317953109741,104,1.5917732254465613,-1.2356946793201158
4.452317953109741,105,1.5926044843837894,-1.2347966057848883
4.452317953109741,106,1.593435743321018,-1.2338985322496607
4.452317953109741,107,1.5942670022582464,-1.2330004587144332
4.452317953109741,108,1.5950982611954745,-1.2321023851792057
4.452317953109741,109,1.595929520132703,-1.2312043116439784
4.452317953109741,110,1.5967607790699314,-1.2303062381087508
4.452317953109741,111,1.5975920380071598,-1.2294081645735233
4.452317953109741,112,1.5984232969443881,-1.2285100910382956
4.452317953109741,113,1.5992545558816165,-1.2276120175030683
4.452317953109741,114,1.6000858148188448,-1.2267139439678407
4.452317953109741,115,1.6009170737560732,-1.2258158704326132
4.452317953109741,116,1.6017483326933015,-1.2249177968973857
4.452317953109741,117,1.6025795916305299,-1.2240197233621584
4.452317953109741,118,1.6034108505677582,-1.2231216498269308
4.452317953109741,119,1.6042421095049866,-1.2222235762917033
4.452317953109741,120,1.605073368442215,-1.2213255027564756
4.452317953109741,121,1.6059046273794433,-1.2204274292212483
4.452317953109741,122,1.6067358863166716,-1.2195293556860207
4.452317953109741,123,1.6075671452539,-1.2186312821507932
4.452317953109741,124,1.6083984041911283,-1.2177332086155657
4.452317953109741,125,1.6092296631283567,-1.2168351350803381
4.452317953109741,126,1.610060922065585,-1.2159370615451106
4.452317953109741,127,1.6108921810028134,-1.215038988009883
4.452317953109741,128,1.611723439940042,-1.2141409144746556
4.452317953109741,129,1.61255469887727,-1.2132428409394282
4.452317953109741,130,1.6133859578144985,-1.2123447674042007
4.452317953109741,131,1.614217216751727,-1.2114466938689732
4.452317953109741,132,1.6150484756889552,-1.2105486203337457
4.452317953109741,133,1.6158797346261835,-1.2096505467985181
4.452317953109741,134,1.616710993563412,-1.2087524732632906
4.452317953109741,135,1.6175422525006402,-1.2078543997280633
4.452317953109741,136,1.6183735114378686,-1.2069563261928355
4.452317953109741,137,1.6192047703750971,-1.2060582526576082
4.452317953109741,138,1.6200360293123253,-1.2051601791223807
4.452317953109741,139,1.6208672882495538,-1.2042621055871532
4.452317953109741,140,1.6216985471867822,-1.2033640320519257
4.452317953109741,141,1.6225298061240103,-1.2024659585166981
4.452317953109741,142,1.623361065061239,-1.2015678849814706
4.452317953109741,143,1.6241923239984675,-1.200669811446243
4.452317953109741,144,1.6250235829356954,-1.1997717379110155
4.452317953109741,145,1.6258548418729237,-1.198873664375788
4.452317953109741,146,1.6266861008101523,-1.1979755908405605
4.452317953109741,147,1.6275173597473804,-1.1970775173053332
4.452317953109741,148,1.6283486186846088,-1.1961794437701054
4.452317953109741,149,1.6291798776218374,-1.1952813702348781
4.452317953109741,150,1.6300111365590655,-1.1943832966996506
4.452317953109741,151,1.630842395496294,-1.193485223164423
4.452317953109741,152,1.6316736544335226,-1.1925871496291955
4.452317953109741,153,1.6325049133707505,-1.191689076093968
4.452317953109741,154,1.6333361723079791,-1.1907910025587405
4.452317953109741,155,1.6341674312452077,-1.189892929023513
4.452317953109741,156,1.6349986901824358,-1.1889948554882857
4.452317953109741,157,1.6358299491196642,-1.188096781953058
4.452317953109741,158,1.6366612080568927,-1.1871987084178306
4.452317953109741,159,1.6374924669941209,-1.186300634882603
4.452317953109741,160,1.6383237259313495,-1.1854025613473755
4.452317953109741,161,1.6391549848685778,-1.184504487812148
4.452317953109741,162,1.639986243805806,-1.1836064142769205
4.452317953109741,163,1.6408175027430345,-1.182708340741693
4.452317953109741,164,1.6416487616802629,-1.1818102672064654
4.452317953109741,165,1.642480020617491,-1.180912193671238
4.452317953109741,166,1.6433112795547196,-1.1800141201360106
4.452317953109741,167,1.644142538491948,-1.1791160466007828
4.452317953109741,168,1.6449737974291763,-1.1782179730655555
4.452317953109741,169,1.6458050563664046,-1.177319899530328
4.452317953109741,170,1.646636315303633,-1.1764218259951005
4.452317953109741,171,1.6474675742408613,-1.175523752459873
4.452317953109741,172,1.6482988331780897,-1.1746256789246454
4.452317953109741,173,1.649130092115318,-1.173727605389418
4.452317953109741,174,1.6499613510525464,-1.1728295318541906
4.452317953109741,175,1.6507926099897747,-1.171931458318963
4.452317953109741,176,1.651623868927003,-1.1710333847837355
4.452317953109741,177,1.6524551278642314,-1.170135311248508
4.452317953109741,178,1.6532863868014598,-1.1692372377132805
4.452317953109741,179,1.6541176457386881,-1.168339164178053
4.452317953109741,180,1.6549489046759165,-1.1674410906428254
4.452317953109741,181,1.655780163613145,-1.166543017107598
4.452317953109741,182,1.6566114225503732,-1.1656449435723706
4.452317953109741,183,1.6574426814876015,-1.164746870037143
4.452317953109741,184,1.6582739404248301,-1.1638487965019155
4.452317953109741,185,1.6591051993620585,-1.162950722966688
4.452317953109741,186,1.6599364582992866,-1.1620526494314605
4.452317953109741,187,1.6607677172365152,-1.161154575896233
4.452317953109741,188,1.6615989761737435,-1.1602565023610056
4.452317953109741,189,1.6624302351109719,-1.159358428825778
4.452317953109741,190,1.6632614940482002,-1.1584603552905506
4.452317953109741,191,1.6640927529854286,-1.157562281755323
4.452317953109741,192,1.664924011922657,-1.1566642082200955
4.452317953109741,193,1.6657552708598855,-1.155766134684868
4.452317953109741,194,1.6665865297971136,-1.1548680611496405
4.452317953109741,195,1.667417788734342,-1.153969987614413
4.452317953109741,196,1.6682490476715706,-1.1530719140791854
4.452317953109741,197,1.669080306608799,-1.1521738405439579
4.452317953109741,198,1.669911565546027,-1.1512757670087306
4.452317953109741,199,1.6707428244832556,-1.1503776934735028
4.452317953109741,200,1.671574083420484,-1.1494796199382755
4.452317953109741,201,1.6724053423577123,-1.148581546403048
4.452317953109741,202,1.6732366012949407,-1.1476834728678205
4.452317953109741,203,1.674067860232169,-1.146785399332593
4.452317953109741,204,1.6748991191693974,-1.1458873257973654
4.452317953109741,205,1.6757303781066257,-1.1449892522621379
4.452317953109741,206,1.676561637043854,-1.1440911787269104
4.452317953109741,207,1.6773928959810824,-1.143193105191683
4.452317953109741,208,1.6782241549183108,-1.1422950316564555
4.452317953109741,209,1.6790554138555391,-1.141396958121228
4.452317953109741,210,1.6798866727927675,-1.1404988845860005
4.452317953109741,211,1.6807179317299958,-1.139600811050773
4.452317953109741,212,1.6815491906672242,-1.1387027375155456
4.452317953109741,213,1.6823804496044525,-1.1378046639803179
4.452317953109741,214,1.683211708541681,-1.1369065904450906
4.452317953109741,215,1.6840429674789092,-1.136008516909863
4.452317953109741,216,1.6848742264161376,-1.1351104433746355
4.452317953109741,217,1.685705485353366,-1.134212369839408
4.452317953109741,218,1.6865367442905943,-1.1333142963041807
4.452317953109741,219,1.6873680032278227,-1.132416222768953
4.452317953109741,220,1.688199262165051,-1.1315181492337256
4.452317953109741,221,1.6890305211022794,-1.130620075698498
4.452317953109741,222,1.689861780039508,-1.1297220021632706
4.452317953109741,223,1.690693038976736,-1.128823928628043
4.452317953109741,224,1.6915242979139644,-1.1279258550928155
4.452317953109741,225,1.692355556851193,-1.127027781557588
4.452317953109741,226,1.6931868157884213,-1.1261297080223605
4.452317953109741,227,1.6940180747256497,-1.125231634487133
4.452317953109741,228,1.694849333662878,-1.1243335609519054
4.452317953109741,229,1.6956805926001064,-1.1234354874166779
4.452317953109741,230,1.6965118515373347,-1.1225374138814503
4.452317953109741,231,1.6973431104745633,-1.121639340346223
4.452317953109741,232,1.6981743694117915,-1.1207412668109953
4.452317953109741,233,1.6990056283490198,-1.119843193275768
4.452317953109741,234,1.6998368872862484,-1.1189451197405405
4.452317953109741,235,1.7006681462234767,-1.118047046205313
4.452317953109741,236,1.7014994051607049,-1.1171489726700854
4.452317953109741,237,1.7023306640979334,-1.116250899134858
4.452317953109741,238,1.7031619230351618,-1.1153528255996303
4.452317953109741,239,1.7039931819723901,-1.114454752064403
4.452317953109741,240,1.7048244409096183,-1.1135566785291753
4.452317953109741,241,1.7056556998468466,-1.112658604993948
4.452317953109741,242,1.706486958784075,-1.1117605314587204
4.452317953109741,243,1.7073182177213035,-1.110862457923493
4.452317953109741,244,1.7081494766585317,-1.1099643843882654
4.452317953109741,245,1.70898073559576,-1.1090663108530379
4.452317953109741,246,1.7098119945329886,-1.1081682373178103
4.452317953109741,247,1.710643253470217,-1.1072701637825828
4.452317953109741,248,1.711474512407445,-1.1063720902473553
4.452317953109741,249,1.7123057713446737,-1.105474016712128
4.452317953109741,250,1.713137030281902,-1.1045759431769002
4.452317953109741,251,1.7139682892191304,-1.1036778696416727
4.452317953109741,252,1.7147995481563587,-1.1027797961064454
4.452317953109741,253,1.715630807093587,-1.1018817225712176
4.452317953109741,254,1.7164620660308154,-1.1009836490359903
4.452317953109741,255,1.7172933249680438,-1.1000855755007628
4.452317953109741,256,1.7181245839052721,-1.0991875019655353
4.452317953109741,257,1.7189558428425005,-1.0982894284303077
4.452317953109741,258,1.7197871017797288,-1.0973913548950804
4.452317953109741,259,1.7206183607169572,-1.0964932813598527
4.452317953109741,260,1.7214496196541855,-1.0955952078246254
4.452317953109741,261,1.7222808785914139,-1.0946971342893979
4.452317953109741,262,1.7231121375286422,-1.0937990607541703
4.452317953109741,263,1.7239433964658706,-1.0929009872189428
4.452317953109741,264,1.724774655403099,-1.0920029136837153
4.452317953109741,265,1.7256059143403273,-1.0911048401484877
4.452317953109741,266,1.7264371732775556,-1.0902067666132602
4.452317953109741,267,1.727268432214784,-1.0893086930780327
4.452317953109741,268,1.7280996911520123,-1.0884106195428054
4.452317953109741,269,1.7289309500892407,-1.0875125460075776
4.452317953109741,270,1.7297622090264693,-1.0866144724723503
4.452317953109741,271,1.7305934679636974,-1.0857163989371228
4.452317953109741,272,1.7314247269009257,-1.0848183254018953
4.452317953109741,273,1.7322559858381543,-1.0839202518666677
4.452317953109741,274,1.7330872447753825,-1.0830221783314402
4.452317953109741,275,1.7339185037126108,-1.0821241047962127
4.452317953109741,276,1.7347497626498394,-1.0812260312609854
4.452317953109741,277,1.7355810215870675,-1.0803279577257578
4.452317953109741,278,1.736412280524296,-1.0794298841905303
4.452317953109741,279,1.7372435394615244,-1.0785318106553028
4.452317953109741,280,1.7380747983987526,-1.0776337371200753
4.452317953109741,281,1.7389060573359811,-1.0767356635848477
4.452317953109741,282,1.7397373162732095,-1.0758375900496202
4.452317953109741,283,1.740568575210438,-1.0749395165143927
4.452317953109741,284,1.7413998341476662,-1.0740414429791652
4.452317953109741,285,1.7422310930848945,-1.0731433694439376
4.452317953109741,286,1.7430623520221231,-1.07224529590871
4.452317953109741,287,1.7438936109593512,-1.0713472223734826
4.452317953109741,288,1.7447248698965796,-1.070449148838255
4.452317953109741,289,1.745556128833808,-1.0695510753030277
4.452317953109741,290,1.7463873877710363,-1.0686530017678004
4.452317953109741,291,1.7472186467082649,-1.0677549282325727
4.452317953109741,292,1.748049905645493,-1.0668568546973454
4.452317953109741,293,1.7488811645827214,-1.0659587811621178
4.452317953109741,294,1.74971242351995,-1.0650607076268903
4.452317953109741,295,1.750543682457178,-1.0641626340916628
4.452317953109741,296,1.7513749413944064,-1.0632645605564353
4.452317953109741,297,1.752206200331635,-1.0623664870212077
4.452317953109741,298,1.7530374592688631,-1.0614684134859802
4.452317953109741,299,1.7538687182060917,-1.0605703399507527
4.452317953109741,300,1.75469997714332,-1.0596722664155251
4.452317953109741,301,1.7555312360805482,-1.0587741928802976
4.452317953109741,302,1.7563624950177767,-1.05787611934507
4.452317953109741,303,1.757193753955005,-1.0569780458098426
4.452317953109741,304,1.7580250128922335,-1.056079972274615
4.452317953109741,305,1.7588562718294618,-1.0551818987393877
4.452317953109741,306,1.7596875307666902,-1.05428382520416
4.452317953109741,307,1.7605187897039185,-1.0533857516689327
4.452317953109741,308,1.7613500486411469,-1.0524876781337051
4.452317953109741,309,1.7621813075783752,-1.0515896045984778
4.452317953109741,310,1.7630125665156036,-1.05069153106325
4.452317953109741,311,1.763843825452832,-1.0497934575280228
4.452317953109741,312,1.7646750843900603,-1.0488953839927952
4.452317953109741,313,1.7655063433272886,-1.0479973104575677
4.452317953109741,314,1.766337602264517,-1.0470992369223402
4.452317953109741,315,1.7671688612017453,-1.0462011633871127
4.452317953109741,316,1.7680001201389737,-1.0453030898518851
4.452317953109741,317,1.768831379076202,-1.0444050163166576
4.452317953109741,318,1.7696626380134304,-1.04350694278143
4.452317953109741,319,1.7704938969506587,-1.0426088692462026
4.452317953109741,320,1.7713251558878873,-1.041710795710975
4.452317953109741,321,1.7721564148251154,-1.0408127221757477
4.452317953109741,322,1.7729876737623438,-1.03991464864052
4.452317953109741,323,1.7738189326995724,-1.0390165751052927
4.452317953109741,324,1.7746501916368005,-1.0381185015700651
4.452317953109741,325,1.7754814505740288,-1.0372204280348376
4.452317953109741,326,1.7763127095112574,-1.03632235449961
4.452317953109741,327,1.7771439684484855,-1.0354242809643825
4.452317953109741,328,1.7779752273857141,-1.0345262074291552
4.452317953109741,329,1.7788064863229425,-1.0336281338939275
4.452317953109741,330,1.7796377452601706,-1.0327300603587002
4.452317953109741,331,1.7804690041973992,-1.0318319868234727
4.452317953109741,332,1.7813002631346275,-1.0309339132882451
4.452317953109741,333,1.782131522071856,-1.0300358397530176
4.452317953109741,334,1.7829627810090842,-1.02913776621779
4.452317953109741,335,1.7837940399463126,-1.0282396926825625
4.452317953109741,336,1.7846252988835412,-1.027341619147335
4.452317953109741,337,1.7854565578207693,-1.0264435456121075
4.452317953109741,338,1.7862878167579976,-1.02554547207688
4.452317953109741,339,1.7871190756952262,-1.0246473985416527
4.452317953109741,340,1.7879503346324543,-1.0237493250064251
4.452317953109741,341,1.788781593569683,-1.0228512514711976
4.452317953109741,342,1.7896128525069113,-1.02195317793597
4.452317953109741,343,1.7904441114441394,-1.0210551044007425
4.452317953109741,344,1.791275370381368,-1.020157030865515
4.452317953109741,345,1.7921066293185963,-1.0192589573302875
4.452317953109741,346,1.7929378882558245,-1.01836088379506
4.452317953109741,347,1.793769147193053,-1.0174628102598327
4.452317953109741,348,1.7946004061302814,-1.016564736724605
4.452317953109741,349,1.7954316650675097,-1.0156666631893776
4.452317953109741,350,1.796262924004738,-1.01476858965415
4.452317953109741,351,1.7970941829419664,-1.0138705161189225
4.452317953109741,352,1.7979254418791948,-1.012972442583695
4.452317953109741,353,1.7987567008164231,-1.0120743690484675
4.452317953109741,354,1.7995879597536515,-1.01117629551324
4.452317953109741,355,1.8004192186908798,-1.0102782219780126
4.452317953109741,356,1.8012504776281082,-1.009380148442785
4.452317953109741,357,1.8020817365653365,-1.0084820749075576
4.452317953109741,358,1.802912995502565,-1.00758400137233
4.452317953109741,359,1.8037442544397932,-1.0066859278371025
4.452317953109741,360,1.8045755133770216,-1.005787854301875
4.452317953109741,361,1.80540677231425,-1.0048897807666475
4.452317953109741,362,1.8062380312514783,-1.00399170723142
4.452317953109741,363,1.8070692901887067,-1.0030936336961926
4.452317953109741,364,1.807900549125935,-1.002195560160965
4.452317953109741,365,1.8087318080631634,-1.0012974866257376
4.452317953109741,366,1.8095630670003917,-1.00039941309051
4.452317953109741,367,1.81039432593762,-0.9995013395552825
4.452317953109741,368,1.8112255848748484,-0.998603266020055
4.452317953109741,369,1.8120568438120768,-0.9977051924848275
4.452317953109741,370,1.8128881027493053,-0.9968071189496
4.452317953109741,371,1.8137193616865335,-0.9959090454143725
4.452317953109741,372,1.8145506206237618,-0.9950109718791449
4.452317953109741,373,1.8153818795609904,-0.9941128983439175
4.452317953109741,374,1.8162131384982185,-0.99321482480869
4.452317953109741,375,1.817044397435447,-0.9923167512734624
4.452317953109741,376,1.8178756563726755,-0.991418677738235
4.452317953109741,377,1.8187069153099036,-0.9905206042030075
4.452317953109741,378,1.8195381742471322,-0.9896225306677799
4.452317953109741,379,1.8203694331843605,-0.9887244571325524
4.452317953109741,380,1.8212006921215886,-0.9878263835973249
4.452317953109741,381,1.8220319510588172,-0.9869283100620975
4.452317953109741,382,1.8228632099960456,-0.98603023652687
4.452317953109741,383,1.8236944689332741,-0.9851321629916424
4.452317953109741,384,1.8245257278705023,-0.984234089456415
4.452317953109741,385,1.8253569868077306,-0.9833360159211875
4.452317953109741,386,1.8261882457449592,-0.9824379423859599
4.452317953109741,387,1.8270195046821873,-0.9815398688507324
4.452317953109741,388,1.8278507636194157,-0.9806417953155049
4.452317953109741,389,1.8286820225566442,-0.9797437217802775
4.452317953109741,390,1.8295132814938724,-0.9788456482450499
4.452317953109741,391,1.830344540431101,-0.9779475747098223
4.452317953109741,392,1.8311757993683293,-0.9770495011745949
4.452317953109741,393,1.8320070583055574,-0.9761514276393675
4.452317953109741,394,1.832838317242786,-0.9752533541041399
4.452317953109741,395,1.8336695761800144,-0.9743552805689124
4.452317953109741,396,1.8345008351172425,-0.9734572070336849
4.452317953109741,397,1.835332094054471,-0.9725591334984574
4.452317953109741,398,1.8361633529916994,-0.9716610599632298
4.452317953109741,399,1.8369946119289278,-0.9707629864280023
4.452317953109741,400,1.8378258708661561,-0.9698649128927749
4.452317953109741,401,1.8386571298033845,-0.9689668393575475
4.452317953109741,402,1.8394883887406128,-0.9680687658223198
4.452317953109741,403,1.8403196476778412,-0.9671706922870924
4.452317953109741,404,1.8411509066150695,-0.9662726187518649
4.452317953109741,405,1.8419821655522979,-0.9653745452166373
4.452317953109741,406,1.8428134244895262,-0.9644764716814098
4.452317953109741,407,1.8436446834267546,-0.9635783981461823
4.452317953109741,408,1.844475942363983,-0.9626803246109549
4.452317953109741,409,1.8453072013012113,-0.9617822510757275
4.452317953109741,410,1.8461384602384396,-0.9608841775404998
4.452317953109741,411,1.846969719175668,-0.9599861040052724
4.452317953109741,412,1.8478009781128966,-0.9590880304700449
4.452317953109741,413,1.8486322370501247,-0.9581899569348173
4.452317953109741,414,1.849463495987353,-0.9572918833995898
4.452317953109741,415,1.8502947549245816,-0.9563938098643623
4.452317953109741,416,1.8511260138618097,-0.9554957363291349
4.452317953109741,417,1.851957272799038,-0.9545976627939075
4.452317953109741,418,1.8527885317362667,-0.9536995892586798
4.452317953109741,419,1.8536197906734948,-0.9528015157234524
4.452317953109741,420,1.8544510496107234,-0.9519034421882249
4.452317953109741,421,1.8552823085479517,-0.9510053686529973
4.452317953109741,422,1.8561135674851799,-0.9501072951177698
4.452317953109741,423,1.8569448264224084,-0.9492092215825423
4.452317953109741,424,1.8577760853596368,-0.9483111480473149
4.452317953109741,425,1.8586073442968651,-0.9474130745120874
4.452317953109741,426,1.8594386032340935,-0.9465150009768598
4.452317953109741,427,1.8602698621713218,-0.9456169274416324
4.452317953109741,428,1.8611011211085502,-0.9447188539064049
4.452317953109741,429,1.8619323800457785,-0.9438207803711773
4.452317953109741,430,1.862763638983007,-0.9429227068359498
4.452317953109741,431,1.8635948979202352,-0.9420246333007223
4.452317953109741,432,1.8644261568574636,-0.9411265597654949
4.452317953109741,433,1.8652574157946922,-0.9402284862302672
4.452317953109741,434,1.8660886747319203,-0.9393304126950398
4.452317953109741,435,1.8669199336691487,-0.9384323391598123
4.452317953109741,436,1.8677511926063772,-0.9375342656245849
4.452317953109741,437,1.8685824515436054,-0.9366361920893572
4.452317953109741,438,1.8694137104808337,-0.9357381185541298
4.452317953109741,439,1.8702449694180623,-0.9348400450189023
4.452317953109741,440,1.8710762283552904,-0.9339419714836749
4.452317953109741,441,1.871907487292519,-0.9330438979484472
4.452317953109741,442,1.8727387462297473,-0.9321458244132198
4.452317953109741,443,1.8735700051669755,-0.9312477508779923
4.452317953109741,444,1.874401264104204,-0.9303496773427649
4.452317953109741,445,1.8752325230414324,-0.9294516038075372
4.452317953109741,446,1.8760637819786605,-0.9285535302723098
4.452317953109741,447,1.876895040915889,-0.9276554567370823
4.452317953109741,448,1.8777262998531175,-0.9267573832018547
4.452317953109741,449,1.8785575587903458,-0.9258593096666272
4.452317953109741,450,1.8793888177275742,-0.9249612361313997
4.452317953109741,451,1.8802200766648025,-0.9240631625961723
4.452317953109741,452,1.8810513356020309,-0.9231650890609446
4.452317953109741,453,1.8818825945392592,-0.9222670155257172
4.452317953109741,454,1.8827138534764878,-0.9213689419904898
4.452317953109741,455,1.883545112413716,-0.9204708684552623
4.452317953109741,456,1.8843763713509443,-0.9195727949200346
4.452317953109741,457,1.8852076302881728,-0.9186747213848072
4.452317953109741,458,1.886038889225401,-0.9177766478495797
4.452317953109741,459,1.8868701481626293,-0.9168785743143523
4.452317953109741,460,1.887701407099858,-0.9159805007791246
4.452317953109741,461,1.888532666037086,-0.9150824272438972
4.452317953109741,462,1.8893639249743146,-0.9141843537086697
4.452317953109741,463,1.890195183911543,-0.9132862801734423
4.452317953109741,464,1.891026442848771,-0.9123882066382146
4.452317953109741,465,1.8918577017859997,-0.9114901331029872
4.452317953109741,466,1.892688960723228,-0.9105920595677597
4.452317953109741,467,1.8935202196604561,-0.9096939860325323
4.452317953109741,468,1.8943514785976847,-0.9087959124973046
4.452317953109741,469,1.895182737534913,-0.9078978389620772
4.452317953109741,470,1.8960139964721414,-0.9069997654268497
4.452317953109741,471,1.8968452554093698,-0.9061016918916222
4.452317953109741,472,1.8976765143465981,-0.9052036183563946
4.452317953109741,473,1.8985077732838265,-0.9043055448211672
4.452317953109741,474,1.8993390322210548,-0.9034074712859397
4.452317953109741,475,1.9001702911582832,-0.9025093977507122
4.452317953109741,476,1.9010015500955115,-0.9016113242154846
4.452317953109741,477,1.9018328090327399,-0.9007132506802572
4.452317953109741,478,1.9026640679699685,-0.8998151771450297
4.452317953109741,479,1.9034953269071966,-0.8989171036098021
4.452317953109741,480,1.904326585844425,-0.8980190300745746
4.452317953109741,481,1.9051578447816533,-0.8971209565393472
4.452317953109741,482,1.9059891037188816,-0.8962228830041197
4.452317953109741,483,1.9068203626561102,-0.8953248094688921
4.452317953109741,484,1.9076516215933383,-0.8944267359336646
4.452317953109741,485,1.9084828805305667,-0.8935286623984372
4.452317953109741,486,1.9093141394677953,-0.8926305888632097
4.452317953109741,487,1.9101453984050234,-0.8917325153279821
4.452317953109741,488,1.9109766573422517,-0.8908344417927546
4.452317953109741,489,1.9118079162794803,-0.8899363682575272
4.452317953109741,490,1.9126391752167085,-0.8890382947222997
4.452317953109741,491,1.913470434153937,-0.8881402211870721
4.452317953109741,492,1.9143016930911654,-0.8872421476518446
4.452317953109741,493,1.9151329520283935,-0.8863440741166172
4.452317953109741,494,1.915964210965622,-0.8854460005813897
4.452317953109741,495,1.9167954699028504,-0.8845479270461621
4.452317953109741,496,1.9176267288400786,-0.8836498535109346
4.452317953109741,497,1.9184579877773071,-0.8827517799757072
4.452317953109741,498,1.9192892467145355,-0.8818537064404797
4.452317953109741,499,1.9201205056517638,-0.8809556329052521
4.452317953109741,500,1.9209517645889922,-0.8800575593700246
4.452317953109741,501,1.9209517645889922,-0.8800575593700246
4.452317953109741,502,1.9226140199455952,-0.878262258446626
4.452317953109741,503,1.9242757502664913,-0.8764686498173399
4.452317953109741,504,1.92593695555168,-0.8746767334821663
4.452317953109741,505,1.9275976358011615,-0.8728865094411052
4.452317953109741,506,1.9292577910149358,-0.8710979776941571
4.452317953109741,507,1.9309174211930031,-0.8693111382413213
4.452317953109741,508,1.9325765263353631,-0.8675259910825982
4.452317953109741,509,1.9342351064420158,-0.8657425362179876
4.452317953109741,510,1.9358931615129615,-0.8639607736474897
4.452317953109741,511,1.9375506915481997,-0.8621807033711044
4.452317953109741,512,1.9392076965477312,-0.8604023253888317
4.452317953109741,513,1.9408641765115553,-0.8586256397006716
4.452317953109741,514,1.9425201314396718,-0.856850646306624
4.452317953109741,515,1.9441755613320817,-0.8550773452066891
4.452317953109741,516,1.945830466188784,-0.8533057364008668
4.452317953109741,517,1.9474848460097793,-0.851535819889157
4.452317953109741,518,1.9491387007950673,-0.8497675956715599
4.452317953109741,519,1.9507920305446482,-0.8480010637480754
4.452317953109741,520,1.952444835258522,-0.8462362241187034
4.452317953109741,521,1.9540971149366886,-0.8444730767834441
4.452317953109741,522,1.9557488695791478,-0.8427116217422972
4.452317953109741,523,1.9574000991859,-0.840951858995263
4.452317953109741,524,1.9590508037569447,-0.8391937885423416
4.452317953109741,525,1.9607009832922826,-0.8374374103835325
4.452317953109741,526,1.9623506377919133,-0.8356827245188363
4.452317953109741,527,1.9639997672558367,-0.8339297309482524
4.452317953109741,528,1.9656483716840527,-0.8321784296717812
4.452317953109741,529,1.9672964510765616,-0.8304288206894227
4.452317953109741,530,1.9689440054333636,-0.8286809040011768
4.452317953109741,531,1.9705910347544584,-0.8269346796070434
4.452317953109741,532,1.9722375390398454,-0.8251901475070226
4.452317953109741,533,1.9738835182895258,-0.8234473077011143
4.452317953109741,534,1.9755289725034988,-0.8217061601893189
4.452317953109741,535,1.9771739016817644,-0.8199667049716357
4.452317953109741,536,1.9788183058243232,-0.8182289420480655
4.452317953109741,537,1.9804621849311748,-0.8164928714186076
4.452317953109741,538,1.9821055390023197,-0.8147584930832626
4.452317953109741,539,1.9837483680377566,-0.81302580704203
4.452317953109741,540,1.9853906720374863,-0.8112948132949102
4.452317953109741,541,1.9870324510015092,-0.8095655118419026
4.452317953109741,542,1.9886737049298244,-0.8078379026830079
4.452317953109741,543,1.990314433822433,-0.8061119858182257
4.452317953109741,544,1.991954637679334,-0.8043877612475561
4.452317953109741,545,1.993594316500528,-0.802665228970999
4.452317953109741,546,1.9952334702860148,-0.8009443889885547
4.452317953109741,547,1.9968720990357942,-0.7992252413002229
4.452317953109741,548,1.9985102027498667,-0.7975077859060036
4.452317953109741,549,2.000147781428232,-0.795792022805897
4.452317953109741,550,2.0017848350708896,-0.794077951999903
4.452317953109741,551,2.0034213636778406,-0.7923655734880217
4.452317953109741,552,2.005057367249084,-0.7906548872702527
4.452317953109741,553,2.0066928457846207,-0.7889458933465966
4.452317953109741,554,2.00832779928445,-0.7872385917170529
4.452317953109741,555,2.0099622277485722,-0.785532982381622
4.452317953109741,556,2.0115961311769865,-0.7838290653403035
4.452317953109741,557,2.0132295095696944,-0.7821268405930977
4.452317953109741,558,2.0148623629266953,-0.7804263081400044
4.452317953109741,559,2.0164946912479884,-0.7787274679810238
4.452317953109741,560,2.0181264945335746,-0.7770303201161558
4.452317953109741,561,2.0197577727834535,-0.7753348645454003
4.452317953109741,562,2.021388525997625,-0.7736411012687575
4.452317953109741,563,2.0230187541760896,-0.7719490302862271
4.452317953109741,564,2.024648457318847,-0.7702586515978096
4.452317953109741,565,2.0262776354258967,-0.7685699652035045
4.452317953109741,566,2.0279062884972396,-0.7668829711033122
4.452317953109741,567,2.0295344165328757,-0.7651976692972322
4.452317953109741,568,2.031162019532804,-0.763514059785265
4.452317953109741,569,2.0327890974970253,-0.7618321425674103
4.452317953109741,570,2.0344156504255397,-0.7601519176436682
4.452317953109741,571,2.036041678318347,-0.7584733850140388
4.452317953109741,572,2.0376671811754465,-0.7567965446785219
4.452317953109741,573,2.0392921589968394,-0.7551213966371176
4.452317953109741,574,2.0409166117825244,-0.753447940889826
4.452317953109741,575,2.042540539532503,-0.751776177436647
4.452317953109741,576,2.044163942246774,-0.7501061062775805
4.452317953109741,577,2.045786819925338,-0.7484377274126266
4.452317953109741,578,2.0474091725681944,-0.7467710408417852
4.452317953109741,579,2.0490310001753436,-0.7451060465650566
4.452317953109741,580,2.0506523027467862,-0.7434427445824405
4.452317953109741,581,2.0522730802825215,-0.7417811348939369
4.452317953109741,582,2.053893332782549,-0.7401212174995462
4.452317953109741,583,2.05551306024687,-0.7384629923992679
4.452317953109741,584,2.0571322626754838,-0.7368064595931022
4.452317953109741,585,2.0587509400683897,-0.7351516190810492
4.452317953109741,586,2.060369092425589,-0.7334984708631086
4.452317953109741,587,2.061986719747081,-0.7318470149392807
4.452317953109741,588,2.063603822032866,-0.7301972513095655
4.452317953109741,589,2.0652203992829437,-0.728549179973963
4.452317953109741,590,2.0668364514973137,-0.7269028009324727
4.452317953109741,591,2.068451978675977,-0.7252581141850953
4.452317953109741,592,2.070066980818933,-0.7236151197318303
4.452317953109741,593,2.071681457926182,-0.7219738175726781
4.452317953109741,594,2.0732954099977237,-0.7203342077076383
4.452317953109741,595,2.0749088370335578,-0.7186962901367112
4.452317953109741,596,2.0765217390336854,-0.7170600648598968
4.452317953109741,597,2.0781341159981053,-0.7154255318771948
4.452317953109741,598,2.0797459679268187,-0.7137926911886054
4.452317953109741,599,2.0813572948198242,-0.7121615427941288
4.452317953109741,600,2.0829680966771225,-0.7105320866937647
4.452317953109741,601,2.084578373498714,-0.7089043228875133
4.452317953109741,602,2.0861881252845977,-0.7072782513753743
4.452317953109741,603,2.087797352034775,-0.7056538721573478
4.452317953109741,604,2.0894060537492445,-0.7040311852334342
4.452317953109741,605,2.091014230428007,-0.7024101906036331
4.452317953109741,606,2.0926218820710623,-0.7007908882679444
4.452317953109741,607,2.0942290086784103,-0.6991732782263685
4.452317953109741,608,2.095835610250051,-0.6975573604789052
4.452317953109741,609,2.0974416867859853,-0.6959431350255545
4.452317953109741,610,2.0990472382862118,-0.6943306018663163
4.452317953109741,611,2.1006522647507313,-0.6927197610011907
4.452317953109741,612,2.1022567661795435,-0.6911106124301778
4.452317953109741,613,2.1038607425726483,-0.6895031561532774
4.452317953109741,614,2.1054641939300462,-0.6878973921704896
4.452317953109741,615,2.1070671202517373,-0.6862933204818146
4.452317953109741,616,2.1086695215377205,-0.6846909410872518
4.452317953109741,617,2.1102713977879963,-0.683090253986802
4.452317953109741,618,2.1118727490025657,-0.6814912591804646
4.452317953109741,619,2.1134735751814278,-0.6798939566682399
4.452317953109741,620,2.1150738763245824,-0.6782983464501277
4.452317953109741,621,2.1166736524320293,-0.6767044285261281
4.452317953109741,622,2.1182729035037697,-0.6751122028962411
4.452317953109741,623,2.1198716295398032,-0.6735216695604669
4.452317953109741,624,2.121469830540129,-0.671932828518805
4.452317953109741,625,2.1230675065047477,-0.6703456797712558
4.452317953109741,626,2.124664657433659,-0.6687602233178193
4.452317953109741,627,2.1262612833268637,-0.6671764591584953
4.452317953109741,628,2.127857384184361,-0.6655943872932839
4.452317953109741,629,2.1294529600061507,-0.6640140077221852
4.452317953109741,630,2.131048010792233,-0.6624353204451988
4.452317953109741,631,2.132642536542609,-0.6608583254623253
4.452317953109741,632,2.1342365372572774,-0.6592830227735643
4.452317953109741,633,2.1358300129362386,-0.6577094123789159
4.452317953109741,634,2.137422963579493,-0.6561374942783802
4.452317953109741,635,2.1390153891870396,-0.6545672684719568
4.452317953109741,636,2.140607289758879,-0.6529987349596463
4.452317953109741,637,2.1421986652950116,-0.6514318937414483
4.452317953109741,638,2.143789515795437,-0.649866744817363
4.452317953109741,639,2.145379841260155,-0.6483032881873901
4.452317953109741,640,2.146969641689166,-0.6467415238515298
4.452317953109741,641,2.1485589170824695,-0.6451814518097823
4.452317953109741,642,2.1501476674400664,-0.6436230720621473
4.452317953109741,643,2.1517358927619554,-0.642066384608625
4.452317953109741,644,2.1533235930481376,-0.640511389449215
4.452317953109741,645,2.1549107682986124,-0.6389580865839177
4.452317953109741,646,2.15649741851338,-0.6374064760127331
4.452317953109741,647,2.1580835436924404,-0.6358565577356611
4.452317953109741,648,2.1596691438357936,-0.6343083317527017
4.452317953109741,649,2.16125421894344,-0.6327617980638548
4.452317953109741,650,2.162838769015379,-0.6312169566691206
4.452317953109741,651,2.1644227940516108,-0.629673807568499
4.452317953109741,652,2.1660062940521354,-0.62813235076199
4.452317953109741,653,2.167589269016953,-0.6265925862495935
4.452317953109741,654,2.1691717189460626,-0.6250545140313097
4.452317953109741,655,2.170753643839466,-0.6235181341071384
4.452317953109741,656,2.172335043697162,-0.6219834464770798
4.452317953109741,657,2.1739159185191506,-0.6204504511411337
4.452317953109741,658,2.175496268305432,-0.6189191480993003
4.452317953109741,659,2.177076093056006,-0.6173895373515793
4.452317953109741,660,2.178655392770873,-0.6158616188979712
4.452317953109741,661,2.1802341674500334,-0.6143353927384755
4.452317953109741,662,2.181812417093486,-0.6128108588730924
4.452317953109741,663,2.1833901417012314,-0.611288017301822
4.452317953109741,664,2.1849673412732695,-0.6097668680246642
4.452317953109741,665,2.1865440158096012,-0.6082474110416188
4.452317953109741,666,2.1881201653102247,-0.6067296463526862
4.452317953109741,667,2.1896957897751417,-0.6052135739578661
4.452317953109741,668,2.191270889204351,-0.6036991938571586
4.452317953109741,669,2.1928454635978536,-0.6021865060505638
4.452317953109741,670,2.1944195129556485,-0.6006755105380814
4.452317953109741,671,2.195993037277737,-0.5991662073197118
4.452317953109741,672,2.1975660365641176,-0.5976585963954547
4.452317953109741,673,2.199138510814791,-0.5961526777653102
4.452317953109741,674,2.2007104600297573,-0.5946484514292784
4.452317953109741,675,2.202281884209017,-0.593145917387359
4.452317953109741,676,2.2038527833525685,-0.5916450756395524
4.452317953109741,677,2.2054231574604137,-0.5901459261858585
4.452317953109741,678,2.206993006532551,-0.588648469026277
4.452317953109741,679,2.2085623305689817,-0.5871527041608081
4.452317953109741,680,2.2101311295697053,-0.5856586315894518
4.452317953109741,681,2.211699403534721,-0.584166251312208
4.452317953109741,682,2.2132671524640304,-0.582675563329077
4.452317953109741,683,2.214834376357632,-0.5811865676400584
4.452317953109741,684,2.2164010752155265,-0.5796992642451526
4.452317953109741,685,2.217967249037714,-0.5782136531443591
4.452317953109741,686,2.2195328978241937,-0.5767297343376786
4.452317953109741,687,2.2210980215749667,-0.5752475078251104
4.452317953109741,688,2.222662620290033,-0.573766973606655
4.452317953109741,689,2.2242266939693907,-0.5722881316823121
4.452317953109741,690,2.2257902426130425,-0.5708109820520817
4.452317953109741,691,2.2273532662209865,-0.5693355247159639
4.452317953109741,692,2.2289157647932236,-0.5678617596739588
4.452317953109741,693,2.2304777383297534,-0.5663896869260663
4.452317953109741,694,2.232039186830576,-0.5649193064722863
4.452317953109741,695,2.2336001102956913,-0.563450618312619
4.452317953109741,696,2.2351605087251,-0.5619836224470641
4.452317953109741,697,2.2367203821188006,-0.5605183188756221
4.452317953109741,698,2.2382797304767945,-0.5590547075982927
4.452317953109741,699,2.239838553799081,-0.5575927886150756
4.452317953109741,700,2.2413968520856606,-0.5561325619259713
4.452317953109741,701,2.2429546253365333,-0.5546740275309795
4.452317953109741,702,2.244511873551698,-0.5532171854301003
4.452317953109741,703,2.246068596731156,-0.5517620356233339
4.452317953109741,704,2.247624794874907,-0.5503085781106798
4.452317953109741,705,2.24918046798295,-0.5488568128921385
4.452317953109741,706,2.2507356160552865,-0.5474067399677098
4.452317953109741,707,2.2522902390919155,-0.5459583593373936
4.452317953109741,708,2.2538443370928376,-0.54451167100119
4.452317953109741,709,2.2553979100580523,-0.5430666749590991
4.452317953109741,710,2.25695095798756,-0.5416233712111209
4.452317953109741,711,2.2585034808813607,-0.5401817597572551
4.452317953109741,712,2.260055478739454,-0.538741840597502
4.452317953109741,713,2.2616069515618396,-0.5373036137318613
4.452317953109741,714,2.2631578993485184,-0.5358670791603335
4.452317953109741,715,2.26470832209949,-0.534432236882918
4.452317953109741,716,2.2662582198147545,-0.5329990868996152
4.452317953109741,717,2.2678075924943117,-0.531567629210425
4.452317953109741,718,2.269356440138162,-0.5301378638153474
4.452317953109741,719,2.2709047627463046,-0.5287097907143824
4.452317953109741,720,2.27245256031874,-0.5272834099075301
4.452317953109741,721,2.273999832855469,-0.5258587213947903
4.452317953109741,722,2.2755465803564903,-0.5244357251761631
4.452317953109741,723,2.2770928028218043,-0.5230144212516485
4.452317953109741,724,2.2786385002514113,-0.5215948096212466
4.452317953109741,725,2.280183672645311,-0.5201768902849571
4.452317953109741,726,2.2817283200035035,-0.5187606632427803
4.452317953109741,727,2.283272442325989,-0.5173461284947162
4.452317953109741,728,2.284816039612767,-0.5159332860407645
4.452317953109741,729,2.286359111863838,-0.5145221358809254
4.452317953109741,730,2.2879016590792016,-0.5131126780151991
4.452317953109741,731,2.2894436812588586,-0.5117049124435852
4.452317953109741,732,2.2909851784028072,-0.5102988391660841
4.452317953109741,733,2.2925261505110495,-0.5088944581826955
4.452317953109741,734,2.2940665975835848,-0.5074917694934195
4.452317953109741,735,2.2956065196204127,-0.506090773098256
4.452317953109741,736,2.2971459166215333,-0.5046914689972052
4.452317953109741,737,2.2986847885869466,-0.503293857190267
4.452317953109741,738,2.300223135516653,-0.5018979376774414
4.452317953109741,739,2.301760957410652,-0.5005037104587283
4.452317953109741,740,2.3032982542689435,-0.49911117553412787
4.452317953109741,741,2.3048350260915282,-0.4977203329036401
4.452317953109741,742,2.3063712728784056,-0.49633118256726483
4.452317953109741,743,2.3079069946295756,-0.4949437245250021
4.452317953109741,744,2.3094421913450387,-0.4935579587768521
4.452317953109741,745,2.310976863024795,-0.4921738853228147
4.452317953109741,746,2.3125110096688433,-0.49079150416288986
4.452317953109741,747,2.314044631277185,-0.48941081529707764
4.452317953109741,748,2.3155777278498197,-0.48803181872537793
4.452317953109741,749,2.317110299386747,-0.4866545144477909
4.452317953109741,750,2.318642345887967,-0.48527890246431643
4.452317953109741,751,2.3201738673534793,-0.4839049827749546
4.452317953109741,752,2.3217048637832853,-0.4825327553797053
4.452317953109741,753,2.3232353351773836,-0.48116222027856864
4.452317953109741,754,2.3247652815357744,-0.47979337747154466
4.452317953109741,755,2.3262947028584584,-0.4784262269586332
4.452317953109741,756,2.327823599145435,-0.4770607687398343
4.452317953109741,757,2.329351970396705,-0.47569700281514804
4.452317953109741,758,2.330879816612267,-0.4743349291845743
4.452317953109741,759,2.3324071377921225,-0.4729745478481133
4.452317953109741,760,2.333933933936271,-0.47161585880576484
4.452317953109741,761,2.3354602050447117,-0.4702588620575289
4.452317953109741,762,2.3369859511174456,-0.4689035576034057
4.452317953109741,763,2.338511172154472,-0.46754994544339495
4.452317953109741,764,2.340035868155791,-0.46619802557749684
4.452317953109741,765,2.3415600391214033,-0.46484779800571135
4.452317953109741,766,2.343083685051308,-0.46349926272803854
4.452317953109741,767,2.344606805945506,-0.4621524197444782
4.452317953109741,768,2.3461294018039967,-0.4608072690550305
4.452317953109741,769,2.34765147262678,-0.45946381065969544
4.452317953109741,770,2.3491730184138557,-0.45812204455847294
4.452317953109741,771,2.3506940391652247,-0.45678197075136306
4.452317953109741,772,2.3522145348808863,-0.4554435892383657
4.452317953109741,773,2.3537345055608414,-0.45410690001948106
4.452317953109741,774,2.3552539512050887,-0.45277190309470894
4.452317953109741,775,2.3567728718136287,-0.45143859846404943
4.452317953109741,776,2.3582912673864618,-0.4501069861275025
4.452317953109741,777,2.3598091379235875,-0.4487770660850682
4.452317953109741,778,2.3613264834250063,-0.44744883833674653
4.452317953109741,779,2.3628433038907177,-0.4461223028825374
4.452317953109741,780,2.364359599320722,-0.44479745972244084
4.452317953109741,781,2.365875369715019,-0.4434743088564569
4.452317953109741,782,2.367390615073609,-0.4421528502845856
4.452317953109741,783,2.3689053353964913,-0.44083308400682686
4.452317953109741,784,2.3704195306836673,-0.4395150100231807
4.452317953109741,785,2.3719332009351355,-0.43819862833364726
4.452317953109741,786,2.373446346150897,-0.4368839389382263
4.452317953109741,787,2.3749589663309503,-0.43557094183691797
4.452317953109741,788,2.3764710614752973,-0.43425963702972226
4.452317953109741,789,2.377982631583937,-0.4329500245166391
4.452317953109741,790,2.379493676656869,-0.4316421042976686
4.452317953109741,791,2.3810041966940942,-0.4303358763728107
4.452317953109741,792,2.3825141916956123,-0.42903134074206534
4.452317953109741,793,2.3840236616614225,-0.4277284974054326
4.452317953109741,794,2.3855326065915268,-0.42642734636291246
4.452317953109741,795,2.3870410264859228,-0.4251278876145049
4.452317953109741,796,2.3885489213446123,-0.4238301211602099
4.452317953109741,797,2.3900562911675944,-0.4225340470000276
4.452317953109741,798,2.3915631359548692,-0.42123966513395783
4.452317953109741,799,2.3930694557064367,-0.41994697556200067
4.452317953109741,800,2.3945752504222972,-0.4186559782841561
4.452317953109741,801,2.3960805201024504,-0.4173666733004242
4.452317953109741,802,2.3975852647468967,-0.4160790606108048
4.452317953109741,803,2.399089484355635,-0.414793140215298
4.452317953109741,804,2.400593178928667,-0.41350891211390384
4.452317953109741,805,2.4020963484659914,-0.4122263763066223
4.452317953109741,806,2.4035989929676087,-0.41094553279345325
4.452317953109741,807,2.4051011124335187,-0.40966638157439683
4.452317953109741,808,2.4066027068637217,-0.40838892264945315
4.452317953109741,809,2.4081037762582174,-0.40711315601862197
4.452317953109741,810,2.4096043206170066,-0.40583908168190336
4.452317953109741,811,2.4111043399400875,-0.4045666996392974
4.452317953109741,812,2.4126038342274616,-0.40329600989080394
4.452317953109741,813,2.4141028034791283,-0.4020270124364232
4.452317953109741,814,2.4156012476950885,-0.40075970727615495
4.452317953109741,815,2.417099166875341,-0.3994940944099994
4.452317953109741,816,2.4185965610198865,-0.3982301738379564
4.452317953109741,817,2.4200934301287247,-0.396967945560026
4.452317953109741,818,2.4215897742018555,-0.3957074095762082
4.452317953109741,819,2.4230855932392794,-0.394448565886503
4.452317953109741,820,2.424580887240996,-0.3931914144909104
4.452317953109741,821,2.4260756562070056,-0.3919359553894304
4.452317953109741,822,2.427569900137308,-0.39068218858206294
4.452317953109741,823,2.4290636190319033,-0.38943011406880823
4.452317953109741,824,2.430556812890791,-0.388179731849666
4.452317953109741,825,2.432049481713971,-0.38693104192463634
4.452317953109741,826,2.4335416255014453,-0.38568404429371933
4.452317953109741,827,2.435033244253211,-0.3844387389569149
4.452317953109741,828,2.4365243379692707,-0.3831951259142231
4.452317953109741,829,2.438014906649623,-0.3819532051656439
4.452317953109741,830,2.4395049502942667,-0.38071297671117715
4.452317953109741,831,2.440994468903205,-0.37947444055082324
4.452317953109741,832,2.442483462476435,-0.37823759668458173
4.452317953109741,833,2.4439719310139583,-0.37700244511245296
4.452317953109741,834,2.445459874515774,-0.3757689858344367
4.452317953109741,835,2.446947292981883,-0.37453721885053304
4.452317953109741,836,2.4484341864122845,-0.37330714416074195
4.452317953109741,837,2.449920554806979,-0.3720787617650635
4.452317953109741,838,2.4514063981659664,-0.3708520716634977
4.452317953109741,839,2.4528917164892468,-0.36962707385604443
4.452317953109741,840,2.4543765097768193,-0.3684037683427038
4.452317953109741,841,2.455860778028685,-0.3671821551234758
4.452317953109741,842,2.4573445212448433,-0.3659622341983603
4.452317953109741,843,2.4588277394252946,-0.3647440055673575
4.452317953109741,844,2.460310432570039,-0.3635274692304672
4.452317953109741,845,2.461792600679076,-0.3623126251876896
4.452317953109741,846,2.463274243752405,-0.36109947343902443
4.452317953109741,847,2.4647553617900275,-0.359888013984472
4.452317953109741,848,2.466235954791943,-0.35867824682403215
4.452317953109741,849,2.467716022758151,-0.35747017195770486
4.452317953109741,850,2.4691955656886524,-0.3562637893854902
4.452317953109741,851,2.470674583583446,-0.35505909910738814
4.452317953109741,852,2.4721530764425323,-0.35385610112339866
4.452317953109741,853,2.473631044265912,-0.35265479543352185
4.452317953109741,854,2.4751084870535838,-0.3514551820377576
4.452317953109741,855,2.476585404805549,-0.3502572609361058
4.452317953109741,856,2.478061797521807,-0.3490610321285668
4.452317953109741,857,2.4795376652023573,-0.3478664956151403
4.452317953109741,858,2.4810130078472006,-0.3466736513958264
4.452317953109741,859,2.482487825456337,-0.34548249947062515
4.452317953109741,860,2.4839621180297664,-0.3442930398395364
4.452317953109741,861,2.4854358855674876,-0.34310527250256034
4.452317953109741,862,2.4869091280695024,-0.34191919745969684
4.452317953109741,863,2.4883818455358098,-0.3407348147109459
4.452317953109741,864,2.4898540379664107,-0.33955212425630765
4.452317953109741,865,2.4913257053613034,-0.3383711260957819
4.452317953109741,866,2.492796847720489,-0.3371918202293688
4.452317953109741,867,2.494267465043968,-0.3360142066570683
4.452317953109741,868,2.49573755733174,-0.33483828537888044
4.452317953109741,869,2.497207124583804,-0.33366405639480506
4.452317953109741,870,2.498676166800161,-0.33249151970484236
4.452317953109741,871,2.5001446839808112,-0.3313206753089923
4.452317953109741,872,2.5016126761257533,-0.3301515232072547
4.452317953109741,873,2.5030801432349894,-0.3289840633996298
4.452317953109741,874,2.5045470853085177,-0.3278182958861175
4.452317953109741,875,2.506013502346339,-0.3266542206667178
4.452317953109741,876,2.5074793943484526,-0.32549183774143065
4.452317953109741,877,2.5089447613148597,-0.3243311471102561
4.452317953109741,878,2.5104096032455594,-0.32317214877319417
4.452317953109741,879,2.5118739201405518,-0.32201484273024483
4.452317953109741,880,2.513337711999837,-0.32085922898140806
4.452317953109741,881,2.514800978823415,-0.31970530752668397
4.452317953109741,882,2.5162637206112857,-0.3185530783660724
4.452317953109741,883,2.5177259373634495,-0.3174025414995735
4.452317953109741,884,2.519187629079906,-0.31625369692718713
4.452317953109741,885,2.520648795760655,-0.31510654464891336
4.452317953109741,886,2.522109437405697,-0.3139610846647522
4.452317953109741,887,2.5235695540150322,-0.31281731697470366
4.452317953109741,888,2.52502914558866,-0.3116752415787677
4.452317953109741,889,2.5264882121265804,-0.3105348584769444
4.452317953109741,890,2.527946753628794,-0.3093961676692336
4.452317953109741,891,2.5294047700953,-0.30825916915563545
4.452317953109741,892,2.530862261526099,-0.30712386293614985
4.452317953109741,893,2.5323192279211906,-0.305990249010777
4.452317953109741,894,2.5337756692805753,-0.30485832737951657
4.452317953109741,895,2.5352315856042527,-0.3037280980423688
4.452317953109741,896,2.536686976892223,-0.3025995609993336
4.452317953109741,897,2.5381418431444858,-0.301472716250411
4.452317953109741,898,2.5395961843610415,-0.30034756379560107
4.452317953109741,899,2.5410500005418903,-0.29922410363490365
4.452317953109741,900,2.542503291687032,-0.2981023357683189
4.452317953109741,901,2.543956057796466,-0.2969822601958467
4.452317953109741,902,2.5454082988701927,-0.2958638769174871
4.452317953109741,903,2.546860014908213,-0.2947471859332401
4.452317953109741,904,2.5483112059105255,-0.29363218724310575
4.452317953109741,905,2.549761871877131,-0.292518880847084
4.452317953109741,906,2.5512120128080293,-0.29140726674517475
4.452317953109741,907,2.55266162870322,-0.29029734493737813
4.452317953109741,908,2.554110719562704,-0.2891891154236942
4.452317953109741,909,2.5555592853864812,-0.28808257820412275
4.452317953109741,910,2.5570073261745505,-0.28697773327866394
4.452317953109741,911,2.558454841926913,-0.28587458064731774
4.452317953109741,912,2.559901832643568,-0.28477312031008417
4.452317953109741,913,2.561348298324516,-0.2836733522669631
4.452317953109741,914,2.562794238969757,-0.2825752765179547
4.452317953109741,915,2.56423965457929,-0.2814788930630589
4.452317953109741,916,2.5656845451531165,-0.28038420190227564
4.452317953109741,917,2.567128910691236,-0.27929120303560506
4.452317953109741,918,2.568572751193648,-0.2781998964630471
4.452317953109741,919,2.5700160666603526,-0.27711028218460165
4.452317953109741,920,2.5714588570913506,-0.2760223602002689
4.452317953109741,921,2.5729011224866407,-0.2749361305100486
4.452317953109741,922,2.574342862846224,-0.273851593113941
4.452317953109741,923,2.5757840781701002,-0.27276874801194595
4.452317953109741,924,2.5772247684582688,-0.2716875952040635
4.452317953109741,925,2.578664933710731,-0.27060813469029366
4.452317953109741,926,2.580104573927485,-0.26953036647063644
4.452317953109741,927,2.5815436891085324,-0.26845429054509184
4.452317953109741,928,2.5829822792538724,-0.26737990691365976
4.452317953109741,929,2.5844203443635054,-0.2663072155763403
4.452317953109741,930,2.585857884437431,-0.26523621653313345
4.452317953109741,931,2.5872948994756495,-0.2641669097840392
4.452317953109741,932,2.588731389478161,-0.26309929532905757
4.452317953109741,933,2.590167354444965,-0.26203337316818853
4.452317953109741,934,2.591602794376062,-0.26096914330143206
4.452317953109741,935,2.593037709271452,-0.2599066057287882
4.452317953109741,936,2.5944720991311345,-0.258845760450257
4.452317953109741,937,2.5959059639551096,-0.25778660746583826
4.452317953109741,938,2.597339303743378,-0.25672914677553227
4.452317953109741,939,2.5987721184959387,-0.25567337837933873
4.452317953109741,940,2.600204408212793,-0.25461930227725793
4.452317953109741,941,2.6016361728939392,-0.2535669184692896
4.452317953109741,942,2.6030674125393793,-0.25251622695543396
4.452317953109741,943,2.604498127149111,-0.25146722773569086
4.452317953109741,944,2.605928316723136,-0.25041992081006037
4.452317953109741,945,2.6073579812614542,-0.2493743061785425
4.452317953109741,946,2.608787120764065,-0.24833038384113723
4.452317953109741,947,2.6102157352309687,-0.24728815379784455
4.452317953109741,948,2.6116438246621647,-0.24624761604866446
4.452317953109741,949,2.613071389057654,-0.24520877059359697
4.452317953109741,950,2.6144984284174355,-0.2441716174326421
4.452317953109741,951,2.6159249427415103,-0.2431361565657998
4.452317953109741,952,2.617350932029878,-0.2421023879930701
4.452317953109741,953,2.6187763962825383,-0.24107031171445298
4.452317953109741,954,2.620201335499491,-0.24003992772994848
4.452317953109741,955,2.621625749680738,-0.2390112360395566
4.452317953109741,956,2.6230496388262763,-0.23798423664327728
4.452317953109741,957,2.624473002936108,-0.23695892954111056
4.452317953109741,958,2.625895842010232,-0.23593531473305646
4.452317953109741,959,2.6273181560486494,-0.23491339221911495
4.452317953109741,960,2.6287399450513593,-0.23389316199928606
4.452317953109741,961,2.6301612090183624,-0.23287462407356974
4.452317953109741,962,2.631581947949658,-0.231857778441966
4.452317953109741,963,2.6330021618452464,-0.2308426251044749
4.452317953109741,964,2.634421850705128,-0.22982916406109638
4.452317953109741,965,2.6358410145293014,-0.22881739531183046
4.452317953109741,966,2.6372596533177686,-0.22780731885667715
4.452317953109741,967,2.638677767070528,-0.2267989346956364
4.452317953109741,968,2.640095355787581,-0.2257922428287083
4.452317953109741,969,2.641512419468926,-0.22478724325589272
4.452317953109741,970,2.642928958114564,-0.2237839359771898
4.452317953109741,971,2.6443449717244953,-0.22278232099259948
4.452317953109741,972,2.6457604602987193,-0.22178239830212176
4.452317953109741,973,2.6471754238372354,-0.2207841679057566
4.452317953109741,974,2.648589862340045,-0.21978762980350405
4.452317953109741,975,2.6500037758071473,-0.21879278399536412
4.452317953109741,976,2.651417164238542,-0.21779963048133671
4.452317953109741,977,2.65283002763423,-0.216808169261422
4.452317953109741,978,2.65424236599421,-0.21581840033561983
4.452317953109741,979,2.655654179318484,-0.2148303237039303
4.452317953109741,980,2.65706546760705,-0.21384393936635335
4.452317953109741,981,2.6584762308599093,-0.21285924732288902
4.452317953109741,982,2.6598864690770605,-0.21187624757353726
4.452317953109741,983,2.6612961822585053,-0.2108949401182981
4.452317953109741,984,2.662705370404243,-0.20991532495717155
4.452317953109741,985,2.6641140335142732,-0.20893740209015757
4.452317953109741,986,2.665522171588596,-0.2079611715172562
4.452317953109741,987,2.6669297846272118,-0.20698663323846742
4.452317953109741,988,2.6683368726301206,-0.20601378725379127
4.452317953109741,989,2.669743435597322,-0.20504263356322766
4.452317953109741,990,2.6711494735288164,-0.2040731721667767
4.452317953109741,991,2.672554986424603,-0.2031054030644383
4.452317953109741,992,2.6739599742846836,-0.20213932625621253
4.452317953109741,993,2.675364437109056,-0.20117494174209935
4.452317953109741,994,2.676768374897722,-0.20021224952209876
4.452317953109741,995,2.6781717876506805,-0.1992512495962108
4.452317953109741,996,2.6795746753679315,-0.19829194196443536
4.452317953109741,997,2.6809770380494755,-0.19733432662677258
4.452317953109741,998,2.6823788756953126,-0.1963784035832224
4.452317953109741,999,2.683780188305442,-0.1954241728337848
4.452317953109741,1000,2.6851809758798644,-0.1944716343784598
4.452317953109741,1001,2.6865812384185794,-0.19352078821724739
4.452317953109741,1002,2.6865812384185794,-0.19352078821724739
4.452317953109741,1003,2.6879812384394413,-0.19257043820308606
4.452317953109741,1004,2.6893812384603026,-0.19161938818891433
4.452317953109741,1005,2.6907812384811645,-0.19066763817473215
4.452317953109741,1006,2.692181238502026,-0.1897151881605395
4.452317953109741,1007,2.6935812385228877,-0.18876203814633646
4.452317953109741,1008,2.694981238543749,-0.18780818813212302
4.452317953109741,1009,2.696381238564611,-0.18685363811789912
4.452317953109741,1010,2.6977812385854723,-0.18589838810366477
4.452317953109741,1011,2.6991812386063336,-0.18494243808941999
4.452317953109741,1012,2.7005812386271955,-0.1839857880751648
4.452317953109741,1013,2.701981238648057,-0.18302843806089916
4.452317953109741,1014,2.7033812386689187,-0.18207038804662312
4.452317953109741,1015,2.7047812386897805,-0.18111163803233662
4.452317953109741,1016,2.706181238710642,-0.1801521880180397
4.452317953109741,1017,2.7075812387315032,-0.17919203800373237
4.452317953109741,1018,2.708981238752366,-0.17823118798941456
4.452317953109741,1019,2.7103812387732273,-0.17726963797508638
4.452317953109741,1020,2.7117812387940883,-0.1763073879607477
4.452317953109741,1021,2.71318123881495,-0.17534443794639867
4.452317953109741,1022,2.714581238835812,-0.17438078793203915
4.452317953109741,1023,2.715981238856673,-0.17341643791766922
4.452317953109741,1024,2.717381238877535,-0.17245138790328884
4.452317953109741,1025,2.7187812388983965,-0.17148563788889806
4.452317953109741,1026,2.7201812389192583,-0.1705191878744968
4.452317953109741,1027,2.72158123894012,-0.1695520378600852
4.452317953109741,1028,2.7229812389609815,-0.16858418784566306
4.452317953109741,1029,2.724381238981843,-0.16761563783123054
4.452317953109741,1030,2.7257812390027047,-0.1666463878167876
4.452317953109741,1031,2.7271812390235666,-0.16567643780233424
4.452317953109741,1032,2.7285812390444275,-0.1647057877878704
4.452317953109741,1033,2.7299812390652893,-0.16373443777339614
4.452317953109741,1034,2.7313812390861507,-0.1627623877589115
4.452317953109741,1035,2.7327812391070125,-0.16178963774441638
4.452317953109741,1036,2.7341812391278744,-0.16081618772991085
4.452317953109741,1037,2.735581239148736,-0.15984203771539487
4.452317953109741,1038,2.7369812391695976,-0.15886718770086847
4.452317953109741,1039,2.73838123919046,-0.15789163768633172
4.452317953109741,1040,2.739781239211321,-0.15691538767178442
4.452317953109741,1041,2.7411812392321835,-0.15593843765722673
4.452317953109741,1042,2.742581239253045,-0.1549607876426586
4.452317953109741,1043,2.7439812392739062,-0.1539824376280801
4.452317953109741,1044,2.745381239294768,-0.15300338761349105
4.452317953109741,1045,2.74678123931563,-0.15202363759889168
4.452317953109741,1046,2.7481812393364913,-0.1510431875842818
4.452317953109741,1047,2.7495812393573527,-0.15006203756966155
4.452317953109741,1048,2.7509812393782145,-0.14908018755503086
4.452317953109741,1049,2.752381239399076,-0.1480976375403897
4.452317953109741,1050,2.7537812394199377,-0.14711438752573813
4.452317953109741,1051,2.7551812394407986,-0.14613043751107616
4.452317953109741,1052,2.756581239461661,-0.14514578749640372
4.452317953109741,1053,2.7579812394825223,-0.14416043748172086
4.452317953109741,1054,2.759381239503384,-0.14317438746702757
4.452317953109741,1055,2.760781239524246,-0.14218763745232385
4.452317953109741,1056,2.7621812395451077,-0.14120018743760968
4.452317953109741,1057,2.7635812395659687,-0.1402120374228851
4.452317953109741,1058,2.7649812395868305,-0.1392231874081501
4.452317953109741,1059,2.766381239607692,-0.13823363739340466
4.452317953109741,1060,2.7677812396285537,-0.13724338737864877
4.452317953109741,1061,2.7691812396494155,-0.13625243736388248
4.452317953109741,1062,2.770581239670277,-0.13526078734910574
4.452317953109741,1063,2.7719812396911387,-0.13426843733431856
4.452317953109741,1064,2.7733812397119997,-0.13327538731952093
4.452317953109741,1065,2.774781239732862,-0.13228163730471293
4.452317953109741,1066,2.7761812397537238,-0.13128718728989444
4.452317953109741,1067,2.777581239774585,-0.1302920372750656
4.452317953109741,1068,2.7789812397954465,-0.12929618726022626
4.452317953109741,1069,2.7803812398163084,-0.1282996372453765
4.452317953109741,1070,2.78178123983717,-0.12730238723051632
4.452317953109741,1071,2.7831812398580316,-0.12630443721564572
4.452317953109741,1072,2.7845812398788934,-0.12530578720076466
4.452317953109741,1073,2.7859812398997543,-0.12430643718587318
4.452317953109741,1074,2.787381239920616,-0.12330638717097127
4.452317953109741,1075,2.788781239941478,-0.12230563715605894
4.452317953109741,1076,2.7901812399623394,-0.1213041871411362
4.452317953109741,1077,2.791581239983201,-0.12030203712620299
4.452317953109741,1078,2.7929812400040626,-0.11929918711125934
4.452317953109741,1079,2.7943812400249244,-0.1182956370963053
4.452317953109741,1080,2.795781240045786,-0.1172913870813408
4.452317953109741,1081,2.797181240066648,-0.11628643706636588
4.452317953109741,1082,2.7985812400875094,-0.1152807870513805
4.452317953109741,1083,2.7999812401083712,-0.11427443703638475
4.452317953109741,1084,2.801381240129233,-0.11326738702137852
4.452317953109741,1085,2.8027812401500944,-0.11225963700636189
4.452317953109741,1086,2.8041812401709563,-0.11125118699133481
4.452317953109741,1087,2.8055812401918176,-0.11024203697629728
4.452317953109741,1088,2.8069812402126795,-0.10923218696124935
4.452317953109741,1089,2.808381240233541,-0.10822163694619098
4.452317953109741,1090,2.809781240254403,-0.10721038693112221
4.452317953109741,1091,2.8111812402752645,-0.106198436916043
4.452317953109741,1092,2.812581240296126,-0.10518578690095334
4.452317953109741,1093,2.8139812403169877,-0.10417243688585325
4.452317953109741,1094,2.815381240337849,-0.10315838687074272
4.452317953109741,1095,2.816781240358711,-0.10214363685562176
4.452317953109741,1096,2.8181812403795727,-0.10112818684049038
4.452317953109741,1097,2.819581240400434,-0.10011203682534858
4.452317953109741,1098,2.820981240421296,-0.09909518681019633
4.452317953109741,1099,2.8223812404421578,-0.09807763679503365
4.452317953109741,1100,2.823781240463019,-0.09705938677986053
4.452317953109741,1101,2.8251812404838805,-0.096040436764677
4.452317953109741,1102,2.826581240504743,-0.09502078674948303
4.452317953109741,1103,2.8279812405256037,-0.09400043673427862
4.452317953109741,1104,2.8293812405464656,-0.09297938671906378
4.452317953109741,1105,2.8307812405673274,-0.09195763670383852
4.452317953109741,1106,2.8321812405881888,-0.09093518668860283
4.452317953109741,1107,2.8335812406090506,-0.08991203667335673
4.452317953109741,1108,2.834981240629912,-0.08888818665810015
4.452317953109741,1109,2.8363812406507733,-0.08786363664283317
4.452317953109741,1110,2.8377812406716356,-0.08683838662755576
4.452317953109741,1111,2.839181240692497,-0.08581243661226792
4.452317953109741,1112,2.840581240713358,-0.08478578659696964
4.452317953109741,1113,2.8419812407342206,-0.08375843658166092
4.452317953109741,1114,2.8433812407550816,-0.0827303865663418
4.452317953109741,1115,2.8447812407759434,-0.08170163655101222
4.452317953109741,1116,2.8461812407968052,-0.08067218653567222
4.452317953109741,1117,2.8475812408176666,-0.07964203652032176
4.452317953109741,1118,2.848981240838528,-0.0786111865049609
4.452317953109741,1119,2.85038124085939,-0.07757963648958963
4.452317953109741,1120,2.8517812408802516,-0.0765473864742079
4.452317953109741,1121,2.853181240901113,-0.07551443645881575
4.452317953109741,1122,2.8545812409219744,-0.07448078644341316
4.452317953109741,1123,2.8559812409428362,-0.07344643642800014
4.452317953109741,1124,2.8573812409636976,-0.0724113864125767
4.452317953109741,1125,2.858781240984559,-0.07137563639714282
4.452317953109741,1126,2.860181241005421,-0.07033918638169852
4.452317953109741,1127,2.8615812410262826,-0.06930203636624377
4.452317953109741,1128,2.862981241047144,-0.0682641863507786
4.452317953109741,1129,2.864381241068006,-0.067225636335303
4.452317953109741,1130,2.8657812410888677,-0.06618638631981698
4.452317953109741,1131,2.867181241109729,-0.06514643630432049
4.452317953109741,1132,2.868581241130591,-0.0641057862888136
4.452317953109741,1133,2.8699812411514523,-0.06306443627329629
4.452317953109741,1134,2.871381241172314,-0.06202238625776853
4.452317953109741,1135,2.8727812411931755,-0.06097963624223034
4.452317953109741,1136,2.8741812412140373,-0.059936186226681724
4.452317953109741,1137,2.8755812412348987,-0.05889203621112266
4.452317953109741,1138,2.8769812412557605,-0.05784718619555321
4.452317953109741,1139,2.8783812412766223,-0.056801636179973275
4.452317953109741,1140,2.8797812412974837,-0.05575538616438294
4.452317953109741,1141,2.8811812413183455,-0.05470843614878217
4.452317953109741,1142,2.882581241339207,-0.05366078613317096
4.452317953109741,1143,2.8839812413600687,-0.052612436117549344
4.452317953109741,1144,2.8853812413809306,-0.05156338610191728
4.452317953109741,1145,2.886781241401792,-0.05051363608627478
4.452317953109741,1146,2.8881812414226538,-0.04946318607062186
4.452317953109741,1147,2.8895812414435147,-0.04841203605495852
4.452317953109741,1148,2.8909812414643765,-0.047360186039284706
4.452317953109741,1149,2.8923812414852383,-0.046307636023600496
4.452317953109741,1150,2.8937812415060997,-0.04525438600790585
4.452317953109741,1151,2.8951812415269615,-0.044200435992200776
4.452317953109741,1152,2.8965812415478225,-0.04314578597648526
4.452317953109741,1153,2.8979812415686843,-0.042090435960759315
4.452317953109741,1154,2.899381241589546,-0.041034385945022955
4.452317953109741,1155,2.900781241610408,-0.03997763592927615
4.452317953109741,1156,2.90218124163127,-0.038920185913518916
4.452317953109741,1157,2.903581241652131,-0.03786203589775126
4.452317953109741,1158,2.904981241672993,-0.03680318588197314
4.452317953109741,1159,2.906381241693854,-0.03574363586618461
4.452317953109741,1160,2.9077812417147157,-0.03468338585038566
4.452317953109741,1161,2.9091812417355776,-0.03362243583457629
4.452317953109741,1162,2.910581241756439,-0.03256078581875647
4.452317953109741,1163,2.9119812417773008,-0.031498435802926224
4.452317953109741,1164,2.9133812417981626,-0.030435385787085552
4.452317953109741,1165,2.914781241819024,-0.029371635771234424
4.452317953109741,1166,2.9161812418398854,-0.028307185755372888
4.452317953109741,1167,2.9175812418607476,-0.027242035739500924
4.452317953109741,1168,2.918981241881609,-0.02617618572361849
4.452317953109741,1169,2.9203812419024704,-0.025109635707725668
4.452317953109741,1170,2.921781241923332,-0.02404238569182241
4.452317953109741,1171,2.923181241944194,-0.02297443567590872
4.452317953109741,1172,2.9245812419650554,-0.021905785659984578
4.452317953109741,1173,2.925981241985917,-0.020836435644050015
4.452317953109741,1174,2.9273812420067786,-0.01976638562810503
4.452317953109741,1175,2.9287812420276405,-0.018695635612149618
4.452317953109741,1176,2.930181242048502,-0.017624185596183763
4.452317953109741,1177,2.9315812420693637,-0.016552035580207493
4.452317953109741,1178,2.9329812420902255,-0.015479185564220808
4.452317953109741,1179,2.9343812421110873,-0.014405635548223675
4.452317953109741,1180,2.935781242131949,-0.013331385532216106
4.452317953109741,1181,2.9371812421528105,-0.012256435516198101
4.452317953109741,1182,2.938581242173672,-0.011180785500169654
4.452317953109741,1183,2.9399812421945337,-0.010104435484130793
4.452317953109741,1184,2.941381242215395,-0.009027385468081489
4.452317953109741,1185,2.942781242236257,-0.007949635452021785
4.452317953109741,1186,2.9441812422571183,-0.00687118543595161
4.452317953109741,1187,2.94558124227798,-0.005792035419871035
4.452317953109741,1188,2.946981242298842,-0.00471218540378001
4.452317953109741,1189,2.9483812423197038,-0.00363163538767855
4.452317953109741,1190,2.949781242340565,-0.0025503853715666686
4.452317953109741,1191,2.951181242361427,-0.0014684353554443585
4.452317953109741,1192,2.952581242382289,-0.000385785339311627
4.452317953109741,1193,2.9539812424031497,0.0006975646768315538
4.452317953109741,1194,2.955381242424012,0.0017816146929851492
4.452317953109741,1195,2.9567812424448734,0.002866364709149201
4.452317953109741,1196,2.9581812424657348,0.003951814725323674
4.452317953109741,1197,2.959581242486596,0.005037964741508562
4.452317953109741,1198,2.960981242507458,0.006124814757703892
4.452317953109741,1199,2.96238124252832,0.007212364773909644
4.452317953109741,1200,2.9637812425491816,0.008300614790125838
4.452317953109741,1201,2.965181242570043,0.009389564806352474
4.452317953109741,1202,2.966581242590905,0.010479214822589518
4.452317953109741,1203,2.967981242611766,0.011569564838836997
4.452317953109741,1204,2.969381242632628,0.012660614855094898
4.452317953109741,1205,2.97078124265349,0.013752364871363242
4.452317953109741,1206,2.972181242674351,0.014844814887642027
4.452317953109741,1207,2.9735812426952126,0.015937964903931227
4.452317953109741,1208,2.9749812427160744,0.017031814920230877
4.452317953109741,1209,2.9763812427369363,0.018126364936540934
4.452317953109741,1210,2.9777812427577977,0.019221614952861427
4.452317953109741,1211,2.97918124277866,0.02031756496919232
4.452317953109741,1212,2.980581242799521,0.021414214985533676
4.452317953109741,1213,2.981981242820383,0.02251156500188546
4.452317953109741,1214,2.9833812428412445,0.02360961501824768
4.452317953109741,1215,2.9847812428621063,0.024708365034620344
4.452317953109741,1216,2.9861812428829673,0.02580781505100342
4.452317953109741,1217,2.987581242903829,0.026907965067396934
4.452317953109741,1218,2.988981242924691,0.028008815083800875
4.452317953109741,1219,2.9903812429455527,0.029110365100215252
4.452317953109741,1220,2.991781242966414,0.030212615116640064
4.452317953109741,1221,2.9931812429872755,0.03131556513307529
4.452317953109741,1222,2.9945812430081373,0.032419215149520966
4.452317953109741,1223,2.995981243028999,0.033523565165977064
4.452317953109741,1224,2.997381243049861,0.03462861518244359
4.452317953109741,1225,2.998781243070722,0.03573436519892056
4.452317953109741,1226,3.0001812430915837,0.036840815215407954
4.452317953109741,1227,3.0015812431124456,0.03794796523190576
4.452317953109741,1228,3.0029812431333074,0.039055815248414005
4.452317953109741,1229,3.004381243154169,0.04016436526493271
4.452317953109741,1230,3.0057812431750306,0.04127361528146182
4.452317953109741,1231,3.0071812431958924,0.04238356529800136
4.452317953109741,1232,3.008581243216754,0.04349421531455134
4.452317953109741,1233,3.0099812432376156,0.044605565331111735
4.452317953109741,1234,3.0113812432584766,0.04571761534768258
4.452317953109741,1235,3.0127812432793384,0.04683036536426385
4.452317953109741,1236,3.0141812433002,0.04794381538085554
4.452317953109741,1237,3.015581243321062,0.04905796539745767
4.452317953109741,1238,3.0169812433419234,0.050172815414070246
4.452317953109741,1239,3.0183812433627852,0.05128836543069323
4.452317953109741,1240,3.019781243383647,0.05240461544732665
4.452317953109741,1241,3.0211812434045084,0.05352156546397051
4.452317953109741,1242,3.0225812434253694,0.05463921548062477
4.452317953109741,1243,3.023981243446231,0.055757565497289475
4.452317953109741,1244,3.0253812434670926,0.056876615513964626
4.452317953109741,1245,3.0267812434879544,0.05799636553065021
4.452317953109741,1246,3.0281812435088162,0.05911681554734621
4.452317953109741,1247,3.0295812435296776,0.06023796556405265
4.452317953109741,1248,3.0309812435505394,0.06135981558076953
4.452317953109741,1249,3.032381243571401,0.06248236559749682
4.452317953109741,1250,3.0337812435922626,0.06360561561423453
4.452317953109741,1251,3.0351812436131245,0.0647295656309827
4.452317953109741,1252,3.036581243633986,0.0658542156477413
4.452317953109741,1253,3.0379812436548472,0.06697956566451031
4.452317953109741,1254,3.039381243675709,0.06810561568128978
4.452317953109741,1255,3.040781243696571,0.06923236569807965
4.452317953109741,1256,3.0421812437174323,0.07035981571487998
4.452317953109741,1257,3.0435812437382936,0.07148796573169072
4.452317953109741,1258,3.0449812437591555,0.07261681574851189
4.452317953109741,1259,3.046381243780017,0.0737463657653435
4.452317953109741,1260,3.0477812438008787,0.07487661578218553
4.452317953109741,1261,3.0491812438217405,0.076007565799038
4.452317953109741,1262,3.050581243842602,0.07713921581590091
4.452317953109741,1263,3.0519812438634637,0.07827156583277423
4.452317953109741,1264,3.053381243884326,0.07940461584965801
4.452317953109741,1265,3.054781243905187,0.0805383658665522
4.452317953109741,1266,3.0561812439260487,0.08167281588345682
4.452317953109741,1267,3.05758124394691,0.08280796590037187
4.452317953109741,1268,3.0589812439677724,0.08394381591729737
4.452317953109741,1269,3.0603812439886333,0.08508036593423327
4.452317953109741,1270,3.061781244009495,0.08621761595117963
4.452317953109741,1271,3.063181244030357,0.0873555659681364
4.452317953109741,1272,3.0645812440512183,0.0884942159851036
4.452317953109741,1273,3.0659812440720797,0.08963356600208124
4.452317953109741,1274,3.067381244092942,0.0907736160190693
4.452317953109741,1275,3.0687812441138034,0.09191436603606781
4.452317953109741,1276,3.0701812441346648,0.09305581605307675
4.452317953109741,1277,3.071581244155526,0.0941979660700961
4.452317953109741,1278,3.072981244176388,0.09534081608712588
4.452317953109741,1279,3.07438124419725,0.09648436610416614
4.452317953109741,1280,3.0757812442181116,0.0976286161212168
4.452317953109741,1281,3.0771812442389734,0.09877356613827788
4.452317953109741,1282,3.078581244259835,0.09991921615534938
4.452317953109741,1283,3.079981244280696,0.10106556617243134
4.452317953109741,1284,3.081381244301558,0.10221261618952371
4.452317953109741,1285,3.08278124432242,0.10336036620662653
4.452317953109741,1286,3.084181244343281,0.10450881622373977
4.452317953109741,1287,3.0855812443641426,0.10565796624086342
4.452317953109741,1288,3.0869812443850044,0.10680781625799754
4.452317953109741,1289,3.0883812444058663,0.10795836627514208
4.452317953109741,1290,3.0897812444267276,0.10910961629229701
4.452317953109741,1291,3.091181244447589,0.11026156630946235
4.452317953109741,1292,3.092581244468451,0.1114142163266382
4.452317953109741,1293,3.0939812444893127,0.11256756634382445
4.452317953109741,1294,3.095381244510174,0.11372161636102111
4.452317953109741,1295,3.0967812445310354,0.11487636637822826
4.452317953109741,1296,3.0981812445518973,0.11603181639544577
4.452317953109741,1297,3.099581244572759,0.11718796641267376
4.452317953109741,1298,3.1009812445936205,0.11834481642991215
4.452317953109741,1299,3.1023812446144827,0.11950236644716102
4.452317953109741,1300,3.1037812446353437,0.12066061646442029
4.452317953109741,1301,3.1051812446562055,0.12181956648169
4.452317953109741,1302,3.1065812446770673,0.12297921649897013
4.452317953109741,1303,3.1079812446979287,0.12413956651626068
4.452317953109741,1304,3.1093812447187905,0.12530061653356167
4.452317953109741,1305,3.110781244739652,0.12646236655087312
4.452317953109741,1306,3.1121812447605137,0.12762481656819494
4.452317953109741,1307,3.113581244781375,0.12878796658552727
4.452317953109741,1308,3.1149812448022365,0.12995181660286997
4.452317953109741,1309,3.1163812448230988,0.1311163666202231
4.452317953109741,1310,3.11778124484396,0.1322816166375867
4.452317953109741,1311,3.119181244864822,0.13344756665496071
4.452317953109741,1312,3.120581244885684,0.13461421667234513
4.452317953109741,1313,3.121981244906545,0.13578156668974
4.452317953109741,1314,3.1233812449274065,0.13694961670714534
4.452317953109741,1315,3.1247812449482684,0.13811836672456107
4.452317953109741,1316,3.1261812449691297,0.1392878167419872
4.452317953109741,1317,3.127581244989991,0.14045796675942382
4.452317953109741,1318,3.128981245010853,0.14162881677687084
4.452317953109741,1319,3.1303812450317148,0.14280036679432828
4.452317953109741,1320,3.1317812450525766,0.14397261681179618
4.452317953109741,1321,3.133181245073438,0.14514556682927449
4.452317953109741,1322,3.1345812450942994,0.14631921684676324
4.452317953109741,1323,3.135981245115161,0.14749356686426243
4.452317953109741,1324,3.137381245136023,0.14866861688177202
4.452317953109741,1325,3.138781245156885,0.14984436689929206
4.452317953109741,1326,3.1401812451777458,0.15102081691682254
4.452317953109741,1327,3.1415812451986076,0.15219796693436347
4.452317953109741,1328,3.1429812452194694,0.15337581695191477
4.452317953109741,1329,3.1443812452403312,0.15455436696947655
4.452317953109741,1330,3.145781245261193,0.15573361698704874
4.452317953109741,1331,3.147181245282054,0.15691356700463135
4.452317953109741,1332,3.148581245302916,0.15809421702222443
4.452317953109741,1333,3.1499812453237777,0.1592755670398279
4.452317953109741,1334,3.1513812453446395,0.16045761705744183
4.452317953109741,1335,3.1527812453655004,0.16164036707506618
4.452317953109741,1336,3.1541812453863627,0.16282381709270097
4.452317953109741,1337,3.155581245407224,0.16400796711034618
4.452317953109741,1338,3.1569812454280854,0.16519281712800182
4.452317953109741,1339,3.1583812454489473,0.1663783671456679
4.452317953109741,1340,3.1597812454698087,0.1675646171633444
4.452317953109741,1341,3.1611812454906705,0.16875156718103132
4.452317953109741,1342,3.1625812455115323,0.16993921719872868
4.452317953109741,1343,3.163981245532394,0.17112756721643652
4.452317953109741,1344,3.165381245553255,0.1723166172341547
4.452317953109741,1345,3.166781245574117,0.17350636725188337
4.452317953109741,1346,3.1681812455949787,0.17469681726962247
4.452317953109741,1347,3.1695812456158405,0.175887967287372
4.452317953109741,1348,3.1709812456367015,0.17707981730513192
4.452317953109741,1349,3.1723812456575633,0.1782723673229023
4.452317953109741,1350,3.173781245678425,0.17946561734068311
4.452317953109741,1351,3.175181245699287,0.18065956735847435
4.452317953109741,1352,3.1765812457201488,0.18185421737627602
4.452317953109741,1353,3.17798124574101,0.18304956739408815
4.452317953109741,1354,3.1793812457618715,0.18424561741191062
4.452317953109741,1355,3.1807812457827334,0.18544236742974357
4.452317953109741,1356,3.1821812458035947,0.18663981744758695
4.452317953109741,1357,3.183581245824457,0.18783796746544082
4.452317953109741,1358,3.184981245845318,0.18903681748330506
4.452317953109741,1359,3.1863812458661798,0.19023636750117973
4.452317953109741,1360,3.1877812458870416,0.19143661751906488
4.452317953109741,1361,3.189181245907903,0.1926375675369604
4.452317953109741,1362,3.1905812459287644,0.1938392175548664
4.452317953109741,1363,3.191981245949626,0.19504156757278282
4.452317953109741,1364,3.193381245970488,0.19624461759070966
4.452317953109741,1365,3.19478124599135,0.19744836760864692
4.452317953109741,1366,3.196181246012211,0.19865281762659465
4.452317953109741,1367,3.1975812460330726,0.19985796764455274
4.452317953109741,1368,3.1989812460539344,0.20106381766252135
4.452317953109741,1369,3.2003812460747962,0.20227036768050033
4.452317953109741,1370,3.2017812460956576,0.20347761769848977
4.452317953109741,1371,3.2031812461165194,0.20468556771648963
4.452317953109741,1372,3.204581246137381,0.2058942177344999
4.452317953109741,1373,3.205981246158242,0.20710356775252062
4.452317953109741,1374,3.2073812461791045,0.2083136177705518
4.452317953109741,1375,3.208781246199966,0.20952436778859337
4.452317953109741,1376,3.2101812462208272,0.21073581780664538
4.452317953109741,1377,3.211581246241689,0.21194796782470782
4.452317953109741,1378,3.212981246262551,0.21316081784278068
4.452317953109741,1379,3.2143812462834127,0.214374367860864
4.452317953109741,1380,3.215781246304274,0.21558861787895775
4.452317953109741,1381,3.2171812463251355,0.21680356789706187
4.452317953109741,1382,3.2185812463459973,0.2180192179151765
4.452317953109741,1383,3.219981246366859,0.21923556793330154
4.452317953109741,1384,3.2213812463877205,0.22045261795143697
4.452317953109741,1385,3.222781246408582,0.2216703679695829
4.452317953109741,1386,3.2241812464294437,0.22288881798773919
4.452317953109741,1387,3.2255812464503046,0.22410796800590593
4.452317953109741,1388,3.226981246471167,0.22532781802408314
4.452317953109741,1389,3.2283812464920283,0.22654836804227074
4.452317953109741,1390,3.22978124651289,0.2277696180604688
4.452317953109741,1391,3.231181246533752,0.22899156807867727
4.452317953109741,1392,3.2325812465546138,0.23021421809689618
4.452317953109741,1393,3.233981246575475,0.23143756811512553
4.452317953109741,1394,3.2353812465963374,0.2326616181333653
4.452317953109741,1395,3.236781246617198,0.23388636815161545
4.452317953109741,1396,3.23818124663806,0.23511181816987609
4.452317953109741,1397,3.239581246658922,0.23633796818814717
4.452317953109741,1398,3.240981246679783,0.23756481820642864
4.452317953109741,1399,3.2423812467006448,0.2387923682247206
4.452317953109741,1400,3.2437812467215066,0.24002061824302293
4.452317953109741,1401,3.245181246742368,0.2412495682613357
4.452317953109741,1402,3.24658124676323,0.24247921827965896
4.452317953109741,1403,3.2479812467840916,0.24370956829799256
4.452317953109741,1404,3.249381246804953,0.24494061831633665
4.452317953109741,1405,3.250781246825815,0.24617236833469114
4.452317953109741,1406,3.2521812468466766,0.2474048183530561
4.452317953109741,1407,3.2535812468675376,0.24863796837143146
4.452317953109741,1408,3.2549812468883994,0.24987181838981723
4.452317953109741,1409,3.2563812469092612,0.2511063684082135
4.452317953109741,1410,3.257781246930123,0.2523416184266201
4.452317953109741,1411,3.2591812469509844,0.2535775684450372
4.452317953109741,1412,3.260581246971846,0.25481421846346475
4.452317953109741,1413,3.2619812469927076,0.2560515684819027
4.452317953109741,1414,3.2633812470135695,0.25728961850035115
4.452317953109741,1415,3.264781247034431,0.25852836851880995
4.452317953109741,1416,3.2661812470552922,0.25976781853727915
4.452317953109741,1417,3.267581247076154,0.2610079685557588
4.452317953109741,1418,3.268981247097016,0.2622488185742489
4.452317953109741,1419,3.2703812471178773,0.2634903685927494
4.452317953109741,1420,3.271781247138739,0.26473261861126035
4.452317953109741,1421,3.2731812471596005,0.2659755686297818
4.452317953109741,1422,3.2745812471804623,0.2672192186483136
4.452317953109741,1423,3.2759812472013237,0.26846356866685583
4.452317953109741,1424,3.277381247222186,0.2697086186854085
4.452317953109741,1425,3.278781247243047,0.27095436870397166
4.452317953109741,1426,3.2801812472639087,0.2722008187225452
4.452317953109741,1427,3.28158124728477,0.2734479687411292
4.452317953109741,1428,3.282981247305632,0.27469581875972365
4.452317953109741,1429,3.2843812473264933,0.27594436877832845
4.452317953109741,1430,3.285781247347355,0.27719361879694376
4.452317953109741,1431,3.2871812473682165,0.2784435688155695
4.452317953109741,1432,3.2885812473890783,0.2796942188342056
4.452317953109741,1433,3.28998124740994,0.28094556885285216
4.452317953109741,1434,3.2913812474308015,0.2821976188715092
4.452317953109741,1435,3.2927812474516633,0.2834503688901766
4.452317953109741,1436,3.294181247472525,0.2847038189088545
4.452317953109741,1437,3.2955812474933865,0.28595796892754277
4.452317953109741,1438,3.296981247514248,0.28721281894624145
4.452317953109741,1439,3.2983812475351098,0.2884683689649506
4.452317953109741,1440,3.2997812475559716,0.2897246189836702
4.452317953109741,1441,3.3011812475768334,0.2909815690024002
4.452317953109741,1442,3.302581247597695,0.29223921902114064
4.452317953109741,1443,3.303981247618557,0.29349756903989155
4.452317953109741,1444,3.305381247639418,0.2947566190586529
4.452317953109741,1445,3.30678124766028,0.2960163690774246
4.452317953109741,1446,3.3081812476811416,0.2972768190962068
4.452317953109741,1447,3.309581247702003,0.2985379691149994
4.452317953109741,1448,3.310981247722865,0.29979981913380244
4.452317953109741,1449,3.312381247743726,0.3010623691526159
4.452317953109741,1450,3.313781247764588,0.3023256191714398
4.452317953109741,1451,3.315181247785449,0.3035895691902741
4.452317953109741,1452,3.316581247806311,0.3048542192091188
4.452317953109741,1453,3.317981247827172,0.306119569227974
4.452317953109741,1454,3.319381247848034,0.3073856192468396
4.452317953109741,1455,3.3207812478688954,0.3086523692657157
4.452317953109741,1456,3.322181247889758,0.30991981928460216
4.452317953109741,1457,3.3235812479106195,0.31118796930349907
4.452317953109741,1458,3.3249812479314804,0.31245681932240643
4.452317953109741,1459,3.326381247952342,0.3137263693413242
4.452317953109741,1460,3.3277812479732036,0.31499661936025236
4.452317953109741,1461,3.3291812479940655,0.316267569379191
4.452317953109741,1462,3.330581248014927,0.31753921939814006
4.452317953109741,1463,3.331981248035789,0.3188115694170996
4.452317953109741,1464,3.3333812480566505,0.3200846194360695
4.452317953109741,1465,3.3347812480775123,0.3213583694550499
4.452317953109741,1466,3.3361812480983737,0.32263281947404066
4.452317953109741,1467,3.3375812481192355,0.32390796949304185
4.452317953109741,1468,3.338981248140097,0.3251838195120535
4.452317953109741,1469,3.3403812481609587,0.3264603695310756
4.452317953109741,1470,3.34178124818182,0.3277376195501081
4.452317953109741,1471,3.343181248202682,0.329015569569151
4.452317953109741,1472,3.3445812482235437,0.3302942195882044
4.452317953109741,1473,3.345981248244405,0.3315735696072682
4.452317953109741,1474,3.347381248265267,0.33285361962634247
4.452317953109741,1475,3.3487812482861288,0.33413436964542714
4.452317953109741,1476,3.35018124830699,0.3354158196645222
4.452317953109741,1477,3.3515812483278515,0.33669796968362775
4.452317953109741,1478,3.3529812483487134,0.3379808197027437
4.452317953109741,1479,3.354381248369575,0.3392643697218701
4.452317953109741,1480,3.3557812483904366,0.34054861974100686
4.452317953109741,1481,3.357181248411298,0.34183356976015417
4.452317953109741,1482,3.3585812484321598,0.34311921977931176
4.452317953109741,1483,3.359981248453021,0.34440556979847986
4.452317953109741,1484,3.361381248473883,0.34569261981765836
4.452317953109741,1485,3.362781248494745,0.3469803698368474
4.452317953109741,1486,3.364181248515606,0.34826881985604674
4.452317953109741,1487,3.365581248536468,0.34955796987525656
4.452317953109741,1488,3.3669812485573294,0.3508478198944769
4.452317953109741,1489,3.368381248578191,0.35213836991370756
4.452317953109741,1490,3.369781248599053,0.3534296199329487
4.452317953109741,1491,3.3711812486199144,0.3547215699522003
4.452317953109741,1492,3.372581248640776,0.3560142199714622
4.452317953109741,1493,3.3739812486616376,0.3573075699907346
4.452317953109741,1494,3.3753812486824994,0.3586016200100175
4.452317953109741,1495,3.376781248703361,0.35989637002931074
4.452317953109741,1496,3.3781812487242227,0.3611918200486145
4.452317953109741,1497,3.379581248745084,0.3624879700679286
4.452317953109741,1498,3.3809812487659454,0.36378482008725316
4.452317953109741,1499,3.3823812487868077,0.3650823701065882
4.452317953109741,1500,3.383781248807669,0.36638062012593364
4.452317953109741,1501,3.385181248828531,0.3676795701452895
4.452317953109741,1502,3.3865812488493923,0.3689792201646558
4.452317953109741,1503,3.3865812488493923,0.3689792201646558
4.452317953109741,1504,3.3879811488702525,0.37027972018403477
4.452317953109741,1505,3.3893808488911095,0.3715812202034286
4.452317953109741,1506,3.390780348911964,0.3728837202228374
4.452317953109741,1507,3.3921796489328147,0.37418722024226103
4.452317953109741,1508,3.3935787489536633,0.3754917202616996
4.452317953109741,1509,3.3949776489745083,0.3767972202811531
4.452317953109741,1510,3.3963763489953505,0.3781037203006214
4.452317953109741,1511,3.39777484901619,0.3794112203201047
4.452317953109741,1512,3.399173149037026,0.3807197203396029
4.452317953109741,1513,3.400571249057859,0.3820292203591159
4.452317953109741,1514,3.40196914907869,0.38333972037864394
4.452317953109741,1515,3.4033668490995175,0.3846512203981868
4.452317953109741,1516,3.4047643491203416,0.3859637204177445
4.452317953109741,1517,3.4061616491411626,0.38727722043731727
4.452317953109741,1518,3.407558749161981,0.38859172045690477
4.452317953109741,1519,3.4089556491827966,0.3899072204765073
4.452317953109741,1520,3.410352349203609,0.39122372049612464
4.452317953109741,1521,3.411748849224418,0.39254122051575685
4.452317953109741,1522,3.4131451492452247,0.39385972053540413
4.452317953109741,1523,3.4145412492660285,0.39517922055506616
4.452317953109741,1524,3.4159371492868287,0.3964997205747432
4.452317953109741,1525,3.4173328493076265,0.39782122059443503
4.452317953109741,1526,3.418728349328421,0.3991437206141418
4.452317953109741,1527,3.420123649349213,0.40046722063386353
4.452317953109741,1528,3.421518749370002,0.40179172065360014
4.452317953109741,1529,3.4229136493907872,0.40311722067335165
4.452317953109741,1530,3.42430834941157,0.40444372069311796
4.452317953109741,1531,3.425702849432349,0.4057712207128992
4.452317953109741,1532,3.4270971494531257,0.4070997207326955
4.452317953109741,1533,3.4284912494738995,0.40842922075250654
4.452317953109741,1534,3.4298851494946696,0.4097597207723326
4.452317953109741,1535,3.431278849515438,0.4110912207921734
4.452317953109741,1536,3.432672349536203,0.4124237208120292
4.452317953109741,1537,3.434065649556964,0.4137572208319
4.452317953109741,1538,3.435458749577723,0.41509172085178553
4.452317953109741,1539,3.436851649598479,0.41642722087168604
4.452317953109741,1540,3.4382443496192328,0.4177637208916015
4.452317953109741,1541,3.4396368496399825,0.4191012209115318
4.452317953109741,1542,3.4410291496607295,0.4204397209314771
4.452317953109741,1543,3.442421249681473,0.4217792209514371
4.452317953109741,1544,3.4438131497022146,0.4231197209714121
4.452317953109741,1545,3.4452048497229524,0.4244612209914021
4.452317953109741,1546,3.4465963497436873,0.4258037210114069
4.452317953109741,1547,3.447987649764419,0.42714722103142655
4.452317953109741,1548,3.4493787497851485,0.42849172105146116
4.452317953109741,1549,3.4507696498058746,0.4298372210715107
4.452317953109741,1550,3.452160349826597,0.4311837210915751
4.452317953109741,1551,3.4535508498473173,0.4325312211116544
4.452317953109741,1552,3.4549411498680342,0.4338797211317486
4.452317953109741,1553,3.4563312498887484,0.4352292211518577
4.452317953109741,1554,3.45772114990946,0.4365797211719818
4.452317953109741,1555,3.459110849930168,0.43793122119212075
4.452317953109741,1556,3.4605003499508733,0.43928372121227455
4.452317953109741,1557,3.4618896499715754,0.44063722123244325
4.452317953109741,1558,3.463278749992274,0.4419917212526268
4.452317953109741,1559,3.4646676500129705,0.4433472212728254
4.452317953109741,1560,3.466056350033664,0.4447037212930388
4.452317953109741,1561,3.467444850054354,0.44606122131326714
4.452317953109741,1562,3.4688331500750413,0.4474197213335103
4.452317953109741,1563,3.4702212500957255,0.4487792213537684
4.452317953109741,1564,3.471609150116407,0.45013972137404146
4.452317953109741,1565,3.472996850137085,0.4515012213943294
4.452317953109741,1566,3.4743843501577603,0.45286372141463227
4.452317953109741,1567,3.475771650178433,0.45422722143495
4.452317953109741,1568,3.477158750199102,0.45559172145528265
4.452317953109741,1569,3.4785456502197687,0.45695722147563017
4.452317953109741,1570,3.4799323502404316,0.4583237214959926
4.452317953109741,1571,3.4813188502610926,0.45969122151636993
4.452317953109741,1572,3.4827051502817503,0.46105972153676217
4.452317953109741,1573,3.484091250302405,0.46242922155716926
4.452317953109741,1574,3.4854771503230557,0.46379972157759136
4.452317953109741,1575,3.4868628503437042,0.4651712215980283
4.452317953109741,1576,3.48824835036435,0.4665437216184801
4.452317953109741,1577,3.489633650384992,0.4679172216389469
4.452317953109741,1578,3.4910187504056323,0.46929172165942845
4.452317953109741,1579,3.4924036504262683,0.47066722167992503
4.452317953109741,1580,3.493788350446902,0.47204372170043646
4.452317953109741,1581,3.4951728504675335,0.47342122172096285
4.452317953109741,1582,3.4965571504881603,0.47479972174150403
4.452317953109741,1583,3.4979412505087852,0.4761792217620602
4.452317953109741,1584,3.499325150529407,0.4775597217826313
4.452317953109741,1585,3.500708850550026,0.47894122180321724
4.452317953109741,1586,3.5020923505706416,0.4803237218238181
4.452317953109741,1587,3.503475650591254,0.48170722184443393
4.452317953109741,1588,3.5048587506118642,0.48309172186506455
4.452317953109741,1589,3.506241650632471,0.4844772218857101
4.452317953109741,1590,3.507624350653075,0.4858637219063705
4.452317953109741,1591,3.5090068506736762,0.487251221927046
4.452317953109741,1592,3.5103891506942744,0.4886397219477362
4.452317953109741,1593,3.511771250714869,0.49002922196844134
4.452317953109741,1594,3.513153150735461,0.49141972198916145
4.452317953109741,1595,3.51453485075605,0.4928112220098964
4.452317953109741,1596,3.515916350776636,0.49420372203064633
4.452317953109741,1597,3.5172976507972185,0.49559722205141105
4.452317953109741,1598,3.5186787508177986,0.4969917220721908
4.452317953109741,1599,3.520059650838376,0.49838722209298536
4.452317953109741,1600,3.5214403508589496,0.49978372211379474
4.452317953109741,1601,3.522820850879521,0.5011812221346191
4.452317953109741,1602,3.5242011509000895,0.5025797221554584
4.452317953109741,1603,3.5255812509206543,0.5039792221763126
4.452317953109741,1604,3.5269611509412155,0.5053797221971816
4.452317953109741,1605,3.5283408509617753,0.5067812222180657
4.452317953109741,1606,3.529720350982332,0.5081837222389646
4.452317953109741,1607,3.5310996510028847,0.5095872222598783
4.452317953109741,1608,3.5324787510234352,0.5109917222808069
4.452317953109741,1609,3.533857651043982,0.5123972223017506
4.452317953109741,1610,3.5352363510645257,0.513803722322709
4.452317953109741,1611,3.5366148510850675,0.5152112223436824
4.452317953109741,1612,3.5379931511056055,0.5166197223646708
4.452317953109741,1613,3.539371251126141,0.5180292223856738
4.452317953109741,1614,3.5407491511466738,0.519439722406692
4.452317953109741,1615,3.542126851167202,0.520851222427725
4.452317953109741,1616,3.543504351187729,0.5222637224487728
4.452317953109741,1617,3.544881651208252,0.5236772224698356
4.452317953109741,1618,3.5462587512287724,0.5250917224909133
4.452317953109741,1619,3.54763565124929,0.5265072225120059
4.452317953109741,1620,3.5490123512698046,0.5279237225331135
4.452317953109741,1621,3.5503888512903163,0.5293412225542359
4.452317953109741,1622,3.551765151310825,0.5307597225753732
4.452317953109741,1623,3.5531412513313296,0.5321792225965254
4.452317953109741,1624,3.5545171513518317,0.5335997226176924
4.452317953109741,1625,3.5558928513723322,0.5350212226388744
4.452317953109741,1626,3.5572683513928287,0.5364437226600713
4.452317953109741,1627,3.558643651413322,0.5378672226812831
4.452317953109741,1628,3.5600187514338124,0.5392917227025098
4.452317953109741,1629,3.5613936514543,0.5407172227237514
4.452317953109741,1630,3.5627683514747845,0.5421437227450079
4.452317953109741,1631,3.5641428514952667,0.5435712227662793
4.452317953109741,1632,3.5655171515157447,0.5449997227875656
4.452317953109741,1633,3.5668912515362203,0.5464292228088669
4.452317953109741,1634,3.568265151556693,0.5478597228301829
4.452317953109741,1635,3.5696388515771633,0.549291222851514
4.452317953109741,1636,3.5710123515976298,0.5507237228728599
4.452317953109741,1637,3.5723856516180934,0.5521572228942206
4.452317953109741,1638,3.573758751638554,0.5535917229155964
4.452317953109741,1639,3.575131651659012,0.555027222936987
4.452317953109741,1640,3.5765043516794672,0.5564637229583926
4.452317953109741,1641,3.5778768516999184,0.557901222979813
4.452317953109741,1642,3.5792491517203677,0.5593397230012483
4.452317953109741,1643,3.5806212517408134,0.5607792230226986
4.452317953109741,1644,3.5819931517612567,0.5622197230441637
4.452317953109741,1645,3.5833648517816967,0.5636612230656437
4.452317953109741,1646,3.584736351802133,0.5651037230871386
4.452317953109741,1647,3.586107651822567,0.5665472231086485
4.452317953109741,1648,3.587478751842998,0.5679917231301731
4.452317953109741,1649,3.5888496518634256,0.5694372231517126
4.452317953109741,1650,3.590220351883851,0.5708837231732672
4.452317953109741,1651,3.591590851904273,0.5723312231948366
4.452317953109741,1652,3.592961151924692,0.573779723216421
4.452317953109741,1653,3.5943312519451083,0.5752292232380203
4.452317953109741,1654,3.595701151965521,0.5766797232596343
4.452317953109741,1655,3.5970708519859316,0.5781312232812634
4.452317953109741,1656,3.598440352006339,0.5795837233029073
4.452317953109741,1657,3.599809652026743,0.5810372233245662
4.452317953109741,1658,3.6011787520471437,0.5824917233462399
4.452317953109741,1659,3.602547652067542,0.5839472233679286
4.452317953109741,1660,3.6039163520879374,0.5854037233896321
4.452317953109741,1661,3.6052848521083294,0.5868612234113505
4.452317953109741,1662,3.6066531521287186,0.5883197234330839
4.452317953109741,1663,3.608021252149105,0.5897792234548321
4.452317953109741,1664,3.6093891521694883,0.5912397234765953
4.452317953109741,1665,3.6107568521898687,0.5927012234983734
4.452317953109741,1666,3.612124352210246,0.5941637235201662
4.452317953109741,1667,3.6134916522306204,0.5956272235419742
4.452317953109741,1668,3.6148587522509916,0.5970917235637969
4.452317953109741,1669,3.61622565227136,0.5985572235856346
4.452317953109741,1670,3.6175923522917257,0.600023723607487
4.452317953109741,1671,3.618958852312088,0.6014912236293546
4.452317953109741,1672,3.6203251523324473,0.6029597236512368
4.452317953109741,1673,3.621691252352804,0.6044292236731341
4.452317953109741,1674,3.6230571523731574,0.6058997236950463
4.452317953109741,1675,3.624422852393508,0.6073712237169734
4.452317953109741,1676,3.6257883524138554,0.6088437237389153
4.452317953109741,1677,3.6271536524342,0.6103172237608722
4.452317953109741,1678,3.628518752454542,0.611791723782844
4.452317953109741,1679,3.6298836524748808,0.6132672238048307
4.452317953109741,1680,3.631248352495216,0.6147437238268323
4.452317953109741,1681,3.6326128525155488,0.6162212238488487
4.452317953109741,1682,3.6339771525358784,0.61769972387088
4.452317953109741,1683,3.6353412525562048,0.6191792238929263
4.452317953109741,1684,3.636705152576529,0.6206597239149875
4.452317953109741,1685,3.638068852596849,0.6221412239370635
4.452317953109741,1686,3.6394323526171677,0.6236237239591546
4.452317953109741,1687,3.640795652637482,0.6251072239812604
4.452317953109741,1688,3.6421587526577937,0.6265917240033811
4.452317953109741,1689,3.6435216526781025,0.6280772240255168
4.452317953109741,1690,3.6448843526984085,0.6295637240476675
4.452317953109741,1691,3.6462468527187113,0.6310512240698328
4.452317953109741,1692,3.6476091527390113,0.6325397240920132
4.452317953109741,1693,3.648971252759308,0.6340292241142086
4.452317953109741,1694,3.6503331527796017,0.6355197241364188
4.452317953109741,1695,3.651694852799893,0.6370112241586439
4.452317953109741,1696,3.6530563528201805,0.6385037241808837
4.452317953109741,1697,3.6544176528404653,0.6399972242031386
4.452317953109741,1698,3.6557787528607473,0.6414917242254086
4.452317953109741,1699,3.6571396528810265,0.6429872242476932
4.452317953109741,1700,3.6585003529013025,0.6444837242699928
4.452317953109741,1701,3.6598608529215757,0.6459812242923073
4.452317953109741,1702,3.6612211529418457,0.6474797243146366
4.452317953109741,1703,3.662581252962113,0.648979224336981
4.452317953109741,1704,3.663941152982377,0.6504797243593402
4.452317953109741,1705,3.665300853002638,0.6519812243817142
4.452317953109741,1706,3.666660353022896,0.6534837244041032
4.452317953109741,1707,3.6680196530431513,0.6549872244265071
4.452317953109741,1708,3.669378753063403,0.6564917244489259
4.452317953109741,1709,3.6707376530836524,0.6579972244713597
4.452317953109741,1710,3.672096353103899,0.6595037244938082
4.452317953109741,1711,3.6734548531241424,0.6610112245162717
4.452317953109741,1712,3.674813153144383,0.6625197245387502
4.452317953109741,1713,3.6761712531646196,0.6640292245612435
4.452317953109741,1714,3.6775291531848544,0.6655397245837517
4.452317953109741,1715,3.6788868532050856,0.6670512246062748
4.452317953109741,1716,3.680244353225314,0.6685637246288127
4.452317953109741,1717,3.681601653245539,0.6700772246513657
4.452317953109741,1718,3.6829587532657615,0.6715917246739335
4.452317953109741,1719,3.6843156532859807,0.6731072246965162
4.452317953109741,1720,3.6856723533061975,0.6746237247191138
4.452317953109741,1721,3.6870288533264106,0.6761412247417262
4.452317953109741,1722,3.688385153346621,0.6776597247643537
4.452317953109741,1723,3.689741253366829,0.6791792247869961
4.452317953109741,1724,3.6910971533870334,0.6806997248096534
4.452317953109741,1725,3.6924528534072345,0.6822212248323254
4.452317953109741,1726,3.6938083534274333,0.6837437248550124
4.452317953109741,1727,3.6951636534476284,0.6852672248777143
4.452317953109741,1728,3.6965187534678217,0.6867917249004312
4.452317953109741,1729,3.697873653488011,0.6883172249231628
4.452317953109741,1730,3.6992283535081976,0.6898437249459095
4.452317953109741,1731,3.700582853528381,0.691371224968671
4.452317953109741,1732,3.701937153548562,0.6928997249914475
4.452317953109741,1733,3.7032912535687394,0.6944292250142388
4.452317953109741,1734,3.7046451535889138,0.695959725037045
4.452317953109741,1735,3.7059988536090858,0.6974912250598662
4.452317953109741,1736,3.707352353629255,0.699023725082702
4.452317953109741,1737,3.70870565364942,0.7005572251055532
4.452317953109741,1738,3.710058753669583,0.7020917251284189
4.452317953109741,1739,3.711411653689743,0.7036272251512996
4.452317953109741,1740,3.7127643537099,0.7051637251741953
4.452317953109741,1741,3.714116853730054,0.7067012251971059
4.452317953109741,1742,3.7154691537502043,0.7082397252200312
4.452317953109741,1743,3.7168212537703518,0.7097792252429715
4.452317953109741,1744,3.7181731537904965,0.7113197252659268
4.452317953109741,1745,3.719524853810638,0.7128612252888968
4.452317953109741,1746,3.7208763538307776,0.714403725311882
4.452317953109741,1747,3.722227653850913,0.7159472253348819
4.452317953109741,1748,3.7235787538710463,0.7174917253578967
4.452317953109741,1749,3.7249296538911763,0.7190372253809265
4.452317953109741,1750,3.7262803539113034,0.7205837254039711
4.452317953109741,1751,3.7276308539314273,0.7221312254270307
4.452317953109741,1752,3.7289811539515485,0.7236797254501051
4.452317953109741,1753,3.7303312539716664,0.7252292254731945
4.452317953109741,1754,3.7316811539917816,0.7267797254962987
4.452317953109741,1755,3.7330308540118935,0.7283312255194179
4.452317953109741,1756,3.7343803540320026,0.7298837255425519
4.452317953109741,1757,3.7357296540521094,0.7314372255657009
4.452317953109741,1758,3.737078754072212,0.7329917255888647
4.452317953109741,1759,3.7384276540923116,0.7345472256120436
4.452317953109741,1760,3.739776354112409,0.7361037256352372
4.452317953109741,1761,3.7411248541325035,0.7376612256584456
4.452317953109741,1762,3.7424731541525946,0.7392197256816692
4.452317953109741,1763,3.7438212541726834,0.7407792257049075
4.452317953109741,1764,3.7451691541927685,0.7423397257281608
4.452317953109741,1765,3.746516854212851,0.743901225751429
4.452317953109741,1766,3.74786435423293,0.7454637257747121
4.452317953109741,1767,3.7492116542530063,0.74702722579801
4.452317953109741,1768,3.7505587542730794,0.7485917258213228
4.452317953109741,1769,3.75190565429315,0.7501572258446507
4.452317953109741,1770,3.7532523543132177,0.7517237258679933
4.452317953109741,1771,3.754598854333282,0.7532912258913509
4.452317953109741,1772,3.755945154353343,0.7548597259147234
4.452317953109741,1773,3.757291254373402,0.7564292259381107
4.452317953109741,1774,3.7586371543934574,0.757999725961513
4.452317953109741,1775,3.7599828544135097,0.7595712259849302
4.452317953109741,1776,3.7613283544335596,0.7611437260083622
4.452317953109741,1777,3.7626736544536064,0.7627172260318092
4.452317953109741,1778,3.7640187544736494,0.7642917260552711
4.452317953109741,1779,3.7653636544936897,0.7658672260787478
4.452317953109741,1780,3.7667083545137277,0.7674437261022397
4.452317953109741,1781,3.7680528545337624,0.7690212261257461
4.452317953109741,1782,3.7693971545537934,0.7705997261492676
4.452317953109741,1783,3.7707412545738226,0.772179226172804
4.452317953109741,1784,3.7720851545938476,0.7737597261963554
4.452317953109741,1785,3.7734288546138703,0.7753412262199215
4.452317953109741,1786,3.7747723546338907,0.7769237262435026
4.452317953109741,1787,3.776115654653907,0.7785072262670986
4.452317953109741,1788,3.777458754673921,0.7800917262907094
4.452317953109741,1789,3.7788016546939316,0.7816772263143352
4.452317953109741,1790,3.7801443547139395,0.783263726337976
4.452317953109741,1791,3.781486854733944,0.7848512263616316
4.452317953109741,1792,3.7828291547539457,0.786439726385302
4.452317953109741,1793,3.7841712547739452,0.7880292264089874
4.452317953109741,1794,3.7855131547939407,0.7896197264326876
4.452317953109741,1795,3.786854854813934,0.7912112264564028
4.452317953109741,1796,3.7881963548339237,0.792803726480133
4.452317953109741,1797,3.7895376548539104,0.7943972265038779
4.452317953109741,1798,3.7908787548738943,0.7959917265276379
4.452317953109741,1799,3.7922196548938754,0.7975872265514126
4.452317953109741,1800,3.7935603549138537,0.7991837265752024
4.452317953109741,1801,3.7949008549338283,0.800781226599007
4.452317953109741,1802,3.7962411549538,0.8023797266228265
4.452317953109741,1803,3.7975812549737697,0.8039792266466608
4.452317953109741,1804,3.7989211549937356,0.8055797266705101
4.452317953109741,1805,3.8002608550136987,0.8071812266943744
4.452317953109741,1806,3.801600355033659,0.8087837267182535
4.452317953109741,1807,3.802939655053616,0.8103872267421475
4.452317953109741,1808,3.80427875507357,0.8119917267660566
4.452317953109741,1809,3.8056176550935215,0.8135972267899803
4.452317953109741,1810,3.8069563551134697,0.815203726813919
4.452317953109741,1811,3.808294855133415,0.8168112268378727
4.452317953109741,1812,3.8096331551533567,0.8184197268618412
4.452317953109741,1813,3.810971255173296,0.8200292268858247
4.452317953109741,1814,3.8123091551932324,0.8216397269098228
4.452317953109741,1815,3.8136468552131655,0.8232512269338361
4.452317953109741,1816,3.8149843552330958,0.8248637269578643
4.452317953109741,1817,3.816321655253023,0.8264772269819072
4.452317953109741,1818,3.817658755272948,0.8280917270059652
4.452317953109741,1819,3.818995655292869,0.829707227030038
4.452317953109741,1820,3.8203323553127877,0.8313237270541258
4.452317953109741,1821,3.8216688553327027,0.8329412270782284
4.452317953109741,1822,3.823005155352615,0.8345597271023459
4.452317953109741,1823,3.8243412553725245,0.8361792271264783
4.452317953109741,1824,3.825677155392431,0.8377997271506257
4.452317953109741,1825,3.8270128554123346,0.8394212271747878
4.452317953109741,1826,3.828348355432235,0.841043727198965
4.452317953109741,1827,3.8296836554521327,0.842667227223157
4.452317953109741,1828,3.831018755472027,0.844291727247364
4.452317953109741,1829,3.8323536554919184,0.8459172272715858
4.452317953109741,1830,3.833688355511807,0.8475437272958226
4.452317953109741,1831,3.835022855531693,0.8491712273200742
4.452317953109741,1832,3.836357155551575,0.8507997273443407
4.452317953109741,1833,3.837691255571455,0.8524292273686223
4.452317953109741,1834,3.8390251555913317,0.8540597273929185
4.452317953109741,1835,3.840358855611205,0.8556912274172297
4.452317953109741,1836,3.8416923556310762,0.8573237274415559
4.452317953109741,1837,3.843025655650944,0.858957227465897
4.452317953109741,1838,3.844358755670809,0.8605917274902529
4.452317953109741,1839,3.84569165569067,0.8622272275146238
4.452317953109741,1840,3.847024355710529,0.8638637275390095
4.452317953109741,1841,3.848356855730385,0.8655012275634102
4.452317953109741,1842,3.8496891557502373,0.8671397275878256
4.452317953109741,1843,3.8510212557700876,0.8687792276122562
4.452317953109741,1844,3.8523531557899346,0.8704197276367016
4.452317953109741,1845,3.853684855809778,0.8720612276611617
4.452317953109741,1846,3.855016355829619,0.873703727685637
4.452317953109741,1847,3.856347655849457,0.8753472277101271
4.452317953109741,1848,3.857678755869292,0.876991727734632
4.452317953109741,1849,3.859009655889124,0.8786372277591518
4.452317953109741,1850,3.860340355908953,0.8802837277836866
4.452317953109741,1851,3.8616708559287787,0.8819312278082363
4.452317953109741,1852,3.863001155948602,0.8835797278328008
4.452317953109741,1853,3.864331255968422,0.8852292278573803
4.452317953109741,1854,3.8656611559882386,0.8868797278819747
4.452317953109741,1855,3.8669908560080533,0.8885312279065839
4.452317953109741,1856,3.8683203560278643,0.890183727931208
4.452317953109741,1857,3.869649656047672,0.8918372279558471
4.452317953109741,1858,3.870978756067478,0.893491727980501
4.452317953109741,1859,3.87230765608728,0.8951472280051699
4.452317953109741,1860,3.873636356107079,0.8968037280298538
4.452317953109741,1861,3.8749648561268755,0.8984612280545524
4.452317953109741,1862,3.8762931561466685,0.9001197280792659
4.452317953109741,1863,3.8776212561664583,0.9017792281039945
4.452317953109741,1864,3.8789491561862457,0.9034397281287379
4.452317953109741,1865,3.88027685620603,0.9051012281534961
4.452317953109741,1866,3.8816043562258113,0.9067637281782693
4.452317953109741,1867,3.8829316562455896,0.9084272282030574
4.452317953109741,1868,3.8842587562653645,0.9100917282278603
4.452317953109741,1869,3.885585656285137,0.9117572282526782
4.452317953109741,1870,3.886912356304907,0.9134237282775111
4.452317953109741,1871,3.888238856324673,0.9150912283023587
4.452317953109741,1872,3.8895651563444362,0.9167597283272213
4.452317953109741,1873,3.890891256364197,0.9184292283520987
4.452317953109741,1874,3.892217156383954,0.9200997283769912
4.452317953109741,1875,3.893542856403709,0.9217712284018985
4.452317953109741,1876,3.8948683564234603,0.9234437284268207
4.452317953109741,1877,3.8961936564432085,0.9251172284517577
4.452317953109741,1878,3.8975187564629543,0.9267917284767098
4.452317953109741,1879,3.898843656482697,0.9284672285016766
4.452317953109741,1880,3.9001683565024368,0.9301437285266585
4.452317953109741,1881,3.9014928565221734,0.9318212285516552
4.452317953109741,1882,3.9028171565419063,0.9334997285766667
4.452317953109741,1883,3.9041412565616374,0.9351792286016933
4.452317953109741,1884,3.905465156581365,0.9368597286267346
4.452317953109741,1885,3.9067888566010893,0.9385412286517909
4.452317953109741,1886,3.908112356620811,0.9402237286768622
4.452317953109741,1887,3.90943565664053,0.9419072287019483
4.452317953109741,1888,3.910758756660246,0.9435917287270492
4.452317953109741,1889,3.9120816566799586,0.9452772287521651
4.452317953109741,1890,3.913404356699668,0.9469637287772961
4.452317953109741,1891,3.914726856719375,0.9486512288024416
4.452317953109741,1892,3.9160491567390787,0.9503397288276023
4.452317953109741,1893,3.9173712567587797,0.9520292288527779
4.452317953109741,1894,3.9186931567784775,0.9537197288779683
4.452317953109741,1895,3.920014856798173,0.9554112289031736
4.452317953109741,1896,3.9213363568178643,0.9571037289283938
4.452317953109741,1897,3.9226576568375533,0.9587972289536288
4.452317953109741,1898,3.9239787568572395,0.960491728978879
4.452317953109741,1899,3.9252996568769216,0.9621872290041438
4.452317953109741,1900,3.9266203568966023,0.9638837290294238
4.452317953109741,1901,3.927940856916279,0.9655812290547183
4.452317953109741,1902,3.9292611569359526,0.967279729080028
4.452317953109741,1903,3.930581256955624,0.9689792291053525
4.452317953109741,1904,3.931901156975292,0.9706797291306921
4.452317953109741,1905,3.933220856994957,0.9723812291560463
4.452317953109741,1906,3.934540357014619,0.9740837291814156
4.452317953109741,1907,3.9358596570342783,0.9757872292067997
4.452317953109741,1908,3.9371787570539345,0.9774917292321987
4.452317953109741,1909,3.9384976570735875,0.9791972292576125
4.452317953109741,1910,3.939816357093237,0.9809037292830414
4.452317953109741,1911,3.941134857112885,0.9826112293084852
4.452317953109741,1912,3.9424531571325288,0.9843197293339437
4.452317953109741,1913,3.9437712571521706,0.9860292293594173
4.452317953109741,1914,3.9450891571718083,0.9877397293849057
4.452317953109741,1915,3.946406857191444,0.9894512294104092
4.452317953109741,1916,3.947724357211076,0.9911637294359273
4.452317953109741,1917,3.949041657230705,0.9928772294614605
4.452317953109741,1918,3.9503587572503314,0.9945917294870086
4.452317953109741,1919,3.951675657269955,0.9963072295125716
4.452317953109741,1920,3.9529923572895753,0.9980237295381493
4.452317953109741,1921,3.9543088573091927,0.999741229563742
4.452317953109741,1922,3.9556251573288073,1.0014597295893497
4.452317953109741,1923,3.9569412573484186,1.0031792296149722
4.452317953109741,1924,3.9582571573680267,1.0048997296406097
4.452317953109741,1925,3.9595728573876325,1.006621229666262
4.452317953109741,1926,3.960888357407234,1.008343729691929
4.452317953109741,1927,3.9622036574268344,1.0100672297176114
4.452317953109741,1928,3.9635187574464306,1.0117917297433083
4.452317953109741,1929,3.9648336574660243,1.0135172297690205
4.452317953109741,1930,3.966148357485615,1.0152437297947472
4.452317953109741,1931,3.9674628575052027,1.016971229820489
4.452317953109741,1932,3.968777157524787,1.0186997298462455
4.452317953109741,1933,3.9700912575443685,1.0204292298720172
4.452317953109741,1934,3.9714051575639475,1.0221597298978036
4.452317953109741,1935,3.972718857583523,1.0238912299236052
4.452317953109741,1936,3.974032357603096,1.0256237299494213
4.452317953109741,1937,3.9753456576226656,1.0273572299752525
4.452317953109741,1938,3.976658757642232,1.0290917300010987
4.452317953109741,1939,3.977971657661796,1.0308272300269594
4.452317953109741,1940,3.979284357681357,1.0325637300528354
4.452317953109741,1941,3.9805968577009145,1.034301230078726
4.452317953109741,1942,3.9819091577204695,1.0360397301046318
4.452317953109741,1943,3.983221257740021,1.0377792301305524
4.452317953109741,1944,3.98453315775957,1.039519730156488
4.452317953109741,1945,3.985844857779116,1.0412612301824382
4.452317953109741,1946,3.987156357798659,1.0430037302084034
4.452317953109741,1947,3.9884676578181986,1.0447472302343837
4.452317953109741,1948,3.989778757837735,1.0464917302603787
4.452317953109741,1949,3.9910896578572697,1.048237230286389
4.452317953109741,1950,3.9924003578768006,1.0499837303124138
4.452317953109741,1951,3.9937108578963283,1.0517312303384534
4.452317953109741,1952,3.995021157915853,1.053479730364508
4.452317953109741,1953,3.996331257935375,1.0552292303905777
4.452317953109741,1954,3.9976411579548943,1.0569797304166622
4.452317953109741,1955,3.9989508579744104,1.0587312304427616
4.452317953109741,1956,4.000260357993923,1.0604837304688757
4.452317953109741,1957,4.001569658013434,1.062237230495005
4.452317953109741,1958,4.002878758032941,1.063991730521149
4.452317953109741,1959,4.0041876580524445,1.0657472305473081
4.452317953109741,1960,4.005496358071945,1.067503730573482
4.452317953109741,1961,4.006804858091444,1.0692612305996707
4.452317953109741,1962,4.008113158110939,1.0710197306258744
4.452317953109741,1963,4.009421258130431,1.0727792306520931
4.452317953109741,1964,4.010729158149921,1.0745397306783266
4.452317953109741,1965,4.012036858169407,1.076301230704575
4.452317953109741,1966,4.01334435818889,1.0780637307308383
4.452317953109741,1967,4.01465165820837,1.0798272307571164
4.452317953109741,1968,4.015958758227848,1.0815917307834095
4.452317953109741,1969,4.017265658247322,1.0833572308097175
4.452317953109741,1970,4.018572358266794,1.0851237308360404
4.452317953109741,1971,4.019878858286262,1.0868912308623784
4.452317953109741,1972,4.021185158305728,1.0886597308887311
4.452317953109741,1973,4.02249125832519,1.0904292309150985
4.452317953109741,1974,4.0237971583446495,1.092199730941481
4.452317953109741,1975,4.0251028583641055,1.0939712309678786
4.452317953109741,1976,4.026408358383559,1.0957437309942908
4.452317953109741,1977,4.02771365840301,1.0975172310207182
4.452317953109741,1978,4.029018758422457,1.09929173104716
4.452317953109741,1979,4.030323658441902,1.1010672310736171
4.452317953109741,1980,4.031628358461343,1.102843731100089
4.452317953109741,1981,4.032932858480782,1.104621231126576
4.452317953109741,1982,4.0342371585002175,1.1063997311530775
4.452317953109741,1983,4.03554125851965,1.1081792311795942
4.452317953109741,1984,4.036845158539079,1.1099597312061256
4.452317953109741,1985,4.038148858558506,1.111741231232672
4.452317953109741,1986,4.03945235857793,1.1135237312592334
4.452317953109741,1987,4.040755658597351,1.1153072312858097
4.452317953109741,1988,4.042058758616768,1.1170917313124007
4.452317953109741,1989,4.043361658636183,1.1188772313390067
4.452317953109741,1990,4.044664358655594,1.1206637313656276
4.452317953109741,1991,4.045966858675003,1.1224512313922634
4.452317953109741,1992,4.047269158694409,1.124239731418914
4.452317953109741,1993,4.048571258713812,1.1260292314455798
4.452317953109741,1994,4.049873158733211,1.1278197314722602
4.452317953109741,1995,4.051174858752609,1.129611231498956
4.452317953109741,1996,4.052476358772003,1.131403731525666
4.452317953109741,1997,4.053777658791393,1.1331972315523913
4.452317953109741,1998,4.055078758810781,1.1349917315791316
4.452317953109741,1999,4.056379658830166,1.1367872316058865
4.452317953109741,2000,4.057680358849549,1.1385837316326566
4.452317953109741,2001,4.058980858868927,1.1403812316594415
4.452317953109741,2002,4.060281158888303,1.1421797316862412
4.452317953109741,2003,4.061581258907676,1.1439792317130557
4.452317953109741,2004,4.061581258907676,1.1439792317130557
4.452317953109741,2005,4.062880758927041,1.1457777817398562
4.452317953109741,2006,4.064179258946389,1.1475734317666135
4.452317953109741,2007,4.065476758965724,1.1493661817933276
4.452317953109741,2008,4.066773258985043,1.1511560318199983
4.452317953109741,2009,4.068068759004348,1.1529429818466261
4.452317953109741,2010,4.069363259023637,1.1547270318732104
4.452317953109741,2011,4.070656759042912,1.1565081818997514
4.452317953109741,2012,4.071949259062171,1.1582864319262498
4.452317953109741,2013,4.073240759081416,1.1600617819527042
4.452317953109741,2014,4.074531259100645,1.1618342319791157
4.452317953109741,2015,4.0758207591198605,1.163603782005484
4.452317953109741,2016,4.0771092591390605,1.1653704320318092
4.452317953109741,2017,4.078396759158246,1.1671341820580912
4.452317953109741,2018,4.079683259177417,1.16889503208433
4.452317953109741,2019,4.080968759196572,1.1706529821105256
4.452317953109741,2020,4.082253259215713,1.1724080321366779
4.452317953109741,2021,4.083536759234839,1.1741601821627872
4.452317953109741,2022,4.084819259253949,1.1759094321888528
4.452317953109741,2023,4.0861007592730445,1.1776557822148754
4.452317953109741,2024,4.087381259292125,1.1793992322408549
4.452317953109741,2025,4.088660759311192,1.1811397822667908
4.452317953109741,2026,4.089939259330244,1.182877432292684
4.452317953109741,2027,4.091216759349279,1.1846121823185338
4.452317953109741,2028,4.0924932593683,1.1863440323443402
4.452317953109741,2029,4.0937687593873076,1.1880729823701037
4.452317953109741,2030,4.095043259406299,1.189799032395824
4.452317953109741,2031,4.0963167594252745,1.1915221824215008
4.452317953109741,2032,4.097589259444237,1.1932424324471347
4.452317953109741,2033,4.098860759463183,1.1949597824727252
4.452317953109741,2034,4.100131259482115,1.1966742324982724
4.452317953109741,2035,4.101400759501033,1.1983857825237763
4.452317953109741,2036,4.102669259519934,1.200094432549237
4.452317953109741,2037,4.103936759538821,1.201800182574655
4.452317953109741,2038,4.105203259557694,1.203503032600029
4.452317953109741,2039,4.106468759576551,1.2052029826253605
4.452317953109741,2040,4.107733259595394,1.2069000326506485
4.452317953109741,2041,4.1089967596142225,1.2085941826758937
4.452317953109741,2042,4.110259259633035,1.210285432701095
4.452317953109741,2043,4.1115207596518335,1.2119737827262536
4.452317953109741,2044,4.112781259670615,1.2136592327513687
4.452317953109741,2045,4.1140407596893835,1.2153417827764406
4.452317953109741,2046,4.115299259708137,1.2170214328014695
4.452317953109741,2047,4.116556759726875,1.2186981828264547
4.452317953109741,2048,4.117813259745598,1.2203720328513972
4.452317953109741,2049,4.119068759764307,1.2220429828762964
4.452317953109741,2050,4.120323259783,1.2237110329011522
4.452317953109741,2051,4.121576759801679,1.2253761829259646
4.452317953109741,2052,4.122829259820342,1.2270384329507344
4.452317953109741,2053,4.124080759838991,1.2286977829754604
4.452317953109741,2054,4.125331259857625,1.2303542330001438
4.452317953109741,2055,4.126580759876244,1.2320077830247833
4.452317953109741,2056,4.127829259894849,1.23365843304938
4.452317953109741,2057,4.1290767599134375,1.2353061830739334
4.452317953109741,2058,4.1303232599320125,1.2369510330984435
4.452317953109741,2059,4.1315687599505715,1.2385929831229103
4.452317953109741,2060,4.132813259969115,1.2402320331473342
4.452317953109741,2061,4.134056759987645,1.2418681831717147
4.452317953109741,2062,4.13529926000616,1.243501433196052
4.452317953109741,2063,4.136540760024659,1.2451317832203461
4.452317953109741,2064,4.137781260043145,1.246759233244597
4.452317953109741,2065,4.139020760061615,1.248383783268805
4.452317953109741,2066,4.14025926008007,1.250005433292969
4.452317953109741,2067,4.14149676009851,1.2516241833170905
4.452317953109741,2068,4.142733260116935,1.2532400333411684
4.452317953109741,2069,4.143968760135346,1.2548529833652033
4.452317953109741,2070,4.145203260153741,1.2564630333891948
4.452317953109741,2071,4.146436760172121,1.2580701834131431
4.452317953109741,2072,4.147669260190487,1.2596744334370487
4.452317953109741,2073,4.1489007602088375,1.2612757834609105
4.452317953109741,2074,4.150131260227174,1.2628742334847292
4.452317953109741,2075,4.1513607602454945,1.2644697835085048
4.452317953109741,2076,4.1525892602638015,1.2660624335322372
4.452317953109741,2077,4.1538167602820915,1.2676521835559262
4.452317953109741,2078,4.155043260300368,1.2692390335795722
4.452317953109741,2079,4.156268760318629,1.2708229836031748
4.452317953109741,2080,4.157493260336876,1.2724040336267344
4.452317953109741,2081,4.158716760355107,1.2739821836502503
4.452317953109741,2082,4.159939260373324,1.2755574336737237
4.452317953109741,2083,4.161160760391526,1.2771297836971534
4.452317953109741,2084,4.162381260409713,1.27869923372054
4.452317953109741,2085,4.163600760427885,1.2802657837438836
4.452317953109741,2086,4.164819260446042,1.2818294337671836
4.452317953109741,2087,4.166036760464184,1.2833901837904407
4.452317953109741,2088,4.167253260482311,1.2849480338136545
4.452317953109741,2089,4.168468760500423,1.2865029838368252
4.452317953109741,2090,4.1696832605185215,1.2880550338599526
4.452317953109741,2091,4.170896760536603,1.2896041838830365
4.452317953109741,2092,4.172109260554672,1.2911504339060775
4.452317953109741,2093,4.173320760572725,1.292693783929075
4.452317953109741,2094,4.174531260590762,1.2942342339520299
4.452317953109741,2095,4.175740760608786,1.2957717839749412
4.452317953109741,2096,4.176949260626794,1.297306433997809
4.452317953109741,2097,4.178156760644787,1.298838184020634
4.452317953109741,2098,4.1793632606627655,1.3003670340434157
4.452317953109741,2099,4.180568760680729,1.301892984066154
4.452317953109741,2100,4.181773260698677,1.3034160340888492
4.452317953109741,2101,4.18297676071661,1.3049361841115013
4.452317953109741,2102,4.1841792607345285,1.30645343413411
4.452317953109741,2103,4.185380760752434,1.3079677841566757
4.452317953109741,2104,4.186581260770322,1.3094792341791979
4.452317953109741,2105,4.187780760788195,1.310987784201677
4.452317953109741,2106,4.188979260806055,1.3124934342241132
4.452317953109741,2107,4.190176760823899,1.3139961842465058
4.452317953109741,2108,4.191373260841727,1.3154960342688553
4.452317953109741,2109,4.192568760859542,1.3169929842911619
4.452317953109741,2110,4.193763260877342,1.3184870343134245
4.452317953109741,2111,4.194956760895126,1.3199781843356444
4.452317953109741,2112,4.196149260912896,1.321466434357821
4.452317953109741,2113,4.197340760930651,1.3229517843799548
4.452317953109741,2114,4.198531260948391,1.324434234402045
4.452317953109741,2115,4.199720760966115,1.3259137844240918
4.452317953109741,2116,4.200909260983825,1.3273904344460954
4.452317953109741,2117,4.20209676100152,1.3288641844680562
4.452317953109741,2118,4.203283261019201,1.3303350344899736
4.452317953109741,2119,4.204468761036866,1.3318029845118475
4.452317953109741,2120,4.2056532610545165,1.3332680345336785
4.452317953109741,2121,4.206836761072152,1.3347301845554664
4.452317953109741,2122,4.208019261089772,1.3361894345772112
4.452317953109741,2123,4.209200761107378,1.3376457845989123
4.452317953109741,2124,4.210381261124969,1.3390992346205703
4.452317953109741,2125,4.211560761142545,1.3405497846421852
4.452317953109741,2126,4.212739261160106,1.3419974346637569
4.452317953109741,2127,4.213916761177652,1.343442184685285
4.452317953109741,2128,4.215093261195183,1.3448840347067705
4.452317953109741,2129,4.2162687612126994,1.3463229847282125
4.452317953109741,2130,4.2174432612302,1.3477590347496116
4.452317953109741,2131,4.218616761247687,1.349192184770967
4.452317953109741,2132,4.219789261265158,1.3506224347922795
4.452317953109741,2133,4.220960761282615,1.3520497848135484
4.452317953109741,2134,4.222131261300057,1.3534742348347744
4.452317953109741,2135,4.223300761317485,1.3548957848559575
4.452317953109741,2136,4.224469261334896,1.3563144348770968
4.452317953109741,2137,4.225636761352294,1.357730184898193
4.452317953109741,2138,4.2268032613696755,1.3591430349192462
4.452317953109741,2139,4.227968761387043,1.3605529849402558
4.452317953109741,2140,4.229133261404395,1.3619600349612229
4.452317953109741,2141,4.230296761421733,1.3633641849821463
4.452317953109741,2142,4.231459261439055,1.3647654350030265
4.452317953109741,2143,4.232620761456364,1.3661637850238635
4.452317953109741,2144,4.233781261473656,1.3675592350446573
4.452317953109741,2145,4.234940761490934,1.368951785065408
4.452317953109741,2146,4.236099261508197,1.3703414350861154
4.452317953109741,2147,4.237256761525446,1.3717281851067793
4.452317953109741,2148,4.238413261542679,1.3731120351274004
4.452317953109741,2149,4.239568761559896,1.3744929851479781
4.452317953109741,2150,4.2407232615771,1.3758710351685126
4.452317953109741,2151,4.241876761594288,1.377246185189004
4.452317953109741,2152,4.243029261611461,1.3786184352094522
4.452317953109741,2153,4.24418076162862,1.379987785229857
4.452317953109741,2154,4.245331261645764,1.3813542352502186
4.452317953109741,2155,4.246480761662893,1.382717785270537
4.452317953109741,2156,4.247629261680006,1.3840784352908124
4.452317953109741,2157,4.248776761697106,1.3854361853110444
4.452317953109741,2158,4.24992326171419,1.3867910353312336
4.452317953109741,2159,4.2510687617312595,1.388142985351379
4.452317953109741,2160,4.252213261748314,1.3894920353714815
4.452317953109741,2161,4.253356761765353,1.3908381853915406
4.452317953109741,2162,4.254499261782378,1.3921814354115565
4.452317953109741,2163,4.255640761799388,1.3935217854315294
4.452317953109741,2164,4.256781261816383,1.3948592354514588
4.452317953109741,2165,4.257920761833362,1.396193785471345
4.452317953109741,2166,4.259059261850328,1.3975254354911884
4.452317953109741,2167,4.260196761867277,1.3988541855109884
4.452317953109741,2168,4.261333261884213,1.400180035530745
4.452317953109741,2169,4.2624687619011326,1.4015029855504584
4.452317953109741,2170,4.263603261918038,1.4028230355701288
4.452317953109741,2171,4.264736761934929,1.4041401855897557
4.452317953109741,2172,4.265869261951804,1.4054544356093397
4.452317953109741,2173,4.2670007619686645,1.4067657856288804
4.452317953109741,2174,4.268131261985511,1.4080742356483777
4.452317953109741,2175,4.269260762002341,1.409379785667832
4.452317953109741,2176,4.270389262019157,1.4106824356872432
4.452317953109741,2177,4.271516762035958,1.4119821857066108
4.452317953109741,2178,4.272643262052744,1.4132790357259355
4.452317953109741,2179,4.2737687620695155,1.4145729857452165
4.452317953109741,2180,4.274893262086272,1.4158640357644547
4.452317953109741,2181,4.276016762103014,1.41715218578365
4.452317953109741,2182,4.27713926211974,1.4184374358028018
4.452317953109741,2183,4.278260762136452,1.41971978582191
4.452317953109741,2184,4.279381262153149,1.4209992358409755
4.452317953109741,2185,4.280500762169831,1.4222757858599975
4.452317953109741,2186,4.2816192621864975,1.4235494358789764
4.452317953109741,2187,4.28273676220315,1.4248201858979122
4.452317953109741,2188,4.283853262219788,1.4260880359168044
4.452317953109741,2189,4.284968762236409,1.4273529859356535
4.452317953109741,2190,4.286083262253016,1.4286150359544596
4.452317953109741,2191,4.287196762269609,1.4298741859732225
4.452317953109741,2192,4.2883092622861865,1.4311304359919421
4.452317953109741,2193,4.289420762302749,1.4323837860106183
4.452317953109741,2194,4.2905312623192975,1.4336342360292516
4.452317953109741,2195,4.29164076233583,1.4348817860478413
4.452317953109741,2196,4.2927492623523476,1.4361264360663881
4.452317953109741,2197,4.293856762368851,1.4373681860848917
4.452317953109741,2198,4.294963262385339,1.438607036103352
4.452317953109741,2199,4.296068762401812,1.4398429861217692
4.452317953109741,2200,4.297173262418271,1.441076036140143
4.452317953109741,2201,4.298276762434714,1.4423061861584736
4.452317953109741,2202,4.299379262451143,1.443533436176761
4.452317953109741,2203,4.300480762467556,1.4447577861950052
4.452317953109741,2204,4.301581262483955,1.4459792362132065
4.452317953109741,2205,4.302680762500339,1.4471977862313643
4.452317953109741,2206,4.3037792625167075,1.4484134362494787
4.452317953109741,2207,4.304876762533062,1.4496261862675501
4.452317953109741,2208,4.305973262549401,1.4508360362855781
4.452317953109741,2209,4.3070687625657245,1.4520429863035633
4.452317953109741,2210,4.308163262582034,1.453247036321505
4.452317953109741,2211,4.309256762598329,1.4544481863394036
4.452317953109741,2212,4.310349262614608,1.455646436357259
4.452317953109741,2213,4.311440762630873,1.4568417863750711
4.452317953109741,2214,4.312531262647123,1.45803423639284
4.452317953109741,2215,4.313620762663358,1.4592237864105657
4.452317953109741,2216,4.314709262679578,1.4604104364282482
4.452317953109741,2217,4.315796762695783,1.4615941864458875
4.452317953109741,2218,4.316883262711973,1.4627750364634835
4.452317953109741,2219,4.317968762728148,1.4639529864810363
4.452317953109741,2220,4.319053262744308,1.465128036498546
4.452317953109741,2221,4.320136762760454,1.4663001865160123
4.452317953109741,2222,4.321219262776584,1.4674694365334353
4.452317953109741,2223,4.3223007627926995,1.4686357865508153
4.452317953109741,2224,4.323381262808801,1.4697992365681523
4.452317953109741,2225,4.324460762824886,1.4709597865854458
4.452317953109741,2226,4.325539262840957,1.4721174366026961
4.452317953109741,2227,4.326616762857014,1.4732721866199032
4.452317953109741,2228,4.327693262873054,1.4744240366370671
4.452317953109741,2229,4.32876876288908,1.4755729866541878
4.452317953109741,2230,4.329843262905092,1.4767190366712653
4.452317953109741,2231,4.330916762921088,1.4778621866882995
4.452317953109741,2232,4.3319892629370695,1.4790024367052907
4.452317953109741,2233,4.333060762953036,1.4801397867222383
4.452317953109741,2234,4.334131262968988,1.481274236739143
4.452317953109741,2235,4.3352007629849245,1.4824057867560045
4.452317953109741,2236,4.3362692630008475,1.4835344367728227
4.452317953109741,2237,4.337336763016754,1.4846601867895977
4.452317953109741,2238,4.338403263032646,1.4857830368063294
4.452317953109741,2239,4.339468763048523,1.486902986823018
4.452317953109741,2240,4.340533263064385,1.4880200368396634
4.452317953109741,2241,4.341596763080233,1.4891341868562655
4.452317953109741,2242,4.342659263096065,1.4902454368728244
4.452317953109741,2243,4.343720763111882,1.4913537868893398
4.452317953109741,2244,4.344781263127685,1.4924592369058125
4.452317953109741,2245,4.345840763143473,1.4935617869222415
4.452317953109741,2246,4.346899263159245,1.4946614369386275
4.452317953109741,2247,4.347956763175004,1.4957581869549705
4.452317953109741,2248,4.349013263190746,1.4968520369712701
4.452317953109741,2249,4.350068763206474,1.4979429869875267
4.452317953109741,2250,4.351123263222188,1.4990310370037399
4.452317953109741,2251,4.352176763237886,1.5001161870199098
4.452317953109741,2252,4.353229263253571,1.5011984370360365
4.452317953109741,2253,4.354280763269238,1.5022777870521202
4.452317953109741,2254,4.355331263284892,1.5033542370681605
4.452317953109741,2255,4.35638076330053,1.5044277870841576
4.452317953109741,2256,4.357429263316155,1.5054984371001117
4.452317953109741,2257,4.358476763331764,1.5065661871160223
4.452317953109741,2258,4.359523263347358,1.50763103713189
4.452317953109741,2259,4.360568763362937,1.5086929871477142
4.452317953109741,2260,4.3616132633785005,1.5097520371634952
4.452317953109741,2261,4.3626567633940505,1.510808187179233
4.452317953109741,2262,4.363699263409584,1.5118614371949275
4.452317953109741,2263,4.364740763425105,1.512911787210579
4.452317953109741,2264,4.365781263440609,1.5139592372261874
4.452317953109741,2265,4.366820763456099,1.5150037872417523
4.452317953109741,2266,4.367859263471574,1.516045437257274
4.452317953109741,2267,4.368896763487034,1.5170841872727527
4.452317953109741,2268,4.369933263502479,1.5181200372881882
4.452317953109741,2269,4.370968763517909,1.5191529873035803
4.452317953109741,2270,4.372003263533324,1.5201830373189291
4.452317953109741,2271,4.373036763548725,1.5212101873342347
4.452317953109741,2272,4.3740692635641105,1.5222344373494974
4.452317953109741,2273,4.37510076357948,1.5232557873647168
4.452317953109741,2274,4.376131263594836,1.524274237379893
4.452317953109741,2275,4.377160763610177,1.5252897873950255
4.452317953109741,2276,4.378189263625503,1.5263024374101153
4.452317953109741,2277,4.379216763640814,1.5273121874251618
4.452317953109741,2278,4.38024326365611,1.5283190374401652
4.452317953109741,2279,4.3812687636713905,1.5293229874551253
4.452317953109741,2280,4.382293263686657,1.530324037470042
4.452317953109741,2281,4.3833167637019095,1.5313221874849154
4.452317953109741,2282,4.384339263717146,1.5323174374997457
4.452317953109741,2283,4.385360763732367,1.5333097875145332
4.452317953109741,2284,4.386381263747573,1.534299237529277
4.452317953109741,2285,4.387400763762765,1.5352857875439776
4.452317953109741,2286,4.388419263777942,1.5362694375586352
4.452317953109741,2287,4.389436763793103,1.5372501875732496
4.452317953109741,2288,4.390453263808251,1.5382280375878206
4.452317953109741,2289,4.391468763823383,1.5392029876023485
4.452317953109741,2290,4.3924832638385,1.5401750376168333
4.452317953109741,2291,4.393496763853602,1.5411441876312746
4.452317953109741,2292,4.39450926386869,1.542110437645673
4.452317953109741,2293,4.395520763883763,1.543073787660028
4.452317953109741,2294,4.3965312638988205,1.5440342376743397
4.452317953109741,2295,4.397540763913863,1.5449917876886083
4.452317953109741,2296,4.39854926392889,1.5459464377028338
4.452317953109741,2297,4.399556763943903,1.5468981877170158
4.452317953109741,2298,4.400563263958901,1.5478470377311548
4.452317953109741,2299,4.401568763973884,1.5487929877452506
4.452317953109741,2300,4.402573263988852,1.549736037759303
4.452317953109741,2301,4.403576764003806,1.5506761877733126
4.452317953109741,2302,4.404579264018745,1.5516134377872786
4.452317953109741,2303,4.405580764033669,1.5525477878012017
4.452317953109741,2304,4.406581264048577,1.5534792378150812
4.452317953109741,2305,4.4075807640634705,1.5544077878289175
4.452317953109741,2306,4.40857926407835,1.555333437842711
4.452317953109741,2307,4.409576764093213,1.556256187856461
4.452317953109741,2308,4.410573264108062,1.5571760378701678
4.452317953109741,2309,4.4115687641228964,1.5580929878838314
4.452317953109741,2310,4.412563264137715,1.5590070378974519
4.452317953109741,2311,4.41355676415252,1.559918187911029
4.452317953109741,2312,4.414549264167309,1.560826437924563
4.452317953109741,2313,4.415540764182084,1.5617317879380537
4.452317953109741,2314,4.416531264196844,1.5626342379515012
4.452317953109741,2315,4.417520764211588,1.5635337879649058
4.452317953109741,2316,4.4185092642263175,1.5644304379782668
4.452317953109741,2317,4.419496764241032,1.565324187991585
4.452317953109741,2318,4.420483264255733,1.5662150380048594
4.452317953109741,2319,4.421468764270418,1.567102988018091
4.452317953109741,2320,4.422453264285088,1.5679880380312792
4.452317953109741,2321,4.423436764299744,1.5688701880444245
4.452317953109741,2322,4.424419264314383,1.569749438057526
4.452317953109741,2323,4.425400764329009,1.5706257880705847
4.452317953109741,2324,4.426381264343619,1.5714992380836001
4.452317953109741,2325,4.427360764358215,1.5723697880965721
4.452317953109741,2326,4.428339264372797,1.5732374381095013
4.452317953109741,2327,4.429316764387362,1.5741021881223873
4.452317953109741,2328,4.4302932644019135,1.5749640381352297
4.452317953109741,2329,4.4312687644164495,1.575822988148029
4.452317953109741,2330,4.43224326443097,1.5766790381607851
4.452317953109741,2331,4.4332167644454765,1.5775321881734983
4.452317953109741,2332,4.4341892644599685,1.578382438186168
4.452317953109741,2333,4.435160764474444,1.5792297881987944
4.452317953109741,2334,4.436131264488906,1.5800742382113775
4.452317953109741,2335,4.437100764503352,1.5809157882239178
4.452317953109741,2336,4.438069264517784,1.5817544382364148
4.452317953109741,2337,4.439036764532201,1.5825901882488682
4.452317953109741,2338,4.440003264546604,1.5834230382612788
4.452317953109741,2339,4.44096876456099,1.5842529882736458
4.452317953109741,2340,4.441933264575362,1.5850800382859698
4.452317953109741,2341,4.44289676458972,1.5859041882982505
4.452317953109741,2342,4.443859264604062,1.5867254383104883
4.452317953109741,2343,4.44482076461839,1.5875437883226824
4.452317953109741,2344,4.445781264632703,1.5883592383348337
4.452317953109741,2345,4.446740764647,1.5891717883469418
4.452317953109741,2346,4.447699264661282,1.5899814383590063
4.452317953109741,2347,4.448656764675551,1.590788188371028
4.452317953109741,2348,4.449613264689804,1.5915920383830062
4.452317953109741,2349,4.450568764704041,1.5923929883949413
4.452317953109741,2350,4.451523264718265,1.593191038406833
4.452317953109741,2351,4.452476764732473,1.5939861884186817
4.452317953109741,2352,4.453429264746666,1.5947784384304873
4.452317953109741,2353,4.454380764760845,1.5955677884422497
4.452317953109741,2354,4.455331264775008,1.5963542384539684
4.452317953109741,2355,4.456280764789157,1.5971377884656441
4.452317953109741,2356,4.45722926480329,1.5979184384772769
4.452317953109741,2357,4.458176764817409,1.5986961884888664
4.452317953109741,2358,4.459123264831513,1.5994710385004125
4.452317953109741,2359,4.4600687648456026,1.6002429885119154
4.452317953109741,2360,4.461013264859677,1.6010120385233753
4.452317953109741,2361,4.461956764873737,1.6017781885347917
4.452317953109741,2362,4.462899264887781,1.6025414385461652
4.452317953109741,2363,4.463840764901811,1.603301788557495
4.452317953109741,2364,4.464781264915825,1.604059238568782
4.452317953109741,2365,4.465720764929824,1.6048137885800255
4.452317953109741,2366,4.466659264943809,1.605565438591226
4.452317953109741,2367,4.467596764957779,1.6063141886023833
4.452317953109741,2368,4.468533264971734,1.6070600386134974
4.452317953109741,2369,4.469468764985673,1.607802988624568
4.452317953109741,2370,4.470403264999598,1.6085430386355957
4.452317953109741,2371,4.471336765013509,1.6092801886465802
4.452317953109741,2372,4.472269265027404,1.6100144386575213
4.452317953109741,2373,4.473200765041285,1.6107457886684196
4.452317953109741,2374,4.47413126505515,1.611474238679274
4.452317953109741,2375,4.475060765069,1.6121997886900856
4.452317953109741,2376,4.475989265082837,1.612922438700854
4.452317953109741,2377,4.476916765096657,1.613642188711579
4.452317953109741,2378,4.477843265110463,1.6143590387222608
4.452317953109741,2379,4.478768765124254,1.6150729887328996
4.452317953109741,2380,4.47969326513803,1.6157840387434952
4.452317953109741,2381,4.480616765151792,1.6164921887540473
4.452317953109741,2382,4.481539265165538,1.6171974387645565
4.452317953109741,2383,4.482460765179269,1.6178997887750222
4.452317953109741,2384,4.483381265192986,1.6185992387854449
4.452317953109741,2385,4.4843007652066875,1.6192957887958244
4.452317953109741,2386,4.485219265220374,1.6199894388061604
4.452317953109741,2387,4.486136765234046,1.6206801888164533
4.452317953109741,2388,4.487053265247702,1.621368038826703
4.452317953109741,2389,4.4879687652613445,1.6220529888369097
4.452317953109741,2390,4.488883265274972,1.6227350388470732
4.452317953109741,2391,4.489796765288585,1.6234141888571934
4.452317953109741,2392,4.490709265302181,1.6240904388672701
4.452317953109741,2393,4.491620765315764,1.6247637888773039
4.452317953109741,2394,4.4925312653293314,1.6254342388872942
4.452317953109741,2395,4.493440765342884,1.6261017888972418
4.452317953109741,2396,4.494349265356422,1.6267664389071457
4.452317953109741,2397,4.495256765369945,1.6274281889170064
4.452317953109741,2398,4.496163265383452,1.6280870389268243
4.452317953109741,2399,4.4970687653969454,1.6287429889365987
4.452317953109741,2400,4.497973265410423,1.6293960389463296
4.452317953109741,2401,4.498876765423887,1.630046188956018
4.452317953109741,2402,4.499779265437335,1.6306934389656624
4.452317953109741,2403,4.500680765450769,1.631337788975264
4.452317953109741,2404,4.501581265464187,1.6319792389848224
4.452317953109741,2405,4.502480765477591,1.6326177889943376
4.452317953109741,2406,4.503379265490979,1.6332534390038094
4.452317953109741,2407,4.504276765504353,1.6338861890132383
4.452317953109741,2408,4.505173265517712,1.6345160390226239
4.452317953109741,2409,4.506068765531056,1.6351429890319658
4.452317953109741,2410,4.5069632655443845,1.6357670390412649
4.452317953109741,2411,4.507856765557699,1.6363881890505207
4.452317953109741,2412,4.508749265570999,1.6370064390597334
4.452317953109741,2413,4.509640765584282,1.6376217890689029
4.452317953109741,2414,4.510531265597552,1.6382342390780291
4.452317953109741,2415,4.511420765610807,1.6388437890871121
4.452317953109741,2416,4.512309265624046,1.639450439096152
4.452317953109741,2417,4.513196765637272,1.6400541891051486
4.452317953109741,2418,4.5140832656504815,1.640655039114102
4.452317953109741,2419,4.514968765663676,1.6412529891230119
4.452317953109741,2420,4.515853265676856,1.641848039131879
4.452317953109741,2421,4.5167367656900215,1.6424401891407026
4.452317953109741,2422,4.517619265703172,1.6430294391494833
4.452317953109741,2423,4.518500765716308,1.6436157891582206
4.452317953109741,2424,4.519381265729427,1.6441992391669145
4.452317953109741,2425,4.520260765742533,1.6447797891755653
4.452317953109741,2426,4.5211392657556235,1.6453574391841732
4.452317953109741,2427,4.522016765768699,1.6459321891927372
4.452317953109741,2428,4.522893265781761,1.6465040392012587
4.452317953109741,2429,4.523768765794806,1.6470729892097364
4.452317953109741,2430,4.524643265807838,1.6476390392181715
4.452317953109741,2431,4.5255167658208535,1.6482021892265633
4.452317953109741,2432,4.5263892658338545,1.6487624392349114
4.452317953109741,2433,4.527260765846841,1.6493197892432165
4.452317953109741,2434,4.5281312658598125,1.6498742392514787
4.452317953109741,2435,4.529000765872769,1.6504257892596974
4.452317953109741,2436,4.529869265885711,1.650974439267873
4.452317953109741,2437,4.530736765898638,1.6515201892760052
4.452317953109741,2438,4.531603265911549,1.6520630392840943
4.452317953109741,2439,4.532468765924447,1.6526029892921403
4.452317953109741,2440,4.533333265937328,1.6531400393001427
4.452317953109741,2441,4.534196765950195,1.6536741893081024
4.452317953109741,2442,4.5350592659630475,1.6542054393160186
4.452317953109741,2443,4.535920765975885,1.6547337893238916
4.452317953109741,2444,4.536781265988708,1.6552592393317214
4.452317953109741,2445,4.537640766001516,1.6557817893395081
4.452317953109741,2446,4.538499266014308,1.6563014393472515
4.452317953109741,2447,4.539356766027086,1.6568181893549516
4.452317953109741,2448,4.540213266039848,1.6573320393626085
4.452317953109741,2449,4.541068766052597,1.6578429893702222
4.452317953109741,2450,4.5419232660653295,1.6583510393777927
4.452317953109741,2451,4.542776766078048,1.65885618938532
4.452317953109741,2452,4.543629266090751,1.6593584393928043
4.452317953109741,2453,4.544480766103439,1.659857789400245
4.452317953109741,2454,4.545331266116113,1.660354239407643
4.452317953109741,2455,4.546180766128771,1.6608477894149973
4.452317953109741,2456,4.547029266141415,1.6613384394223085
4.452317953109741,2457,4.547876766154044,1.6618261894295765
4.452317953109741,2458,4.5487232661666575,1.6623110394368015
4.452317953109741,2459,4.549568766179257,1.662792989443983
4.452317953109741,2460,4.550413266191841,1.6632720394511213
4.452317953109741,2461,4.55125676620441,1.6637481894582165
4.452317953109741,2462,4.552099266216964,1.6642214394652686
4.452317953109741,2463,4.5529407662295025,1.6646917894722773
4.452317953109741,2464,4.553781266242027,1.665159239479243
4.452317953109741,2465,4.554620766254537,1.6656237894861652
4.452317953109741,2466,4.5554592662670315,1.6660854394930444
4.452317953109741,2467,4.5562967662795115,1.6665441894998803
4.452317953109741,2468,4.557133266291976,1.6670000395066729
4.452317953109741,2469,4.557968766304426,1.6674529895134227
4.452317953109741,2470,4.558803266316861,1.6679030395201286
4.452317953109741,2471,4.559636766329281,1.6683501895267918
4.452317953109741,2472,4.560469266341686,1.6687944395334118
4.452317953109741,2473,4.561300766354076,1.6692357895399883
4.452317953109741,2474,4.562131266366452,1.6696742395465218
4.452317953109741,2475,4.562960766378813,1.670109789553012
4.452317953109741,2476,4.563789266391159,1.6705424395594588
4.452317953109741,2477,4.564616766403489,1.6709721895658627
4.452317953109741,2478,4.565443266415805,1.6713990395722231
4.452317953109741,2479,4.566268766428106,1.6718229895785406
4.452317953109741,2480,4.567093266440391,1.6722440395848146
4.452317953109741,2481,4.5679167664526625,1.6726621895910456
4.452317953109741,2482,4.568739266464919,1.6730774395972334
4.452317953109741,2483,4.56956076647716,1.6734897896033778
4.452317953109741,2484,4.570381266489387,1.673899239609479
4.452317953109741,2485,4.571200766501599,1.674305789615537
4.452317953109741,2486,4.572019266513795,1.674709439621552
4.452317953109741,2487,4.572836766525977,1.6751101896275238
4.452317953109741,2488,4.573653266538143,1.675508039633452
4.452317953109741,2489,4.574468766550295,1.6759029896393374
4.452317953109741,2490,4.575283266562432,1.6762950396451792
4.452317953109741,2491,4.576096766574555,1.6766841896509779
4.452317953109741,2492,4.576909266586662,1.6770704396567337
4.452317953109741,2493,4.577720766598754,1.677453789662446
4.452317953109741,2494,4.578531266610831,1.677834239668115
4.452317953109741,2495,4.579340766622893,1.678211789673741
4.452317953109741,2496,4.580149266634941,1.6785864396793237
4.452317953109741,2497,4.580956766646974,1.678958189684863
4.452317953109741,2498,4.581763266658992,1.6793270396903595
4.452317953109741,2499,4.582568766670994,1.6796929896958126
4.452317953109741,2500,4.583373266682983,1.6800560397012223
4.452317953109741,2501,4.584176766694956,1.6804161897065892
4.452317953109741,2502,4.584979266706915,1.6807734397119127
4.452317953109741,2503,4.585780766718857,1.6811277897171928
4.452317953109741,2504,4.586581266730786,1.6814792397224299
4.452317953109741,2505,4.586581266730786,1.6814792397224299
4.452317953109741,2506,4.587380666742697,1.681829689727652
4.452317953109741,2507,4.588178866754592,1.6821810397328876
4.452317953109741,2508,4.588975866766468,1.6825332897381364
4.452317953109741,2509,4.589771666778327,1.6828864397433987
4.452317953109741,2510,4.590566266790166,1.6832404897486746
4.452317953109741,2511,4.591359666801989,1.6835954397539636
4.452317953109741,2512,4.5921518668137935,1.6839512897592661
4.452317953109741,2513,4.592942866825581,1.6843080397645824
4.452317953109741,2514,4.593732666837349,1.6846656897699115
4.452317953109741,2515,4.5945212668491004,1.6850242397752542
4.452317953109741,2516,4.595308666860833,1.6853836897806105
4.452317953109741,2517,4.59609486687255,1.6857440397859804
4.452317953109741,2518,4.5968798668842465,1.6861052897913633
4.452317953109741,2519,4.597663666895926,1.6864674397967598
4.452317953109741,2520,4.598446266907588,1.6868304898021695
4.452317953109741,2521,4.599227666919232,1.6871944398075929
4.452317953109741,2522,4.6000078669308575,1.6875592898130298
4.452317953109741,2523,4.600786866942466,1.6879250398184797
4.452317953109741,2524,4.601564666954056,1.688291689823943
4.452317953109741,2525,4.602341266965627,1.68865923982942
4.452317953109741,2526,4.603116666977182,1.6890276898349104
4.452317953109741,2527,4.60389086698872,1.6893970398404143
4.452317953109741,2528,4.604663867000236,1.6897672898459313
4.452317953109741,2529,4.605435667011737,1.6901384398514618
4.452317953109741,2530,4.606206267023221,1.690510489857006
4.452317953109741,2531,4.6069756670346855,1.6908834398625634
4.452317953109741,2532,4.607743867046133,1.691257289868134
4.452317953109741,2533,4.6085108670575625,1.6916320398737184
4.452317953109741,2534,4.609276667068973,1.6920076898793157
4.452317953109741,2535,4.610041267080367,1.692384239884927
4.452317953109741,2536,4.610804667091743,1.692761689890551
4.452317953109741,2537,4.611566867103099,1.693140039896189
4.452317953109741,2538,4.612327867114439,1.6935192899018403
4.452317953109741,2539,4.613087667125761,1.693899439907505
4.452317953109741,2540,4.613846267137065,1.6942804899131831
4.452317953109741,2541,4.6146036671483515,1.6946624399188746
4.452317953109741,2542,4.615359867159621,1.69504528992458
4.452317953109741,2543,4.616114867170871,1.6954290399302985
4.452317953109741,2544,4.616868667182103,1.69581368993603
4.452317953109741,2545,4.617621267193318,1.6961992399417751
4.452317953109741,2546,4.618372667204515,1.6965856899475336
4.452317953109741,2547,4.619122867215694,1.6969730399533054
4.452317953109741,2548,4.619871867226855,1.697361289959091
4.452317953109741,2549,4.620619667237998,1.6977504399648895
4.452317953109741,2550,4.621366267249123,1.698140489970702
4.452317953109741,2551,4.62211166726023,1.6985314399765277
4.452317953109741,2552,4.622855867271319,1.6989232899823663
4.452317953109741,2553,4.623598867282391,1.6993160399882188
4.452317953109741,2554,4.624340667293445,1.6997096899940847
4.452317953109741,2555,4.6250812673044805,1.7001042399999642
4.452317953109741,2556,4.625820667315498,1.7004996900058567
4.452317953109741,2557,4.626558867326499,1.700896040011763
4.452317953109741,2558,4.62729586733748,1.7012932900176823
4.452317953109741,2559,4.628031667348445,1.701691440023615
4.452317953109741,2560,4.628766267359391,1.7020904900295615
4.452317953109741,2561,4.62949966737032,1.702490440035521
4.452317953109741,2562,4.63023186738123,1.7028912900414943
4.452317953109741,2563,4.630962867392124,1.7032930400474808
4.452317953109741,2564,4.631692667402999,1.7036956900534808
4.452317953109741,2565,4.6324212674138545,1.704099240059494
4.452317953109741,2566,4.6331486674246944,1.7045036900655208
4.452317953109741,2567,4.633874867435515,1.704909040071561
4.452317953109741,2568,4.634599867446319,1.7053152900776145
4.452317953109741,2569,4.6353236674571034,1.7057224400836815
4.452317953109741,2570,4.636046267467871,1.7061304900897623
4.452317953109741,2571,4.636767667478621,1.7065394400958558
4.452317953109741,2572,4.637487867489353,1.7069492901019632
4.452317953109741,2573,4.638206867500067,1.7073600401080837
4.452317953109741,2574,4.6389246675107625,1.7077716901142177
4.452317953109741,2575,4.639641267521441,1.7081842401203653
4.452317953109741,2576,4.640356667532101,1.708597690126526
4.452317953109741,2577,4.6410708675427434,1.7090120401327005
4.452317953109741,2578,4.641783867553368,1.7094272901388883
4.452317953109741,2579,4.642495667563975,1.7098434401450893
4.452317953109741,2580,4.6432062675745644,1.7102604901513037
4.452317953109741,2581,4.6439156675851345,1.7106784401575317
4.452317953109741,2582,4.644623867595687,1.7110972901637729
4.452317953109741,2583,4.645330867606223,1.711517040170028
4.452317953109741,2584,4.64603666761674,1.711937690176296
4.452317953109741,2585,4.646741267627239,1.7123592401825776
4.452317953109741,2586,4.64744466763772,1.7127816901888728
4.452317953109741,2587,4.648146867648184,1.713205040195181
4.452317953109741,2588,4.64884786765863,1.7136292902015027
4.452317953109741,2589,4.649547667669059,1.7140544402078381
4.452317953109741,2590,4.650246267679468,1.7144804902141868
4.452317953109741,2591,4.650943667689861,1.7149074402205486
4.452317953109741,2592,4.651639867700234,1.715335290226924
4.452317953109741,2593,4.652334867710591,1.7157640402333134
4.452317953109741,2594,4.653028667720929,1.7161936902397155
4.452317953109741,2595,4.65372126773125,1.7166242402461311
4.452317953109741,2596,4.6544126677415525,1.7170556902525604
4.452317953109741,2597,4.655102867751838,1.7174880402590031
4.452317953109741,2598,4.655791867762105,1.717921290265459
4.452317953109741,2599,4.656479667772353,1.718355440271928
4.452317953109741,2600,4.657166267782585,1.718790490278411
4.452317953109741,2601,4.657851667792799,1.7192264402849071
4.452317953109741,2602,4.658535867802994,1.7196632902914168
4.452317953109741,2603,4.659218867813171,1.7201010402979398
4.452317953109741,2604,4.65990066782333,1.7205396903044763
4.452317953109741,2605,4.660581267833472,1.720979240311026
4.452317953109741,2606,4.661260667843596,1.721419690317589
4.452317953109741,2607,4.661938867853703,1.7218610403241659
4.452317953109741,2608,4.6626158678637895,1.722303290330756
4.452317953109741,2609,4.66329166787386,1.7227464403373594
4.452317953109741,2610,4.663966267883912,1.723190490343976
4.452317953109741,2611,4.664639667893947,1.7236354403506062
4.452317953109741,2612,4.665311867903964,1.72408129035725
4.452317953109741,2613,4.6659828679139626,1.7245280403639072
4.452317953109741,2614,4.666652667923943,1.7249756903705775
4.452317953109741,2615,4.6673212679339064,1.7254242403772615
4.452317953109741,2616,4.667988667943851,1.7258736903839589
4.452317953109741,2617,4.668654867953777,1.7263240403906694
4.452317953109741,2618,4.669319867963687,1.7267752903973936
4.452317953109741,2619,4.669983667973579,1.7272274404041312
4.452317953109741,2620,4.670646267983451,1.727680490410882
4.452317953109741,2621,4.671307667993307,1.7281344404176466
4.452317953109741,2622,4.671967868003145,1.7285892904244244
4.452317953109741,2623,4.672626868012965,1.7290450404312154
4.452317953109741,2624,4.6732846680227675,1.7295016904380203
4.452317953109741,2625,4.673941268032552,1.729959240444838
4.452317953109741,2626,4.674596668042318,1.7304176904516697
4.452317953109741,2627,4.675250868052065,1.7308770404585143
4.452317953109741,2628,4.675903868061797,1.7313372904653725
4.452317953109741,2629,4.676555668071509,1.7317984404722444
4.452317953109741,2630,4.677206268081204,1.7322604904791294
4.452317953109741,2631,4.67785566809088,1.7327234404860279
4.452317953109741,2632,4.678503868100539,1.73318729049294
4.452317953109741,2633,4.67915086811018,1.7336520404998652
4.452317953109741,2634,4.679796668119803,1.7341176905068036
4.452317953109741,2635,4.6804412681294085,1.7345842405137561
4.452317953109741,2636,4.681084668138997,1.7350516905207216
4.452317953109741,2637,4.681726868148566,1.7355200405277005
4.452317953109741,2638,4.682367868158118,1.7359892905346928
4.452317953109741,2639,4.683007668167651,1.7364594405416984
4.452317953109741,2640,4.683646268177166,1.7369304905487177
4.452317953109741,2641,4.684283668186665,1.7374024405557507
4.452317953109741,2642,4.684919868196145,1.7378752905627965
4.452317953109741,2643,4.685554868205607,1.7383490405698558
4.452317953109741,2644,4.686188668215052,1.7388236905769288
4.452317953109741,2645,4.686821268224478,1.7392992405840149
4.452317953109741,2646,4.687452668233887,1.7397756905911146
4.452317953109741,2647,4.688082868243278,1.7402530405982277
4.452317953109741,2648,4.688711868252651,1.7407312906053543
4.452317953109741,2649,4.689339668262005,1.7412104406124942
4.452317953109741,2650,4.689966268271341,1.7416904906196473
4.452317953109741,2651,4.6905916682806605,1.7421714406268136
4.452317953109741,2652,4.691215868289961,1.7426532906339942
4.452317953109741,2653,4.691838868299246,1.7431360406411875
4.452317953109741,2654,4.692460668308511,1.7436196906483945
4.452317953109741,2655,4.693081268317759,1.744104240655615
4.452317953109741,2656,4.693700668326988,1.7445896906628486
4.452317953109741,2657,4.6943188683362,1.745076040670096
4.452317953109741,2658,4.694935868345394,1.7455632906773562
4.452317953109741,2659,4.695551668354571,1.7460514406846306
4.452317953109741,2660,4.696166268363729,1.7465404906919177
4.452317953109741,2661,4.696779668372869,1.7470304406992188
4.452317953109741,2662,4.697391868381992,1.747521290706533
4.452317953109741,2663,4.698002868391097,1.7480130407138605
4.452317953109741,2664,4.698612668400184,1.7485056907212015
4.452317953109741,2665,4.699221268409252,1.7489992407285562
4.452317953109741,2666,4.699828668418302,1.7494936907359242
4.452317953109741,2667,4.700434868427337,1.7499890407433052
4.452317953109741,2668,4.701039868436351,1.7504852907507
4.452317953109741,2669,4.701643668445349,1.750982440758108
4.452317953109741,2670,4.702246268454329,1.7514804907655297
4.452317953109741,2671,4.702847668463289,1.7519794407729647
4.452317953109741,2672,4.703447868472233,1.7524792907804128
4.452317953109741,2673,4.704046868481159,1.7529800407878746
4.452317953109741,2674,4.704644668490067,1.7534816907953499
4.452317953109741,2675,4.705241268498957,1.7539842408028383
4.452317953109741,2676,4.705836668507829,1.7544876908103404
4.452317953109741,2677,4.706430868516684,1.7549920408178559
4.452317953109741,2678,4.7070238685255195,1.7554972908253845
4.452317953109741,2679,4.707615668534338,1.7560034408329268
4.452317953109741,2680,4.7082062685431385,1.7565104908404823
4.452317953109741,2681,4.708795668551922,1.7570184408480514
4.452317953109741,2682,4.709383868560687,1.757527290855634
4.452317953109741,2683,4.7099708685694335,1.75803704086323
4.452317953109741,2684,4.710556668578163,1.7585476908708393
4.452317953109741,2685,4.711141268586875,1.759059240878462
4.452317953109741,2686,4.711724668595568,1.7595716908860983
4.452317953109741,2687,4.7123068686042435,1.7600850408937476
4.452317953109741,2688,4.712887868612901,1.7605992909014105
4.452317953109741,2689,4.713467668621541,1.7611144409090866
4.452317953109741,2690,4.714046268630163,1.7616304909167766
4.452317953109741,2691,4.714623668638766,1.7621474409244797
4.452317953109741,2692,4.7151998686473515,1.7626652909321963
4.452317953109741,2693,4.71577486865592,1.7631840409399262
4.452317953109741,2694,4.7163486686644704,1.7637036909476698
4.452317953109741,2695,4.716921268673003,1.7642242409554265
4.452317953109741,2696,4.717492668681517,1.7647456909631964
4.452317953109741,2697,4.718062868690014,1.7652680409709804
4.452317953109741,2698,4.718631868698493,1.7657912909787772
4.452317953109741,2699,4.7191996687069535,1.7663154409865875
4.452317953109741,2700,4.7197662687153965,1.7668404909944115
4.452317953109741,2701,4.720331668723822,1.767366441002249
4.452317953109741,2702,4.720895868732229,1.7678932910100995
4.452317953109741,2703,4.721458868740618,1.7684210410179637
4.452317953109741,2704,4.722020668748989,1.768949691025841
4.452317953109741,2705,4.722581268757343,1.769479241033732
4.452317953109741,2706,4.723140668765679,1.7700096910416363
4.452317953109741,2707,4.723698868773997,1.7705410410495541
4.452317953109741,2708,4.724255868782297,1.7710732910574851
4.452317953109741,2709,4.724811668790579,1.7716064410654297
4.452317953109741,2710,4.725366268798843,1.7721404910733878
4.452317953109741,2711,4.725919668807089,1.772675441081359
4.452317953109741,2712,4.726471868815318,1.773211291089344
4.452317953109741,2713,4.7270228688235285,1.773748041097342
4.452317953109741,2714,4.727572668831722,1.774285691105354
4.452317953109741,2715,4.728121268839897,1.774824241113379
4.452317953109741,2716,4.728668668848053,1.7753636911214175
4.452317953109741,2717,4.729214868856192,1.7759040411294693
4.452317953109741,2718,4.729759868864313,1.7764452911375346
4.452317953109741,2719,4.730303668872417,1.7769874411456132
4.452317953109741,2720,4.730846268880502,1.7775304911537049
4.452317953109741,2721,4.731387668888569,1.7780744411618106
4.452317953109741,2722,4.731927868896619,1.7786192911699297
4.452317953109741,2723,4.73246686890465,1.7791650411780617
4.452317953109741,2724,4.733004668912664,1.7797116911862076
4.452317953109741,2725,4.733541268920661,1.7802592411943667
4.452317953109741,2726,4.7340766689286395,1.7808076912025395
4.452317953109741,2727,4.734610868936599,1.7813570412107254
4.452317953109741,2728,4.735143868944542,1.7819072912189247
4.452317953109741,2729,4.7356756689524655,1.7824584412271376
4.452317953109741,2730,4.736206268960373,1.7830104912353637
4.452317953109741,2731,4.736735668968262,1.7835634412436032
4.452317953109741,2732,4.737263868976132,1.7841172912518561
4.452317953109741,2733,4.737790868983986,1.7846720412601225
4.452317953109741,2734,4.7383166689918195,1.7852276912684024
4.452317953109741,2735,4.738841268999637,1.7857842412766958
4.452317953109741,2736,4.739364669007436,1.7863416912850023
4.452317953109741,2737,4.739886869015217,1.7869000412933225
4.452317953109741,2738,4.740407869022981,1.7874592913016558
4.452317953109741,2739,4.740927669030727,1.7880194413100026
4.452317953109741,2740,4.7414462690384545,1.788580491318363
4.452317953109741,2741,4.741963669046164,1.789142441326737
4.452317953109741,2742,4.742479869053857,1.789705291335124
4.452317953109741,2743,4.742994869061531,1.7902690413435243
4.452317953109741,2744,4.743508669069186,1.7908336913519383
4.452317953109741,2745,4.744021269076825,1.7913992413603657
4.452317953109741,2746,4.744532669084445,1.7919656913688062
4.452317953109741,2747,4.745042869092048,1.7925330413772604
4.452317953109741,2748,4.745551869099632,1.793101291385728
4.452317953109741,2749,4.746059669107199,1.793670441394209
4.452317953109741,2750,4.746566269114748,1.7942404914027035
4.452317953109741,2751,4.747071669122279,1.794811441411211
4.452317953109741,2752,4.747575869129792,1.7953832914197325
4.452317953109741,2753,4.748078869137288,1.7959560414282674
4.452317953109741,2754,4.748580669144765,1.796529691436815
4.452317953109741,2755,4.749081269152224,1.7971042414453766
4.452317953109741,2756,4.749580669159666,1.7976796914539515
4.452317953109741,2757,4.7500788691670905,1.79825604146254
4.452317953109741,2758,4.7505758691744955,1.7988332914711416
4.452317953109741,2759,4.751071669181884,1.7994114414797566
4.452317953109741,2760,4.7515662691892535,1.7999904914883853
4.452317953109741,2761,4.752059669196606,1.800570441497027
4.452317953109741,2762,4.75255186920394,1.8011512915056822
4.452317953109741,2763,4.7530428692112565,1.801733041514351
4.452317953109741,2764,4.753532669218555,1.8023156915230332
4.452317953109741,2765,4.754021269225836,1.8028992415317289
4.452317953109741,2766,4.754508669233099,1.8034836915404377
4.452317953109741,2767,4.754994869240344,1.8040690415491603
4.452317953109741,2768,4.755479869247571,1.804655291557896
4.452317953109741,2769,4.75596366925478,1.8052424415666453
4.452317953109741,2770,4.756446269261971,1.805830491575408
4.452317953109741,2771,4.756927669269145,1.8064194415841839
4.452317953109741,2772,4.7574078692763,1.8070092915929734
4.452317953109741,2773,4.757886869283438,1.8076000416017761
4.452317953109741,2774,4.7583646692905575,1.8081916916105927
4.452317953109741,2775,4.75884126929766,1.8087842416194222
4.452317953109741,2776,4.759316669304743,1.8093776916282653
4.452317953109741,2777,4.75979086931181,1.8099720416371219
4.452317953109741,2778,4.760263869318858,1.8105672916459918
4.452317953109741,2779,4.760735669325888,1.811163441654875
4.452317953109741,2780,4.7612062693329005,1.8117604916637717
4.452317953109741,2781,4.761675669339895,1.812358441672682
4.452317953109741,2782,4.762143869346873,1.8129572916816055
4.452317953109741,2783,4.762610869353831,1.8135570416905424
4.452317953109741,2784,4.763076669360772,1.814157691699493
4.452317953109741,2785,4.763541269367694,1.8147592417084564
4.452317953109741,2786,4.7640046693746,1.8153616917174338
4.452317953109741,2787,4.764466869381488,1.8159650417264244
4.452317953109741,2788,4.764927869388357,1.8165692917354286
4.452317953109741,2789,4.765387669395208,1.817174441744446
4.452317953109741,2790,4.765846269402043,1.8177804917534768
4.452317953109741,2791,4.766303669408858,1.818387441762521
4.452317953109741,2792,4.766759869415656,1.8189952917715786
4.452317953109741,2793,4.767214869422436,1.8196040417806496
4.452317953109741,2794,4.767668669429199,1.8202136917897342
4.452317953109741,2795,4.768121269435943,1.8208242417988323
4.452317953109741,2796,4.768572669442669,1.8214356918079435
4.452317953109741,2797,4.769022869449378,1.8220480418170681
4.452317953109741,2798,4.769471869456067,1.8226612918262064
4.452317953109741,2799,4.76991966946274,1.8232754418353578
4.452317953109741,2800,4.770366269469395,1.823890491844523
4.452317953109741,2801,4.770811669476032,1.8245064418537011
4.452317953109741,2802,4.771255869482652,1.825123291862893
4.452317953109741,2803,4.771698869489253,1.825741041872098
4.452317953109741,2804,4.772140669495837,1.8263596918813167
4.452317953109741,2805,4.7725812695024015,1.8269792418905488
4.452317953109741,2806,4.7730206695089485,1.827599691899794
4.452317953109741,2807,4.773458869515479,1.828221041909053
4.452317953109741,2808,4.773895869521991,1.828843291918325
4.452317953109741,2809,4.774331669528484,1.829466441927611
4.452317953109741,2810,4.774766269534961,1.83009049193691
4.452317953109741,2811,4.7751996695414185,1.8307154419462224
4.452317953109741,2812,4.775631869547859,1.8313412919555483
4.452317953109741,2813,4.7760628695542815,1.8319680419648878
4.452317953109741,2814,4.776492669560686,1.8325956919742405
4.452317953109741,2815,4.776921269567073,1.8332242419836067
4.452317953109741,2816,4.777348669573442,1.833853691992986
4.452317953109741,2817,4.777774869579792,1.8344840420023791
4.452317953109741,2818,4.778199869586126,1.8351152920117855
4.452317953109741,2819,4.778623669592441,1.8357474420212052
4.452317953109741,2820,4.779046269598738,1.8363804920306384
4.452317953109741,2821,4.779467669605017,1.837014442040085
4.452317953109741,2822,4.7798878696112785,1.837649292049545
4.452317953109741,2823,4.780306869617522,1.8382850420590184
4.452317953109741,2824,4.780724669623748,1.8389216920685052
4.452317953109741,2825,4.781141269629956,1.8395592420780054
4.452317953109741,2826,4.781556669636146,1.8401976920875192
4.452317953109741,2827,4.7819708696423175,1.8408370420970461
4.452317953109741,2828,4.782383869648472,1.8414772921065867
4.452317953109741,2829,4.7827956696546075,1.8421184421161403
4.452317953109741,2830,4.7832062696607265,1.8427604921257077
4.452317953109741,2831,4.783615669666827,1.8434034421352887
4.452317953109741,2832,4.78402386967291,1.8440472921448827
4.452317953109741,2833,4.784430869678975,1.8446920421544903
4.452317953109741,2834,4.784836669685021,1.8453376921641111
4.452317953109741,2835,4.785241269691051,1.8459842421737453
4.452317953109741,2836,4.785644669697062,1.8466316921833932
4.452317953109741,2837,4.786046869703055,1.8472800421930544
4.452317953109741,2838,4.78644786970903,1.8479292922027288
4.452317953109741,2839,4.786847669714988,1.8485794422124169
4.452317953109741,2840,4.787246269720928,1.8492304922221183
4.452317953109741,2841,4.787643669726848,1.849882442231833
4.452317953109741,2842,4.788039869732753,1.8505352922415614
4.452317953109741,2843,4.788434869738639,1.851189042251303
4.452317953109741,2844,4.788828669744506,1.851843692261058
4.452317953109741,2845,4.789221269750358,1.8524992422708264
4.452317953109741,2846,4.78961266975619,1.8531556922806085
4.452317953109741,2847,4.790002869762004,1.8538130422904033
4.452317953109741,2848,4.7903918697678005,1.8544712923002122
4.452317953109741,2849,4.790779669773579,1.8551304423100343
4.452317953109741,2850,4.79116626977934,1.85579049231987
4.452317953109741,2851,4.791551669785083,1.856451442329719
4.452317953109741,2852,4.791935869790807,1.857113292339581
4.452317953109741,2853,4.792318869796515,1.8577760423494567
4.452317953109741,2854,4.792700669802205,1.858439692359346
4.452317953109741,2855,4.7930812698078755,1.8591042423692485
4.452317953109741,2856,4.793460669813529,1.8597696923791645
4.452317953109741,2857,4.793838869819165,1.860436042389094
4.452317953109741,2858,4.794215869824782,1.8611032923990367
4.452317953109741,2859,4.794591669830382,1.8617714424089928
4.452317953109741,2860,4.794966269835964,1.8624404924189628
4.452317953109741,2861,4.795339669841528,1.8631104424289457
4.452317953109741,2862,4.795711869847075,1.863781292438942
4.452317953109741,2863,4.796082869852603,1.864453042448952
4.452317953109741,2864,4.796452669858113,1.8651256924589752
4.452317953109741,2865,4.796821269863606,1.865799242469012
4.452317953109741,2866,4.79718866986908,1.8664736924790621
4.452317953109741,2867,4.797554869874537,1.8671490424891255
4.452317953109741,2868,4.797919869879976,1.8678252924992025
4.452317953109741,2869,4.7982836698853975,1.8685024425092929
4.452317953109741,2870,4.7986462698908,1.8691804925193964
4.452317953109741,2871,4.799007669896186,1.8698594425295136
4.452317953109741,2872,4.799367869901554,1.8705392925396442
4.452317953109741,2873,4.799726869906903,1.8712200425497882
4.452317953109741,2874,4.800084669912234,1.8719016925599457
4.452317953109741,2875,4.800441269917548,1.8725842425701162
4.452317953109741,2876,4.8007966699228435,1.8732676925803002
4.452317953109741,2877,4.801150869928122,1.8739520425904983
4.452317953109741,2878,4.8015038699333825,1.874637292600709
4.452317953109741,2879,4.801855669938624,1.8753234426109335
4.452317953109741,2880,4.802206269943849,1.8760104926211714
4.452317953109741,2881,4.802555669949054,1.8766984426314226
4.452317953109741,2882,4.802903869954244,1.8773872926416875
4.452317953109741,2883,4.803250869959415,1.8780770426519655
4.452317953109741,2884,4.803596669964567,1.8787676926622567
4.452317953109741,2885,4.803941269969702,1.8794592426725618
4.452317953109741,2886,4.80428466997482,1.88015169268288
4.452317953109741,2887,4.804626869979918,1.8808450426932117
4.452317953109741,2888,4.804967869984999,1.881539292703557
4.452317953109741,2889,4.8053076699900625,1.8822344427139153
4.452317953109741,2890,4.805646269995108,1.8829304927242874
4.452317953109741,2891,4.805983670000137,1.8836274427346729
4.452317953109741,2892,4.8063198700051455,1.8843252927450715
4.452317953109741,2893,4.806654870010139,1.8850240427554836
4.452317953109741,2894,4.806988670015112,1.8857236927659093
4.452317953109741,2895,4.8073212700200685,1.8864242427763482
4.452317953109741,2896,4.807652670025007,1.887125692786801
4.452317953109741,2897,4.807982870029926,1.887828042797267
4.452317953109741,2898,4.808311870034829,1.8885312928077458
4.452317953109741,2899,4.808639670039714,1.8892354428182385
4.452317953109741,2900,4.80896627004458,1.8899404928287447
4.452317953109741,2901,4.809291670049429,1.890646442839264
4.452317953109741,2902,4.809615870054261,1.891353292849797
4.452317953109741,2903,4.809938870059073,1.8920610428603433
4.452317953109741,2904,4.810260670063868,1.8927696928709028
4.452317953109741,2905,4.810581270068646,1.8934792428814762
4.452317953109741,2906,4.810900670073405,1.8941896928920627
4.452317953109741,2907,4.811218870078147,1.8949010429026625
4.452317953109741,2908,4.811535870082871,1.8956132929132758
4.452317953109741,2909,4.811851670087576,1.8963264429239026
4.452317953109741,2910,4.8121662700922645,1.8970404929345428
4.452317953109741,2911,4.812479670096934,1.8977554429451962
4.452317953109741,2912,4.812791870101586,1.8984712929558634
4.452317953109741,2913,4.813102870106221,1.8991880429665438
4.452317953109741,2914,4.813412670110837,1.8999056929772375
4.452317953109741,2915,4.813721270115435,1.900624242987945
4.452317953109741,2916,4.814028670120016,1.9013436929986653
4.452317953109741,2917,4.814334870124579,1.9020640430093994
4.452317953109741,2918,4.814639870129124,1.902785293020147
4.452317953109741,2919,4.81494367013365,1.9035074430309078
4.452317953109741,2920,4.815246270138159,1.904230493041682
4.452317953109741,2921,4.815547670142651,1.9049544430524699
4.452317953109741,2922,4.815847870147124,1.9056792930632709
4.452317953109741,2923,4.81614687015158,1.9064050430740855
4.452317953109741,2924,4.8164446701560175,1.9071316930849134
4.452317953109741,2925,4.816741270160437,1.9078592430957546
4.452317953109741,2926,4.817036670164839,1.9085876931066093
4.452317953109741,2927,4.817330870169223,1.9093170431174777
4.452317953109741,2928,4.8176238701735885,1.910047293128359
4.452317953109741,2929,4.817915670177937,1.9107784431392543
4.452317953109741,2930,4.818206270182267,1.9115104931501625
4.452317953109741,2931,4.8184956701865795,1.9122434431610844
4.452317953109741,2932,4.818783870190874,1.9129772931720195
4.452317953109741,2933,4.819070870195151,1.9137120431829682
4.452317953109741,2934,4.81935667019941,1.91444769319393
4.452317953109741,2935,4.81964127020365,1.9151842432049055
4.452317953109741,2936,4.8199246702078735,1.9159216932158945
4.452317953109741,2937,4.820206870212078,1.9166600432268968
4.452317953109741,2938,4.820487870216265,1.9173992932379125
4.452317953109741,2939,4.820767670220436,1.9181394432489418
4.452317953109741,2940,4.821046270224587,1.918880493259984
4.452317953109741,2941,4.82132367022872,1.91962244327104
4.452317953109741,2942,4.821599870232836,1.9203652932821094
4.452317953109741,2943,4.821874870236933,1.921109043293192
4.452317953109741,2944,4.822148670241013,1.9218536933042882
4.452317953109741,2945,4.8224212702450755,1.9225992433153976
4.452317953109741,2946,4.82269267024912,1.923345693326521
4.452317953109741,2947,4.822962870253146,1.9240930433376573
4.452317953109741,2948,4.823231870257155,1.924841293348807
4.452317953109741,2949,4.823499670261145,1.9255904433599702
4.452317953109741,2950,4.823766270265118,1.9263404933711468
4.452317953109741,2951,4.824031670269072,1.927091443382337
4.452317953109741,2952,4.824295870273009,1.9278432933935403
4.452317953109741,2953,4.824558870276928,1.9285960434047573
4.452317953109741,2954,4.824820670280829,1.9293496934159873
4.452317953109741,2955,4.825081270284713,1.930104243427231
4.452317953109741,2956,4.825340670288577,1.930859693438488
4.452317953109741,2957,4.825598870292426,1.9316160434497585
4.452317953109741,2958,4.825855870296255,1.9323732934610425
4.452317953109741,2959,4.826111670300067,1.93313144347234
4.452317953109741,2960,4.82636627030386,1.9338904934836505
4.452317953109741,2961,4.826619670307636,1.9346504434949747
4.452317953109741,2962,4.826871870311395,1.9354112935063121
4.452317953109741,2963,4.827122870315135,1.9361730435176632
4.452317953109741,2964,4.827372670318857,1.9369356935290276
4.452317953109741,2965,4.827621270322561,1.9376992435404052
4.452317953109741,2966,4.827868670326248,1.9384636935517965
4.452317953109741,2967,4.828114870329917,1.9392290435632011
4.452317953109741,2968,4.828359870333568,1.9399952935746194
4.452317953109741,2969,4.8286036703372,1.9407624435860507
4.452317953109741,2970,4.828846270340816,1.9415304935974955
4.452317953109741,2971,4.829087670344412,1.9422994436089536
4.452317953109741,2972,4.829327870347992,1.9430692936204255
4.452317953109741,2973,4.829566870351553,1.9438400436319103
4.452317953109741,2974,4.829804670355097,1.944611693643409
4.452317953109741,2975,4.830041270358623,1.945384243654921
4.452317953109741,2976,4.830276670362131,1.9461576936664462
4.452317953109741,2977,4.83051087036562,1.9469320436779851
4.452317953109741,2978,4.830743870369092,1.947707293689537
4.452317953109741,2979,4.8309756703725455,1.9484834437011025
4.452317953109741,2980,4.831206270375982,1.9492604937126814
4.452317953109741,2981,4.831435670379401,1.9500384437242737
4.452317953109741,2982,4.831663870382801,1.9508172937358796
4.452317953109741,2983,4.831890870386184,1.951597043747499
4.452317953109741,2984,4.832116670389548,1.9523776937591315
4.452317953109741,2985,4.832341270392895,1.9531592437707772
4.452317953109741,2986,4.8325646703962235,1.9539416937824368
4.452317953109741,2987,4.832786870399534,1.9547250437941095
4.452317953109741,2988,4.833007870402828,1.9555092938057959
4.452317953109741,2989,4.833227670406104,1.9562944438174956
4.452317953109741,2990,4.833446270409361,1.9570804938292086
4.452317953109741,2991,4.8336636704126,1.9578674438409351
4.452317953109741,2992,4.833879870415823,1.958655293852675
4.452317953109741,2993,4.834094870419025,1.959444043864428
4.452317953109741,2994,4.834308670422212,1.9602336938761948
4.452317953109741,2995,4.8345212704253795,1.9610242438879748
4.452317953109741,2996,4.834732670428529,1.9618156938997684
4.452317953109741,2997,4.834942870431662,1.9626080439115754
4.452317953109741,2998,4.835151870434776,1.9634012939233956
4.452317953109741,2999,4.835359670437873,1.9641954439352296
4.452317953109741,3000,4.835566270440951,1.9649904939470766
4.452317953109741,3001,4.835771670444012,1.9657864439589372
4.452317953109741,3002,4.835975870447055,1.9665832939708112
4.452317953109741,3003,4.836178870450079,1.9673810439826986
4.452317953109741,3004,4.836380670453087,1.9681796939945997
4.452317953109741,3005,4.836581270456076,1.9689792440065137
4.452317953109741,3006,4.836581270456076,1.9689792440065137
4.452317953109741,3007,4.83678307943651,1.9697805829999289
4.452317953109741,3008,4.8369885063718545,1.970584599956332
4.452317953109741,3009,4.837197551262108,1.9713912948757235
4.452317953109741,3010,4.83741021410727,1.972200667758103
4.452317953109741,3011,4.837626494907343,1.973012718603471
4.452317953109741,3012,4.837846393662323,1.973827447411827
4.452317953109741,3013,4.838069910372213,1.9746448541831711
4.452317953109741,3014,4.838297045037013,1.9754649389175039
4.452317953109741,3015,4.838527797656722,1.9762877016148244
4.452317953109741,3016,4.83876216823134,1.9771131422751334
4.452317953109741,3017,4.839000156760867,1.9779412608984306
4.452317953109741,3018,4.839241763245304,1.9787720574847159
4.452317953109741,3019,4.83948698768465,1.9796055320339896
4.452317953109741,3020,4.8397358300789035,1.9804416845462514
4.452317953109741,3021,4.839988290428067,1.9812805150215012
4.452317953109741,3022,4.840244368732142,1.9821220234597394
4.452317953109741,3023,4.840504064991125,1.982966209860966
4.452317953109741,3024,4.840767379205015,1.9838130742251805
4.452317953109741,3025,4.841034311373816,1.9846626165523833
4.452317953109741,3026,4.841304861497528,1.9855148368425746
4.452317953109741,3027,4.841579029576147,1.9863697350957537
4.452317953109741,3028,4.841856815609676,1.9872273113119212
4.452317953109741,3029,4.842138219598114,1.9880875654910768
4.452317953109741,3030,4.842423241541461,1.9889504976332206
4.452317953109741,3031,4.842711881439717,1.989816107738353
4.452317953109741,3032,4.8430041392928835,1.990684395806473
4.452317953109741,3033,4.843300015100958,1.9915553618375816
4.452317953109741,3034,4.843599508863942,1.9924290058316785
4.452317953109741,3035,4.843902620581836,1.9933053277887631
4.452317953109741,3036,4.844209350254638,1.9941843277088365
4.452317953109741,3037,4.844519697882351,1.9950660055918976
4.452317953109741,3038,4.844833663464971,1.9959503614379472
4.452317953109741,3039,4.8451512470025015,1.9968373952469851
4.452317953109741,3040,4.845472448494941,1.997727107019011
4.452317953109741,3041,4.845797267942291,1.9986194967540252
4.452317953109741,3042,4.846125705344548,1.9995145644520276
4.452317953109741,3043,4.846457760701717,2.000412310113019
4.452317953109741,3044,4.846793434013792,2.0013127337369974
4.452317953109741,3045,4.847132725280779,2.0022158353239643
4.452317953109741,3046,4.847475634502673,2.00312161487392
4.452317953109741,3047,4.847822161679478,2.0040300723868634
4.452317953109741,3048,4.8481723068111915,2.004941207862795
4.452317953109741,3049,4.848526069897814,2.005855021301715
4.452317953109741,3050,4.848883450939345,2.0067715127036228
4.452317953109741,3051,4.849244449935787,2.007690682068519
4.452317953109741,3052,4.849609066887138,2.008612529396404
4.452317953109741,3053,4.849977301793397,2.0095370546872764
4.452317953109741,3054,4.850349154654566,2.0104642579411376
4.452317953109741,3055,4.850724625470644,2.0113941391579866
4.452317953109741,3056,4.851103714241631,2.0123266983378243
4.452317953109741,3057,4.851486420967528,2.01326193548065
4.452317953109741,3058,4.851872745648334,2.014199850586464
4.452317953109741,3059,4.852262688284049,2.0151404436552656
4.452317953109741,3060,4.852656248874673,2.016083714687056
4.452317953109741,3061,4.853053427420207,2.0170296636818343
4.452317953109741,3062,4.85345422392065,2.017978290639601
4.452317953109741,3063,4.853858638376002,2.0189295955603557
4.452317953109741,3064,4.854266670786264,2.019883578444099
4.452317953109741,3065,4.854678321151433,2.0208402392908305
4.452317953109741,3066,4.855093589471513,2.0217995781005493
4.452317953109741,3067,4.855512475746502,2.0227615948732574
4.452317953109741,3068,4.8559349799764,2.023726289608953
4.452317953109741,3069,4.856361102161208,2.0246936623076373
4.452317953109741,3070,4.856790842300924,2.0256637129693096
4.452317953109741,3071,4.85722420039555,2.02663644159397
4.452317953109741,3072,4.857661176445085,2.027611848181619
4.452317953109741,3073,4.8581017704495295,2.0285899327322556
4.452317953109741,3074,4.858545982408883,2.029570695245881
4.452317953109741,3075,4.858993812323146,2.0305541357224945
4.452317953109741,3076,4.8594452601923175,2.0315402541620955
4.452317953109741,3077,4.859900326016398,2.0325290505646856
4.452317953109741,3078,4.86035900979539,2.033520524930264
4.452317953109741,3079,4.860821311529289,2.03451467725883
4.452317953109741,3080,4.861287231218099,2.0355115075503845
4.452317953109741,3081,4.861756768861817,2.036511015804927
4.452317953109741,3082,4.862229924460444,2.037513202022458
4.452317953109741,3083,4.86270669801398,2.038518066202977
4.452317953109741,3084,4.863187089522427,2.0395256083464846
4.452317953109741,3085,4.863671098985781,2.0405358284529798
4.452317953109741,3086,4.864158726404046,2.041548726522463
4.452317953109741,3087,4.86464997177722,2.0425643025549354
4.452317953109741,3088,4.865144835105302,2.043582556550396
4.452317953109741,3089,4.8656433163882955,2.044603488508844
4.452317953109741,3090,4.866145415626197,2.0456270984302805
4.452317953109741,3091,4.8666511328190065,2.046653386314705
4.452317953109741,3092,4.867160467966727,2.047682352162118
4.452317953109741,3093,4.867673421069355,2.0487139959725194
4.452317953109741,3094,4.868189992126895,2.0497483177459093
4.452317953109741,3095,4.868710181139342,2.0507853174822865
4.452317953109741,3096,4.8692339881067,2.0518249951816525
4.452317953109741,3097,4.869761413028964,2.0528673508440067
4.452317953109741,3098,4.8702924559061405,2.0539123844693488
4.452317953109741,3099,4.870827116738225,2.0549600960576795
4.452317953109741,3100,4.871365395525218,2.056010485608998
4.452317953109741,3101,4.871907292267122,2.057063553123305
4.452317953109741,3102,4.872452806963934,2.0581192986006003
4.452317953109741,3103,4.873001939615655,2.0591777220408836
4.452317953109741,3104,4.873554690222286,2.060238823444155
4.452317953109741,3105,4.874111058783825,2.061302602810415
4.452317953109741,3106,4.874671045300276,2.062369060139663
4.452317953109741,3107,4.875234649771632,2.0634381954318983
4.452317953109741,3108,4.875801872197901,2.0645100086871233
4.452317953109741,3109,4.8763727125790775,2.0655844999053357
4.452317953109741,3110,4.876947170915163,2.0666616690865363
4.452317953109741,3111,4.877525247206158,2.0677415162307256
4.452317953109741,3112,4.878106941452064,2.0688240413379027
4.452317953109741,3113,4.8786922536528765,2.069909244408068
4.452317953109741,3114,4.879281183808599,2.0709971254412216
4.452317953109741,3115,4.879873731919232,2.072087684437364
4.452317953109741,3116,4.880469897984773,2.0731809213964936
4.452317953109741,3117,4.881069682005224,2.074276836318612
4.452317953109741,3118,4.881673083980584,2.075375429203718
4.452317953109741,3119,4.882280103910853,2.076476700051813
4.452317953109741,3120,4.882890741796032,2.077580648862896
4.452317953109741,3121,4.883504997636119,2.078687275636967
4.452317953109741,3122,4.884122871431115,2.079796580374026
4.452317953109741,3123,4.884744363181023,2.080908563074074
4.452317953109741,3124,4.885369472885838,2.0820232237371092
4.452317953109741,3125,4.885998200545562,2.0831405623631336
4.452317953109741,3126,4.8866305461601955,2.0842605789521453
4.452317953109741,3127,4.887266509729739,2.0853832735041458
4.452317953109741,3128,4.887906091254191,2.0865086460191344
4.452317953109741,3129,4.888549290733553,2.0876366964971114
4.452317953109741,3130,4.889196108167823,2.088767424938076
4.452317953109741,3131,4.889846543557004,2.0899008313420295
4.452317953109741,3132,4.890500596901092,2.0910369157089708
4.452317953109741,3133,4.891158268200091,2.0921756780389003
4.452317953109741,3134,4.891819557453998,2.0933171183318184
4.452317953109741,3135,4.8924844646628145,2.0944612365877244
4.452317953109741,3136,4.893152989826541,2.0956080328066187
4.452317953109741,3137,4.893825132945177,2.096757506988501
4.452317953109741,3138,4.894500894018722,2.097909659133372
4.452317953109741,3139,4.895180273047176,2.099064489241231
4.452317953109741,3140,4.895863270030539,2.100221997312078
4.452317953109741,3141,4.896549884968811,2.101382183345913
4.452317953109741,3142,4.897240117861993,2.102545047342737
4.452317953109741,3143,4.897933968710084,2.1037105893025485
4.452317953109741,3144,4.898631437513084,2.1048788092253483
4.452317953109741,3145,4.899332524270993,2.106049707111137
4.452317953109741,3146,4.900037228983812,2.107223282959913
4.452317953109741,3147,4.900745551651539,2.1083995367716777
4.452317953109741,3148,4.901457492274177,2.1095784685464305
4.452317953109741,3149,4.902173050851722,2.1107600782841716
4.452317953109741,3150,4.902892227384178,2.111944365984901
4.452317953109741,3151,4.903615021871542,2.113131331648618
4.452317953109741,3152,4.9043414343138165,2.1143209752753234
4.452317953109741,3153,4.905071464710999,2.1155132968650174
4.452317953109741,3154,4.905805113063092,2.1167082964176998
4.452317953109741,3155,4.906542379370093,2.11790597393337
4.452317953109741,3156,4.907283263632005,2.1191063294120283
4.452317953109741,3157,4.908027765848824,2.120309362853675
4.452317953109741,3158,4.908775886020553,2.1215150742583098
4.452317953109741,3159,4.909527624147192,2.122723463625933
4.452317953109741,3160,4.91028298022874,2.1239345309565447
4.452317953109741,3161,4.911041954265196,2.125148276250144
4.452317953109741,3162,4.911804546256564,2.1263646995067313
4.452317953109741,3163,4.912570756202838,2.127583800726308
4.452317953109741,3164,4.913340584104024,2.128805579908872
4.452317953109741,3165,4.914114029960118,2.130030037054424
4.452317953109741,3166,4.9148910937711205,2.131257172162965
4.452317953109741,3167,4.915671775537033,2.1324869852344936
4.452317953109741,3168,4.916456075257855,2.133719476269011
4.452317953109741,3169,4.917243992933586,2.134954645266516
4.452317953109741,3170,4.918035528564227,2.1361924922270097
4.452317953109741,3171,4.918830682149775,2.1374330171504914
4.452317953109741,3172,4.919629453690234,2.1386762200369613
4.452317953109741,3173,4.920431843185602,2.139922100886419
4.452317953109741,3174,4.921237850635879,2.1411706596988656
4.452317953109741,3175,4.922047476041065,2.1424218964743
4.452317953109741,3176,4.922860719401161,2.1436758112127228
4.452317953109741,3177,4.9236775807161655,2.1449324039141335
4.452317953109741,3178,4.924498059986079,2.146191674578533
4.452317953109741,3179,4.9253221572109025,2.14745362320592
4.452317953109741,3180,4.926149872390635,2.1487182497962958
4.452317953109741,3181,4.926981205525276,2.1499855543496595
4.452317953109741,3182,4.927816156614829,2.1512555368660116
4.452317953109741,3183,4.928654725659289,2.152528197345352
4.452317953109741,3184,4.929496912658657,2.1538035357876804
4.452317953109741,3185,4.930342717612937,2.1550815521929967
4.452317953109741,3186,4.931192140522124,2.1563622465613017
4.452317953109741,3187,4.932045181386222,2.1576456188925945
4.452317953109741,3188,4.932901840205228,2.1589316691868756
4.452317953109741,3189,4.9337621169791435,2.1602203974441454
4.452317953109741,3190,4.9346260117079686,2.161511803664403
4.452317953109741,3191,4.935493524391703,2.1628058878476493
4.452317953109741,3192,4.936364655030346,2.164102649993883
4.452317953109741,3193,4.937239403623899,2.1654020901031052
4.452317953109741,3194,4.938117770172361,2.1667042081753163
4.452317953109741,3195,4.938999754675732,2.1680090042105147
4.452317953109741,3196,4.939885357134012,2.1693164782087013
4.452317953109741,3197,4.940774577547201,2.1706266301698767
4.452317953109741,3198,4.9416674159153,2.1719394600940403
4.452317953109741,3199,4.942563872238308,2.1732549679811917
4.452317953109741,3200,4.943463946516225,2.1745731538313313
4.452317953109741,3201,4.944367638749052,2.175894017644459
4.452317953109741,3202,4.945274948936788,2.177217559420576
4.452317953109741,3203,4.946185877079432,2.1785437791596802
4.452317953109741,3204,4.947100423176987,2.179872676861773
4.452317953109741,3205,4.948018587229449,2.1812042525268533
4.452317953109741,3206,4.948940369236823,2.1825385061549225
4.452317953109741,3207,4.949865769199104,2.18387543774598
4.452317953109741,3208,4.950794787116296,2.1852150473000256
4.452317953109741,3209,4.951727422988396,2.186557334817059
4.452317953109741,3210,4.952663676815405,2.1879023002970808
4.452317953109741,3211,4.953603548597324,2.189249943740091
4.452317953109741,3212,4.954547038334152,2.1906002651460894
4.452317953109741,3213,4.955494146025889,2.191953264515076
4.452317953109741,3214,4.956444871672536,2.193308941847051
4.452317953109741,3215,4.9573992152740916,2.194667297142014
4.452317953109741,3216,4.958357176830557,2.196028330399965
4.452317953109741,3217,4.959318756341931,2.1973920416209047
4.452317953109741,3218,4.960283953808214,2.198758430804832
4.452317953109741,3219,4.961252769229407,2.2001274979517476
4.452317953109741,3220,4.962225202605509,2.201499243061652
4.452317953109741,3221,4.9632012539365205,2.202873666134544
4.452317953109741,3222,4.9641809232224405,2.2042507671704246
4.452317953109741,3223,4.9651642104632705,2.205630546169293
4.452317953109741,3224,4.9661511156590095,2.20701300313115
4.452317953109741,3225,4.967141638809657,2.208398138055995
4.452317953109741,3226,4.968135779915214,2.2097859509438282
4.452317953109741,3227,4.969133538975681,2.21117644179465
4.452317953109741,3228,4.970134915991057,2.2125696106084596
4.452317953109741,3229,4.971139910961342,2.2139654573852576
4.452317953109741,3230,4.972148523886537,2.2153639821250435
4.452317953109741,3231,4.973160754766639,2.2167651848278176
4.452317953109741,3232,4.974176603601652,2.218169065493581
4.452317953109741,3233,4.975196070391575,2.219575624122331
4.452317953109741,3234,4.9762191551364054,2.2209848607140703
4.452317953109741,3235,4.977245857836146,2.222396775268797
4.452317953109741,3236,4.978276178490796,2.223811367786513
4.452317953109741,3237,4.979310117100354,2.2252286382672164
4.452317953109741,3238,4.980347673664823,2.2266485867109083
4.452317953109741,3239,4.9813888481842,2.2280712131175884
4.452317953109741,3240,4.982433640658487,2.2294965174872567
4.452317953109741,3241,4.983482051087682,2.230924499819913
4.452317953109741,3242,4.984534079471787,2.2323551601155573
4.452317953109741,3243,4.985589725810802,2.2337884983741905
4.452317953109741,3244,4.986648990104726,2.2352245145958114
4.452317953109741,3245,4.987711872353558,2.2366632087804206
4.452317953109741,3246,4.9887783725573,2.238104580928018
4.452317953109741,3247,4.989848490715952,2.2395486310386037
4.452317953109741,3248,4.990922226829511,2.2409953591121776
4.452317953109741,3249,4.991999580897981,2.2424447651487394
4.452317953109741,3250,4.99308055292136,2.24389684914829
4.452317953109741,3251,4.994165142899648,2.2453516111108285
4.452317953109741,3252,4.995253350832845,2.2468090510363554
4.452317953109741,3253,4.996345176720952,2.2482691689248706
4.452317953109741,3254,4.997440620563968,2.2497319647763736
4.452317953109741,3255,4.998539682361893,2.251197438590865
4.452317953109741,3256,4.999642362114727,2.252665590368345
4.452317953109741,3257,5.000748659822472,2.2541364201088125
4.452317953109741,3258,5.001858575485125,2.2556099278122685
4.452317953109741,3259,5.002972109102686,2.257086113478713
4.452317953109741,3260,5.004089260675158,2.2585649771081453
4.452317953109741,3261,5.005210030202538,2.2600465187005656
4.452317953109741,3262,5.006334417684828,2.2615307382559746
4.452317953109741,3263,5.007462423122027,2.263017635774372
4.452317953109741,3264,5.008594046514135,2.264507211255757
4.452317953109741,3265,5.009729287861153,2.2659994647001307
4.452317953109741,3266,5.010868147163079,2.2674943961074923
4.452317953109741,3267,5.012010624419915,2.268992005477842
4.452317953109741,3268,5.01315671963166,2.2704922928111806
4.452317953109741,3269,5.014306432798315,2.271995258107507
4.452317953109741,3270,5.015459763919878,2.2735009013668215
4.452317953109741,3271,5.016616712996351,2.2750092225891243
4.452317953109741,3272,5.017777280027734,2.2765202217744154
4.452317953109741,3273,5.0189414650140245,2.2780338989226943
4.452317953109741,3274,5.020109267955226,2.2795502540339614
4.452317953109741,3275,5.021280688851335,2.2810692871082177
4.452317953109741,3276,5.022455727702354,2.2825909981454613
4.452317953109741,3277,5.0236343845082825,2.284115387145693
4.452317953109741,3278,5.02481665926912,2.2856424541089133
4.452317953109741,3279,5.026002551984867,2.287172199035122
4.452317953109741,3280,5.027192062655523,2.288704621924319
4.452317953109741,3281,5.028385191281088,2.2902397227765037
4.452317953109741,3282,5.029581937861562,2.2917775015916764
4.452317953109741,3283,5.030782302396947,2.293317958369838
4.452317953109741,3284,5.03198628488724,2.294861093110988
4.452317953109741,3285,5.033193885332441,2.2964069058151253
4.452317953109741,3286,5.034405103732553,2.297955396482251
4.452317953109741,3287,5.0356199400875745,2.2995065651123654
4.452317953109741,3288,5.036838394397503,2.3010604117054676
4.452317953109741,3289,5.038060466662342,2.3026169362615585
4.452317953109741,3290,5.039286156882091,2.3041761387806368
4.452317953109741,3291,5.040515465056749,2.305738019262704
4.452317953109741,3292,5.0417483911863155,2.3073025777077594
4.452317953109741,3293,5.042984935270791,2.308869814115803
4.452317953109741,3294,5.044225097310177,2.310439728486834
4.452317953109741,3295,5.045468877304471,2.312012320820854
4.452317953109741,3296,5.046716275253675,2.3135875911178623
4.452317953109741,3297,5.0479672911577875,2.3151655393778587
4.452317953109741,3298,5.049221925016811,2.316746165600843
4.452317953109741,3299,5.0504801768307415,2.3183294697868155
4.452317953109741,3300,5.051742046599582,2.3199154519357763
4.452317953109741,3301,5.053007534323332,2.3215041120477258
4.452317953109741,3302,5.054276640001991,2.323095450122663
4.452317953109741,3303,5.05554936363556,2.3246894661605886
4.452317953109741,3304,5.056825705224037,2.3262861601615024
4.452317953109741,3305,5.0581056647674245,2.3278855321254044
4.452317953109741,3306,5.059389242265721,2.3294875820522947
4.452317953109741,3307,5.060676437718926,2.3310923099421728
4.452317953109741,3308,5.06196725112704,2.3326997157950395
4.452317953109741,3309,5.063261682490064,2.334309799610894
4.452317953109741,3310,5.064559731807997,2.335922561389737
4.452317953109741,3311,5.065861399080839,2.337538001131568
4.452317953109741,3312,5.0671666843085905,2.339156118836388
4.452317953109741,3313,5.0684755874912515,2.3407769145041954
4.452317953109741,3314,5.069788108628822,2.3424003881349913
4.452317953109741,3315,5.071104247721301,2.3440265397287754
4.452317953109741,3316,5.07242400476869,2.3456553692855477
4.452317953109741,3317,5.073747379770987,2.347286876805308
4.452317953109741,3318,5.075074372728194,2.348921062288057
4.452317953109741,3319,5.076404983640311,2.350557925733794
4.452317953109741,3320,5.0777392125073355,2.3521974671425188
4.452317953109741,3321,5.07907705932927,2.3538396865142324
4.452317953109741,3322,5.080418524106114,2.3554845838489338
4.452317953109741,3323,5.0817636068378675,2.357132159146624
4.452317953109741,3324,5.08311230752453,2.358782412407302
4.452317953109741,3325,5.084464626166101,2.3604353436309675
4.452317953109741,3326,5.085820562762581,2.3620909528176224
4.452317953109741,3327,5.087180117313972,2.363749239967265
4.452317953109741,3328,5.088543289820272,2.365410205079896
4.452317953109741,3329,5.089910080281481,2.3670738481555147
4.452317953109741,3330,5.091280488697597,2.3687401691941217
4.452317953109741,3331,5.092654515068625,2.3704091681957173
4.452317953109741,3332,5.094032159394561,2.3720808451603013
4.452317953109741,3333,5.095413421675406,2.3737552000878726
4.452317953109741,3334,5.096798301911162,2.375432232978433
4.452317953109741,3335,5.098186800101825,2.377111943831981
4.452317953109741,3336,5.099578916247398,2.3787943326485177
4.452317953109741,3337,5.10097465034788,2.3804793994280424
4.452317953109741,3338,5.102374002403272,2.3821671441705554
4.452317953109741,3339,5.1037769724135735,2.3838575668760567
4.452317953109741,3340,5.105183560378784,2.385550667544546
4.452317953109741,3341,5.106593766298902,2.3872464461760234
4.452317953109741,3342,5.108007590173932,2.388944902770489
4.452317953109741,3343,5.109425032003869,2.3906460373279432
4.452317953109741,3344,5.110846091788716,2.3923498498483853
4.452317953109741,3345,5.112270769528472,2.394056340331816
4.452317953109741,3346,5.113699065223138,2.3957655087782346
4.452317953109741,3347,5.115130978872712,2.3974773551876414
4.452317953109741,3348,5.116566510477196,2.3991918795600364
4.452317953109741,3349,5.118005660036589,2.4009090818954197
4.452317953109741,3350,5.119448427550893,2.4026289621937913
4.452317953109741,3351,5.1208948130201035,2.4043515204551507
4.452317953109741,3352,5.122344816444224,2.4060767566794983
4.452317953109741,3353,5.123798437823255,2.4078046708668346
4.452317953109741,3354,5.1252556771571935,2.409535263017159
4.452317953109741,3355,5.126716534446043,2.4112685331304715
4.452317953109741,3356,5.128181009689801,2.413004481206772
4.452317953109741,3357,5.129649102888468,2.4147431072460614
4.452317953109741,3358,5.131120814042044,2.416484411248338
4.452317953109741,3359,5.132596143150529,2.4182283932136035
4.452317953109741,3360,5.1340750902139245,2.419975053141857
4.452317953109741,3361,5.135557655232229,2.421724391033099
4.452317953109741,3362,5.137043838205442,2.423476406887329
4.452317953109741,3363,5.1385336391335645,2.425231100704547
4.452317953109741,3364,5.140027058016596,2.426988472484754
4.452317953109741,3365,5.141524094854537,2.428748522227948
4.452317953109741,3366,5.143024749647386,2.4305112499341313
4.452317953109741,3367,5.144529022395147,2.432276655603302
4.452317953109741,3368,5.146036913097815,2.4340447392354614
4.452317953109741,3369,5.147548421755394,2.435815500830609
4.452317953109741,3370,5.149063548367881,2.4375889403887445
4.452317953109741,3371,5.150582292935277,2.4393650579098685
4.452317953109741,3372,5.152104655457583,2.4411438533939807
4.452317953109741,3373,5.153630635934798,2.4429253268410807
4.452317953109741,3374,5.155160234366921,2.4447094782511694
4.452317953109741,3375,5.156693450753955,2.446496307624246
4.452317953109741,3376,5.158230285095898,2.448285814960311
4.452317953109741,3377,5.1597707373927495,2.4500780002593636
4.452317953109741,3378,5.16131480764451,2.4518728635214053
4.452317953109741,3379,5.162862495851181,2.4536704047464353
4.452317953109741,3380,5.16441380201276,2.455470623934453
4.452317953109741,3381,5.165968726129249,2.457273521085459
4.452317953109741,3382,5.167527268200647,2.459079096199453
4.452317953109741,3383,5.169089428226954,2.460887349276436
4.452317953109741,3384,5.1706552062081705,2.462698280316406
4.452317953109741,3385,5.172224602144295,2.4645118893193647
4.452317953109741,3386,5.173797616035331,2.4663281762853124
4.452317953109741,3387,5.175374247881276,2.4681471412142475
4.452317953109741,3388,5.176954497682129,2.469968784106171
4.452317953109741,3389,5.178538365437891,2.4717931049610824
4.452317953109741,3390,5.1801258511485635,2.4736201037789827
4.452317953109741,3391,5.181716954814144,2.4754497805598707
4.452317953109741,3392,5.183311676434634,2.477282135303747
4.452317953109741,3393,5.1849100160100345,2.4791171680106117
4.452317953109741,3394,5.186511973540343,2.480954878680464
4.452317953109741,3395,5.188117549025561,2.482795267313305
4.452317953109741,3396,5.189726742465687,2.4846383339091345
4.452317953109741,3397,5.1913395538607245,2.486484078467952
4.452317953109741,3398,5.192955983210671,2.4883325009897574
4.452317953109741,3399,5.194576030515526,2.490183601474551
4.452317953109741,3400,5.19619969577529,2.4920373799223334
4.452317953109741,3401,5.197826978989964,2.4938938363331036
4.452317953109741,3402,5.199457880159545,2.495752970706862
4.452317953109741,3403,5.201092399284038,2.4976147830436086
4.452317953109741,3404,5.202730536363439,2.4994792733433435
4.452317953109741,3405,5.204372291397749,2.5013464416060662
4.452317953109741,3406,5.20601766438697,2.503216287831778
4.452317953109741,3407,5.2076666553310975,2.5050888120204773
4.452317953109741,3408,5.209319264230135,2.506964014172165
4.452317953109741,3409,5.210975491084083,2.508841894286841
4.452317953109741,3410,5.21263533589294,2.5107224523645053
4.452317953109741,3411,5.2142987986567055,2.5126056884051575
4.452317953109741,3412,5.21596587937538,2.514491602408798
4.452317953109741,3413,5.217636578048964,2.5163801943754267
4.452317953109741,3414,5.2193108946774585,2.5182714643050437
4.452317953109741,3415,5.22098882926086,2.520165412197649
4.452317953109741,3416,5.222670381799173,2.5220620380532424
4.452317953109741,3417,5.224355552292393,2.523961341871824
4.452317953109741,3418,5.226044340740525,2.525863323653394
4.452317953109741,3419,5.227736747143564,2.527767983397952
4.452317953109741,3420,5.2294327715015125,2.529675321105498
4.452317953109741,3421,5.231132413814371,2.5315853367760326
4.452317953109741,3422,5.232835674082139,2.5334980304095556
4.452317953109741,3423,5.234542552304815,2.535413402006066
4.452317953109741,3424,5.236253048482401,2.5373314515655654
4.452317953109741,3425,5.237967162614896,2.5392521790880522
4.452317953109741,3426,5.2396848947023,2.5411755845735278
4.452317953109741,3427,5.2414062447446135,2.5431016680219916
4.452317953109741,3428,5.243131212741837,2.5450304294334436
4.452317953109741,3429,5.244859798693968,2.5469618688078834
4.452317953109741,3430,5.24659200260101,2.548895986145312
4.452317953109741,3431,5.24832782446296,2.5508327814457283
4.452317953109741,3432,5.250067264279821,2.5527722547091334
4.452317953109741,3433,5.251810322051589,2.5547144059355262
4.452317953109741,3434,5.253556997778267,2.556659235124908
4.452317953109741,3435,5.255307291459854,2.5586067422772767
4.452317953109741,3436,5.257061203096351,2.5605569273926343
4.452317953109741,3437,5.2588187326877565,2.56250979047098
4.452317953109741,3438,5.260579880234072,2.5644653315123143
4.452317953109741,3439,5.262344645735297,2.5664235505166366
4.452317953109741,3440,5.26411302919143,2.5683844474839472
4.452317953109741,3441,5.265885030602473,2.570348022414246
4.452317953109741,3442,5.267660649968425,2.5723142753075328
4.452317953109741,3443,5.269439887289287,2.5742832061638077
4.452317953109741,3444,5.271222742565056,2.576254814983071
4.452317953109741,3445,5.273009215795737,2.5782291017653227
4.452317953109741,3446,5.274799306981326,2.5802060665105624
4.452317953109741,3447,5.276593016121824,2.5821857092187903
4.452317953109741,3448,5.278390343217231,2.5841680298900065
4.452317953109741,3449,5.280191288267549,2.586153028524211
4.452317953109741,3450,5.281995851272774,2.5881407051214036
4.452317953109741,3451,5.28380403223291,2.590131059681584
4.452317953109741,3452,5.285615831147954,2.5921240922047533
4.452317953109741,3453,5.287431248017907,2.5941198026909102
4.452317953109741,3454,5.2892502828427705,2.596118191140056
4.452317953109741,3455,5.291072935622543,2.5981192575521894
4.452317953109741,3456,5.292899206357224,2.600123001927311
4.452317953109741,3457,5.294729095046814,2.602129424265421
4.452317953109741,3458,5.296562601691313,2.6041385245665194
4.452317953109741,3459,5.2983997262907225,2.6061503028306063
4.452317953109741,3460,5.300240468845042,2.6081647590576806
4.452317953109741,3461,5.302084829354269,2.6101818932477436
4.452317953109741,3462,5.303932807818406,2.6122017054007944
4.452317953109741,3463,5.3057844042374525,2.614224195516834
4.452317953109741,3464,5.3076396186114065,2.6162493635958617
4.452317953109741,3465,5.309498450940271,2.6182772096378772
4.452317953109741,3466,5.311360901224045,2.620307733642881
4.452317953109741,3467,5.313226969462729,2.6223409356108736
4.452317953109741,3468,5.315096655656321,2.6243768155418543
4.452317953109741,3469,5.316969959804822,2.626415373435823
4.452317953109741,3470,5.318846881908232,2.6284566092927797
4.452317953109741,3471,5.320727421966552,2.6305005231127248
4.452317953109741,3472,5.322611579979782,2.6325471148956576
4.452317953109741,3473,5.32449935594792,2.634596384641579
4.452317953109741,3474,5.326390749870968,2.6366483323504886
4.452317953109741,3475,5.3282857617489245,2.6387029580223866
4.452317953109741,3476,5.330184391581791,2.640760261657273
4.452317953109741,3477,5.332086639369566,2.6428202432551466
4.452317953109741,3478,5.333992505112251,2.6448829028160095
4.452317953109741,3479,5.3359019888098445,2.64694824033986
4.452317953109741,3480,5.337815090462347,2.649016255826699
4.452317953109741,3481,5.339731810069759,2.651086949276526
4.452317953109741,3482,5.341652147632081,2.6531603206893415
4.452317953109741,3483,5.343576103149312,2.6552363700651447
4.452317953109741,3484,5.345503676621451,2.657315097403937
4.452317953109741,3485,5.347434868048501,2.6593965027057167
4.452317953109741,3486,5.349369677430459,2.6614805859704846
4.452317953109741,3487,5.351308104767326,2.6635673471982413
4.452317953109741,3488,5.353250150059104,2.6656567863889857
4.452317953109741,3489,5.35519581330579,2.667748903542719
4.452317953109741,3490,5.357145094507385,2.66984369865944
4.452317953109741,3491,5.35909799366389,2.671941171739149
4.452317953109741,3492,5.361054510775303,2.674041322781846
4.452317953109741,3493,5.363014645841626,2.6761441517875317
4.452317953109741,3494,5.364978398862859,2.6782496587562057
4.452317953109741,3495,5.366945769839001,2.680357843687868
4.452317953109741,3496,5.368916758770051,2.682468706582518
4.452317953109741,3497,5.370891365656011,2.6845822474401566
4.452317953109741,3498,5.37286959049688,2.6866984662607836
4.452317953109741,3499,5.374851433292658,2.6888173630443983
4.452317953109741,3500,5.376836894043347,2.6909389377910014
4.452317953109741,3501,5.378825972748944,2.693063190500593
4.452317953109741,3502,5.380818669409449,2.695190121173172
4.452317953109741,3503,5.382814984024865,2.6973197298087404
4.452317953109741,3504,5.3848149165951895,2.699452016407296
4.452317953109741,3505,5.386818467120423,2.70158698096884
4.452317953109741,3506,5.388825635600567,2.7037246234933727
4.452317953109741,3507,5.388825635600567,2.7037246234933727
4.452317953109741,3508,5.389830124329365,2.7047941142463863
4.452317953109741,3509,5.390834613058165,2.7058636049993994
4.452317953109741,3510,5.391839101786963,2.7069330957524125
4.452317953109741,3511,5.392843590515762,2.7080025865054256
4.452317953109741,3512,5.393848079244561,2.709072077258439
4.452317953109741,3513,5.39485256797336,2.7101415680114522
4.452317953109741,3514,5.395857056702158,2.7112110587644658
4.452317953109741,3515,5.396861545430958,2.7122805495174784
4.452317953109741,3516,5.397866034159756,2.713350040270492
4.452317953109741,3517,5.398870522888555,2.714419531023505
4.452317953109741,3518,5.399875011617354,2.7154890217765186
4.452317953109741,3519,5.400879500346153,2.7165585125295317
4.452317953109741,3520,5.4018839890749515,2.717628003282545
4.452317953109741,3521,5.402888477803751,2.718697494035558
4.452317953109741,3522,5.403892966532549,2.7197669847885715
4.452317953109741,3523,5.404897455261349,2.720836475541585
4.452317953109741,3524,5.4059019439901475,2.721905966294598
4.452317953109741,3525,5.406906432718946,2.7229754570476112
4.452317953109741,3526,5.407910921447745,2.7240449478006243
4.452317953109741,3527,5.408915410176544,2.725114438553638
4.452317953109741,3528,5.4099198989053425,2.726183929306651
4.452317953109741,3529,5.410924387634142,2.7272534200596645
4.452317953109741,3530,5.41192887636294,2.728322910812677
4.452317953109741,3531,5.412933365091739,2.7293924015656907
4.452317953109741,3532,5.4139378538205385,2.730461892318704
4.452317953109741,3533,5.414942342549337,2.7315313830717174
4.452317953109741,3534,5.415946831278135,2.7326008738247305
4.452317953109741,3535,5.416951320006935,2.7336703645777436
4.452317953109741,3536,5.417955808735734,2.7347398553307567
4.452317953109741,3537,5.418960297464532,2.7358093460837702
4.452317953109741,3538,5.419964786193331,2.7368788368367833
4.452317953109741,3539,5.42096927492213,2.737948327589797
4.452317953109741,3540,5.421973763650929,2.73901781834281
4.452317953109741,3541,5.422978252379728,2.740087309095823
4.452317953109741,3542,5.423982741108526,2.7411567998488366
4.452317953109741,3543,5.424987229837325,2.7422262906018497
4.452317953109741,3544,5.425991718566125,2.7432957813548633
4.452317953109741,3545,5.426996207294924,2.7443652721078764
4.452317953109741,3546,5.428000696023722,2.74543476286089
4.452317953109741,3547,5.429005184752521,2.746504253613903
4.452317953109741,3548,5.430009673481321,2.7475737443669166
4.452317953109741,3549,5.431014162210119,2.7486432351199293
4.452317953109741,3550,5.432018650938918,2.749712725872943
4.452317953109741,3551,5.433023139667717,2.750782216625956
4.452317953109741,3552,5.434027628396516,2.7518517073789694
4.452317953109741,3553,5.435032117125315,2.7529211981319825
4.452317953109741,3554,5.436036605854113,2.7539906888849957
4.452317953109741,3555,5.437041094582912,2.7550601796380088
4.452317953109741,3556,5.438045583311712,2.7561296703910223
4.452317953109741,3557,5.43905007204051,2.757199161144036
4.452317953109741,3558,5.440054560769308,2.758268651897049
4.452317953109741,3559,5.441059049498108,2.759338142650062
4.452317953109741,3560,5.442063538226907,2.760407633403075
4.452317953109741,3561,5.4430680269557055,2.7614771241560887
4.452317953109741,3562,5.444072515684505,2.762546614909102
4.452317953109741,3563,5.445077004413303,2.7636161056621154
4.452317953109741,3564,5.446081493142102,2.764685596415128
4.452317953109741,3565,5.447085981870901,2.7657550871681416
4.452317953109741,3566,5.4480904705997,2.7668245779211547
4.452317953109741,3567,5.449094959328498,2.767894068674168
4.452317953109741,3568,5.450099448057298,2.7689635594271813
4.452317953109741,3569,5.4511039367860965,2.7700330501801944
4.452317953109741,3570,5.452108425514895,2.7711025409332075
4.452317953109741,3571,5.453112914243694,2.772172031686221
4.452317953109741,3572,5.454117402972493,2.7732415224392346
4.452317953109741,3573,5.455121891701292,2.7743110131922477
4.452317953109741,3574,5.456126380430091,2.775380503945261
4.452317953109741,3575,5.457130869158889,2.776449994698274
4.452317953109741,3576,5.458135357887688,2.7775194854512875
4.452317953109741,3577,5.4591398466164875,2.7785889762043006
4.452317953109741,3578,5.460144335345286,2.779658466957314
4.452317953109741,3579,5.461148824074085,2.7807279577103268
4.452317953109741,3580,5.462153312802884,2.7817974484633403
4.452317953109741,3581,5.463157801531683,2.7828669392163534
4.452317953109741,3582,5.464162290260482,2.783936429969367
4.452317953109741,3583,5.46516677898928,2.78500592072238
4.452317953109741,3584,5.466171267718079,2.786075411475393
4.452317953109741,3585,5.467175756446879,2.7871449022284063
4.452317953109741,3586,5.468180245175677,2.78821439298142
4.452317953109741,3587,5.469184733904475,2.7892838837344334
4.452317953109741,3588,5.470189222633275,2.7903533744874465
4.452317953109741,3589,5.471193711362074,2.7914228652404596
4.452317953109741,3590,5.472198200090872,2.7924923559934727
4.452317953109741,3591,5.473202688819671,2.7935618467464858
4.452317953109741,3592,5.47420717754847,2.7946313374994993
4.452317953109741,3593,5.475211666277269,2.795700828252513
4.452317953109741,3594,5.476216155006068,2.7967703190055255
4.452317953109741,3595,5.477220643734867,2.797839809758539
4.452317953109741,3596,5.478225132463666,2.7989093005115526
4.452317953109741,3597,5.479229621192465,2.7999787912645657
4.452317953109741,3598,5.480234109921264,2.801048282017579
4.452317953109741,3599,5.481238598650062,2.8021177727705924
4.452317953109741,3600,5.482243087378861,2.8031872635236055
4.452317953109741,3601,5.483247576107661,2.804256754276619
4.452317953109741,3602,5.484252064836459,2.8053262450296317
4.452317953109741,3603,5.485256553565257,2.8063957357826452
4.452317953109741,3604,5.486261042294057,2.8074652265356583
4.452317953109741,3605,5.487265531022856,2.808534717288672
4.452317953109741,3606,5.488270019751655,2.8096042080416854
4.452317953109741,3607,5.489274508480454,2.810673698794698
4.452317953109741,3608,5.490278997209252,2.8117431895477116
4.452317953109741,3609,5.491283485938052,2.8128126803007247
4.452317953109741,3610,5.4922879746668505,2.8138821710537383
4.452317953109741,3611,5.493292463395649,2.8149516618067514
4.452317953109741,3612,5.494296952124448,2.816021152559764
4.452317953109741,3613,5.495301440853247,2.8170906433127776
4.452317953109741,3614,5.496305929582046,2.818160134065791
4.452317953109741,3615,5.497310418310844,2.8192296248188042
4.452317953109741,3616,5.498314907039643,2.820299115571818
4.452317953109741,3617,5.499319395768442,2.8213686063248304
4.452317953109741,3618,5.5003238844972415,2.822438097077844
4.452317953109741,3619,5.501328373226039,2.823507587830857
4.452317953109741,3620,5.502332861954838,2.8245770785838706
4.452317953109741,3621,5.503337350683638,2.825646569336884
4.452317953109741,3622,5.504341839412437,2.826716060089897
4.452317953109741,3623,5.5053463281412345,2.8277855508429104
4.452317953109741,3624,5.506350816870034,2.8288550415959235
4.452317953109741,3625,5.507355305598833,2.829924532348937
4.452317953109741,3626,5.508359794327632,2.83099402310195
4.452317953109741,3627,5.509364283056431,2.832063513854963
4.452317953109741,3628,5.510368771785229,2.8331330046079763
4.452317953109741,3629,5.511373260514028,2.83420249536099
4.452317953109741,3630,5.512377749242828,2.835271986114003
4.452317953109741,3631,5.513382237971626,2.8363414768670165
4.452317953109741,3632,5.514386726700424,2.8374109676200296
4.452317953109741,3633,5.515391215429224,2.8384804583730427
4.452317953109741,3634,5.516395704158023,2.839549949126056
4.452317953109741,3635,5.5174001928868215,2.8406194398790694
4.452317953109741,3636,5.51840468161562,2.841688930632083
4.452317953109741,3637,5.519409170344419,2.842758421385096
4.452317953109741,3638,5.520413659073218,2.843827912138109
4.452317953109741,3639,5.521418147802017,2.8448974028911223
4.452317953109741,3640,5.522422636530816,2.8459668936441354
4.452317953109741,3641,5.523427125259615,2.847036384397149
4.452317953109741,3642,5.524431613988414,2.848105875150162
4.452317953109741,3643,5.5254361027172125,2.8491753659031755
4.452317953109741,3644,5.526440591446011,2.8502448566561887
4.452317953109741,3645,5.52744508017481,2.8513143474092018
4.452317953109741,3646,5.528449568903609,2.852383838162215
4.452317953109741,3647,5.529454057632408,2.8534533289152284
4.452317953109741,3648,5.530458546361206,2.854522819668242
4.452317953109741,3649,5.531463035090006,2.8555923104212546
4.452317953109741,3650,5.532467523818804,2.856661801174268
4.452317953109741,3651,5.533472012547604,2.8577312919272813
4.452317953109741,3652,5.534476501276402,2.8588007826802944
4.452317953109741,3653,5.535480990005201,2.859870273433308
4.452317953109741,3654,5.536485478734,2.860939764186321
4.452317953109741,3655,5.537489967462799,2.862009254939334
4.452317953109741,3656,5.538494456191597,2.8630787456923477
4.452317953109741,3657,5.539498944920396,2.8641482364453608
4.452317953109741,3658,5.540503433649195,2.865217727198374
4.452317953109741,3659,5.541507922377994,2.8662872179513874
4.452317953109741,3660,5.5425124111067925,2.8673567087044005
4.452317953109741,3661,5.543516899835591,2.8684261994574136
4.452317953109741,3662,5.544521388564391,2.869495690210427
4.452317953109741,3663,5.545525877293189,2.8705651809634403
4.452317953109741,3664,5.5465303660219885,2.8716346717164534
4.452317953109741,3665,5.547534854750787,2.872704162469467
4.452317953109741,3666,5.548539343479586,2.87377365322248
4.452317953109741,3667,5.549543832208385,2.874843143975493
4.452317953109741,3668,5.5505483209371835,2.8759126347285067
4.452317953109741,3669,5.551552809665983,2.8769821254815198
4.452317953109741,3670,5.552557298394781,2.878051616234533
4.452317953109741,3671,5.553561787123581,2.8791211069875464
4.452317953109741,3672,5.5545662758523795,2.8801905977405595
4.452317953109741,3673,5.555570764581178,2.8812600884935726
4.452317953109741,3674,5.556575253309977,2.882329579246586
4.452317953109741,3675,5.557579742038776,2.8833990699995993
4.452317953109741,3676,5.558584230767575,2.8844685607526124
4.452317953109741,3677,5.559588719496373,2.885538051505626
4.452317953109741,3678,5.560593208225173,2.8866075422586395
4.452317953109741,3679,5.561597696953971,2.887677033011652
4.452317953109741,3680,5.5626021856827705,2.8887465237646657
4.452317953109741,3681,5.563606674411569,2.889816014517679
4.452317953109741,3682,5.564611163140368,2.890885505270692
4.452317953109741,3683,5.565615651869168,2.8919549960237054
4.452317953109741,3684,5.566620140597966,2.893024486776719
4.452317953109741,3685,5.567624629326765,2.8940939775297316
4.452317953109741,3686,5.568629118055564,2.895163468282745
4.452317953109741,3687,5.569633606784363,2.8962329590357587
4.452317953109741,3688,5.570638095513162,2.897302449788772
4.452317953109741,3689,5.57164258424196,2.898371940541785
4.452317953109741,3690,5.572647072970759,2.8994414312947985
4.452317953109741,3691,5.573651561699558,2.9005109220478116
4.452317953109741,3692,5.5746560504283575,2.9015804128008247
4.452317953109741,3693,5.575660539157155,2.9026499035538382
4.452317953109741,3694,5.576665027885955,2.9037193943068513
4.452317953109741,3695,5.577669516614754,2.9047888850598644
4.452317953109741,3696,5.578674005343553,2.905858375812878
4.452317953109741,3697,5.579678494072351,2.906927866565891
4.452317953109741,3698,5.58068298280115,2.907997357318904
4.452317953109741,3699,5.58168747152995,2.9090668480719177
4.452317953109741,3700,5.582691960258748,2.910136338824931
4.452317953109741,3701,5.583696448987547,2.911205829577944
4.452317953109741,3702,5.584700937716345,2.9122753203309575
4.452317953109741,3703,5.585705426445145,2.9133448110839706
4.452317953109741,3704,5.586709915173943,2.9144143018369837
4.452317953109741,3705,5.587714403902742,2.9154837925899972
4.452317953109741,3706,5.58871889263154,2.9165532833430103
4.452317953109741,3707,5.58972338136034,2.9176227740960234
4.452317953109741,3708,5.590727870089139,2.918692264849037
4.452317953109741,3709,5.5917323588179375,2.91976175560205
4.452317953109741,3710,5.592736847546736,2.920831246355063
4.452317953109741,3711,5.593741336275535,2.9219007371080767
4.452317953109741,3712,5.594745825004335,2.9229702278610903
4.452317953109741,3713,5.595750313733133,2.924039718614103
4.452317953109741,3714,5.596754802461932,2.9251092093671165
4.452317953109741,3715,5.597759291190731,2.9261787001201296
4.452317953109741,3716,5.59876377991953,2.9272481908731427
4.452317953109741,3717,5.5997682686483286,2.9283176816261562
4.452317953109741,3718,5.600772757377127,2.92938717237917
4.452317953109741,3719,5.601777246105927,2.930456663132183
4.452317953109741,3720,5.602781734834725,2.931526153885196
4.452317953109741,3721,5.6037862235635245,2.9325956446382095
4.452317953109741,3722,5.604790712292323,2.9336651353912226
4.452317953109741,3723,5.605795201021122,2.9347346261442357
4.452317953109741,3724,5.606799689749921,2.9358041168972493
4.452317953109741,3725,5.60780417847872,2.9368736076502624
4.452317953109741,3726,5.608808667207519,2.9379430984032755
4.452317953109741,3727,5.609813155936317,2.939012589156289
4.452317953109741,3728,5.610817644665117,2.940082079909302
4.452317953109741,3729,5.611822133393916,2.9411515706623153
4.452317953109741,3730,5.612826622122714,2.942221061415329
4.452317953109741,3731,5.613831110851513,2.943290552168342
4.452317953109741,3732,5.614835599580312,2.944360042921355
4.452317953109741,3733,5.615840088309111,2.9454295336743685
4.452317953109741,3734,5.616844577037909,2.9464990244273817
4.452317953109741,3735,5.617849065766709,2.9475685151803948
4.452317953109741,3736,5.618853554495508,2.9486380059334083
4.452317953109741,3737,5.619858043224307,2.9497074966864214
4.452317953109741,3738,5.620862531953105,2.9507769874394345
4.452317953109741,3739,5.621867020681904,2.951846478192448
4.452317953109741,3740,5.622871509410703,2.952915968945461
4.452317953109741,3741,5.623875998139502,2.9539854596984743
4.452317953109741,3742,5.624880486868301,2.955054950451488
4.452317953109741,3743,5.625884975597099,2.9561244412045014
4.452317953109741,3744,5.626889464325899,2.957193931957514
4.452317953109741,3745,5.627893953054697,2.9582634227105276
4.452317953109741,3746,5.628898441783496,2.9593329134635407
4.452317953109741,3747,5.629902930512294,2.9604024042165538
4.452317953109741,3748,5.630907419241094,2.9614718949695673
4.452317953109741,3749,5.631911907969892,2.96254138572258
4.452317953109741,3750,5.6329163966986915,2.9636108764755935
4.452317953109741,3751,5.63392088542749,2.9646803672286066
4.452317953109741,3752,5.634925374156289,2.96574985798162
4.452317953109741,3753,5.635929862885088,2.9668193487346333
4.452317953109741,3754,5.636934351613887,2.967888839487647
4.452317953109741,3755,5.637938840342686,2.96895833024066
4.452317953109741,3756,5.638943329071484,2.970027820993673
4.452317953109741,3757,5.639947817800284,2.9710973117466866
4.452317953109741,3758,5.6409523065290825,2.9721668024996997
4.452317953109741,3759,5.641956795257881,2.9732362932527128
4.452317953109741,3760,5.64296128398668,2.9743057840057263
4.452317953109741,3761,5.643965772715479,2.975375274758739
4.452317953109741,3762,5.644970261444278,2.9764447655117525
4.452317953109741,3763,5.645974750173076,2.977514256264766
4.452317953109741,3764,5.646979238901876,2.978583747017779
4.452317953109741,3765,5.647983727630674,2.9796532377707923
4.452317953109741,3766,5.648988216359474,2.980722728523806
4.452317953109741,3767,5.6499927050882714,2.981792219276819
4.452317953109741,3768,5.650997193817071,2.982861710029832
4.452317953109741,3769,5.652001682545869,2.9839312007828456
4.452317953109741,3770,5.653006171274669,2.9850006915358587
4.452317953109741,3771,5.654010660003467,2.9860701822888718
4.452317953109741,3772,5.655015148732266,2.9871396730418853
4.452317953109741,3773,5.656019637461066,2.9882091637948984
4.452317953109741,3774,5.657024126189864,2.9892786545479115
4.452317953109741,3775,5.658028614918663,2.990348145300925
4.452317953109741,3776,5.659033103647461,2.991417636053938
4.452317953109741,3777,5.660037592376261,2.9924871268069513
4.452317953109741,3778,5.661042081105059,2.993556617559965
4.452317953109741,3779,5.6620465698338585,2.994626108312978
4.452317953109741,3780,5.663051058562657,2.995695599065991
4.452317953109741,3781,5.664055547291456,2.9967650898190046
4.452317953109741,3782,5.665060036020255,2.9978345805720177
4.452317953109741,3783,5.6660645247490535,2.998904071325031
4.452317953109741,3784,5.667069013477853,2.9999735620780443
4.452317953109741,3785,5.668073502206651,3.0010430528310574
4.452317953109741,3786,5.669077990935451,3.0021125435840705
4.452317953109741,3787,5.6700824796642495,3.003182034337084
4.452317953109741,3788,5.671086968393048,3.0042515250900976
4.452317953109741,3789,5.672091457121847,3.0053210158431103
4.452317953109741,3790,5.673095945850646,3.006390506596124
4.452317953109741,3791,5.674100434579445,3.007459997349137
4.452317953109741,3792,5.675104923308243,3.00852948810215
4.452317953109741,3793,5.676109412037043,3.0095989788551636
4.452317953109741,3794,5.677113900765842,3.0106684696081767
4.452317953109741,3795,5.6781183894946405,3.01173796036119
4.452317953109741,3796,5.679122878223438,3.0128074511142033
4.452317953109741,3797,5.680127366952238,3.0138769418672164
4.452317953109741,3798,5.681131855681037,3.0149464326202295
4.452317953109741,3799,5.682136344409836,3.016015923373243
4.452317953109741,3800,5.683140833138634,3.017085414126256
4.452317953109741,3801,5.684145321867433,3.0181549048792693
4.452317953109741,3802,5.685149810596232,3.019224395632283
4.452317953109741,3803,5.686154299325031,3.020293886385296
4.452317953109741,3804,5.68715878805383,3.021363377138309
4.452317953109741,3805,5.688163276782628,3.0224328678913226
4.452317953109741,3806,5.689167765511428,3.023502358644336
4.452317953109741,3807,5.690172254240227,3.024571849397349
4.452317953109741,3808,5.691176742969025,3.0256413401503623
4.452317953109741,3809,5.692181231697824,3.026710830903376
4.452317953109741,3810,5.693185720426623,3.0277803216563886
4.452317953109741,3811,5.694190209155423,3.028849812409402
4.452317953109741,3812,5.6951946978842205,3.029919303162415
4.452317953109741,3813,5.69619918661302,3.0309887939154283
4.452317953109741,3814,5.697203675341819,3.032058284668442
4.452317953109741,3815,5.698208164070618,3.033127775421455
4.452317953109741,3816,5.6992126527994165,3.0341972661744685
4.452317953109741,3817,5.700217141528215,3.0352667569274816
4.452317953109741,3818,5.701221630257014,3.036336247680495
4.452317953109741,3819,5.702226118985813,3.037405738433508
4.452317953109741,3820,5.703230607714612,3.0384752291865214
4.452317953109741,3821,5.704235096443411,3.0395447199395345
4.452317953109741,3822,5.70523958517221,3.040614210692548
4.452317953109741,3823,5.706244073901009,3.041683701445561
4.452317953109741,3824,5.7072485626298075,3.042753192198574
4.452317953109741,3825,5.708253051358606,3.0438226829515878
4.452317953109741,3826,5.709257540087405,3.044892173704601
4.452317953109741,3827,5.710262028816204,3.0459616644576144
4.452317953109741,3828,5.711266517545003,3.047031155210627
4.452317953109741,3829,5.712271006273802,3.0481006459636406
4.452317953109741,3830,5.7132754950026,3.0491701367166537
4.452317953109741,3831,5.7142799837314,3.0502396274696673
4.452317953109741,3832,5.715284472460198,3.0513091182226804
4.452317953109741,3833,5.716288961188997,3.052378608975694
4.452317953109741,3834,5.717293449917796,3.0534480997287066
4.452317953109741,3835,5.718297938646595,3.05451759048172
4.452317953109741,3836,5.7193024273753945,3.0555870812347337
4.452317953109741,3837,5.720306916104192,3.0566565719877468
4.452317953109741,3838,5.721311404832992,3.05772606274076
4.452317953109741,3839,5.72231589356179,3.058795553493773
4.452317953109741,3840,5.72332038229059,3.0598650442467865
4.452317953109741,3841,5.724324871019388,3.0609345349997996
4.452317953109741,3842,5.725329359748187,3.062004025752813
4.452317953109741,3843,5.726333848476986,3.063073516505826
4.452317953109741,3844,5.727338337205785,3.0641430072588394
4.452317953109741,3845,5.728342825934583,3.0652124980118525
4.452317953109741,3846,5.729347314663382,3.066281988764866
4.452317953109741,3847,5.730351803392182,3.0673514795178796
4.452317953109741,3848,5.73135629212098,3.0684209702708927
4.452317953109741,3849,5.732360780849779,3.069490461023906
4.452317953109741,3850,5.733365269578578,3.070559951776919
4.452317953109741,3851,5.734369758307377,3.0716294425299324
4.452317953109741,3852,5.735374247036177,3.0726989332829455
4.452317953109741,3853,5.7363787357649745,3.0737684240359586
4.452317953109741,3854,5.737383224493773,3.074837914788972
4.452317953109741,3855,5.738387713222572,3.0759074055419853
4.452317953109741,3856,5.739392201951372,3.0769768962949984
4.452317953109741,3857,5.7403966906801696,3.078046387048012
4.452317953109741,3858,5.741401179408969,3.0791158778010255
4.452317953109741,3859,5.742405668137767,3.080185368554038
4.452317953109741,3860,5.743410156866567,3.0812548593070517
4.452317953109741,3861,5.7444146455953655,3.0823243500600648
4.452317953109741,3862,5.745419134324164,3.083393840813078
4.452317953109741,3863,5.746423623052963,3.084463331566091
4.452317953109741,3864,5.747428111781762,3.0855328223191045
4.452317953109741,3865,5.7484326005105615,3.086602313072118
4.452317953109741,3866,5.749437089239359,3.087671803825131
4.452317953109741,3867,5.750441577968158,3.0887412945781447
4.452317953109741,3868,5.751446066696958,3.0898107853311574
4.452317953109741,3869,5.752450555425757,3.090880276084171
4.452317953109741,3870,5.753455044154555,3.091949766837184
4.452317953109741,3871,5.754459532883354,3.0930192575901976
4.452317953109741,3872,5.755464021612153,3.0940887483432107
4.452317953109741,3873,5.756468510340952,3.095158239096224
4.452317953109741,3874,5.757472999069751,3.096227729849237
4.452317953109741,3875,5.758477487798549,3.0972972206022504
4.452317953109741,3876,5.759481976527349,3.0983667113552635
4.452317953109741,3877,5.760486465256148,3.0994362021082766
4.452317953109741,3878,5.761490953984946,3.10050569286129
4.452317953109741,3879,5.762495442713744,3.1015751836143033
4.452317953109741,3880,5.763499931442544,3.102644674367317
4.452317953109741,3881,5.764504420171343,3.10371416512033
4.452317953109741,3882,5.7655089089001414,3.1047836558733435
4.452317953109741,3883,5.766513397628941,3.105853146626356
4.452317953109741,3884,5.767517886357739,3.1069226373793697
4.452317953109741,3885,5.768522375086539,3.107992128132383
4.452317953109741,3886,5.769526863815337,3.1090616188853963
4.452317953109741,3887,5.770531352544136,3.1101311096384094
4.452317953109741,3888,5.771535841272934,3.1112006003914225
4.452317953109741,3889,5.772540330001734,3.112270091144436
4.452317953109741,3890,5.7735448187305325,3.113339581897449
4.452317953109741,3891,5.774549307459331,3.1144090726504627
4.452317953109741,3892,5.77555379618813,3.1154785634034754
4.452317953109741,3893,5.776558284916929,3.116548054156489
4.452317953109741,3894,5.7775627736457285,3.117617544909502
4.452317953109741,3895,5.778567262374527,3.1186870356625156
4.452317953109741,3896,5.779571751103325,3.1197565264155287
4.452317953109741,3897,5.780576239832125,3.1208260171685422
4.452317953109741,3898,5.7815807285609235,3.121895507921555
4.452317953109741,3899,5.782585217289722,3.1229649986745684
4.452317953109741,3900,5.783589706018522,3.124034489427582
4.452317953109741,3901,5.78459419474732,3.125103980180595
4.452317953109741,3902,5.785598683476119,3.126173470933608
4.452317953109741,3903,5.786603172204918,3.1272429616866213
4.452317953109741,3904,5.787607660933717,3.128312452439635
4.452317953109741,3905,5.788612149662516,3.129381943192648
4.452317953109741,3906,5.789616638391315,3.1304514339456615
4.452317953109741,3907,5.790621127120113,3.131520924698674
4.452317953109741,3908,5.791625615848913,3.1325904154516877
4.452317953109741,3909,5.792630104577711,3.133659906204701
4.452317953109741,3910,5.79363459330651,3.1347293969577144
4.452317953109741,3911,5.794639082035308,3.1357988877107275
4.452317953109741,3912,5.795643570764108,3.136868378463741
4.452317953109741,3913,5.796648059492906,3.137937869216754
4.452317953109741,3914,5.797652548221706,3.139007359969767
4.452317953109741,3915,5.798657036950504,3.1400768507227808
4.452317953109741,3916,5.799661525679303,3.141146341475794
4.452317953109741,3917,5.800666014408103,3.142215832228807
4.452317953109741,3918,5.801670503136901,3.14328532298182
4.452317953109741,3919,5.8026749918656995,3.1443548137348336
4.452317953109741,3920,5.803679480594499,3.1454243044878467
4.452317953109741,3921,5.804683969323298,3.1464937952408603
4.452317953109741,3922,5.805688458052096,3.147563285993873
4.452317953109741,3923,5.806692946780895,3.1486327767468865
4.452317953109741,3924,5.807697435509694,3.1497022674999
4.452317953109741,3925,5.808701924238493,3.150771758252913
4.452317953109741,3926,5.809706412967292,3.151841249005926
4.452317953109741,3927,5.8107109016960905,3.1529107397589393
4.452317953109741,3928,5.811715390424889,3.153980230511953
4.452317953109741,3929,5.812719879153688,3.155049721264966
4.452317953109741,3930,5.813724367882488,3.1561192120179795
4.452317953109741,3931,5.8147288566112865,3.1571887027709926
4.452317953109741,3932,5.815733345340084,3.1582581935240057
4.452317953109741,3933,5.816737834068884,3.1593276842770193
4.452317953109741,3934,5.817742322797683,3.1603971750300324
4.452317953109741,3935,5.818746811526482,3.161466665783046
4.452317953109741,3936,5.81975130025528,3.162536156536059
4.452317953109741,3937,5.820755788984079,3.163605647289072
4.452317953109741,3938,5.821760277712878,3.1646751380420852
4.452317953109741,3939,5.8227647664416775,3.1657446287950988
4.452317953109741,3940,5.823769255170475,3.166814119548112
4.452317953109741,3941,5.824773743899275,3.167883610301125
4.452317953109741,3942,5.825778232628074,3.1689531010541385
4.452317953109741,3943,5.826782721356873,3.1700225918071516
4.452317953109741,3944,5.827787210085671,3.171092082560165
4.452317953109741,3945,5.82879169881447,3.1721615733131783
4.452317953109741,3946,5.829796187543269,3.173231064066192
4.452317953109741,3947,5.8308006762720686,3.1743005548192045
4.452317953109741,3948,5.831805165000867,3.175370045572218
4.452317953109741,3949,5.832809653729665,3.176439536325231
4.452317953109741,3950,5.833814142458465,3.1775090270782447
4.452317953109741,3951,5.834818631187264,3.1785785178312578
4.452317953109741,3952,5.835823119916062,3.179648008584271
4.452317953109741,3953,5.836827608644861,3.180717499337284
4.452317953109741,3954,5.83783209737366,3.1817869900902975
4.452317953109741,3955,5.838836586102459,3.182856480843311
4.452317953109741,3956,5.839841074831258,3.1839259715963237
4.452317953109741,3957,5.840845563560056,3.1849954623493373
4.452317953109741,3958,5.841850052288855,3.1860649531023504
4.452317953109741,3959,5.842854541017655,3.187134443855364
4.452317953109741,3960,5.843859029746453,3.188203934608377
4.452317953109741,3961,5.844863518475252,3.1892734253613906
4.452317953109741,3962,5.845868007204051,3.1903429161144032
4.452317953109741,3963,5.84687249593285,3.191412406867417
4.452317953109741,3964,5.847876984661649,3.19248189762043
4.452317953109741,3965,5.848881473390448,3.1935513883734434
4.452317953109741,3966,5.849885962119246,3.1946208791264565
4.452317953109741,3967,5.850890450848045,3.1956903698794696
4.452317953109741,3968,5.8518949395768445,3.196759860632483
4.452317953109741,3969,5.852899428305643,3.1978293513854963
4.452317953109741,3970,5.853903917034442,3.19889884213851
4.452317953109741,3971,5.854908405763241,3.1999683328915225
4.452317953109741,3972,5.8559128944920396,3.201037823644536
4.452317953109741,3973,5.856917383220839,3.202107314397549
4.452317953109741,3974,5.857921871949637,3.2031768051505627
4.452317953109741,3975,5.858926360678436,3.204246295903576
4.452317953109741,3976,5.8599308494072355,3.2053157866565893
4.452317953109741,3977,5.860935338136034,3.2063852774096024
4.452317953109741,3978,5.861939826864833,3.2074547681626155
4.452317953109741,3979,5.862944315593632,3.208524258915629
4.452317953109741,3980,5.863948804322431,3.209593749668642
4.452317953109741,3981,5.864953293051229,3.2106632404216553
4.452317953109741,3982,5.865957781780029,3.2117327311746684
4.452317953109741,3983,5.866962270508827,3.212802221927682
4.452317953109741,3984,5.867966759237626,3.213871712680695
4.452317953109741,3985,5.868971247966425,3.2149412034337086
4.452317953109741,3986,5.869975736695224,3.2160106941867213
4.452317953109741,3987,5.870980225424023,3.217080184939735
4.452317953109741,3988,5.871984714152821,3.2181496756927483
4.452317953109741,3989,5.87298920288162,3.2192191664457614
4.452317953109741,3990,5.873993691610419,3.2202886571987746
4.452317953109741,3991,5.874998180339218,3.2213581479517877
4.452317953109741,3992,5.876002669068018,3.222427638704801
4.452317953109741,3993,5.8770071577968155,3.2234971294578143
4.452317953109741,3994,5.878011646525614,3.224566620210828
4.452317953109741,3995,5.879016135254414,3.2256361109638405
4.452317953109741,3996,5.880020623983213,3.226705601716854
4.452317953109741,3997,5.8810251127120114,3.2277750924698676
4.452317953109741,3998,5.88202960144081,3.2288445832228807
4.452317953109741,3999,5.883034090169609,3.2299140739758943
4.452317953109741,4000,5.884038578898409,3.230983564728907
4.452317953109741,4001,5.8850430676272065,3.2320530554819205
4.452317953109741,4002,5.886047556356005,3.2331225462349336
4.452317953109741,4003,5.887052045084805,3.234192036987947
4.452317953109741,4004,5.888056533813604,3.23526152774096
4.452317953109741,4005,5.889061022542402,3.2363310184939733
4.452317953109741,4006,5.890065511271201,3.2374005092469864
4.452317953109741,4007,5.89107,3.23847
