Time_sec,Waypoint_Index,X,Y
5.157383918762207,0,1.5137058919211126,-1.2792179234483294
5.157383918762207,1,1.5145287672623946,-1.2783697263166374
5.157383918762207,2,1.5153516426036766,-1.2775215291849453
5.157383918762207,3,1.5161745179449586,-1.2766733320532533
5.157383918762207,4,1.5169973932862408,-1.2758251349215612
5.157383918762207,5,1.5178202686275228,-1.274976937789869
5.157383918762207,6,1.518643143968805,-1.274128740658177
5.157383918762207,7,1.519466019310087,-1.273280543526485
5.157383918762207,8,1.520288894651369,-1.2724323463947929
5.157383918762207,9,1.521111769992651,-1.2715841492631008
5.157383918762207,10,1.5219346453339333,-1.2707359521314088
5.157383918762207,11,1.5227575206752153,-1.2698877549997167
5.157383918762207,12,1.5235803960164973,-1.269039557868025
5.157383918762207,13,1.5244032713577793,-1.2681913607363327
5.157383918762207,14,1.5252261466990613,-1.2673431636046406
5.157383918762207,15,1.5260490220403433,-1.2664949664729486
5.157383918762207,16,1.5268718973816255,-1.2656467693412565
5.157383918762207,17,1.5276947727229078,-1.2647985722095645
5.157383918762207,18,1.5285176480641898,-1.2639503750778724
5.157383918762207,19,1.5293405234054718,-1.2631021779461804
5.157383918762207,20,1.5301633987467538,-1.2622539808144884
5.157383918762207,21,1.5309862740880358,-1.261405783682796
5.157383918762207,22,1.5318091494293178,-1.260557586551104
5.157383918762207,23,1.5326320247705998,-1.259709389419412
5.157383918762207,24,1.533454900111882,-1.25886119228772
5.157383918762207,25,1.534277775453164,-1.258012995156028
5.157383918762207,26,1.535100650794446,-1.257164798024336
5.157383918762207,27,1.5359235261357282,-1.2563166008926439
5.157383918762207,28,1.5367464014770102,-1.2554684037609518
5.157383918762207,29,1.5375692768182923,-1.2546202066292595
5.157383918762207,30,1.5383921521595745,-1.2537720094975675
5.157383918762207,31,1.5392150275008565,-1.2529238123658755
5.157383918762207,32,1.5400379028421385,-1.2520756152341834
5.157383918762207,33,1.5408607781834205,-1.2512274181024914
5.157383918762207,34,1.5416836535247025,-1.2503792209707996
5.157383918762207,35,1.5425065288659845,-1.2495310238391075
5.157383918762207,36,1.5433294042072667,-1.2486828267074155
5.157383918762207,37,1.544152279548549,-1.2478346295757234
5.157383918762207,38,1.544975154889831,-1.2469864324440314
5.157383918762207,39,1.545798030231113,-1.2461382353123394
5.157383918762207,40,1.5466209055723952,-1.2452900381806473
5.157383918762207,41,1.5474437809136772,-1.2444418410489553
5.157383918762207,42,1.5482666562549592,-1.2435936439172632
5.157383918762207,43,1.5490895315962414,-1.242745446785571
5.157383918762207,44,1.5499124069375234,-1.241897249653879
5.157383918762207,45,1.5507352822788054,-1.241049052522187
5.157383918762207,46,1.5515581576200874,-1.2402008553904948
5.157383918762207,47,1.5523810329613694,-1.2393526582588028
5.157383918762207,48,1.5532039083026514,-1.2385044611271108
5.157383918762207,49,1.5540267836439337,-1.2376562639954187
5.157383918762207,50,1.5548496589852157,-1.2368080668637267
5.157383918762207,51,1.5556725343264979,-1.2359598697320344
5.157383918762207,52,1.5564954096677799,-1.2351116726003424
5.157383918762207,53,1.5573182850090619,-1.2342634754686503
5.157383918762207,54,1.558141160350344,-1.2334152783369583
5.157383918762207,55,1.558964035691626,-1.2325670812052663
5.157383918762207,56,1.5597869110329081,-1.2317188840735742
5.157383918762207,57,1.5606097863741901,-1.2308706869418824
5.157383918762207,58,1.5614326617154721,-1.2300224898101904
5.157383918762207,59,1.5622555370567541,-1.229174292678498
5.157383918762207,60,1.5630784123980361,-1.228326095546806
5.157383918762207,61,1.5639012877393181,-1.227477898415114
5.157383918762207,62,1.5647241630806004,-1.226629701283422
5.157383918762207,63,1.5655470384218826,-1.22578150415173
5.157383918762207,64,1.5663699137631646,-1.2249333070200379
5.157383918762207,65,1.5671927891044466,-1.2240851098883458
5.157383918762207,66,1.5680156644457286,-1.2232369127566538
5.157383918762207,67,1.5688385397870106,-1.2223887156249615
5.157383918762207,68,1.5696614151282926,-1.2215405184932695
5.157383918762207,69,1.5704842904695746,-1.2206923213615775
5.157383918762207,70,1.5713071658108568,-1.2198441242298854
5.157383918762207,71,1.5721300411521388,-1.2189959270981934
5.157383918762207,72,1.572952916493421,-1.2181477299665013
5.157383918762207,73,1.573775791834703,-1.2172995328348093
5.157383918762207,74,1.574598667175985,-1.2164513357031173
5.157383918762207,75,1.575421542517267,-1.215603138571425
5.157383918762207,76,1.576244417858549,-1.214754941439733
5.157383918762207,77,1.5770672931998313,-1.213906744308041
5.157383918762207,78,1.5778901685411133,-1.2130585471763489
5.157383918762207,79,1.5787130438823953,-1.212210350044657
5.157383918762207,80,1.5795359192236773,-1.2113621529129648
5.157383918762207,81,1.5803587945649593,-1.210513955781273
5.157383918762207,82,1.5811816699062415,-1.209665758649581
5.157383918762207,83,1.5820045452475238,-1.2088175615178887
5.157383918762207,84,1.5828274205888058,-1.2079693643861966
5.157383918762207,85,1.5836502959300878,-1.2071211672545046
5.157383918762207,86,1.5844731712713698,-1.2062729701228125
5.157383918762207,87,1.5852960466126518,-1.2054247729911205
5.157383918762207,88,1.586118921953934,-1.2045765758594287
5.157383918762207,89,1.586941797295216,-1.2037283787277364
5.157383918762207,90,1.587764672636498,-1.2028801815960444
5.157383918762207,91,1.5885875479777802,-1.2020319844643523
5.157383918762207,92,1.5894104233190622,-1.2011837873326603
5.157383918762207,93,1.5902332986603442,-1.2003355902009682
5.157383918762207,94,1.5910561740016262,-1.1994873930692762
5.157383918762207,95,1.5918790493429085,-1.1986391959375842
5.157383918762207,96,1.5927019246841907,-1.1977909988058921
5.157383918762207,97,1.5935248000254727,-1.1969428016741999
5.157383918762207,98,1.5943476753667547,-1.1960946045425078
5.157383918762207,99,1.5951705507080367,-1.1952464074108158
5.157383918762207,100,1.5959934260493187,-1.194398210279124
5.157383918762207,101,1.596816301390601,-1.1935500131474317
5.157383918762207,102,1.597639176731883,-1.1927018160157399
5.157383918762207,103,1.598462052073165,-1.1918536188840478
5.157383918762207,104,1.599284927414447,-1.1910054217523558
5.157383918762207,105,1.600107802755729,-1.1901572246206635
5.157383918762207,106,1.600930678097011,-1.1893090274889715
5.157383918762207,107,1.6017535534382932,-1.1884608303572795
5.157383918762207,108,1.6025764287795754,-1.1876126332255874
5.157383918762207,109,1.6033993041208574,-1.1867644360938954
5.157383918762207,110,1.6042221794621394,-1.1859162389622033
5.157383918762207,111,1.6050450548034214,-1.185068041830511
5.157383918762207,112,1.6058679301447034,-1.184219844698819
5.157383918762207,113,1.6066908054859854,-1.1833716475671272
5.157383918762207,114,1.6075136808272674,-1.182523450435435
5.157383918762207,115,1.6083365561685494,-1.181675253303743
5.157383918762207,116,1.6091594315098317,-1.1808270561720509
5.157383918762207,117,1.6099823068511137,-1.1799788590403588
5.157383918762207,118,1.6108051821923959,-1.1791306619086668
5.157383918762207,119,1.6116280575336779,-1.1782824647769747
5.157383918762207,120,1.6124509328749599,-1.1774342676452827
5.157383918762207,121,1.613273808216242,-1.1765860705135907
5.157383918762207,122,1.614096683557524,-1.1757378733818986
5.157383918762207,123,1.6149195588988061,-1.1748896762502063
5.157383918762207,124,1.6157424342400881,-1.1740414791185145
5.157383918762207,125,1.6165653095813701,-1.1731932819868223
5.157383918762207,126,1.6173881849226521,-1.1723450848551304
5.157383918762207,127,1.6182110602639341,-1.1714968877234384
5.157383918762207,128,1.6190339356052164,-1.1706486905917461
5.157383918762207,129,1.6198568109464986,-1.169800493460054
5.157383918762207,130,1.6206796862877806,-1.168952296328362
5.157383918762207,131,1.6215025616290626,-1.16810409919667
5.157383918762207,132,1.6223254369703446,-1.167255902064978
5.157383918762207,133,1.6231483123116268,-1.166407704933286
5.157383918762207,134,1.6239711876529088,-1.165559507801594
5.157383918762207,135,1.6247940629941908,-1.1647113106699019
5.157383918762207,136,1.6256169383354728,-1.1638631135382096
5.157383918762207,137,1.6264398136767548,-1.1630149164065178
5.157383918762207,138,1.6272626890180368,-1.1621667192748257
5.157383918762207,139,1.6280855643593193,-1.1613185221431337
5.157383918762207,140,1.6289084397006013,-1.1604703250114414
5.157383918762207,141,1.6297313150418833,-1.1596221278797494
5.157383918762207,142,1.6305541903831653,-1.1587739307480573
5.157383918762207,143,1.6313770657244473,-1.1579257336163653
5.157383918762207,144,1.6321999410657293,-1.1570775364846733
5.157383918762207,145,1.6330228164070113,-1.1562293393529812
5.157383918762207,146,1.6338456917482933,-1.1553811422212892
5.157383918762207,147,1.6346685670895753,-1.1545329450895971
5.157383918762207,148,1.6354914424308573,-1.153684747957905
5.157383918762207,149,1.6363143177721398,-1.1528365508262128
5.157383918762207,150,1.6371371931134218,-1.151988353694521
5.157383918762207,151,1.6379600684547038,-1.1511401565628288
5.157383918762207,152,1.6387829437959858,-1.1502919594311367
5.157383918762207,153,1.6396058191372678,-1.1494437622994447
5.157383918762207,154,1.6404286944785498,-1.1485955651677526
5.157383918762207,155,1.6412515698198318,-1.1477473680360606
5.157383918762207,156,1.6420744451611138,-1.1468991709043685
5.157383918762207,157,1.642897320502396,-1.1460509737726765
5.157383918762207,158,1.643720195843678,-1.1452027766409845
5.157383918762207,159,1.64454307118496,-1.1443545795092924
5.157383918762207,160,1.6453659465262422,-1.1435063823776002
5.157383918762207,161,1.6461888218675242,-1.1426581852459083
5.157383918762207,162,1.6470116972088062,-1.1418099881142163
5.157383918762207,163,1.6478345725500885,-1.1409617909825243
5.157383918762207,164,1.6486574478913705,-1.140113593850832
5.157383918762207,165,1.6494803232326525,-1.13926539671914
5.157383918762207,166,1.6503031985739347,-1.138417199587448
5.157383918762207,167,1.6511260739152167,-1.137569002455756
5.157383918762207,168,1.6519489492564987,-1.1367208053240638
5.157383918762207,169,1.6527718245977807,-1.1358726081923718
5.157383918762207,170,1.6535946999390627,-1.1350244110606797
5.157383918762207,171,1.6544175752803447,-1.1341762139289877
5.157383918762207,172,1.655240450621627,-1.1333280167972957
5.157383918762207,173,1.6560633259629092,-1.1324798196656036
5.157383918762207,174,1.6568862013041912,-1.1316316225339116
5.157383918762207,175,1.6577090766454732,-1.1307834254022195
5.157383918762207,176,1.6585319519867552,-1.1299352282705275
5.157383918762207,177,1.6593548273280372,-1.1290870311388355
5.157383918762207,178,1.6601777026693194,-1.1282388340071434
5.157383918762207,179,1.6610005780106014,-1.1273906368754514
5.157383918762207,180,1.6618234533518834,-1.1265424397437593
5.157383918762207,181,1.6626463286931656,-1.1256942426120673
5.157383918762207,182,1.6634692040344476,-1.1248460454803753
5.157383918762207,183,1.6642920793757296,-1.123997848348683
5.157383918762207,184,1.6651149547170117,-1.1231496512169912
5.157383918762207,185,1.6659378300582937,-1.122301454085299
5.157383918762207,186,1.6667607053995757,-1.1214532569536069
5.157383918762207,187,1.667583580740858,-1.1206050598219148
5.157383918762207,188,1.66840645608214,-1.1197568626902228
5.157383918762207,189,1.6692293314234221,-1.1189086655585307
5.157383918762207,190,1.6700522067647041,-1.1180604684268387
5.157383918762207,191,1.6708750821059861,-1.1172122712951467
5.157383918762207,192,1.6716979574472683,-1.1163640741634546
5.157383918762207,193,1.6725208327885503,-1.1155158770317626
5.157383918762207,194,1.6733437081298324,-1.1146676799000703
5.157383918762207,195,1.6741665834711146,-1.1138194827683785
5.157383918762207,196,1.6749894588123966,-1.1129712856366865
5.157383918762207,197,1.6758123341536786,-1.1121230885049944
5.157383918762207,198,1.6766352094949606,-1.1112748913733022
5.157383918762207,199,1.6774580848362426,-1.1104266942416101
5.157383918762207,200,1.6782809601775246,-1.109578497109918
5.157383918762207,201,1.6791038355188068,-1.1087302999782263
5.157383918762207,202,1.6799267108600888,-1.107882102846534
5.157383918762207,203,1.680749586201371,-1.107033905714842
5.157383918762207,204,1.681572461542653,-1.10618570858315
5.157383918762207,205,1.682395336883935,-1.1053375114514579
5.157383918762207,206,1.683218212225217,-1.1044893143197658
5.157383918762207,207,1.684041087566499,-1.1036411171880738
5.157383918762207,208,1.6848639629077813,-1.1027929200563817
5.157383918762207,209,1.6856868382490633,-1.1019447229246897
5.157383918762207,210,1.6865097135903455,-1.1010965257929977
5.157383918762207,211,1.6873325889316275,-1.1002483286613056
5.157383918762207,212,1.6881554642729095,-1.0994001315296136
5.157383918762207,213,1.6889783396141915,-1.0985519343979215
5.157383918762207,214,1.6898012149554735,-1.0977037372662295
5.157383918762207,215,1.6906240902967555,-1.0968555401345375
5.157383918762207,216,1.691446965638038,-1.0960073430028454
5.157383918762207,217,1.69226984097932,-1.0951591458711532
5.157383918762207,218,1.693092716320602,-1.0943109487394613
5.157383918762207,219,1.693915591661884,-1.0934627516077693
5.157383918762207,220,1.694738467003166,-1.092614554476077
5.157383918762207,221,1.695561342344448,-1.091766357344385
5.157383918762207,222,1.6963842176857302,-1.090918160212693
5.157383918762207,223,1.6972070930270122,-1.090069963081001
5.157383918762207,224,1.6980299683682942,-1.0892217659493089
5.157383918762207,225,1.6988528437095765,-1.0883735688176168
5.157383918762207,226,1.6996757190508585,-1.0875253716859248
5.157383918762207,227,1.7004985943921405,-1.0866771745542327
5.157383918762207,228,1.7013214697334225,-1.0858289774225405
5.157383918762207,229,1.7021443450747045,-1.0849807802908487
5.157383918762207,230,1.7029672204159865,-1.0841325831591566
5.157383918762207,231,1.7037900957572687,-1.0832843860274646
5.157383918762207,232,1.704612971098551,-1.0824361888957723
5.157383918762207,233,1.705435846439833,-1.0815879917640803
5.157383918762207,234,1.706258721781115,-1.0807397946323882
5.157383918762207,235,1.707081597122397,-1.0798915975006964
5.157383918762207,236,1.707904472463679,-1.0790434003690041
5.157383918762207,237,1.7087273478049612,-1.078195203237312
5.157383918762207,238,1.7095502231462432,-1.07734700610562
5.157383918762207,239,1.7103730984875252,-1.076498808973928
5.157383918762207,240,1.7111959738288072,-1.075650611842236
5.157383918762207,241,1.7120188491700892,-1.0748024147105437
5.157383918762207,242,1.7128417245113712,-1.073954217578852
5.157383918762207,243,1.7136645998526534,-1.0731060204471599
5.157383918762207,244,1.7144874751939354,-1.0722578233154676
5.157383918762207,245,1.7153103505352174,-1.0714096261837756
5.157383918762207,246,1.7161332258764994,-1.0705614290520835
5.157383918762207,247,1.7169561012177814,-1.0697132319203915
5.157383918762207,248,1.7177789765590636,-1.0688650347886994
5.157383918762207,249,1.7186018519003459,-1.0680168376570074
5.157383918762207,250,1.7194247272416279,-1.0671686405253153
5.157383918762207,251,1.7202476025829099,-1.0663204433936233
5.157383918762207,252,1.7210704779241919,-1.0654722462619313
5.157383918762207,253,1.7218933532654739,-1.0646240491302392
5.157383918762207,254,1.7227162286067559,-1.0637758519985472
5.157383918762207,255,1.723539103948038,-1.0629276548668551
5.157383918762207,256,1.7243619792893201,-1.062079457735163
5.157383918762207,257,1.7251848546306021,-1.0612312606034708
5.157383918762207,258,1.7260077299718843,-1.0603830634717788
5.157383918762207,259,1.7268306053131663,-1.059534866340087
5.157383918762207,260,1.7276534806544483,-1.0586866692083947
5.157383918762207,261,1.7284763559957304,-1.0578384720767027
5.157383918762207,262,1.7292992313370124,-1.0569902749450106
5.157383918762207,263,1.7301221066782944,-1.0561420778133186
5.157383918762207,264,1.7309449820195766,-1.0552938806816266
5.157383918762207,265,1.7317678573608588,-1.0544456835499345
5.157383918762207,266,1.7325907327021408,-1.0535974864182425
5.157383918762207,267,1.7334136080434228,-1.0527492892865504
5.157383918762207,268,1.7342364833847048,-1.0519010921548584
5.157383918762207,269,1.7350593587259868,-1.0510528950231661
5.157383918762207,270,1.7358822340672688,-1.0502046978914743
5.157383918762207,271,1.7367051094085513,-1.049356500759782
5.157383918762207,272,1.7375279847498333,-1.0485083036280902
5.157383918762207,273,1.7383508600911153,-1.047660106496398
5.157383918762207,274,1.7391737354323973,-1.046811909364706
5.157383918762207,275,1.7399966107736793,-1.0459637122330139
5.157383918762207,276,1.7408194861149613,-1.0451155151013218
5.157383918762207,277,1.7416423614562435,-1.0442673179696298
5.157383918762207,278,1.7424652367975255,-1.0434191208379378
5.157383918762207,279,1.7432881121388075,-1.0425709237062457
5.157383918762207,280,1.7441109874800897,-1.0417227265745537
5.157383918762207,281,1.7449338628213718,-1.0408745294428616
5.157383918762207,282,1.7457567381626538,-1.0400263323111696
5.157383918762207,283,1.7465796135039358,-1.0391781351794775
5.157383918762207,284,1.7474024888452178,-1.0383299380477855
5.157383918762207,285,1.7482253641865,-1.0374817409160932
5.157383918762207,286,1.749048239527782,-1.0366335437844012
5.157383918762207,287,1.749871114869064,-1.0357853466527094
5.157383918762207,288,1.750693990210346,-1.0349371495210171
5.157383918762207,289,1.7515168655516282,-1.0340889523893253
5.157383918762207,290,1.7523397408929102,-1.033240755257633
5.157383918762207,291,1.7531626162341922,-1.032392558125941
5.157383918762207,292,1.7539854915754742,-1.031544360994249
5.157383918762207,293,1.7548083669167562,-1.0306961638625571
5.157383918762207,294,1.7556312422580382,-1.0298479667308649
5.157383918762207,295,1.7564541175993207,-1.0289997695991728
5.157383918762207,296,1.7572769929406027,-1.0281515724674808
5.157383918762207,297,1.7580998682818847,-1.0273033753357887
5.157383918762207,298,1.7589227436231667,-1.0264551782040967
5.157383918762207,299,1.7597456189644487,-1.0256069810724044
5.157383918762207,300,1.7605684943057307,-1.0247587839407126
5.157383918762207,301,1.761391369647013,-1.0239105868090204
5.157383918762207,302,1.762214244988295,-1.0230623896773285
5.157383918762207,303,1.763037120329577,-1.0222141925456363
5.157383918762207,304,1.7638599956708592,-1.0213659954139445
5.157383918762207,305,1.7646828710121412,-1.0205177982822522
5.157383918762207,306,1.7655057463534232,-1.0196696011505602
5.157383918762207,307,1.7663286216947052,-1.0188214040188681
5.157383918762207,308,1.7671514970359872,-1.017973206887176
5.157383918762207,309,1.7679743723772694,-1.017125009755484
5.157383918762207,310,1.7687972477185514,-1.016276812623792
5.157383918762207,311,1.7696201230598334,-1.0154286154921
5.157383918762207,312,1.7704429984011154,-1.0145804183604077
5.157383918762207,313,1.7712658737423976,-1.0137322212287159
5.157383918762207,314,1.7720887490836796,-1.0128840240970238
5.157383918762207,315,1.7729116244249616,-1.0120358269653318
5.157383918762207,316,1.7737344997662436,-1.0111876298336395
5.157383918762207,317,1.7745573751075256,-1.0103394327019477
5.157383918762207,318,1.7753802504488077,-1.0094912355702554
5.157383918762207,319,1.77620312579009,-1.0086430384385634
5.157383918762207,320,1.777026001131372,-1.0077948413068714
5.157383918762207,321,1.777848876472654,-1.0069466441751793
5.157383918762207,322,1.778671751813936,-1.0060984470434873
5.157383918762207,323,1.7794946271552181,-1.0052502499117952
5.157383918762207,324,1.7803175024965001,-1.0044020527801032
5.157383918762207,325,1.7811403778377826,-1.0035538556484112
5.157383918762207,326,1.7819632531790646,-1.0027056585167191
5.157383918762207,327,1.7827861285203466,-1.001857461385027
5.157383918762207,328,1.7836090038616286,-1.001009264253335
5.157383918762207,329,1.7844318792029106,-1.0001610671216428
5.157383918762207,330,1.7852547545441926,-0.9993128699899507
5.157383918762207,331,1.7860776298854748,-0.9984646728582587
5.157383918762207,332,1.7869005052267568,-0.9976164757265666
5.157383918762207,333,1.7877233805680388,-0.9967682785948747
5.157383918762207,334,1.7885462559093208,-0.9959200814631826
5.157383918762207,335,1.7893691312506028,-0.9950718843314905
5.157383918762207,336,1.7901920065918848,-0.9942236871997985
5.157383918762207,337,1.791014881933167,-0.9933754900681064
5.157383918762207,338,1.791837757274449,-0.9925272929364144
5.157383918762207,339,1.792660632615731,-0.9916790958047224
5.157383918762207,340,1.7934835079570133,-0.9908308986730303
5.157383918762207,341,1.7943063832982953,-0.9899827015413382
5.157383918762207,342,1.7951292586395773,-0.9891345044096461
5.157383918762207,343,1.7959521339808595,-0.9882863072779542
5.157383918762207,344,1.7967750093221415,-0.9874381101462621
5.157383918762207,345,1.7975978846634235,-0.98658991301457
5.157383918762207,346,1.7984207600047055,-0.985741715882878
5.157383918762207,347,1.7992436353459875,-0.9848935187511858
5.157383918762207,348,1.8000665106872695,-0.9840453216194938
5.157383918762207,349,1.800889386028552,-0.9831971244878017
5.157383918762207,350,1.801712261369834,-0.9823489273561097
5.157383918762207,351,1.802535136711116,-0.9815007302244176
5.157383918762207,352,1.803358012052398,-0.9806525330927256
5.157383918762207,353,1.80418088739368,-0.9798043359610336
5.157383918762207,354,1.805003762734962,-0.9789561388293415
5.157383918762207,355,1.8058266380762442,-0.9781079416976495
5.157383918762207,356,1.8066495134175262,-0.9772597445659574
5.157383918762207,357,1.8074723887588082,-0.9764115474342654
5.157383918762207,358,1.8082952641000902,-0.9755633503025732
5.157383918762207,359,1.8091181394413722,-0.9747151531708812
5.157383918762207,360,1.8099410147826542,-0.973866956039189
5.157383918762207,361,1.8107638901239365,-0.9730187589074972
5.157383918762207,362,1.8115867654652185,-0.9721705617758051
5.157383918762207,363,1.8124096408065005,-0.971322364644113
5.157383918762207,364,1.8132325161477827,-0.9704741675124209
5.157383918762207,365,1.8140553914890647,-0.9696259703807288
5.157383918762207,366,1.8148782668303467,-0.9687777732490368
5.157383918762207,367,1.815701142171629,-0.9679295761173448
5.157383918762207,368,1.816524017512911,-0.9670813789856527
5.157383918762207,369,1.817346892854193,-0.9662331818539607
5.157383918762207,370,1.818169768195475,-0.9653849847222685
5.157383918762207,371,1.818992643536757,-0.9645367875905766
5.157383918762207,372,1.819815518878039,-0.9636885904588846
5.157383918762207,373,1.8206383942193214,-0.9628403933271925
5.157383918762207,374,1.8214612695606034,-0.9619921961955004
5.157383918762207,375,1.8222841449018854,-0.9611439990638083
5.157383918762207,376,1.8231070202431674,-0.9602958019321163
5.157383918762207,377,1.8239298955844494,-0.9594476048004241
5.157383918762207,378,1.8247527709257316,-0.9585994076687321
5.157383918762207,379,1.8255756462670136,-0.95775121053704
5.157383918762207,380,1.8263985216082956,-0.9569030134053481
5.157383918762207,381,1.8272213969495776,-0.956054816273656
5.157383918762207,382,1.8280442722908599,-0.9552066191419639
5.157383918762207,383,1.8288671476321419,-0.9543584220102719
5.157383918762207,384,1.8296900229734239,-0.9535102248785798
5.157383918762207,385,1.830512898314706,-0.9526620277468878
5.157383918762207,386,1.831335773655988,-0.9518138306151958
5.157383918762207,387,1.83215864899727,-0.9509656334835036
5.157383918762207,388,1.832981524338552,-0.9501174363518116
5.157383918762207,389,1.833804399679834,-0.9492692392201194
5.157383918762207,390,1.8346272750211163,-0.9484210420884276
5.157383918762207,391,1.8354501503623983,-0.9475728449567354
5.157383918762207,392,1.8362730257036803,-0.9467246478250434
5.157383918762207,393,1.8370959010449623,-0.9458764506933512
5.157383918762207,394,1.8379187763862443,-0.9450282535616592
5.157383918762207,395,1.8387416517275266,-0.9441800564299672
5.157383918762207,396,1.8395645270688088,-0.9433318592982751
5.157383918762207,397,1.8403874024100908,-0.9424836621665831
5.157383918762207,398,1.8412102777513728,-0.941635465034891
5.157383918762207,399,1.8420331530926548,-0.9407872679031989
5.157383918762207,400,1.8428560284339368,-0.939939070771507
5.157383918762207,401,1.8436789037752188,-0.9390908736398149
5.157383918762207,402,1.844501779116501,-0.9382426765081229
5.157383918762207,403,1.8453246544577833,-0.9373944793764307
5.157383918762207,404,1.8461475297990653,-0.9365462822447387
5.157383918762207,405,1.8469704051403473,-0.9356980851130466
5.157383918762207,406,1.8477932804816293,-0.9348498879813545
5.157383918762207,407,1.8486161558229113,-0.9340016908496624
5.157383918762207,408,1.8494390311641935,-0.9331534937179704
5.157383918762207,409,1.8502619065054755,-0.9323052965862784
5.157383918762207,410,1.8510847818467575,-0.9314570994545863
5.157383918762207,411,1.8519076571880395,-0.9306089023228943
5.157383918762207,412,1.8527305325293215,-0.9297607051912022
5.157383918762207,413,1.8535534078706035,-0.9289125080595102
5.157383918762207,414,1.8543762832118857,-0.9280643109278182
5.157383918762207,415,1.8551991585531677,-0.927216113796126
5.157383918762207,416,1.8560220338944498,-0.926367916664434
5.157383918762207,417,1.8568449092357318,-0.9255197195327419
5.157383918762207,418,1.8576677845770138,-0.92467152240105
5.157383918762207,419,1.858490659918296,-0.923823325269358
5.157383918762207,420,1.8593135352595782,-0.9229751281376658
5.157383918762207,421,1.8601364106008602,-0.9221269310059738
5.157383918762207,422,1.8609592859421422,-0.9212787338742817
5.157383918762207,423,1.8617821612834242,-0.9204305367425896
5.157383918762207,424,1.8626050366247062,-0.9195823396108975
5.157383918762207,425,1.8634279119659882,-0.9187341424792055
5.157383918762207,426,1.8642507873072705,-0.9178859453475134
5.157383918762207,427,1.8650736626485525,-0.9170377482158214
5.157383918762207,428,1.8658965379898347,-0.9161895510841294
5.157383918762207,429,1.8667194133311167,-0.9153413539524373
5.157383918762207,430,1.8675422886723987,-0.9144931568207453
5.157383918762207,431,1.8683651640136807,-0.9136449596890532
5.157383918762207,432,1.869188039354963,-0.9127967625573611
5.157383918762207,433,1.870010914696245,-0.911948565425669
5.157383918762207,434,1.870833790037527,-0.911100368293977
5.157383918762207,435,1.871656665378809,-0.9102521711622849
5.157383918762207,436,1.872479540720091,-0.9094039740305928
5.157383918762207,437,1.873302416061373,-0.9085557768989008
5.157383918762207,438,1.8741252914026552,-0.9077075797672088
5.157383918762207,439,1.8749481667439372,-0.9068593826355168
5.157383918762207,440,1.8757710420852194,-0.9060111855038246
5.157383918762207,441,1.8765939174265014,-0.9051629883721326
5.157383918762207,442,1.8774167927677834,-0.9043147912404406
5.157383918762207,443,1.8782396681090654,-0.9034665941087485
5.157383918762207,444,1.8790625434503476,-0.9026183969770565
5.157383918762207,445,1.8798854187916296,-0.9017701998453643
5.157383918762207,446,1.8807082941329116,-0.9009220027136723
5.157383918762207,447,1.8815311694741936,-0.9000738055819802
5.157383918762207,448,1.8823540448154756,-0.8992256084502883
5.157383918762207,449,1.8831769201567576,-0.8983774113185962
5.157383918762207,450,1.88399979549804,-0.8975292141869041
5.157383918762207,451,1.884822670839322,-0.8966810170552121
5.157383918762207,452,1.885645546180604,-0.8958328199235199
5.157383918762207,453,1.886468421521886,-0.8949846227918279
5.157383918762207,454,1.887291296863168,-0.8941364256601358
5.157383918762207,455,1.88811417220445,-0.8932882285284438
5.157383918762207,456,1.8889370475457323,-0.8924400313967518
5.157383918762207,457,1.8897599228870143,-0.8915918342650596
5.157383918762207,458,1.8905827982282963,-0.8907436371333677
5.157383918762207,459,1.8914056735695783,-0.8898954400016756
5.157383918762207,460,1.8922285489108606,-0.8890472428699836
5.157383918762207,461,1.8930514242521426,-0.8881990457382914
5.157383918762207,462,1.8938742995934248,-0.8873508486065994
5.157383918762207,463,1.8946971749347068,-0.8865026514749074
5.157383918762207,464,1.8955200502759888,-0.8856544543432152
5.157383918762207,465,1.8963429256172708,-0.8848062572115232
5.157383918762207,466,1.8971658009585528,-0.8839580600798311
5.157383918762207,467,1.8979886762998348,-0.8831098629481391
5.157383918762207,468,1.898811551641117,-0.882261665816447
5.157383918762207,469,1.899634426982399,-0.881413468684755
5.157383918762207,470,1.900457302323681,-0.880565271553063
5.157383918762207,471,1.901280177664963,-0.8797170744213709
5.157383918762207,472,1.9021030530062453,-0.8788688772896789
5.157383918762207,473,1.9029259283475273,-0.8780206801579867
5.157383918762207,474,1.9037488036888095,-0.8771724830262947
5.157383918762207,475,1.9045716790300915,-0.8763242858946027
5.157383918762207,476,1.9053945543713735,-0.8754760887629106
5.157383918762207,477,1.9062174297126555,-0.8746278916312186
5.157383918762207,478,1.9070403050539375,-0.8737796944995265
5.157383918762207,479,1.9078631803952195,-0.8729314973678345
5.157383918762207,480,1.9086860557365017,-0.8720833002361424
5.157383918762207,481,1.9095089310777837,-0.8712351031044504
5.157383918762207,482,1.9103318064190657,-0.8703869059727583
5.157383918762207,483,1.9111546817603478,-0.8695387088410662
5.157383918762207,484,1.91197755710163,-0.8686905117093742
5.157383918762207,485,1.912800432442912,-0.8678423145776821
5.157383918762207,486,1.9136233077841942,-0.8669941174459901
5.157383918762207,487,1.9144461831254762,-0.866145920314298
5.157383918762207,488,1.9152690584667582,-0.865297723182606
5.157383918762207,489,1.9160919338080402,-0.864449526050914
5.157383918762207,490,1.9169148091493222,-0.8636013289192218
5.157383918762207,491,1.9177376844906042,-0.8627531317875298
5.157383918762207,492,1.9185605598318864,-0.8619049346558377
5.157383918762207,493,1.9193834351731685,-0.8610567375241457
5.157383918762207,494,1.9202063105144505,-0.8602085403924535
5.157383918762207,495,1.9210291858557327,-0.8593603432607615
5.157383918762207,496,1.9218520611970147,-0.8585121461290696
5.157383918762207,497,1.9226749365382967,-0.8576639489973775
5.157383918762207,498,1.923497811879579,-0.8568157518656854
5.157383918762207,499,1.924320687220861,-0.8559675547339933
5.157383918762207,500,1.925143562562143,-0.8551193576023013
5.157383918762207,501,1.925143562562143,-0.8551193576023013
5.157383918762207,502,1.9267890674940453,-0.8534237097331665
5.157383918762207,503,1.9284340809246243,-0.8517295546525301
5.157383918762207,504,1.93007860285388,-0.850036892360392
5.157383918762207,505,1.9317226332818123,-0.8483457228567524
5.157383918762207,506,1.9333661722084208,-0.8466560461416115
5.157383918762207,507,1.9350092196337065,-0.8449678622149688
5.157383918762207,508,1.9366517755576682,-0.8432811710768247
5.157383918762207,509,1.938293839980307,-0.8415959727271789
5.157383918762207,510,1.9399354129016222,-0.8399122671660316
5.157383918762207,511,1.9415764943216136,-0.8382300543933829
5.157383918762207,512,1.9432170842402823,-0.8365493344092326
5.157383918762207,513,1.9448571826576273,-0.8348701072135809
5.157383918762207,514,1.9464967895736487,-0.8331923728064273
5.157383918762207,515,1.9481359049883467,-0.8315161311877723
5.157383918762207,516,1.9497745289017216,-0.829841382357616
5.157383918762207,517,1.9514126613137728,-0.8281681263159578
5.157383918762207,518,1.953050302224501,-0.8264963630627983
5.157383918762207,519,1.9546874516339052,-0.8248260925981371
5.157383918762207,520,1.9563241095419865,-0.8231573149219744
5.157383918762207,521,1.9579602759487442,-0.8214900300343102
5.157383918762207,522,1.9595959508541785,-0.8198242379351444
5.157383918762207,523,1.9612311342582893,-0.818159938624477
5.157383918762207,524,1.9628658261610767,-0.8164971321023083
5.157383918762207,525,1.964500026562541,-0.8148358183686377
5.157383918762207,526,1.9661337354626818,-0.8131759974234659
5.157383918762207,527,1.967766952861499,-0.8115176692667924
5.157383918762207,528,1.969399678758993,-0.8098608338986174
5.157383918762207,529,1.9710319131551632,-0.8082054913189408
5.157383918762207,530,1.9726636560500106,-0.8065516415277627
5.157383918762207,531,1.9742949074435343,-0.804899284525083
5.157383918762207,532,1.9759256673357342,-0.8032484203109018
5.157383918762207,533,1.977555935726611,-0.801599048885219
5.157383918762207,534,1.9791857126161647,-0.7999511702480347
5.157383918762207,535,1.9808149980043945,-0.7983047843993488
5.157383918762207,536,1.9824437918913014,-0.7966598913391616
5.157383918762207,537,1.9840720942768846,-0.7950164910674725
5.157383918762207,538,1.985699905161145,-0.7933745835842823
5.157383918762207,539,1.9873272245440814,-0.7917341688895903
5.157383918762207,540,1.9889540524256941,-0.7900952469833968
5.157383918762207,541,1.9905803888059839,-0.7884578178657017
5.157383918762207,542,1.99220623368495,-0.7868218815365051
5.157383918762207,543,1.993831587062593,-0.7851874379958068
5.157383918762207,544,1.9954564489389122,-0.7835544872436071
5.157383918762207,545,1.9970808193139082,-0.7819230292799058
5.157383918762207,546,1.9987046981875807,-0.780293064104703
5.157383918762207,547,2.0003280855599304,-0.7786645917179987
5.157383918762207,548,2.001950981430956,-0.7770376121197927
5.157383918762207,549,2.0035733858006584,-0.7754121253100853
5.157383918762207,550,2.005195298669037,-0.7737881312888764
5.157383918762207,551,2.0068167200360927,-0.7721656300561658
5.157383918762207,552,2.0084376499018246,-0.7705446216119536
5.157383918762207,553,2.0100580882662338,-0.76892510595624
5.157383918762207,554,2.011678035129319,-0.7673070830890248
5.157383918762207,555,2.013297490491081,-0.7656905530103082
5.157383918762207,556,2.0149164543515194,-0.7640755157200898
5.157383918762207,557,2.0165349267106345,-0.76246197121837
5.157383918762207,558,2.0181529075684264,-0.7608499195051487
5.157383918762207,559,2.0197703969248946,-0.7592393605804257
5.157383918762207,560,2.0213873947800396,-0.7576302944442014
5.157383918762207,561,2.023003901133861,-0.7560227210964754
5.157383918762207,562,2.024619915986359,-0.7544166405372479
5.157383918762207,563,2.0262354393375337,-0.7528120527665187
5.157383918762207,564,2.027850471187385,-0.7512089577842881
5.157383918762207,565,2.0294650115359127,-0.749607355590556
5.157383918762207,566,2.0310790603831177,-0.7480072461853223
5.157383918762207,567,2.0326926177289986,-0.746408629568587
5.157383918762207,568,2.0343056835735567,-0.7448115057403503
5.157383918762207,569,2.0359182579167907,-0.7432158747006119
5.157383918762207,570,2.0375303407587015,-0.741621736449372
5.157383918762207,571,2.039141932099289,-0.7400290909866306
5.157383918762207,572,2.040753031938553,-0.7384379383123876
5.157383918762207,573,2.0423636402764935,-0.7368482784266431
5.157383918762207,574,2.0439737571131107,-0.7352601113293972
5.157383918762207,575,2.045583382448405,-0.7336734370206496
5.157383918762207,576,2.0471925162823754,-0.7320882555004004
5.157383918762207,577,2.0488011586150225,-0.7305045667686496
5.157383918762207,578,2.050409309446346,-0.7289223708253975
5.157383918762207,579,2.0520169687763463,-0.7273416676706437
5.157383918762207,580,2.053624136605023,-0.7257624573043883
5.157383918762207,581,2.0552308129323764,-0.7241847397266314
5.157383918762207,582,2.0568369977584067,-0.7226085149373731
5.157383918762207,583,2.0584426910831133,-0.7210337829366131
5.157383918762207,584,2.0600478929064963,-0.7194605437243516
5.157383918762207,585,2.061652603228556,-0.7178887973005886
5.157383918762207,586,2.0632568220492926,-0.716318543665324
5.157383918762207,587,2.0648605493687056,-0.7147497828185579
5.157383918762207,588,2.0664637851867953,-0.7131825147602903
5.157383918762207,589,2.068066529503562,-0.7116167394905213
5.157383918762207,590,2.0696687823190043,-0.7100524570092503
5.157383918762207,591,2.071270543633124,-0.7084896673164781
5.157383918762207,592,2.0728718134459196,-0.7069283704122042
5.157383918762207,593,2.0744725917573925,-0.705368566296429
5.157383918762207,594,2.0760728785675413,-0.703810254969152
5.157383918762207,595,2.077672673876367,-0.7022534364303735
5.157383918762207,596,2.0792719776838697,-0.7006981106800936
5.157383918762207,597,2.0808707899900485,-0.6991442777183119
5.157383918762207,598,2.082469110794904,-0.6975919375450288
5.157383918762207,599,2.0840669400984364,-0.6960410901602441
5.157383918762207,600,2.085664277900645,-0.6944917355639579
5.157383918762207,601,2.0872611242015306,-0.6929438737561703
5.157383918762207,602,2.088857479001092,-0.6913975047368809
5.157383918762207,603,2.0904533422993308,-0.6898526285060901
5.157383918762207,604,2.092048714096246,-0.6883092450637978
5.157383918762207,605,2.0936435943918372,-0.6867673544100039
5.157383918762207,606,2.095237983186106,-0.6852269565447083
5.157383918762207,607,2.0968318804790504,-0.6836880514679113
5.157383918762207,608,2.098425286270672,-0.6821506391796127
5.157383918762207,609,2.1000182005609704,-0.6806147196798127
5.157383918762207,610,2.101610623349945,-0.6790802929685111
5.157383918762207,611,2.103202554637596,-0.6775473590457078
5.157383918762207,612,2.104793994423924,-0.6760159179114031
5.157383918762207,613,2.106384942708928,-0.6744859695655969
5.157383918762207,614,2.1079753994926094,-0.6729575140082891
5.157383918762207,615,2.1095653647749675,-0.6714305512394798
5.157383918762207,616,2.1111548385560015,-0.6699050812591688
5.157383918762207,617,2.1127438208357123,-0.6683811040673563
5.157383918762207,618,2.1143323116141,-0.6668586196640424
5.157383918762207,619,2.1159203108911635,-0.6653376280492268
5.157383918762207,620,2.1175078186669047,-0.6638181292229098
5.157383918762207,621,2.1190948349413214,-0.6623001231850911
5.157383918762207,622,2.120681359714415,-0.6607836099357709
5.157383918762207,623,2.1222673929861857,-0.6592685894749493
5.157383918762207,624,2.123852934756633,-0.6577550618026261
5.157383918762207,625,2.1254379850257563,-0.6562430269188012
5.157383918762207,626,2.127022543793556,-0.6547324848234749
5.157383918762207,627,2.1286066110600332,-0.653223435516647
5.157383918762207,628,2.1301901868251867,-0.6517158789983175
5.157383918762207,629,2.131773271089017,-0.6502098152684865
5.157383918762207,630,2.133355863851523,-0.648705244327154
5.157383918762207,631,2.1349379651127065,-0.64720216617432
5.157383918762207,632,2.1365195748725663,-0.6457005808099844
5.157383918762207,633,2.1381006931311024,-0.6442004882341472
5.157383918762207,634,2.139681319888316,-0.6427018884468086
5.157383918762207,635,2.141261455144205,-0.6412047814479682
5.157383918762207,636,2.1428410988987707,-0.6397091672376266
5.157383918762207,637,2.144420251152014,-0.6382150458157831
5.157383918762207,638,2.1459989119039333,-0.6367224171824384
5.157383918762207,639,2.1475770811545294,-0.6352312813375919
5.157383918762207,640,2.149154758903802,-0.633741638281244
5.157383918762207,641,2.1507319451517506,-0.6322534880133945
5.157383918762207,642,2.1523086398983766,-0.6307668305340436
5.157383918762207,643,2.153884843143679,-0.629281665843191
5.157383918762207,644,2.1554605548876578,-0.6277979939408367
5.157383918762207,645,2.1570357751303133,-0.6263158148269811
5.157383918762207,646,2.158610503871645,-0.6248351285016238
5.157383918762207,647,2.1601847411116535,-0.623355934964765
5.157383918762207,648,2.161758486850339,-0.6218782342164048
5.157383918762207,649,2.163331741087701,-0.6204020262565428
5.157383918762207,650,2.1649045038237396,-0.6189273110851795
5.157383918762207,651,2.1664767750584546,-0.6174540887023146
5.157383918762207,652,2.1680485547918464,-0.6159823591079481
5.157383918762207,653,2.1696198430239146,-0.6145121223020801
5.157383918762207,654,2.171190639754659,-0.6130433782847104
5.157383918762207,655,2.172760944984081,-0.6115761270558394
5.157383918762207,656,2.1743307587121787,-0.6101103686154667
5.157383918762207,657,2.1759000809389537,-0.6086461029635925
5.157383918762207,658,2.177468911664405,-0.6071833301002167
5.157383918762207,659,2.1790372508885323,-0.6057220500253394
5.157383918762207,660,2.1806050986113372,-0.6042622627389607
5.157383918762207,661,2.182172454832818,-0.6028039682410802
5.157383918762207,662,2.1837393195529757,-0.6013471665316983
5.157383918762207,663,2.18530569277181,-0.599891857610815
5.157383918762207,664,2.186871574489321,-0.5984380414784298
5.157383918762207,665,2.188436964705508,-0.5969857181345433
5.157383918762207,666,2.190001863420372,-0.5955348875791552
5.157383918762207,667,2.191566270633913,-0.5940855498122656
5.157383918762207,668,2.1931301863461297,-0.5926377048338745
5.157383918762207,669,2.1946936105570236,-0.5911913526439816
5.157383918762207,670,2.1962565432665944,-0.5897464932425873
5.157383918762207,671,2.197818984474841,-0.5883031266296915
5.157383918762207,672,2.1993809341817645,-0.5868612528052942
5.157383918762207,673,2.2009423923873648,-0.5854208717693953
5.157383918762207,674,2.202503359091642,-0.5839819835219948
5.157383918762207,675,2.204063834294595,-0.5825445880630927
5.157383918762207,676,2.2056238179962246,-0.5811086853926892
5.157383918762207,677,2.2071833101965312,-0.5796742755107843
5.157383918762207,678,2.2087423108955146,-0.5782413584173777
5.157383918762207,679,2.2103008200931744,-0.5768099341124696
5.157383918762207,680,2.211858837789511,-0.5753800025960598
5.157383918762207,681,2.213416363984524,-0.5739515638681485
5.157383918762207,682,2.214973398678213,-0.5725246179287358
5.157383918762207,683,2.2165299418705793,-0.5710991647778214
5.157383918762207,684,2.218085993561622,-0.5696752044154056
5.157383918762207,685,2.2196415537513414,-0.568252736841488
5.157383918762207,686,2.2211966224397375,-0.5668317620560691
5.157383918762207,687,2.22275119962681,-0.5654122800591486
5.157383918762207,688,2.224305285312559,-0.5639942908507266
5.157383918762207,689,2.2258588794969842,-0.562577794430803
5.157383918762207,690,2.2274119821800866,-0.5611627907993778
5.157383918762207,691,2.228964593361866,-0.5597492799564511
5.157383918762207,692,2.2305167130423214,-0.5583372619020228
5.157383918762207,693,2.2320683412214533,-0.556926736636093
5.157383918762207,694,2.233619477899262,-0.5555177041586616
5.157383918762207,695,2.235170123075747,-0.5541101644697288
5.157383918762207,696,2.236720276750909,-0.5527041175692944
5.157383918762207,697,2.238269938924747,-0.5512995634573584
5.157383918762207,698,2.2398191095972626,-0.5498965021339209
5.157383918762207,699,2.2413677887684544,-0.5484949335989819
5.157383918762207,700,2.242915976438322,-0.5470948578525413
5.157383918762207,701,2.244463672606867,-0.5456962748945992
5.157383918762207,702,2.2460108772740885,-0.5442991847251555
5.157383918762207,703,2.2475575904399867,-0.5429035873442103
5.157383918762207,704,2.2491038121045612,-0.5415094827517635
5.157383918762207,705,2.2506495422678126,-0.5401168709478152
5.157383918762207,706,2.2521947809297402,-0.5387257519323654
5.157383918762207,707,2.2537395280903447,-0.5373361257054138
5.157383918762207,708,2.2552837837496256,-0.535947992266961
5.157383918762207,709,2.256827547907583,-0.5345613516170065
5.157383918762207,710,2.2583708205642177,-0.5331762037555506
5.157383918762207,711,2.2599136017195285,-0.531792548682593
5.157383918762207,712,2.261455891373516,-0.5304103863981339
5.157383918762207,713,2.2629976895261796,-0.5290297169021732
5.157383918762207,714,2.2645389961775204,-0.527650540194711
5.157383918762207,715,2.2660798113275376,-0.5262728562757473
5.157383918762207,716,2.267620134976231,-0.5248966651452819
5.157383918762207,717,2.2691599671236014,-0.5235219668033151
5.157383918762207,718,2.2706993077696485,-0.5221487612498468
5.157383918762207,719,2.272238156914372,-0.5207770484848767
5.157383918762207,720,2.273776514557772,-0.5194068285084052
5.157383918762207,721,2.275314380699849,-0.5180381013204323
5.157383918762207,722,2.2768517553406022,-0.5166708669209578
5.157383918762207,723,2.278388638480032,-0.5153051253099816
5.157383918762207,724,2.279925030118139,-0.513940876487504
5.157383918762207,725,2.281460930254922,-0.5125781204535247
5.157383918762207,726,2.2829963388903813,-0.511216857208044
5.157383918762207,727,2.284531256024518,-0.5098570867510618
5.157383918762207,728,2.286065681657331,-0.5084988090825779
5.157383918762207,729,2.28759961578882,-0.5071420242025925
5.157383918762207,730,2.289133058418986,-0.5057867321111057
5.157383918762207,731,2.290666009547829,-0.5044329328081171
5.157383918762207,732,2.2921984691753483,-0.5030806262936272
5.157383918762207,733,2.2937304373015444,-0.5017298125676356
5.157383918762207,734,2.2952619139264163,-0.5003804916301425
5.157383918762207,735,2.2967928990499655,-0.4990326634811479
5.157383918762207,736,2.298323392672191,-0.4976863281206517
5.157383918762207,737,2.2998533947930935,-0.496341485548654
5.157383918762207,738,2.301382905412672,-0.4949981357651547
5.157383918762207,739,2.3029119245309277,-0.49365627877015394
5.157383918762207,740,2.3044404521478596,-0.49231591456365154
5.157383918762207,741,2.3059684882634683,-0.49097704314564766
5.157383918762207,742,2.3074960328777534,-0.4896396645161422
5.157383918762207,743,2.309023085990715,-0.4883037786751352
5.157383918762207,744,2.3105496476023535,-0.4869693856226267
5.157383918762207,745,2.312075717712669,-0.4856364853586166
5.157383918762207,746,2.31360129632166,-0.484305077883105
5.157383918762207,747,2.315126383429328,-0.48297516319609185
5.157383918762207,748,2.316650979035673,-0.4816467412975771
5.157383918762207,749,2.3181750831406944,-0.4803198121875609
5.157383918762207,750,2.3196986957443926,-0.4789943758660431
5.157383918762207,751,2.321221816846767,-0.47767043233302375
5.157383918762207,752,2.3227444464478184,-0.4763479815885029
5.157383918762207,753,2.324266584547546,-0.47502702363248045
5.157383918762207,754,2.32578823114595,-0.4737075584649565
5.157383918762207,755,2.3273093862430314,-0.472389586085931
5.157383918762207,756,2.328830049838789,-0.4710731064954039
5.157383918762207,757,2.330350221933223,-0.46975811969337533
5.157383918762207,758,2.331869902526334,-0.46844462567984513
5.157383918762207,759,2.333389091618121,-0.4671326244548135
5.157383918762207,760,2.334907789208585,-0.4658221160182803
5.157383918762207,761,2.3364259952977253,-0.46451310037024546
5.157383918762207,762,2.3379437098855425,-0.4632055775107092
5.157383918762207,763,2.3394609329720364,-0.46189954743967127
5.157383918762207,764,2.340977664557207,-0.46059501015713183
5.157383918762207,765,2.342493904641054,-0.4592919656630909
5.157383918762207,766,2.3440096532235772,-0.4579904139575484
5.157383918762207,767,2.345524910304777,-0.45669035504050437
5.157383918762207,768,2.3470396758846537,-0.4553917889119588
5.157383918762207,769,2.348553949963207,-0.45409471557191167
5.157383918762207,770,2.3500677325404373,-0.452799135020363
5.157383918762207,771,2.3515810236163435,-0.4515050472573128
5.157383918762207,772,2.3530938231909264,-0.45021245228276097
5.157383918762207,773,2.3546061312641866,-0.44892135009670775
5.157383918762207,774,2.3561179478361227,-0.4476317406991529
5.157383918762207,775,2.3576292729067356,-0.4463436240900965
5.157383918762207,776,2.359140106476025,-0.44505700026953854
5.157383918762207,777,2.360650448543991,-0.443771869237479
5.157383918762207,778,2.3621602991106334,-0.44248823099391804
5.157383918762207,779,2.3636696581759526,-0.4412060855388555
5.157383918762207,780,2.3651785257399487,-0.4399254328722914
5.157383918762207,781,2.366686901802621,-0.43864627299422565
5.157383918762207,782,2.3681947863639703,-0.4373686059046585
5.157383918762207,783,2.3697021794239954,-0.4360924316035897
5.157383918762207,784,2.3712090809826982,-0.43481775009101953
5.157383918762207,785,2.3727154910400765,-0.43354456136694763
5.157383918762207,786,2.374221409596132,-0.4322728654313743
5.157383918762207,787,2.375726836650864,-0.43100266228429934
5.157383918762207,788,2.3772317722042726,-0.42973395192572283
5.157383918762207,789,2.378736216256358,-0.42846673435564486
5.157383918762207,790,2.3802401688071195,-0.4272010095740653
5.157383918762207,791,2.381743629856558,-0.4259367775809843
5.157383918762207,792,2.383246599404673,-0.42467403837640166
5.157383918762207,793,2.384749077451464,-0.42341279196031745
5.157383918762207,794,2.3862510639969328,-0.42215303833273177
5.157383918762207,795,2.3877525590410773,-0.42089477749364446
5.157383918762207,796,2.3892535625838986,-0.4196380094430556
5.157383918762207,797,2.390754074625397,-0.4183827341809653
5.157383918762207,798,2.3922540951655713,-0.4171289517073734
5.157383918762207,799,2.3937536242044226,-0.41587666202227996
5.157383918762207,800,2.3952526617419503,-0.41462586512568494
5.157383918762207,801,2.3967512077781543,-0.41337656101758846
5.157383918762207,802,2.398249262313035,-0.4121287496979903
5.157383918762207,803,2.399746825346593,-0.4108824311668907
5.157383918762207,804,2.401243896878827,-0.4096376054242895
5.157383918762207,805,2.4027404769097376,-0.4083942724701868
5.157383918762207,806,2.4042365654393247,-0.40715243230458253
5.157383918762207,807,2.405732162467589,-0.40591208492747677
5.157383918762207,808,2.4072272679945295,-0.4046732303388694
5.157383918762207,809,2.4087218820201466,-0.40343586853876057
5.157383918762207,810,2.4102160045444405,-0.4021999995271501
5.157383918762207,811,2.411709635567411,-0.4009656233040381
5.157383918762207,812,2.4132027750890575,-0.3997327398694246
5.157383918762207,813,2.4146954231093805,-0.39850134922330954
5.157383918762207,814,2.4161875796283807,-0.397271451365693
5.157383918762207,815,2.4176792446460573,-0.39604304629657483
5.157383918762207,816,2.4191704181624107,-0.3948161340159551
5.157383918762207,817,2.4206611001774405,-0.3935907145238339
5.157383918762207,818,2.422151290691147,-0.39236678782021106
5.157383918762207,819,2.42364098970353,-0.39114435390508673
5.157383918762207,820,2.4251301972145898,-0.3899234127784609
5.157383918762207,821,2.426618913224326,-0.38870396444033345
5.157383918762207,822,2.428107137732739,-0.3874860088907045
5.157383918762207,823,2.4295948707398285,-0.386269546129574
5.157383918762207,824,2.431082112245594,-0.38505457615694194
5.157383918762207,825,2.4325688622500365,-0.3838410989728083
5.157383918762207,826,2.4340551207531558,-0.3826291145771732
5.157383918762207,827,2.435540887754952,-0.38141862297003654
5.157383918762207,828,2.437026163255424,-0.38020962415139836
5.157383918762207,829,2.4385109472545734,-0.37900211812125856
5.157383918762207,830,2.439995239752399,-0.3777961048796172
5.157383918762207,831,2.4414790407489013,-0.37659158442647434
5.157383918762207,832,2.4429623502440796,-0.37538855676183
5.157383918762207,833,2.444445168237935,-0.374187021885684
5.157383918762207,834,2.445927494730467,-0.3729869797980365
5.157383918762207,835,2.4474093297216757,-0.37178843049888755
5.157383918762207,836,2.4488906732115607,-0.37059137398823694
5.157383918762207,837,2.4503715252001226,-0.3693958102660848
5.157383918762207,838,2.4518518856873612,-0.3682017393324311
5.157383918762207,839,2.453331754673276,-0.367009161187276
5.157383918762207,840,2.454811132157867,-0.36581807583061915
5.157383918762207,841,2.456290018141136,-0.36462848326246095
5.157383918762207,842,2.4577684126230803,-0.36344038348280105
5.157383918762207,843,2.4592463156037017,-0.36225377649163965
5.157383918762207,844,2.460723727083,-0.36106866228897677
5.157383918762207,845,2.462200647060974,-0.3598850408748123
5.157383918762207,846,2.463677075537625,-0.35870291224914624
5.157383918762207,847,2.4651530125129524,-0.3575222764119787
5.157383918762207,848,2.466628457986957,-0.3563431333633096
5.157383918762207,849,2.468103411959638,-0.35516548310313895
5.157383918762207,850,2.4695778744309953,-0.35398932563146673
5.157383918762207,851,2.4710518454010293,-0.35281466094829306
5.157383918762207,852,2.47252532486974,-0.35164148905361775
5.157383918762207,853,2.4739983128371272,-0.350469809947441
5.157383918762207,854,2.475470809303191,-0.34929962362976263
5.157383918762207,855,2.4769428142679315,-0.34813093010058266
5.157383918762207,856,2.4784143277313486,-0.3469637293599013
5.157383918762207,857,2.4798853496934425,-0.34579802140771826
5.157383918762207,858,2.4813558801542124,-0.3446338062440337
5.157383918762207,859,2.48282591911366,-0.3434710838688476
5.157383918762207,860,2.484295466571783,-0.34230985428216
5.157383918762207,861,2.4857645225285827,-0.3411501174839708
5.157383918762207,862,2.4872330869840598,-0.3399918734742801
5.157383918762207,863,2.4887011599382127,-0.3388351222530878
5.157383918762207,864,2.4901687413910425,-0.33767986382039406
5.157383918762207,865,2.491635831342549,-0.33652609817619866
5.157383918762207,866,2.493102429792732,-0.33537382532050175
5.157383918762207,867,2.4945685367415917,-0.3342230452533034
5.157383918762207,868,2.496034152189128,-0.33307375797460337
5.157383918762207,869,2.4974992761353407,-0.33192596348440184
5.157383918762207,870,2.4989639085802295,-0.3307796617826988
5.157383918762207,871,2.500428049523796,-0.3296348528694942
5.157383918762207,872,2.5018916989660385,-0.328491536744788
5.157383918762207,873,2.5033548569069577,-0.3273497134085803
5.157383918762207,874,2.5048175233465537,-0.3262093828608711
5.157383918762207,875,2.5062796982848257,-0.3250705451016602
5.157383918762207,876,2.507741381721775,-0.32393320013094795
5.157383918762207,877,2.5092025736574,-0.32279734794873405
5.157383918762207,878,2.5106632740917023,-0.3216629885550186
5.157383918762207,879,2.5121234830246815,-0.3205301219498017
5.157383918762207,880,2.5135832004563365,-0.3193987481330831
5.157383918762207,881,2.5150424263866684,-0.3182688671048631
5.157383918762207,882,2.516501160815677,-0.3171404788651415
5.157383918762207,883,2.517959403743362,-0.3160135834139184
5.157383918762207,884,2.519417155169724,-0.3148881807511937
5.157383918762207,885,2.520874415094762,-0.31376427087696745
5.157383918762207,886,2.5223311835184767,-0.31264185379123965
5.157383918762207,887,2.5237874604408685,-0.31152092949401033
5.157383918762207,888,2.5252432458619367,-0.3104014979852795
5.157383918762207,889,2.5266985397816812,-0.3092835592650471
5.157383918762207,890,2.5281533422001026,-0.30816711333331315
5.157383918762207,891,2.5296076531172003,-0.30705216019007764
5.157383918762207,892,2.5310614725329748,-0.3059386998353406
5.157383918762207,893,2.532514800447426,-0.30482673226910206
5.157383918762207,894,2.5339676368605533,-0.3037162574913619
5.157383918762207,895,2.5354199817723577,-0.3026072755021202
5.157383918762207,896,2.536871835182839,-0.301499786301377
5.157383918762207,897,2.538323197091996,-0.30039378988913223
5.157383918762207,898,2.53977406749983,-0.2992892862653859
5.157383918762207,899,2.541224446406341,-0.2981862754301381
5.157383918762207,900,2.542674333811528,-0.2970847573833887
5.157383918762207,901,2.544123729715392,-0.2959847321251378
5.157383918762207,902,2.5455726341179323,-0.2948861996553853
5.157383918762207,903,2.5470210470191494,-0.29378915997413124
5.157383918762207,904,2.5484689684190434,-0.2926936130813757
5.157383918762207,905,2.549916398317613,-0.29159955897711864
5.157383918762207,906,2.5513633367148603,-0.29050699766135996
5.157383918762207,907,2.5528097836107833,-0.28941592913409975
5.157383918762207,908,2.5542557390053835,-0.28832635339533796
5.157383918762207,909,2.55570120289866,-0.2872382704450747
5.157383918762207,910,2.557146175290613,-0.28615168028330984
5.157383918762207,911,2.558590656181243,-0.2850665829100435
5.157383918762207,912,2.5600346455705494,-0.2839829783252756
5.157383918762207,913,2.5614781434585323,-0.28290086652900615
5.157383918762207,914,2.562921149845192,-0.28182024752123513
5.157383918762207,915,2.5643636647305277,-0.2807411213019626
5.157383918762207,916,2.5658056881145406,-0.27966348787118844
5.157383918762207,917,2.5672472199972303,-0.2785873472289129
5.157383918762207,918,2.568688260378596,-0.2775126993751357
5.157383918762207,919,2.5701288092586387,-0.276439544309857
5.157383918762207,920,2.5715688666373575,-0.2753678820330767
5.157383918762207,921,2.5730084325147535,-0.2742977125447949
5.157383918762207,922,2.5744475068908255,-0.27322903584501157
5.157383918762207,923,2.5758860897655746,-0.27216185193372666
5.157383918762207,924,2.577324181139,-0.27109616081094023
5.157383918762207,925,2.578761781011102,-0.2700319624766522
5.157383918762207,926,2.580198889381881,-0.2689692569308627
5.157383918762207,927,2.5816355062513363,-0.2679080441735716
5.157383918762207,928,2.583071631619468,-0.266848324204779
5.157383918762207,929,2.5845072654862764,-0.2657900970244848
5.157383918762207,930,2.5859424078517614,-0.2647333626326891
5.157383918762207,931,2.5873770587159233,-0.26367812102939187
5.157383918762207,932,2.5888112180787615,-0.262624372214593
5.157383918762207,933,2.5902448859402765,-0.2615721161882927
5.157383918762207,934,2.591678062300468,-0.26052135295049084
5.157383918762207,935,2.593110747159336,-0.2594720825011874
5.157383918762207,936,2.594542940516881,-0.2584243048403824
5.157383918762207,937,2.595974642373102,-0.2573780199680759
5.157383918762207,938,2.5974058527279995,-0.2563332278842679
5.157383918762207,939,2.598836571581574,-0.2552899285889582
5.157383918762207,940,2.6002667989338253,-0.2542481220821471
5.157383918762207,941,2.601696534784753,-0.2532078083638344
5.157383918762207,942,2.6031257791343574,-0.25216898743402016
5.157383918762207,943,2.6045545319826378,-0.2511316592927044
5.157383918762207,944,2.6059827933295954,-0.25009582393988705
5.157383918762207,945,2.6074105631752293,-0.2490614813755682
5.157383918762207,946,2.6088378415195397,-0.24802863159974778
5.157383918762207,947,2.6102646283625273,-0.24699727461242582
5.157383918762207,948,2.611690923704191,-0.24596741041360234
5.157383918762207,949,2.6131167275445315,-0.2449390390032773
5.157383918762207,950,2.614542039883548,-0.2439121603814507
5.157383918762207,951,2.615966860721242,-0.24288677454812257
5.157383918762207,952,2.617391190057612,-0.24186288150329288
5.157383918762207,953,2.618815027892659,-0.24084048124696164
5.157383918762207,954,2.620238374226382,-0.23981957377912888
5.157383918762207,955,2.6216612290587826,-0.23880015909979457
5.157383918762207,956,2.6230835923898588,-0.23778223720895875
5.157383918762207,957,2.6245054642196117,-0.23676580810662132
5.157383918762207,958,2.625926844548042,-0.2357508717927824
5.157383918762207,959,2.6273477333751476,-0.2347374282674419
5.157383918762207,960,2.628768130700931,-0.23372547753059988
5.157383918762207,961,2.6301880365253902,-0.2327150195822563
5.157383918762207,962,2.6316074508485268,-0.23170605442241116
5.157383918762207,963,2.633026373670339,-0.23069858205106453
5.157383918762207,964,2.6344448049908284,-0.22969260246821632
5.157383918762207,965,2.6358627448099945,-0.22868811567386657
5.157383918762207,966,2.637280193127837,-0.2276851216680153
5.157383918762207,967,2.638697149944356,-0.22668362045066243
5.157383918762207,968,2.6401136152595517,-0.2256836120218081
5.157383918762207,969,2.641529589073424,-0.22468509638145212
5.157383918762207,970,2.642945071385973,-0.22368807352959466
5.157383918762207,971,2.6443600621971988,-0.22269254346623568
5.157383918762207,972,2.6457745615071007,-0.22169850619137513
5.157383918762207,973,2.6471885693156794,-0.22070596170501303
5.157383918762207,974,2.648602085622935,-0.21971491000714938
5.157383918762207,975,2.6500151104288667,-0.21872535109778418
5.157383918762207,976,2.651427643733475,-0.2177372849769174
5.157383918762207,977,2.65283968553676,-0.21675071164454918
5.157383918762207,978,2.6542512358387214,-0.21576563110067934
5.157383918762207,979,2.65566229463936,-0.21478204334530798
5.157383918762207,980,2.6570728619386745,-0.21379994837843508
5.157383918762207,981,2.6584829377366663,-0.21281934620006068
5.157383918762207,982,2.6598925220333336,-0.21184023681018468
5.157383918762207,983,2.661301614828678,-0.2108626202088071
5.157383918762207,984,2.6627102161227,-0.20988649639592805
5.157383918762207,985,2.664118325915398,-0.20891186537154743
5.157383918762207,986,2.6655259442067716,-0.20793872713566525
5.157383918762207,987,2.666933070996823,-0.20696708168828154
5.157383918762207,988,2.6683397062855505,-0.2059969290293963
5.157383918762207,989,2.669745850072955,-0.20502826915900946
5.157383918762207,990,2.6711515023590358,-0.2040611020771211
5.157383918762207,991,2.6725566631437925,-0.2030954277837312
5.157383918762207,992,2.673961332427227,-0.20213124627883977
5.157383918762207,993,2.675365510209337,-0.2011685575624468
5.157383918762207,994,2.676769196490125,-0.2002073616345523
5.157383918762207,995,2.6781723912695887,-0.19924765849515624
5.157383918762207,996,2.6795750945477286,-0.19828944814425858
5.157383918762207,997,2.6809773063245457,-0.19733273058185943
5.157383918762207,998,2.6823790266000396,-0.19637750580795874
5.157383918762207,999,2.6837802553742094,-0.1954237738225565
5.157383918762207,1000,2.6851809926470565,-0.19447153462565273
5.157383918762207,1001,2.6865812384185794,-0.19352078821724739
5.157383918762207,1002,2.6865812384185794,-0.19352078821724739
5.157383918762207,1003,2.6879812384394413,-0.19257043820308606
5.157383918762207,1004,2.6893812384603026,-0.19161938818891433
5.157383918762207,1005,2.6907812384811645,-0.19066763817473215
5.157383918762207,1006,2.692181238502026,-0.1897151881605395
5.157383918762207,1007,2.6935812385228877,-0.18876203814633646
5.157383918762207,1008,2.694981238543749,-0.18780818813212302
5.157383918762207,1009,2.696381238564611,-0.18685363811789912
5.157383918762207,1010,2.6977812385854723,-0.18589838810366477
5.157383918762207,1011,2.6991812386063336,-0.18494243808941999
5.157383918762207,1012,2.7005812386271955,-0.1839857880751648
5.157383918762207,1013,2.701981238648057,-0.18302843806089916
5.157383918762207,1014,2.7033812386689187,-0.18207038804662312
5.157383918762207,1015,2.7047812386897805,-0.18111163803233662
5.157383918762207,1016,2.706181238710642,-0.1801521880180397
5.157383918762207,1017,2.7075812387315032,-0.17919203800373237
5.157383918762207,1018,2.708981238752366,-0.17823118798941456
5.157383918762207,1019,2.7103812387732273,-0.17726963797508638
5.157383918762207,1020,2.7117812387940883,-0.1763073879607477
5.157383918762207,1021,2.71318123881495,-0.17534443794639867
5.157383918762207,1022,2.714581238835812,-0.17438078793203915
5.157383918762207,1023,2.715981238856673,-0.17341643791766922
5.157383918762207,1024,2.717381238877535,-0.17245138790328884
5.157383918762207,1025,2.7187812388983965,-0.17148563788889806
5.157383918762207,1026,2.7201812389192583,-0.1705191878744968
5.157383918762207,1027,2.72158123894012,-0.1695520378600852
5.157383918762207,1028,2.7229812389609815,-0.16858418784566306
5.157383918762207,1029,2.724381238981843,-0.16761563783123054
5.157383918762207,1030,2.7257812390027047,-0.1666463878167876
5.157383918762207,1031,2.7271812390235666,-0.16567643780233424
5.157383918762207,1032,2.7285812390444275,-0.1647057877878704
5.157383918762207,1033,2.7299812390652893,-0.16373443777339614
5.157383918762207,1034,2.7313812390861507,-0.1627623877589115
5.157383918762207,1035,2.7327812391070125,-0.16178963774441638
5.157383918762207,1036,2.7341812391278744,-0.16081618772991085
5.157383918762207,1037,2.735581239148736,-0.15984203771539487
5.157383918762207,1038,2.7369812391695976,-0.15886718770086847
5.157383918762207,1039,2.73838123919046,-0.15789163768633172
5.157383918762207,1040,2.739781239211321,-0.15691538767178442
5.157383918762207,1041,2.7411812392321835,-0.15593843765722673
5.157383918762207,1042,2.742581239253045,-0.1549607876426586
5.157383918762207,1043,2.7439812392739062,-0.1539824376280801
5.157383918762207,1044,2.745381239294768,-0.15300338761349105
5.157383918762207,1045,2.74678123931563,-0.15202363759889168
5.157383918762207,1046,2.7481812393364913,-0.1510431875842818
5.157383918762207,1047,2.7495812393573527,-0.15006203756966155
5.157383918762207,1048,2.7509812393782145,-0.14908018755503086
5.157383918762207,1049,2.752381239399076,-0.1480976375403897
5.157383918762207,1050,2.7537812394199377,-0.14711438752573813
5.157383918762207,1051,2.7551812394407986,-0.14613043751107616
5.157383918762207,1052,2.756581239461661,-0.14514578749640372
5.157383918762207,1053,2.7579812394825223,-0.14416043748172086
5.157383918762207,1054,2.759381239503384,-0.14317438746702757
5.157383918762207,1055,2.760781239524246,-0.14218763745232385
5.157383918762207,1056,2.7621812395451077,-0.14120018743760968
5.157383918762207,1057,2.7635812395659687,-0.1402120374228851
5.157383918762207,1058,2.7649812395868305,-0.1392231874081501
5.157383918762207,1059,2.766381239607692,-0.13823363739340466
5.157383918762207,1060,2.7677812396285537,-0.13724338737864877
5.157383918762207,1061,2.7691812396494155,-0.13625243736388248
5.157383918762207,1062,2.770581239670277,-0.13526078734910574
5.157383918762207,1063,2.7719812396911387,-0.13426843733431856
5.157383918762207,1064,2.7733812397119997,-0.13327538731952093
5.157383918762207,1065,2.774781239732862,-0.13228163730471293
5.157383918762207,1066,2.7761812397537238,-0.13128718728989444
5.157383918762207,1067,2.777581239774585,-0.1302920372750656
5.157383918762207,1068,2.7789812397954465,-0.12929618726022626
5.157383918762207,1069,2.7803812398163084,-0.1282996372453765
5.157383918762207,1070,2.78178123983717,-0.12730238723051632
5.157383918762207,1071,2.7831812398580316,-0.12630443721564572
5.157383918762207,1072,2.7845812398788934,-0.12530578720076466
5.157383918762207,1073,2.7859812398997543,-0.12430643718587318
5.157383918762207,1074,2.787381239920616,-0.12330638717097127
5.157383918762207,1075,2.788781239941478,-0.12230563715605894
5.157383918762207,1076,2.7901812399623394,-0.1213041871411362
5.157383918762207,1077,2.791581239983201,-0.12030203712620299
5.157383918762207,1078,2.7929812400040626,-0.11929918711125934
5.157383918762207,1079,2.7943812400249244,-0.1182956370963053
5.157383918762207,1080,2.795781240045786,-0.1172913870813408
5.157383918762207,1081,2.797181240066648,-0.11628643706636588
5.157383918762207,1082,2.7985812400875094,-0.1152807870513805
5.157383918762207,1083,2.7999812401083712,-0.11427443703638475
5.157383918762207,1084,2.801381240129233,-0.11326738702137852
5.157383918762207,1085,2.8027812401500944,-0.11225963700636189
5.157383918762207,1086,2.8041812401709563,-0.11125118699133481
5.157383918762207,1087,2.8055812401918176,-0.11024203697629728
5.157383918762207,1088,2.8069812402126795,-0.10923218696124935
5.157383918762207,1089,2.808381240233541,-0.10822163694619098
5.157383918762207,1090,2.809781240254403,-0.10721038693112221
5.157383918762207,1091,2.8111812402752645,-0.106198436916043
5.157383918762207,1092,2.812581240296126,-0.10518578690095334
5.157383918762207,1093,2.8139812403169877,-0.10417243688585325
5.157383918762207,1094,2.815381240337849,-0.10315838687074272
5.157383918762207,1095,2.816781240358711,-0.10214363685562176
5.157383918762207,1096,2.8181812403795727,-0.10112818684049038
5.157383918762207,1097,2.819581240400434,-0.10011203682534858
5.157383918762207,1098,2.820981240421296,-0.09909518681019633
5.157383918762207,1099,2.8223812404421578,-0.09807763679503365
5.157383918762207,1100,2.823781240463019,-0.09705938677986053
5.157383918762207,1101,2.8251812404838805,-0.096040436764677
5.157383918762207,1102,2.826581240504743,-0.09502078674948303
5.157383918762207,1103,2.8279812405256037,-0.09400043673427862
5.157383918762207,1104,2.8293812405464656,-0.09297938671906378
5.157383918762207,1105,2.8307812405673274,-0.09195763670383852
5.157383918762207,1106,2.8321812405881888,-0.09093518668860283
5.157383918762207,1107,2.8335812406090506,-0.08991203667335673
5.157383918762207,1108,2.834981240629912,-0.08888818665810015
5.157383918762207,1109,2.8363812406507733,-0.08786363664283317
5.157383918762207,1110,2.8377812406716356,-0.08683838662755576
5.157383918762207,1111,2.839181240692497,-0.08581243661226792
5.157383918762207,1112,2.840581240713358,-0.08478578659696964
5.157383918762207,1113,2.8419812407342206,-0.08375843658166092
5.157383918762207,1114,2.8433812407550816,-0.0827303865663418
5.157383918762207,1115,2.8447812407759434,-0.08170163655101222
5.157383918762207,1116,2.8461812407968052,-0.08067218653567222
5.157383918762207,1117,2.8475812408176666,-0.07964203652032176
5.157383918762207,1118,2.848981240838528,-0.0786111865049609
5.157383918762207,1119,2.85038124085939,-0.07757963648958963
5.157383918762207,1120,2.8517812408802516,-0.0765473864742079
5.157383918762207,1121,2.853181240901113,-0.07551443645881575
5.157383918762207,1122,2.8545812409219744,-0.07448078644341316
5.157383918762207,1123,2.8559812409428362,-0.07344643642800014
5.157383918762207,1124,2.8573812409636976,-0.0724113864125767
5.157383918762207,1125,2.858781240984559,-0.07137563639714282
5.157383918762207,1126,2.860181241005421,-0.07033918638169852
5.157383918762207,1127,2.8615812410262826,-0.06930203636624377
5.157383918762207,1128,2.862981241047144,-0.0682641863507786
5.157383918762207,1129,2.864381241068006,-0.067225636335303
5.157383918762207,1130,2.8657812410888677,-0.06618638631981698
5.157383918762207,1131,2.867181241109729,-0.06514643630432049
5.157383918762207,1132,2.868581241130591,-0.0641057862888136
5.157383918762207,1133,2.8699812411514523,-0.06306443627329629
5.157383918762207,1134,2.871381241172314,-0.06202238625776853
5.157383918762207,1135,2.8727812411931755,-0.06097963624223034
5.157383918762207,1136,2.8741812412140373,-0.059936186226681724
5.157383918762207,1137,2.8755812412348987,-0.05889203621112266
5.157383918762207,1138,2.8769812412557605,-0.05784718619555321
5.157383918762207,1139,2.8783812412766223,-0.056801636179973275
5.157383918762207,1140,2.8797812412974837,-0.05575538616438294
5.157383918762207,1141,2.8811812413183455,-0.05470843614878217
5.157383918762207,1142,2.882581241339207,-0.05366078613317096
5.157383918762207,1143,2.8839812413600687,-0.052612436117549344
5.157383918762207,1144,2.8853812413809306,-0.05156338610191728
5.157383918762207,1145,2.886781241401792,-0.05051363608627478
5.157383918762207,1146,2.8881812414226538,-0.04946318607062186
5.157383918762207,1147,2.8895812414435147,-0.04841203605495852
5.157383918762207,1148,2.8909812414643765,-0.047360186039284706
5.157383918762207,1149,2.8923812414852383,-0.046307636023600496
5.157383918762207,1150,2.8937812415060997,-0.04525438600790585
5.157383918762207,1151,2.8951812415269615,-0.044200435992200776
5.157383918762207,1152,2.8965812415478225,-0.04314578597648526
5.157383918762207,1153,2.8979812415686843,-0.042090435960759315
5.157383918762207,1154,2.899381241589546,-0.041034385945022955
5.157383918762207,1155,2.900781241610408,-0.03997763592927615
5.157383918762207,1156,2.90218124163127,-0.038920185913518916
5.157383918762207,1157,2.903581241652131,-0.03786203589775126
5.157383918762207,1158,2.904981241672993,-0.03680318588197314
5.157383918762207,1159,2.906381241693854,-0.03574363586618461
5.157383918762207,1160,2.9077812417147157,-0.03468338585038566
5.157383918762207,1161,2.9091812417355776,-0.03362243583457629
5.157383918762207,1162,2.910581241756439,-0.03256078581875647
5.157383918762207,1163,2.9119812417773008,-0.031498435802926224
5.157383918762207,1164,2.9133812417981626,-0.030435385787085552
5.157383918762207,1165,2.914781241819024,-0.029371635771234424
5.157383918762207,1166,2.9161812418398854,-0.028307185755372888
5.157383918762207,1167,2.9175812418607476,-0.027242035739500924
5.157383918762207,1168,2.918981241881609,-0.02617618572361849
5.157383918762207,1169,2.9203812419024704,-0.025109635707725668
5.157383918762207,1170,2.921781241923332,-0.02404238569182241
5.157383918762207,1171,2.923181241944194,-0.02297443567590872
5.157383918762207,1172,2.9245812419650554,-0.021905785659984578
5.157383918762207,1173,2.925981241985917,-0.020836435644050015
5.157383918762207,1174,2.9273812420067786,-0.01976638562810503
5.157383918762207,1175,2.9287812420276405,-0.018695635612149618
5.157383918762207,1176,2.930181242048502,-0.017624185596183763
5.157383918762207,1177,2.9315812420693637,-0.016552035580207493
5.157383918762207,1178,2.9329812420902255,-0.015479185564220808
5.157383918762207,1179,2.9343812421110873,-0.014405635548223675
5.157383918762207,1180,2.935781242131949,-0.013331385532216106
5.157383918762207,1181,2.9371812421528105,-0.012256435516198101
5.157383918762207,1182,2.938581242173672,-0.011180785500169654
5.157383918762207,1183,2.9399812421945337,-0.010104435484130793
5.157383918762207,1184,2.941381242215395,-0.009027385468081489
5.157383918762207,1185,2.942781242236257,-0.007949635452021785
5.157383918762207,1186,2.9441812422571183,-0.00687118543595161
5.157383918762207,1187,2.94558124227798,-0.005792035419871035
5.157383918762207,1188,2.946981242298842,-0.00471218540378001
5.157383918762207,1189,2.9483812423197038,-0.00363163538767855
5.157383918762207,1190,2.949781242340565,-0.0025503853715666686
5.157383918762207,1191,2.951181242361427,-0.0014684353554443585
5.157383918762207,1192,2.952581242382289,-0.000385785339311627
5.157383918762207,1193,2.9539812424031497,0.0006975646768315538
5.157383918762207,1194,2.955381242424012,0.0017816146929851492
5.157383918762207,1195,2.9567812424448734,0.002866364709149201
5.157383918762207,1196,2.9581812424657348,0.003951814725323674
5.157383918762207,1197,2.959581242486596,0.005037964741508562
5.157383918762207,1198,2.960981242507458,0.006124814757703892
5.157383918762207,1199,2.96238124252832,0.007212364773909644
5.157383918762207,1200,2.9637812425491816,0.008300614790125838
5.157383918762207,1201,2.965181242570043,0.009389564806352474
5.157383918762207,1202,2.966581242590905,0.010479214822589518
5.157383918762207,1203,2.967981242611766,0.011569564838836997
5.157383918762207,1204,2.969381242632628,0.012660614855094898
5.157383918762207,1205,2.97078124265349,0.013752364871363242
5.157383918762207,1206,2.972181242674351,0.014844814887642027
5.157383918762207,1207,2.9735812426952126,0.015937964903931227
5.157383918762207,1208,2.9749812427160744,0.017031814920230877
5.157383918762207,1209,2.9763812427369363,0.018126364936540934
5.157383918762207,1210,2.9777812427577977,0.019221614952861427
5.157383918762207,1211,2.97918124277866,0.02031756496919232
5.157383918762207,1212,2.980581242799521,0.021414214985533676
5.157383918762207,1213,2.981981242820383,0.02251156500188546
5.157383918762207,1214,2.9833812428412445,0.02360961501824768
5.157383918762207,1215,2.9847812428621063,0.024708365034620344
5.157383918762207,1216,2.9861812428829673,0.02580781505100342
5.157383918762207,1217,2.987581242903829,0.026907965067396934
5.157383918762207,1218,2.988981242924691,0.028008815083800875
5.157383918762207,1219,2.9903812429455527,0.029110365100215252
5.157383918762207,1220,2.991781242966414,0.030212615116640064
5.157383918762207,1221,2.9931812429872755,0.03131556513307529
5.157383918762207,1222,2.9945812430081373,0.032419215149520966
5.157383918762207,1223,2.995981243028999,0.033523565165977064
5.157383918762207,1224,2.997381243049861,0.03462861518244359
5.157383918762207,1225,2.998781243070722,0.03573436519892056
5.157383918762207,1226,3.0001812430915837,0.036840815215407954
5.157383918762207,1227,3.0015812431124456,0.03794796523190576
5.157383918762207,1228,3.0029812431333074,0.039055815248414005
5.157383918762207,1229,3.004381243154169,0.04016436526493271
5.157383918762207,1230,3.0057812431750306,0.04127361528146182
5.157383918762207,1231,3.0071812431958924,0.04238356529800136
5.157383918762207,1232,3.008581243216754,0.04349421531455134
5.157383918762207,1233,3.0099812432376156,0.044605565331111735
5.157383918762207,1234,3.0113812432584766,0.04571761534768258
5.157383918762207,1235,3.0127812432793384,0.04683036536426385
5.157383918762207,1236,3.0141812433002,0.04794381538085554
5.157383918762207,1237,3.015581243321062,0.04905796539745767
5.157383918762207,1238,3.0169812433419234,0.050172815414070246
5.157383918762207,1239,3.0183812433627852,0.05128836543069323
5.157383918762207,1240,3.019781243383647,0.05240461544732665
5.157383918762207,1241,3.0211812434045084,0.05352156546397051
5.157383918762207,1242,3.0225812434253694,0.05463921548062477
5.157383918762207,1243,3.023981243446231,0.055757565497289475
5.157383918762207,1244,3.0253812434670926,0.056876615513964626
5.157383918762207,1245,3.0267812434879544,0.05799636553065021
5.157383918762207,1246,3.0281812435088162,0.05911681554734621
5.157383918762207,1247,3.0295812435296776,0.06023796556405265
5.157383918762207,1248,3.0309812435505394,0.06135981558076953
5.157383918762207,1249,3.032381243571401,0.06248236559749682
5.157383918762207,1250,3.0337812435922626,0.06360561561423453
5.157383918762207,1251,3.0351812436131245,0.0647295656309827
5.157383918762207,1252,3.036581243633986,0.0658542156477413
5.157383918762207,1253,3.0379812436548472,0.06697956566451031
5.157383918762207,1254,3.039381243675709,0.06810561568128978
5.157383918762207,1255,3.040781243696571,0.06923236569807965
5.157383918762207,1256,3.0421812437174323,0.07035981571487998
5.157383918762207,1257,3.0435812437382936,0.07148796573169072
5.157383918762207,1258,3.0449812437591555,0.07261681574851189
5.157383918762207,1259,3.046381243780017,0.0737463657653435
5.157383918762207,1260,3.0477812438008787,0.07487661578218553
5.157383918762207,1261,3.0491812438217405,0.076007565799038
5.157383918762207,1262,3.050581243842602,0.07713921581590091
5.157383918762207,1263,3.0519812438634637,0.07827156583277423
5.157383918762207,1264,3.053381243884326,0.07940461584965801
5.157383918762207,1265,3.054781243905187,0.0805383658665522
5.157383918762207,1266,3.0561812439260487,0.08167281588345682
5.157383918762207,1267,3.05758124394691,0.08280796590037187
5.157383918762207,1268,3.0589812439677724,0.08394381591729737
5.157383918762207,1269,3.0603812439886333,0.08508036593423327
5.157383918762207,1270,3.061781244009495,0.08621761595117963
5.157383918762207,1271,3.063181244030357,0.0873555659681364
5.157383918762207,1272,3.0645812440512183,0.0884942159851036
5.157383918762207,1273,3.0659812440720797,0.08963356600208124
5.157383918762207,1274,3.067381244092942,0.0907736160190693
5.157383918762207,1275,3.0687812441138034,0.09191436603606781
5.157383918762207,1276,3.0701812441346648,0.09305581605307675
5.157383918762207,1277,3.071581244155526,0.0941979660700961
5.157383918762207,1278,3.072981244176388,0.09534081608712588
5.157383918762207,1279,3.07438124419725,0.09648436610416614
5.157383918762207,1280,3.0757812442181116,0.0976286161212168
5.157383918762207,1281,3.0771812442389734,0.09877356613827788
5.157383918762207,1282,3.078581244259835,0.09991921615534938
5.157383918762207,1283,3.079981244280696,0.10106556617243134
5.157383918762207,1284,3.081381244301558,0.10221261618952371
5.157383918762207,1285,3.08278124432242,0.10336036620662653
5.157383918762207,1286,3.084181244343281,0.10450881622373977
5.157383918762207,1287,3.0855812443641426,0.10565796624086342
5.157383918762207,1288,3.0869812443850044,0.10680781625799754
5.157383918762207,1289,3.0883812444058663,0.10795836627514208
5.157383918762207,1290,3.0897812444267276,0.10910961629229701
5.157383918762207,1291,3.091181244447589,0.11026156630946235
5.157383918762207,1292,3.092581244468451,0.1114142163266382
5.157383918762207,1293,3.0939812444893127,0.11256756634382445
5.157383918762207,1294,3.095381244510174,0.11372161636102111
5.157383918762207,1295,3.0967812445310354,0.11487636637822826
5.157383918762207,1296,3.0981812445518973,0.11603181639544577
5.157383918762207,1297,3.099581244572759,0.11718796641267376
5.157383918762207,1298,3.1009812445936205,0.11834481642991215
5.157383918762207,1299,3.1023812446144827,0.11950236644716102
5.157383918762207,1300,3.1037812446353437,0.12066061646442029
5.157383918762207,1301,3.1051812446562055,0.12181956648169
5.157383918762207,1302,3.1065812446770673,0.12297921649897013
5.157383918762207,1303,3.1079812446979287,0.12413956651626068
5.157383918762207,1304,3.1093812447187905,0.12530061653356167
5.157383918762207,1305,3.110781244739652,0.12646236655087312
5.157383918762207,1306,3.1121812447605137,0.12762481656819494
5.157383918762207,1307,3.113581244781375,0.12878796658552727
5.157383918762207,1308,3.1149812448022365,0.12995181660286997
5.157383918762207,1309,3.1163812448230988,0.1311163666202231
5.157383918762207,1310,3.11778124484396,0.1322816166375867
5.157383918762207,1311,3.119181244864822,0.13344756665496071
5.157383918762207,1312,3.120581244885684,0.13461421667234513
5.157383918762207,1313,3.121981244906545,0.13578156668974
5.157383918762207,1314,3.1233812449274065,0.13694961670714534
5.157383918762207,1315,3.1247812449482684,0.13811836672456107
5.157383918762207,1316,3.1261812449691297,0.1392878167419872
5.157383918762207,1317,3.127581244989991,0.14045796675942382
5.157383918762207,1318,3.128981245010853,0.14162881677687084
5.157383918762207,1319,3.1303812450317148,0.14280036679432828
5.157383918762207,1320,3.1317812450525766,0.14397261681179618
5.157383918762207,1321,3.133181245073438,0.14514556682927449
5.157383918762207,1322,3.1345812450942994,0.14631921684676324
5.157383918762207,1323,3.135981245115161,0.14749356686426243
5.157383918762207,1324,3.137381245136023,0.14866861688177202
5.157383918762207,1325,3.138781245156885,0.14984436689929206
5.157383918762207,1326,3.1401812451777458,0.15102081691682254
5.157383918762207,1327,3.1415812451986076,0.15219796693436347
5.157383918762207,1328,3.1429812452194694,0.15337581695191477
5.157383918762207,1329,3.1443812452403312,0.15455436696947655
5.157383918762207,1330,3.145781245261193,0.15573361698704874
5.157383918762207,1331,3.147181245282054,0.15691356700463135
5.157383918762207,1332,3.148581245302916,0.15809421702222443
5.157383918762207,1333,3.1499812453237777,0.1592755670398279
5.157383918762207,1334,3.1513812453446395,0.16045761705744183
5.157383918762207,1335,3.1527812453655004,0.16164036707506618
5.157383918762207,1336,3.1541812453863627,0.16282381709270097
5.157383918762207,1337,3.155581245407224,0.16400796711034618
5.157383918762207,1338,3.1569812454280854,0.16519281712800182
5.157383918762207,1339,3.1583812454489473,0.1663783671456679
5.157383918762207,1340,3.1597812454698087,0.1675646171633444
5.157383918762207,1341,3.1611812454906705,0.16875156718103132
5.157383918762207,1342,3.1625812455115323,0.16993921719872868
5.157383918762207,1343,3.163981245532394,0.17112756721643652
5.157383918762207,1344,3.165381245553255,0.1723166172341547
5.157383918762207,1345,3.166781245574117,0.17350636725188337
5.157383918762207,1346,3.1681812455949787,0.17469681726962247
5.157383918762207,1347,3.1695812456158405,0.175887967287372
5.157383918762207,1348,3.1709812456367015,0.17707981730513192
5.157383918762207,1349,3.1723812456575633,0.1782723673229023
5.157383918762207,1350,3.173781245678425,0.17946561734068311
5.157383918762207,1351,3.175181245699287,0.18065956735847435
5.157383918762207,1352,3.1765812457201488,0.18185421737627602
5.157383918762207,1353,3.17798124574101,0.18304956739408815
5.157383918762207,1354,3.1793812457618715,0.18424561741191062
5.157383918762207,1355,3.1807812457827334,0.18544236742974357
5.157383918762207,1356,3.1821812458035947,0.18663981744758695
5.157383918762207,1357,3.183581245824457,0.18783796746544082
5.157383918762207,1358,3.184981245845318,0.18903681748330506
5.157383918762207,1359,3.1863812458661798,0.19023636750117973
5.157383918762207,1360,3.1877812458870416,0.19143661751906488
5.157383918762207,1361,3.189181245907903,0.1926375675369604
5.157383918762207,1362,3.1905812459287644,0.1938392175548664
5.157383918762207,1363,3.191981245949626,0.19504156757278282
5.157383918762207,1364,3.193381245970488,0.19624461759070966
5.157383918762207,1365,3.19478124599135,0.19744836760864692
5.157383918762207,1366,3.196181246012211,0.19865281762659465
5.157383918762207,1367,3.1975812460330726,0.19985796764455274
5.157383918762207,1368,3.1989812460539344,0.20106381766252135
5.157383918762207,1369,3.2003812460747962,0.20227036768050033
5.157383918762207,1370,3.2017812460956576,0.20347761769848977
5.157383918762207,1371,3.2031812461165194,0.20468556771648963
5.157383918762207,1372,3.204581246137381,0.2058942177344999
5.157383918762207,1373,3.205981246158242,0.20710356775252062
5.157383918762207,1374,3.2073812461791045,0.2083136177705518
5.157383918762207,1375,3.208781246199966,0.20952436778859337
5.157383918762207,1376,3.2101812462208272,0.21073581780664538
5.157383918762207,1377,3.211581246241689,0.21194796782470782
5.157383918762207,1378,3.212981246262551,0.21316081784278068
5.157383918762207,1379,3.2143812462834127,0.214374367860864
5.157383918762207,1380,3.215781246304274,0.21558861787895775
5.157383918762207,1381,3.2171812463251355,0.21680356789706187
5.157383918762207,1382,3.2185812463459973,0.2180192179151765
5.157383918762207,1383,3.219981246366859,0.21923556793330154
5.157383918762207,1384,3.2213812463877205,0.22045261795143697
5.157383918762207,1385,3.222781246408582,0.2216703679695829
5.157383918762207,1386,3.2241812464294437,0.22288881798773919
5.157383918762207,1387,3.2255812464503046,0.22410796800590593
5.157383918762207,1388,3.226981246471167,0.22532781802408314
5.157383918762207,1389,3.2283812464920283,0.22654836804227074
5.157383918762207,1390,3.22978124651289,0.2277696180604688
5.157383918762207,1391,3.231181246533752,0.22899156807867727
5.157383918762207,1392,3.2325812465546138,0.23021421809689618
5.157383918762207,1393,3.233981246575475,0.23143756811512553
5.157383918762207,1394,3.2353812465963374,0.2326616181333653
5.157383918762207,1395,3.236781246617198,0.23388636815161545
5.157383918762207,1396,3.23818124663806,0.23511181816987609
5.157383918762207,1397,3.239581246658922,0.23633796818814717
5.157383918762207,1398,3.240981246679783,0.23756481820642864
5.157383918762207,1399,3.2423812467006448,0.2387923682247206
5.157383918762207,1400,3.2437812467215066,0.24002061824302293
5.157383918762207,1401,3.245181246742368,0.2412495682613357
5.157383918762207,1402,3.24658124676323,0.24247921827965896
5.157383918762207,1403,3.2479812467840916,0.24370956829799256
5.157383918762207,1404,3.249381246804953,0.24494061831633665
5.157383918762207,1405,3.250781246825815,0.24617236833469114
5.157383918762207,1406,3.2521812468466766,0.2474048183530561
5.157383918762207,1407,3.2535812468675376,0.24863796837143146
5.157383918762207,1408,3.2549812468883994,0.24987181838981723
5.157383918762207,1409,3.2563812469092612,0.2511063684082135
5.157383918762207,1410,3.257781246930123,0.2523416184266201
5.157383918762207,1411,3.2591812469509844,0.2535775684450372
5.157383918762207,1412,3.260581246971846,0.25481421846346475
5.157383918762207,1413,3.2619812469927076,0.2560515684819027
5.157383918762207,1414,3.2633812470135695,0.25728961850035115
5.157383918762207,1415,3.264781247034431,0.25852836851880995
5.157383918762207,1416,3.2661812470552922,0.25976781853727915
5.157383918762207,1417,3.267581247076154,0.2610079685557588
5.157383918762207,1418,3.268981247097016,0.2622488185742489
5.157383918762207,1419,3.2703812471178773,0.2634903685927494
5.157383918762207,1420,3.271781247138739,0.26473261861126035
5.157383918762207,1421,3.2731812471596005,0.2659755686297818
5.157383918762207,1422,3.2745812471804623,0.2672192186483136
5.157383918762207,1423,3.2759812472013237,0.26846356866685583
5.157383918762207,1424,3.277381247222186,0.2697086186854085
5.157383918762207,1425,3.278781247243047,0.27095436870397166
5.157383918762207,1426,3.2801812472639087,0.2722008187225452
5.157383918762207,1427,3.28158124728477,0.2734479687411292
5.157383918762207,1428,3.282981247305632,0.27469581875972365
5.157383918762207,1429,3.2843812473264933,0.27594436877832845
5.157383918762207,1430,3.285781247347355,0.27719361879694376
5.157383918762207,1431,3.2871812473682165,0.2784435688155695
5.157383918762207,1432,3.2885812473890783,0.2796942188342056
5.157383918762207,1433,3.28998124740994,0.28094556885285216
5.157383918762207,1434,3.2913812474308015,0.2821976188715092
5.157383918762207,1435,3.2927812474516633,0.2834503688901766
5.157383918762207,1436,3.294181247472525,0.2847038189088545
5.157383918762207,1437,3.2955812474933865,0.28595796892754277
5.157383918762207,1438,3.296981247514248,0.28721281894624145
5.157383918762207,1439,3.2983812475351098,0.2884683689649506
5.157383918762207,1440,3.2997812475559716,0.2897246189836702
5.157383918762207,1441,3.3011812475768334,0.2909815690024002
5.157383918762207,1442,3.302581247597695,0.29223921902114064
5.157383918762207,1443,3.303981247618557,0.29349756903989155
5.157383918762207,1444,3.305381247639418,0.2947566190586529
5.157383918762207,1445,3.30678124766028,0.2960163690774246
5.157383918762207,1446,3.3081812476811416,0.2972768190962068
5.157383918762207,1447,3.309581247702003,0.2985379691149994
5.157383918762207,1448,3.310981247722865,0.29979981913380244
5.157383918762207,1449,3.312381247743726,0.3010623691526159
5.157383918762207,1450,3.313781247764588,0.3023256191714398
5.157383918762207,1451,3.315181247785449,0.3035895691902741
5.157383918762207,1452,3.316581247806311,0.3048542192091188
5.157383918762207,1453,3.317981247827172,0.306119569227974
5.157383918762207,1454,3.319381247848034,0.3073856192468396
5.157383918762207,1455,3.3207812478688954,0.3086523692657157
5.157383918762207,1456,3.322181247889758,0.30991981928460216
5.157383918762207,1457,3.3235812479106195,0.31118796930349907
5.157383918762207,1458,3.3249812479314804,0.31245681932240643
5.157383918762207,1459,3.326381247952342,0.3137263693413242
5.157383918762207,1460,3.3277812479732036,0.31499661936025236
5.157383918762207,1461,3.3291812479940655,0.316267569379191
5.157383918762207,1462,3.330581248014927,0.31753921939814006
5.157383918762207,1463,3.331981248035789,0.3188115694170996
5.157383918762207,1464,3.3333812480566505,0.3200846194360695
5.157383918762207,1465,3.3347812480775123,0.3213583694550499
5.157383918762207,1466,3.3361812480983737,0.32263281947404066
5.157383918762207,1467,3.3375812481192355,0.32390796949304185
5.157383918762207,1468,3.338981248140097,0.3251838195120535
5.157383918762207,1469,3.3403812481609587,0.3264603695310756
5.157383918762207,1470,3.34178124818182,0.3277376195501081
5.157383918762207,1471,3.343181248202682,0.329015569569151
5.157383918762207,1472,3.3445812482235437,0.3302942195882044
5.157383918762207,1473,3.345981248244405,0.3315735696072682
5.157383918762207,1474,3.347381248265267,0.33285361962634247
5.157383918762207,1475,3.3487812482861288,0.33413436964542714
5.157383918762207,1476,3.35018124830699,0.3354158196645222
5.157383918762207,1477,3.3515812483278515,0.33669796968362775
5.157383918762207,1478,3.3529812483487134,0.3379808197027437
5.157383918762207,1479,3.354381248369575,0.3392643697218701
5.157383918762207,1480,3.3557812483904366,0.34054861974100686
5.157383918762207,1481,3.357181248411298,0.34183356976015417
5.157383918762207,1482,3.3585812484321598,0.34311921977931176
5.157383918762207,1483,3.359981248453021,0.34440556979847986
5.157383918762207,1484,3.361381248473883,0.34569261981765836
5.157383918762207,1485,3.362781248494745,0.3469803698368474
5.157383918762207,1486,3.364181248515606,0.34826881985604674
5.157383918762207,1487,3.365581248536468,0.34955796987525656
5.157383918762207,1488,3.3669812485573294,0.3508478198944769
5.157383918762207,1489,3.368381248578191,0.35213836991370756
5.157383918762207,1490,3.369781248599053,0.3534296199329487
5.157383918762207,1491,3.3711812486199144,0.3547215699522003
5.157383918762207,1492,3.372581248640776,0.3560142199714622
5.157383918762207,1493,3.3739812486616376,0.3573075699907346
5.157383918762207,1494,3.3753812486824994,0.3586016200100175
5.157383918762207,1495,3.376781248703361,0.35989637002931074
5.157383918762207,1496,3.3781812487242227,0.3611918200486145
5.157383918762207,1497,3.379581248745084,0.3624879700679286
5.157383918762207,1498,3.3809812487659454,0.36378482008725316
5.157383918762207,1499,3.3823812487868077,0.3650823701065882
5.157383918762207,1500,3.383781248807669,0.36638062012593364
5.157383918762207,1501,3.385181248828531,0.3676795701452895
5.157383918762207,1502,3.3865812488493923,0.3689792201646558
5.157383918762207,1503,3.3865812488493923,0.3689792201646558
5.157383918762207,1504,3.3879811488702525,0.37027972018403477
5.157383918762207,1505,3.3893808488911095,0.3715812202034286
5.157383918762207,1506,3.390780348911964,0.3728837202228374
5.157383918762207,1507,3.3921796489328147,0.37418722024226103
5.157383918762207,1508,3.3935787489536633,0.3754917202616996
5.157383918762207,1509,3.3949776489745083,0.3767972202811531
5.157383918762207,1510,3.3963763489953505,0.3781037203006214
5.157383918762207,1511,3.39777484901619,0.3794112203201047
5.157383918762207,1512,3.399173149037026,0.3807197203396029
5.157383918762207,1513,3.400571249057859,0.3820292203591159
5.157383918762207,1514,3.40196914907869,0.38333972037864394
5.157383918762207,1515,3.4033668490995175,0.3846512203981868
5.157383918762207,1516,3.4047643491203416,0.3859637204177445
5.157383918762207,1517,3.4061616491411626,0.38727722043731727
5.157383918762207,1518,3.407558749161981,0.38859172045690477
5.157383918762207,1519,3.4089556491827966,0.3899072204765073
5.157383918762207,1520,3.410352349203609,0.39122372049612464
5.157383918762207,1521,3.411748849224418,0.39254122051575685
5.157383918762207,1522,3.4131451492452247,0.39385972053540413
5.157383918762207,1523,3.4145412492660285,0.39517922055506616
5.157383918762207,1524,3.4159371492868287,0.3964997205747432
5.157383918762207,1525,3.4173328493076265,0.39782122059443503
5.157383918762207,1526,3.418728349328421,0.3991437206141418
5.157383918762207,1527,3.420123649349213,0.40046722063386353
5.157383918762207,1528,3.421518749370002,0.40179172065360014
5.157383918762207,1529,3.4229136493907872,0.40311722067335165
5.157383918762207,1530,3.42430834941157,0.40444372069311796
5.157383918762207,1531,3.425702849432349,0.4057712207128992
5.157383918762207,1532,3.4270971494531257,0.4070997207326955
5.157383918762207,1533,3.4284912494738995,0.40842922075250654
5.157383918762207,1534,3.4298851494946696,0.4097597207723326
5.157383918762207,1535,3.431278849515438,0.4110912207921734
5.157383918762207,1536,3.432672349536203,0.4124237208120292
5.157383918762207,1537,3.434065649556964,0.4137572208319
5.157383918762207,1538,3.435458749577723,0.41509172085178553
5.157383918762207,1539,3.436851649598479,0.41642722087168604
5.157383918762207,1540,3.4382443496192328,0.4177637208916015
5.157383918762207,1541,3.4396368496399825,0.4191012209115318
5.157383918762207,1542,3.4410291496607295,0.4204397209314771
5.157383918762207,1543,3.442421249681473,0.4217792209514371
5.157383918762207,1544,3.4438131497022146,0.4231197209714121
5.157383918762207,1545,3.4452048497229524,0.4244612209914021
5.157383918762207,1546,3.4465963497436873,0.4258037210114069
5.157383918762207,1547,3.447987649764419,0.42714722103142655
5.157383918762207,1548,3.4493787497851485,0.42849172105146116
5.157383918762207,1549,3.4507696498058746,0.4298372210715107
5.157383918762207,1550,3.452160349826597,0.4311837210915751
5.157383918762207,1551,3.4535508498473173,0.4325312211116544
5.157383918762207,1552,3.4549411498680342,0.4338797211317486
5.157383918762207,1553,3.4563312498887484,0.4352292211518577
5.157383918762207,1554,3.45772114990946,0.4365797211719818
5.157383918762207,1555,3.459110849930168,0.43793122119212075
5.157383918762207,1556,3.4605003499508733,0.43928372121227455
5.157383918762207,1557,3.4618896499715754,0.44063722123244325
5.157383918762207,1558,3.463278749992274,0.4419917212526268
5.157383918762207,1559,3.4646676500129705,0.4433472212728254
5.157383918762207,1560,3.466056350033664,0.4447037212930388
5.157383918762207,1561,3.467444850054354,0.44606122131326714
5.157383918762207,1562,3.4688331500750413,0.4474197213335103
5.157383918762207,1563,3.4702212500957255,0.4487792213537684
5.157383918762207,1564,3.471609150116407,0.45013972137404146
5.157383918762207,1565,3.472996850137085,0.4515012213943294
5.157383918762207,1566,3.4743843501577603,0.45286372141463227
5.157383918762207,1567,3.475771650178433,0.45422722143495
5.157383918762207,1568,3.477158750199102,0.45559172145528265
5.157383918762207,1569,3.4785456502197687,0.45695722147563017
5.157383918762207,1570,3.4799323502404316,0.4583237214959926
5.157383918762207,1571,3.4813188502610926,0.45969122151636993
5.157383918762207,1572,3.4827051502817503,0.46105972153676217
5.157383918762207,1573,3.484091250302405,0.46242922155716926
5.157383918762207,1574,3.4854771503230557,0.46379972157759136
5.157383918762207,1575,3.4868628503437042,0.4651712215980283
5.157383918762207,1576,3.48824835036435,0.4665437216184801
5.157383918762207,1577,3.489633650384992,0.4679172216389469
5.157383918762207,1578,3.4910187504056323,0.46929172165942845
5.157383918762207,1579,3.4924036504262683,0.47066722167992503
5.157383918762207,1580,3.493788350446902,0.47204372170043646
5.157383918762207,1581,3.4951728504675335,0.47342122172096285
5.157383918762207,1582,3.4965571504881603,0.47479972174150403
5.157383918762207,1583,3.4979412505087852,0.4761792217620602
5.157383918762207,1584,3.499325150529407,0.4775597217826313
5.157383918762207,1585,3.500708850550026,0.47894122180321724
5.157383918762207,1586,3.5020923505706416,0.4803237218238181
5.157383918762207,1587,3.503475650591254,0.48170722184443393
5.157383918762207,1588,3.5048587506118642,0.48309172186506455
5.157383918762207,1589,3.506241650632471,0.4844772218857101
5.157383918762207,1590,3.507624350653075,0.4858637219063705
5.157383918762207,1591,3.5090068506736762,0.487251221927046
5.157383918762207,1592,3.5103891506942744,0.4886397219477362
5.157383918762207,1593,3.511771250714869,0.49002922196844134
5.157383918762207,1594,3.513153150735461,0.49141972198916145
5.157383918762207,1595,3.51453485075605,0.4928112220098964
5.157383918762207,1596,3.515916350776636,0.49420372203064633
5.157383918762207,1597,3.5172976507972185,0.49559722205141105
5.157383918762207,1598,3.5186787508177986,0.4969917220721908
5.157383918762207,1599,3.520059650838376,0.49838722209298536
5.157383918762207,1600,3.5214403508589496,0.49978372211379474
5.157383918762207,1601,3.522820850879521,0.5011812221346191
5.157383918762207,1602,3.5242011509000895,0.5025797221554584
5.157383918762207,1603,3.5255812509206543,0.5039792221763126
5.157383918762207,1604,3.5269611509412155,0.5053797221971816
5.157383918762207,1605,3.5283408509617753,0.5067812222180657
5.157383918762207,1606,3.529720350982332,0.5081837222389646
5.157383918762207,1607,3.5310996510028847,0.5095872222598783
5.157383918762207,1608,3.5324787510234352,0.5109917222808069
5.157383918762207,1609,3.533857651043982,0.5123972223017506
5.157383918762207,1610,3.5352363510645257,0.513803722322709
5.157383918762207,1611,3.5366148510850675,0.5152112223436824
5.157383918762207,1612,3.5379931511056055,0.5166197223646708
5.157383918762207,1613,3.539371251126141,0.5180292223856738
5.157383918762207,1614,3.5407491511466738,0.519439722406692
5.157383918762207,1615,3.542126851167202,0.520851222427725
5.157383918762207,1616,3.543504351187729,0.5222637224487728
5.157383918762207,1617,3.544881651208252,0.5236772224698356
5.157383918762207,1618,3.5462587512287724,0.5250917224909133
5.157383918762207,1619,3.54763565124929,0.5265072225120059
5.157383918762207,1620,3.5490123512698046,0.5279237225331135
5.157383918762207,1621,3.5503888512903163,0.5293412225542359
5.157383918762207,1622,3.551765151310825,0.5307597225753732
5.157383918762207,1623,3.5531412513313296,0.5321792225965254
5.157383918762207,1624,3.5545171513518317,0.5335997226176924
5.157383918762207,1625,3.5558928513723322,0.5350212226388744
5.157383918762207,1626,3.5572683513928287,0.5364437226600713
5.157383918762207,1627,3.558643651413322,0.5378672226812831
5.157383918762207,1628,3.5600187514338124,0.5392917227025098
5.157383918762207,1629,3.5613936514543,0.5407172227237514
5.157383918762207,1630,3.5627683514747845,0.5421437227450079
5.157383918762207,1631,3.5641428514952667,0.5435712227662793
5.157383918762207,1632,3.5655171515157447,0.5449997227875656
5.157383918762207,1633,3.5668912515362203,0.5464292228088669
5.157383918762207,1634,3.568265151556693,0.5478597228301829
5.157383918762207,1635,3.5696388515771633,0.549291222851514
5.157383918762207,1636,3.5710123515976298,0.5507237228728599
5.157383918762207,1637,3.5723856516180934,0.5521572228942206
5.157383918762207,1638,3.573758751638554,0.5535917229155964
5.157383918762207,1639,3.575131651659012,0.555027222936987
5.157383918762207,1640,3.5765043516794672,0.5564637229583926
5.157383918762207,1641,3.5778768516999184,0.557901222979813
5.157383918762207,1642,3.5792491517203677,0.5593397230012483
5.157383918762207,1643,3.5806212517408134,0.5607792230226986
5.157383918762207,1644,3.5819931517612567,0.5622197230441637
5.157383918762207,1645,3.5833648517816967,0.5636612230656437
5.157383918762207,1646,3.584736351802133,0.5651037230871386
5.157383918762207,1647,3.586107651822567,0.5665472231086485
5.157383918762207,1648,3.587478751842998,0.5679917231301731
5.157383918762207,1649,3.5888496518634256,0.5694372231517126
5.157383918762207,1650,3.590220351883851,0.5708837231732672
5.157383918762207,1651,3.591590851904273,0.5723312231948366
5.157383918762207,1652,3.592961151924692,0.573779723216421
5.157383918762207,1653,3.5943312519451083,0.5752292232380203
5.157383918762207,1654,3.595701151965521,0.5766797232596343
5.157383918762207,1655,3.5970708519859316,0.5781312232812634
5.157383918762207,1656,3.598440352006339,0.5795837233029073
5.157383918762207,1657,3.599809652026743,0.5810372233245662
5.157383918762207,1658,3.6011787520471437,0.5824917233462399
5.157383918762207,1659,3.602547652067542,0.5839472233679286
5.157383918762207,1660,3.6039163520879374,0.5854037233896321
5.157383918762207,1661,3.6052848521083294,0.5868612234113505
5.157383918762207,1662,3.6066531521287186,0.5883197234330839
5.157383918762207,1663,3.608021252149105,0.5897792234548321
5.157383918762207,1664,3.6093891521694883,0.5912397234765953
5.157383918762207,1665,3.6107568521898687,0.5927012234983734
5.157383918762207,1666,3.612124352210246,0.5941637235201662
5.157383918762207,1667,3.6134916522306204,0.5956272235419742
5.157383918762207,1668,3.6148587522509916,0.5970917235637969
5.157383918762207,1669,3.61622565227136,0.5985572235856346
5.157383918762207,1670,3.6175923522917257,0.600023723607487
5.157383918762207,1671,3.618958852312088,0.6014912236293546
5.157383918762207,1672,3.6203251523324473,0.6029597236512368
5.157383918762207,1673,3.621691252352804,0.6044292236731341
5.157383918762207,1674,3.6230571523731574,0.6058997236950463
5.157383918762207,1675,3.624422852393508,0.6073712237169734
5.157383918762207,1676,3.6257883524138554,0.6088437237389153
5.157383918762207,1677,3.6271536524342,0.6103172237608722
5.157383918762207,1678,3.628518752454542,0.611791723782844
5.157383918762207,1679,3.6298836524748808,0.6132672238048307
5.157383918762207,1680,3.631248352495216,0.6147437238268323
5.157383918762207,1681,3.6326128525155488,0.6162212238488487
5.157383918762207,1682,3.6339771525358784,0.61769972387088
5.157383918762207,1683,3.6353412525562048,0.6191792238929263
5.157383918762207,1684,3.636705152576529,0.6206597239149875
5.157383918762207,1685,3.638068852596849,0.6221412239370635
5.157383918762207,1686,3.6394323526171677,0.6236237239591546
5.157383918762207,1687,3.640795652637482,0.6251072239812604
5.157383918762207,1688,3.6421587526577937,0.6265917240033811
5.157383918762207,1689,3.6435216526781025,0.6280772240255168
5.157383918762207,1690,3.6448843526984085,0.6295637240476675
5.157383918762207,1691,3.6462468527187113,0.6310512240698328
5.157383918762207,1692,3.6476091527390113,0.6325397240920132
5.157383918762207,1693,3.648971252759308,0.6340292241142086
5.157383918762207,1694,3.6503331527796017,0.6355197241364188
5.157383918762207,1695,3.651694852799893,0.6370112241586439
5.157383918762207,1696,3.6530563528201805,0.6385037241808837
5.157383918762207,1697,3.6544176528404653,0.6399972242031386
5.157383918762207,1698,3.6557787528607473,0.6414917242254086
5.157383918762207,1699,3.6571396528810265,0.6429872242476932
5.157383918762207,1700,3.6585003529013025,0.6444837242699928
5.157383918762207,1701,3.6598608529215757,0.6459812242923073
5.157383918762207,1702,3.6612211529418457,0.6474797243146366
5.157383918762207,1703,3.662581252962113,0.648979224336981
5.157383918762207,1704,3.663941152982377,0.6504797243593402
5.157383918762207,1705,3.665300853002638,0.6519812243817142
5.157383918762207,1706,3.666660353022896,0.6534837244041032
5.157383918762207,1707,3.6680196530431513,0.6549872244265071
5.157383918762207,1708,3.669378753063403,0.6564917244489259
5.157383918762207,1709,3.6707376530836524,0.6579972244713597
5.157383918762207,1710,3.672096353103899,0.6595037244938082
5.157383918762207,1711,3.6734548531241424,0.6610112245162717
5.157383918762207,1712,3.674813153144383,0.6625197245387502
5.157383918762207,1713,3.6761712531646196,0.6640292245612435
5.157383918762207,1714,3.6775291531848544,0.6655397245837517
5.157383918762207,1715,3.6788868532050856,0.6670512246062748
5.157383918762207,1716,3.680244353225314,0.6685637246288127
5.157383918762207,1717,3.681601653245539,0.6700772246513657
5.157383918762207,1718,3.6829587532657615,0.6715917246739335
5.157383918762207,1719,3.6843156532859807,0.6731072246965162
5.157383918762207,1720,3.6856723533061975,0.6746237247191138
5.157383918762207,1721,3.6870288533264106,0.6761412247417262
5.157383918762207,1722,3.688385153346621,0.6776597247643537
5.157383918762207,1723,3.689741253366829,0.6791792247869961
5.157383918762207,1724,3.6910971533870334,0.6806997248096534
5.157383918762207,1725,3.6924528534072345,0.6822212248323254
5.157383918762207,1726,3.6938083534274333,0.6837437248550124
5.157383918762207,1727,3.6951636534476284,0.6852672248777143
5.157383918762207,1728,3.6965187534678217,0.6867917249004312
5.157383918762207,1729,3.697873653488011,0.6883172249231628
5.157383918762207,1730,3.6992283535081976,0.6898437249459095
5.157383918762207,1731,3.700582853528381,0.691371224968671
5.157383918762207,1732,3.701937153548562,0.6928997249914475
5.157383918762207,1733,3.7032912535687394,0.6944292250142388
5.157383918762207,1734,3.7046451535889138,0.695959725037045
5.157383918762207,1735,3.7059988536090858,0.6974912250598662
5.157383918762207,1736,3.707352353629255,0.699023725082702
5.157383918762207,1737,3.70870565364942,0.7005572251055532
5.157383918762207,1738,3.710058753669583,0.7020917251284189
5.157383918762207,1739,3.711411653689743,0.7036272251512996
5.157383918762207,1740,3.7127643537099,0.7051637251741953
5.157383918762207,1741,3.714116853730054,0.7067012251971059
5.157383918762207,1742,3.7154691537502043,0.7082397252200312
5.157383918762207,1743,3.7168212537703518,0.7097792252429715
5.157383918762207,1744,3.7181731537904965,0.7113197252659268
5.157383918762207,1745,3.719524853810638,0.7128612252888968
5.157383918762207,1746,3.7208763538307776,0.714403725311882
5.157383918762207,1747,3.722227653850913,0.7159472253348819
5.157383918762207,1748,3.7235787538710463,0.7174917253578967
5.157383918762207,1749,3.7249296538911763,0.7190372253809265
5.157383918762207,1750,3.7262803539113034,0.7205837254039711
5.157383918762207,1751,3.7276308539314273,0.7221312254270307
5.157383918762207,1752,3.7289811539515485,0.7236797254501051
5.157383918762207,1753,3.7303312539716664,0.7252292254731945
5.157383918762207,1754,3.7316811539917816,0.7267797254962987
5.157383918762207,1755,3.7330308540118935,0.7283312255194179
5.157383918762207,1756,3.7343803540320026,0.7298837255425519
5.157383918762207,1757,3.7357296540521094,0.7314372255657009
5.157383918762207,1758,3.737078754072212,0.7329917255888647
5.157383918762207,1759,3.7384276540923116,0.7345472256120436
5.157383918762207,1760,3.739776354112409,0.7361037256352372
5.157383918762207,1761,3.7411248541325035,0.7376612256584456
5.157383918762207,1762,3.7424731541525946,0.7392197256816692
5.157383918762207,1763,3.7438212541726834,0.7407792257049075
5.157383918762207,1764,3.7451691541927685,0.7423397257281608
5.157383918762207,1765,3.746516854212851,0.743901225751429
5.157383918762207,1766,3.74786435423293,0.7454637257747121
5.157383918762207,1767,3.7492116542530063,0.74702722579801
5.157383918762207,1768,3.7505587542730794,0.7485917258213228
5.157383918762207,1769,3.75190565429315,0.7501572258446507
5.157383918762207,1770,3.7532523543132177,0.7517237258679933
5.157383918762207,1771,3.754598854333282,0.7532912258913509
5.157383918762207,1772,3.755945154353343,0.7548597259147234
5.157383918762207,1773,3.757291254373402,0.7564292259381107
5.157383918762207,1774,3.7586371543934574,0.757999725961513
5.157383918762207,1775,3.7599828544135097,0.7595712259849302
5.157383918762207,1776,3.7613283544335596,0.7611437260083622
5.157383918762207,1777,3.7626736544536064,0.7627172260318092
5.157383918762207,1778,3.7640187544736494,0.7642917260552711
5.157383918762207,1779,3.7653636544936897,0.7658672260787478
5.157383918762207,1780,3.7667083545137277,0.7674437261022397
5.157383918762207,1781,3.7680528545337624,0.7690212261257461
5.157383918762207,1782,3.7693971545537934,0.7705997261492676
5.157383918762207,1783,3.7707412545738226,0.772179226172804
5.157383918762207,1784,3.7720851545938476,0.7737597261963554
5.157383918762207,1785,3.7734288546138703,0.7753412262199215
5.157383918762207,1786,3.7747723546338907,0.7769237262435026
5.157383918762207,1787,3.776115654653907,0.7785072262670986
5.157383918762207,1788,3.777458754673921,0.7800917262907094
5.157383918762207,1789,3.7788016546939316,0.7816772263143352
5.157383918762207,1790,3.7801443547139395,0.783263726337976
5.157383918762207,1791,3.781486854733944,0.7848512263616316
5.157383918762207,1792,3.7828291547539457,0.786439726385302
5.157383918762207,1793,3.7841712547739452,0.7880292264089874
5.157383918762207,1794,3.7855131547939407,0.7896197264326876
5.157383918762207,1795,3.786854854813934,0.7912112264564028
5.157383918762207,1796,3.7881963548339237,0.792803726480133
5.157383918762207,1797,3.7895376548539104,0.7943972265038779
5.157383918762207,1798,3.7908787548738943,0.7959917265276379
5.157383918762207,1799,3.7922196548938754,0.7975872265514126
5.157383918762207,1800,3.7935603549138537,0.7991837265752024
5.157383918762207,1801,3.7949008549338283,0.800781226599007
5.157383918762207,1802,3.7962411549538,0.8023797266228265
5.157383918762207,1803,3.7975812549737697,0.8039792266466608
5.157383918762207,1804,3.7989211549937356,0.8055797266705101
5.157383918762207,1805,3.8002608550136987,0.8071812266943744
5.157383918762207,1806,3.801600355033659,0.8087837267182535
5.157383918762207,1807,3.802939655053616,0.8103872267421475
5.157383918762207,1808,3.80427875507357,0.8119917267660566
5.157383918762207,1809,3.8056176550935215,0.8135972267899803
5.157383918762207,1810,3.8069563551134697,0.815203726813919
5.157383918762207,1811,3.808294855133415,0.8168112268378727
5.157383918762207,1812,3.8096331551533567,0.8184197268618412
5.157383918762207,1813,3.810971255173296,0.8200292268858247
5.157383918762207,1814,3.8123091551932324,0.8216397269098228
5.157383918762207,1815,3.8136468552131655,0.8232512269338361
5.157383918762207,1816,3.8149843552330958,0.8248637269578643
5.157383918762207,1817,3.816321655253023,0.8264772269819072
5.157383918762207,1818,3.817658755272948,0.8280917270059652
5.157383918762207,1819,3.818995655292869,0.829707227030038
5.157383918762207,1820,3.8203323553127877,0.8313237270541258
5.157383918762207,1821,3.8216688553327027,0.8329412270782284
5.157383918762207,1822,3.823005155352615,0.8345597271023459
5.157383918762207,1823,3.8243412553725245,0.8361792271264783
5.157383918762207,1824,3.825677155392431,0.8377997271506257
5.157383918762207,1825,3.8270128554123346,0.8394212271747878
5.157383918762207,1826,3.828348355432235,0.841043727198965
5.157383918762207,1827,3.8296836554521327,0.842667227223157
5.157383918762207,1828,3.831018755472027,0.844291727247364
5.157383918762207,1829,3.8323536554919184,0.8459172272715858
5.157383918762207,1830,3.833688355511807,0.8475437272958226
5.157383918762207,1831,3.835022855531693,0.8491712273200742
5.157383918762207,1832,3.836357155551575,0.8507997273443407
5.157383918762207,1833,3.837691255571455,0.8524292273686223
5.157383918762207,1834,3.8390251555913317,0.8540597273929185
5.157383918762207,1835,3.840358855611205,0.8556912274172297
5.157383918762207,1836,3.8416923556310762,0.8573237274415559
5.157383918762207,1837,3.843025655650944,0.858957227465897
5.157383918762207,1838,3.844358755670809,0.8605917274902529
5.157383918762207,1839,3.84569165569067,0.8622272275146238
5.157383918762207,1840,3.847024355710529,0.8638637275390095
5.157383918762207,1841,3.848356855730385,0.8655012275634102
5.157383918762207,1842,3.8496891557502373,0.8671397275878256
5.157383918762207,1843,3.8510212557700876,0.8687792276122562
5.157383918762207,1844,3.8523531557899346,0.8704197276367016
5.157383918762207,1845,3.853684855809778,0.8720612276611617
5.157383918762207,1846,3.855016355829619,0.873703727685637
5.157383918762207,1847,3.856347655849457,0.8753472277101271
5.157383918762207,1848,3.857678755869292,0.876991727734632
5.157383918762207,1849,3.859009655889124,0.8786372277591518
5.157383918762207,1850,3.860340355908953,0.8802837277836866
5.157383918762207,1851,3.8616708559287787,0.8819312278082363
5.157383918762207,1852,3.863001155948602,0.8835797278328008
5.157383918762207,1853,3.864331255968422,0.8852292278573803
5.157383918762207,1854,3.8656611559882386,0.8868797278819747
5.157383918762207,1855,3.8669908560080533,0.8885312279065839
5.157383918762207,1856,3.8683203560278643,0.890183727931208
5.157383918762207,1857,3.869649656047672,0.8918372279558471
5.157383918762207,1858,3.870978756067478,0.893491727980501
5.157383918762207,1859,3.87230765608728,0.8951472280051699
5.157383918762207,1860,3.873636356107079,0.8968037280298538
5.157383918762207,1861,3.8749648561268755,0.8984612280545524
5.157383918762207,1862,3.8762931561466685,0.9001197280792659
5.157383918762207,1863,3.8776212561664583,0.9017792281039945
5.157383918762207,1864,3.8789491561862457,0.9034397281287379
5.157383918762207,1865,3.88027685620603,0.9051012281534961
5.157383918762207,1866,3.8816043562258113,0.9067637281782693
5.157383918762207,1867,3.8829316562455896,0.9084272282030574
5.157383918762207,1868,3.8842587562653645,0.9100917282278603
5.157383918762207,1869,3.885585656285137,0.9117572282526782
5.157383918762207,1870,3.886912356304907,0.9134237282775111
5.157383918762207,1871,3.888238856324673,0.9150912283023587
5.157383918762207,1872,3.8895651563444362,0.9167597283272213
5.157383918762207,1873,3.890891256364197,0.9184292283520987
5.157383918762207,1874,3.892217156383954,0.9200997283769912
5.157383918762207,1875,3.893542856403709,0.9217712284018985
5.157383918762207,1876,3.8948683564234603,0.9234437284268207
5.157383918762207,1877,3.8961936564432085,0.9251172284517577
5.157383918762207,1878,3.8975187564629543,0.9267917284767098
5.157383918762207,1879,3.898843656482697,0.9284672285016766
5.157383918762207,1880,3.9001683565024368,0.9301437285266585
5.157383918762207,1881,3.9014928565221734,0.9318212285516552
5.157383918762207,1882,3.9028171565419063,0.9334997285766667
5.157383918762207,1883,3.9041412565616374,0.9351792286016933
5.157383918762207,1884,3.905465156581365,0.9368597286267346
5.157383918762207,1885,3.9067888566010893,0.9385412286517909
5.157383918762207,1886,3.908112356620811,0.9402237286768622
5.157383918762207,1887,3.90943565664053,0.9419072287019483
5.157383918762207,1888,3.910758756660246,0.9435917287270492
5.157383918762207,1889,3.9120816566799586,0.9452772287521651
5.157383918762207,1890,3.913404356699668,0.9469637287772961
5.157383918762207,1891,3.914726856719375,0.9486512288024416
5.157383918762207,1892,3.9160491567390787,0.9503397288276023
5.157383918762207,1893,3.9173712567587797,0.9520292288527779
5.157383918762207,1894,3.9186931567784775,0.9537197288779683
5.157383918762207,1895,3.920014856798173,0.9554112289031736
5.157383918762207,1896,3.9213363568178643,0.9571037289283938
5.157383918762207,1897,3.9226576568375533,0.9587972289536288
5.157383918762207,1898,3.9239787568572395,0.960491728978879
5.157383918762207,1899,3.9252996568769216,0.9621872290041438
5.157383918762207,1900,3.9266203568966023,0.9638837290294238
5.157383918762207,1901,3.927940856916279,0.9655812290547183
5.157383918762207,1902,3.9292611569359526,0.967279729080028
5.157383918762207,1903,3.930581256955624,0.9689792291053525
5.157383918762207,1904,3.931901156975292,0.9706797291306921
5.157383918762207,1905,3.933220856994957,0.9723812291560463
5.157383918762207,1906,3.934540357014619,0.9740837291814156
5.157383918762207,1907,3.9358596570342783,0.9757872292067997
5.157383918762207,1908,3.9371787570539345,0.9774917292321987
5.157383918762207,1909,3.9384976570735875,0.9791972292576125
5.157383918762207,1910,3.939816357093237,0.9809037292830414
5.157383918762207,1911,3.941134857112885,0.9826112293084852
5.157383918762207,1912,3.9424531571325288,0.9843197293339437
5.157383918762207,1913,3.9437712571521706,0.9860292293594173
5.157383918762207,1914,3.9450891571718083,0.9877397293849057
5.157383918762207,1915,3.946406857191444,0.9894512294104092
5.157383918762207,1916,3.947724357211076,0.9911637294359273
5.157383918762207,1917,3.949041657230705,0.9928772294614605
5.157383918762207,1918,3.9503587572503314,0.9945917294870086
5.157383918762207,1919,3.951675657269955,0.9963072295125716
5.157383918762207,1920,3.9529923572895753,0.9980237295381493
5.157383918762207,1921,3.9543088573091927,0.999741229563742
5.157383918762207,1922,3.9556251573288073,1.0014597295893497
5.157383918762207,1923,3.9569412573484186,1.0031792296149722
5.157383918762207,1924,3.9582571573680267,1.0048997296406097
5.157383918762207,1925,3.9595728573876325,1.006621229666262
5.157383918762207,1926,3.960888357407234,1.008343729691929
5.157383918762207,1927,3.9622036574268344,1.0100672297176114
5.157383918762207,1928,3.9635187574464306,1.0117917297433083
5.157383918762207,1929,3.9648336574660243,1.0135172297690205
5.157383918762207,1930,3.966148357485615,1.0152437297947472
5.157383918762207,1931,3.9674628575052027,1.016971229820489
5.157383918762207,1932,3.968777157524787,1.0186997298462455
5.157383918762207,1933,3.9700912575443685,1.0204292298720172
5.157383918762207,1934,3.9714051575639475,1.0221597298978036
5.157383918762207,1935,3.972718857583523,1.0238912299236052
5.157383918762207,1936,3.974032357603096,1.0256237299494213
5.157383918762207,1937,3.9753456576226656,1.0273572299752525
5.157383918762207,1938,3.976658757642232,1.0290917300010987
5.157383918762207,1939,3.977971657661796,1.0308272300269594
5.157383918762207,1940,3.979284357681357,1.0325637300528354
5.157383918762207,1941,3.9805968577009145,1.034301230078726
5.157383918762207,1942,3.9819091577204695,1.0360397301046318
5.157383918762207,1943,3.983221257740021,1.0377792301305524
5.157383918762207,1944,3.98453315775957,1.039519730156488
5.157383918762207,1945,3.985844857779116,1.0412612301824382
5.157383918762207,1946,3.987156357798659,1.0430037302084034
5.157383918762207,1947,3.9884676578181986,1.0447472302343837
5.157383918762207,1948,3.989778757837735,1.0464917302603787
5.157383918762207,1949,3.9910896578572697,1.048237230286389
5.157383918762207,1950,3.9924003578768006,1.0499837303124138
5.157383918762207,1951,3.9937108578963283,1.0517312303384534
5.157383918762207,1952,3.995021157915853,1.053479730364508
5.157383918762207,1953,3.996331257935375,1.0552292303905777
5.157383918762207,1954,3.9976411579548943,1.0569797304166622
5.157383918762207,1955,3.9989508579744104,1.0587312304427616
5.157383918762207,1956,4.000260357993923,1.0604837304688757
5.157383918762207,1957,4.001569658013434,1.062237230495005
5.157383918762207,1958,4.002878758032941,1.063991730521149
5.157383918762207,1959,4.0041876580524445,1.0657472305473081
5.157383918762207,1960,4.005496358071945,1.067503730573482
5.157383918762207,1961,4.006804858091444,1.0692612305996707
5.157383918762207,1962,4.008113158110939,1.0710197306258744
5.157383918762207,1963,4.009421258130431,1.0727792306520931
5.157383918762207,1964,4.010729158149921,1.0745397306783266
5.157383918762207,1965,4.012036858169407,1.076301230704575
5.157383918762207,1966,4.01334435818889,1.0780637307308383
5.157383918762207,1967,4.01465165820837,1.0798272307571164
5.157383918762207,1968,4.015958758227848,1.0815917307834095
5.157383918762207,1969,4.017265658247322,1.0833572308097175
5.157383918762207,1970,4.018572358266794,1.0851237308360404
5.157383918762207,1971,4.019878858286262,1.0868912308623784
5.157383918762207,1972,4.021185158305728,1.0886597308887311
5.157383918762207,1973,4.02249125832519,1.0904292309150985
5.157383918762207,1974,4.0237971583446495,1.092199730941481
5.157383918762207,1975,4.0251028583641055,1.0939712309678786
5.157383918762207,1976,4.026408358383559,1.0957437309942908
5.157383918762207,1977,4.02771365840301,1.0975172310207182
5.157383918762207,1978,4.029018758422457,1.09929173104716
5.157383918762207,1979,4.030323658441902,1.1010672310736171
5.157383918762207,1980,4.031628358461343,1.102843731100089
5.157383918762207,1981,4.032932858480782,1.104621231126576
5.157383918762207,1982,4.0342371585002175,1.1063997311530775
5.157383918762207,1983,4.03554125851965,1.1081792311795942
5.157383918762207,1984,4.036845158539079,1.1099597312061256
5.157383918762207,1985,4.038148858558506,1.111741231232672
5.157383918762207,1986,4.03945235857793,1.1135237312592334
5.157383918762207,1987,4.040755658597351,1.1153072312858097
5.157383918762207,1988,4.042058758616768,1.1170917313124007
5.157383918762207,1989,4.043361658636183,1.1188772313390067
5.157383918762207,1990,4.044664358655594,1.1206637313656276
5.157383918762207,1991,4.045966858675003,1.1224512313922634
5.157383918762207,1992,4.047269158694409,1.124239731418914
5.157383918762207,1993,4.048571258713812,1.1260292314455798
5.157383918762207,1994,4.049873158733211,1.1278197314722602
5.157383918762207,1995,4.051174858752609,1.129611231498956
5.157383918762207,1996,4.052476358772003,1.131403731525666
5.157383918762207,1997,4.053777658791393,1.1331972315523913
5.157383918762207,1998,4.055078758810781,1.1349917315791316
5.157383918762207,1999,4.056379658830166,1.1367872316058865
5.157383918762207,2000,4.057680358849549,1.1385837316326566
5.157383918762207,2001,4.058980858868927,1.1403812316594415
5.157383918762207,2002,4.060281158888303,1.1421797316862412
5.157383918762207,2003,4.061581258907676,1.1439792317130557
5.157383918762207,2004,4.061581258907676,1.1439792317130557
5.157383918762207,2005,4.062880758927041,1.1457777817398562
5.157383918762207,2006,4.064179258946389,1.1475734317666135
5.157383918762207,2007,4.065476758965724,1.1493661817933276
5.157383918762207,2008,4.066773258985043,1.1511560318199983
5.157383918762207,2009,4.068068759004348,1.1529429818466261
5.157383918762207,2010,4.069363259023637,1.1547270318732104
5.157383918762207,2011,4.070656759042912,1.1565081818997514
5.157383918762207,2012,4.071949259062171,1.1582864319262498
5.157383918762207,2013,4.073240759081416,1.1600617819527042
5.157383918762207,2014,4.074531259100645,1.1618342319791157
5.157383918762207,2015,4.0758207591198605,1.163603782005484
5.157383918762207,2016,4.0771092591390605,1.1653704320318092
5.157383918762207,2017,4.078396759158246,1.1671341820580912
5.157383918762207,2018,4.079683259177417,1.16889503208433
5.157383918762207,2019,4.080968759196572,1.1706529821105256
5.157383918762207,2020,4.082253259215713,1.1724080321366779
5.157383918762207,2021,4.083536759234839,1.1741601821627872
5.157383918762207,2022,4.084819259253949,1.1759094321888528
5.157383918762207,2023,4.0861007592730445,1.1776557822148754
5.157383918762207,2024,4.087381259292125,1.1793992322408549
5.157383918762207,2025,4.088660759311192,1.1811397822667908
5.157383918762207,2026,4.089939259330244,1.182877432292684
5.157383918762207,2027,4.091216759349279,1.1846121823185338
5.157383918762207,2028,4.0924932593683,1.1863440323443402
5.157383918762207,2029,4.0937687593873076,1.1880729823701037
5.157383918762207,2030,4.095043259406299,1.189799032395824
5.157383918762207,2031,4.0963167594252745,1.1915221824215008
5.157383918762207,2032,4.097589259444237,1.1932424324471347
5.157383918762207,2033,4.098860759463183,1.1949597824727252
5.157383918762207,2034,4.100131259482115,1.1966742324982724
5.157383918762207,2035,4.101400759501033,1.1983857825237763
5.157383918762207,2036,4.102669259519934,1.200094432549237
5.157383918762207,2037,4.103936759538821,1.201800182574655
5.157383918762207,2038,4.105203259557694,1.203503032600029
5.157383918762207,2039,4.106468759576551,1.2052029826253605
5.157383918762207,2040,4.107733259595394,1.2069000326506485
5.157383918762207,2041,4.1089967596142225,1.2085941826758937
5.157383918762207,2042,4.110259259633035,1.210285432701095
5.157383918762207,2043,4.1115207596518335,1.2119737827262536
5.157383918762207,2044,4.112781259670615,1.2136592327513687
5.157383918762207,2045,4.1140407596893835,1.2153417827764406
5.157383918762207,2046,4.115299259708137,1.2170214328014695
5.157383918762207,2047,4.116556759726875,1.2186981828264547
5.157383918762207,2048,4.117813259745598,1.2203720328513972
5.157383918762207,2049,4.119068759764307,1.2220429828762964
5.157383918762207,2050,4.120323259783,1.2237110329011522
5.157383918762207,2051,4.121576759801679,1.2253761829259646
5.157383918762207,2052,4.122829259820342,1.2270384329507344
5.157383918762207,2053,4.124080759838991,1.2286977829754604
5.157383918762207,2054,4.125331259857625,1.2303542330001438
5.157383918762207,2055,4.126580759876244,1.2320077830247833
5.157383918762207,2056,4.127829259894849,1.23365843304938
5.157383918762207,2057,4.1290767599134375,1.2353061830739334
5.157383918762207,2058,4.1303232599320125,1.2369510330984435
5.157383918762207,2059,4.1315687599505715,1.2385929831229103
5.157383918762207,2060,4.132813259969115,1.2402320331473342
5.157383918762207,2061,4.134056759987645,1.2418681831717147
5.157383918762207,2062,4.13529926000616,1.243501433196052
5.157383918762207,2063,4.136540760024659,1.2451317832203461
5.157383918762207,2064,4.137781260043145,1.246759233244597
5.157383918762207,2065,4.139020760061615,1.248383783268805
5.157383918762207,2066,4.14025926008007,1.250005433292969
5.157383918762207,2067,4.14149676009851,1.2516241833170905
5.157383918762207,2068,4.142733260116935,1.2532400333411684
5.157383918762207,2069,4.143968760135346,1.2548529833652033
5.157383918762207,2070,4.145203260153741,1.2564630333891948
5.157383918762207,2071,4.146436760172121,1.2580701834131431
5.157383918762207,2072,4.147669260190487,1.2596744334370487
5.157383918762207,2073,4.1489007602088375,1.2612757834609105
5.157383918762207,2074,4.150131260227174,1.2628742334847292
5.157383918762207,2075,4.1513607602454945,1.2644697835085048
5.157383918762207,2076,4.1525892602638015,1.2660624335322372
5.157383918762207,2077,4.1538167602820915,1.2676521835559262
5.157383918762207,2078,4.155043260300368,1.2692390335795722
5.157383918762207,2079,4.156268760318629,1.2708229836031748
5.157383918762207,2080,4.157493260336876,1.2724040336267344
5.157383918762207,2081,4.158716760355107,1.2739821836502503
5.157383918762207,2082,4.159939260373324,1.2755574336737237
5.157383918762207,2083,4.161160760391526,1.2771297836971534
5.157383918762207,2084,4.162381260409713,1.27869923372054
5.157383918762207,2085,4.163600760427885,1.2802657837438836
5.157383918762207,2086,4.164819260446042,1.2818294337671836
5.157383918762207,2087,4.166036760464184,1.2833901837904407
5.157383918762207,2088,4.167253260482311,1.2849480338136545
5.157383918762207,2089,4.168468760500423,1.2865029838368252
5.157383918762207,2090,4.1696832605185215,1.2880550338599526
5.157383918762207,2091,4.170896760536603,1.2896041838830365
5.157383918762207,2092,4.172109260554672,1.2911504339060775
5.157383918762207,2093,4.173320760572725,1.292693783929075
5.157383918762207,2094,4.174531260590762,1.2942342339520299
5.157383918762207,2095,4.175740760608786,1.2957717839749412
5.157383918762207,2096,4.176949260626794,1.297306433997809
5.157383918762207,2097,4.178156760644787,1.298838184020634
5.157383918762207,2098,4.1793632606627655,1.3003670340434157
5.157383918762207,2099,4.180568760680729,1.301892984066154
5.157383918762207,2100,4.181773260698677,1.3034160340888492
5.157383918762207,2101,4.18297676071661,1.3049361841115013
5.157383918762207,2102,4.1841792607345285,1.30645343413411
5.157383918762207,2103,4.185380760752434,1.3079677841566757
5.157383918762207,2104,4.186581260770322,1.3094792341791979
5.157383918762207,2105,4.187780760788195,1.310987784201677
5.157383918762207,2106,4.188979260806055,1.3124934342241132
5.157383918762207,2107,4.190176760823899,1.3139961842465058
5.157383918762207,2108,4.191373260841727,1.3154960342688553
5.157383918762207,2109,4.192568760859542,1.3169929842911619
5.157383918762207,2110,4.193763260877342,1.3184870343134245
5.157383918762207,2111,4.194956760895126,1.3199781843356444
5.157383918762207,2112,4.196149260912896,1.321466434357821
5.157383918762207,2113,4.197340760930651,1.3229517843799548
5.157383918762207,2114,4.198531260948391,1.324434234402045
5.157383918762207,2115,4.199720760966115,1.3259137844240918
5.157383918762207,2116,4.200909260983825,1.3273904344460954
5.157383918762207,2117,4.20209676100152,1.3288641844680562
5.157383918762207,2118,4.203283261019201,1.3303350344899736
5.157383918762207,2119,4.204468761036866,1.3318029845118475
5.157383918762207,2120,4.2056532610545165,1.3332680345336785
5.157383918762207,2121,4.206836761072152,1.3347301845554664
5.157383918762207,2122,4.208019261089772,1.3361894345772112
5.157383918762207,2123,4.209200761107378,1.3376457845989123
5.157383918762207,2124,4.210381261124969,1.3390992346205703
5.157383918762207,2125,4.211560761142545,1.3405497846421852
5.157383918762207,2126,4.212739261160106,1.3419974346637569
5.157383918762207,2127,4.213916761177652,1.343442184685285
5.157383918762207,2128,4.215093261195183,1.3448840347067705
5.157383918762207,2129,4.2162687612126994,1.3463229847282125
5.157383918762207,2130,4.2174432612302,1.3477590347496116
5.157383918762207,2131,4.218616761247687,1.349192184770967
5.157383918762207,2132,4.219789261265158,1.3506224347922795
5.157383918762207,2133,4.220960761282615,1.3520497848135484
5.157383918762207,2134,4.222131261300057,1.3534742348347744
5.157383918762207,2135,4.223300761317485,1.3548957848559575
5.157383918762207,2136,4.224469261334896,1.3563144348770968
5.157383918762207,2137,4.225636761352294,1.357730184898193
5.157383918762207,2138,4.2268032613696755,1.3591430349192462
5.157383918762207,2139,4.227968761387043,1.3605529849402558
5.157383918762207,2140,4.229133261404395,1.3619600349612229
5.157383918762207,2141,4.230296761421733,1.3633641849821463
5.157383918762207,2142,4.231459261439055,1.3647654350030265
5.157383918762207,2143,4.232620761456364,1.3661637850238635
5.157383918762207,2144,4.233781261473656,1.3675592350446573
5.157383918762207,2145,4.234940761490934,1.368951785065408
5.157383918762207,2146,4.236099261508197,1.3703414350861154
5.157383918762207,2147,4.237256761525446,1.3717281851067793
5.157383918762207,2148,4.238413261542679,1.3731120351274004
5.157383918762207,2149,4.239568761559896,1.3744929851479781
5.157383918762207,2150,4.2407232615771,1.3758710351685126
5.157383918762207,2151,4.241876761594288,1.377246185189004
5.157383918762207,2152,4.243029261611461,1.3786184352094522
5.157383918762207,2153,4.24418076162862,1.379987785229857
5.157383918762207,2154,4.245331261645764,1.3813542352502186
5.157383918762207,2155,4.246480761662893,1.382717785270537
5.157383918762207,2156,4.247629261680006,1.3840784352908124
5.157383918762207,2157,4.248776761697106,1.3854361853110444
5.157383918762207,2158,4.24992326171419,1.3867910353312336
5.157383918762207,2159,4.2510687617312595,1.388142985351379
5.157383918762207,2160,4.252213261748314,1.3894920353714815
5.157383918762207,2161,4.253356761765353,1.3908381853915406
5.157383918762207,2162,4.254499261782378,1.3921814354115565
5.157383918762207,2163,4.255640761799388,1.3935217854315294
5.157383918762207,2164,4.256781261816383,1.3948592354514588
5.157383918762207,2165,4.257920761833362,1.396193785471345
5.157383918762207,2166,4.259059261850328,1.3975254354911884
5.157383918762207,2167,4.260196761867277,1.3988541855109884
5.157383918762207,2168,4.261333261884213,1.400180035530745
5.157383918762207,2169,4.2624687619011326,1.4015029855504584
5.157383918762207,2170,4.263603261918038,1.4028230355701288
5.157383918762207,2171,4.264736761934929,1.4041401855897557
5.157383918762207,2172,4.265869261951804,1.4054544356093397
5.157383918762207,2173,4.2670007619686645,1.4067657856288804
5.157383918762207,2174,4.268131261985511,1.4080742356483777
5.157383918762207,2175,4.269260762002341,1.409379785667832
5.157383918762207,2176,4.270389262019157,1.4106824356872432
5.157383918762207,2177,4.271516762035958,1.4119821857066108
5.157383918762207,2178,4.272643262052744,1.4132790357259355
5.157383918762207,2179,4.2737687620695155,1.4145729857452165
5.157383918762207,2180,4.274893262086272,1.4158640357644547
5.157383918762207,2181,4.276016762103014,1.41715218578365
5.157383918762207,2182,4.27713926211974,1.4184374358028018
5.157383918762207,2183,4.278260762136452,1.41971978582191
5.157383918762207,2184,4.279381262153149,1.4209992358409755
5.157383918762207,2185,4.280500762169831,1.4222757858599975
5.157383918762207,2186,4.2816192621864975,1.4235494358789764
5.157383918762207,2187,4.28273676220315,1.4248201858979122
5.157383918762207,2188,4.283853262219788,1.4260880359168044
5.157383918762207,2189,4.284968762236409,1.4273529859356535
5.157383918762207,2190,4.286083262253016,1.4286150359544596
5.157383918762207,2191,4.287196762269609,1.4298741859732225
5.157383918762207,2192,4.2883092622861865,1.4311304359919421
5.157383918762207,2193,4.289420762302749,1.4323837860106183
5.157383918762207,2194,4.2905312623192975,1.4336342360292516
5.157383918762207,2195,4.29164076233583,1.4348817860478413
5.157383918762207,2196,4.2927492623523476,1.4361264360663881
5.157383918762207,2197,4.293856762368851,1.4373681860848917
5.157383918762207,2198,4.294963262385339,1.438607036103352
5.157383918762207,2199,4.296068762401812,1.4398429861217692
5.157383918762207,2200,4.297173262418271,1.441076036140143
5.157383918762207,2201,4.298276762434714,1.4423061861584736
5.157383918762207,2202,4.299379262451143,1.443533436176761
5.157383918762207,2203,4.300480762467556,1.4447577861950052
5.157383918762207,2204,4.301581262483955,1.4459792362132065
5.157383918762207,2205,4.302680762500339,1.4471977862313643
5.157383918762207,2206,4.3037792625167075,1.4484134362494787
5.157383918762207,2207,4.304876762533062,1.4496261862675501
5.157383918762207,2208,4.305973262549401,1.4508360362855781
5.157383918762207,2209,4.3070687625657245,1.4520429863035633
5.157383918762207,2210,4.308163262582034,1.453247036321505
5.157383918762207,2211,4.309256762598329,1.4544481863394036
5.157383918762207,2212,4.310349262614608,1.455646436357259
5.157383918762207,2213,4.311440762630873,1.4568417863750711
5.157383918762207,2214,4.312531262647123,1.45803423639284
5.157383918762207,2215,4.313620762663358,1.4592237864105657
5.157383918762207,2216,4.314709262679578,1.4604104364282482
5.157383918762207,2217,4.315796762695783,1.4615941864458875
5.157383918762207,2218,4.316883262711973,1.4627750364634835
5.157383918762207,2219,4.317968762728148,1.4639529864810363
5.157383918762207,2220,4.319053262744308,1.465128036498546
5.157383918762207,2221,4.320136762760454,1.4663001865160123
5.157383918762207,2222,4.321219262776584,1.4674694365334353
5.157383918762207,2223,4.3223007627926995,1.4686357865508153
5.157383918762207,2224,4.323381262808801,1.4697992365681523
5.157383918762207,2225,4.324460762824886,1.4709597865854458
5.157383918762207,2226,4.325539262840957,1.4721174366026961
5.157383918762207,2227,4.326616762857014,1.4732721866199032
5.157383918762207,2228,4.327693262873054,1.4744240366370671
5.157383918762207,2229,4.32876876288908,1.4755729866541878
5.157383918762207,2230,4.329843262905092,1.4767190366712653
5.157383918762207,2231,4.330916762921088,1.4778621866882995
5.157383918762207,2232,4.3319892629370695,1.4790024367052907
5.157383918762207,2233,4.333060762953036,1.4801397867222383
5.157383918762207,2234,4.334131262968988,1.481274236739143
5.157383918762207,2235,4.3352007629849245,1.4824057867560045
5.157383918762207,2236,4.3362692630008475,1.4835344367728227
5.157383918762207,2237,4.337336763016754,1.4846601867895977
5.157383918762207,2238,4.338403263032646,1.4857830368063294
5.157383918762207,2239,4.339468763048523,1.486902986823018
5.157383918762207,2240,4.340533263064385,1.4880200368396634
5.157383918762207,2241,4.341596763080233,1.4891341868562655
5.157383918762207,2242,4.342659263096065,1.4902454368728244
5.157383918762207,2243,4.343720763111882,1.4913537868893398
5.157383918762207,2244,4.344781263127685,1.4924592369058125
5.157383918762207,2245,4.345840763143473,1.4935617869222415
5.157383918762207,2246,4.346899263159245,1.4946614369386275
5.157383918762207,2247,4.347956763175004,1.4957581869549705
5.157383918762207,2248,4.349013263190746,1.4968520369712701
5.157383918762207,2249,4.350068763206474,1.4979429869875267
5.157383918762207,2250,4.351123263222188,1.4990310370037399
5.157383918762207,2251,4.352176763237886,1.5001161870199098
5.157383918762207,2252,4.353229263253571,1.5011984370360365
5.157383918762207,2253,4.354280763269238,1.5022777870521202
5.157383918762207,2254,4.355331263284892,1.5033542370681605
5.157383918762207,2255,4.35638076330053,1.5044277870841576
5.157383918762207,2256,4.357429263316155,1.5054984371001117
5.157383918762207,2257,4.358476763331764,1.5065661871160223
5.157383918762207,2258,4.359523263347358,1.50763103713189
5.157383918762207,2259,4.360568763362937,1.5086929871477142
5.157383918762207,2260,4.3616132633785005,1.5097520371634952
5.157383918762207,2261,4.3626567633940505,1.510808187179233
5.157383918762207,2262,4.363699263409584,1.5118614371949275
5.157383918762207,2263,4.364740763425105,1.512911787210579
5.157383918762207,2264,4.365781263440609,1.5139592372261874
5.157383918762207,2265,4.366820763456099,1.5150037872417523
5.157383918762207,2266,4.367859263471574,1.516045437257274
5.157383918762207,2267,4.368896763487034,1.5170841872727527
5.157383918762207,2268,4.369933263502479,1.5181200372881882
5.157383918762207,2269,4.370968763517909,1.5191529873035803
5.157383918762207,2270,4.372003263533324,1.5201830373189291
5.157383918762207,2271,4.373036763548725,1.5212101873342347
5.157383918762207,2272,4.3740692635641105,1.5222344373494974
5.157383918762207,2273,4.37510076357948,1.5232557873647168
5.157383918762207,2274,4.376131263594836,1.524274237379893
5.157383918762207,2275,4.377160763610177,1.5252897873950255
5.157383918762207,2276,4.378189263625503,1.5263024374101153
5.157383918762207,2277,4.379216763640814,1.5273121874251618
5.157383918762207,2278,4.38024326365611,1.5283190374401652
5.157383918762207,2279,4.3812687636713905,1.5293229874551253
5.157383918762207,2280,4.382293263686657,1.530324037470042
5.157383918762207,2281,4.3833167637019095,1.5313221874849154
5.157383918762207,2282,4.384339263717146,1.5323174374997457
5.157383918762207,2283,4.385360763732367,1.5333097875145332
5.157383918762207,2284,4.386381263747573,1.534299237529277
5.157383918762207,2285,4.387400763762765,1.5352857875439776
5.157383918762207,2286,4.388419263777942,1.5362694375586352
5.157383918762207,2287,4.389436763793103,1.5372501875732496
5.157383918762207,2288,4.390453263808251,1.5382280375878206
5.157383918762207,2289,4.391468763823383,1.5392029876023485
5.157383918762207,2290,4.3924832638385,1.5401750376168333
5.157383918762207,2291,4.393496763853602,1.5411441876312746
5.157383918762207,2292,4.39450926386869,1.542110437645673
5.157383918762207,2293,4.395520763883763,1.543073787660028
5.157383918762207,2294,4.3965312638988205,1.5440342376743397
5.157383918762207,2295,4.397540763913863,1.5449917876886083
5.157383918762207,2296,4.39854926392889,1.5459464377028338
5.157383918762207,2297,4.399556763943903,1.5468981877170158
5.157383918762207,2298,4.400563263958901,1.5478470377311548
5.157383918762207,2299,4.401568763973884,1.5487929877452506
5.157383918762207,2300,4.402573263988852,1.549736037759303
5.157383918762207,2301,4.403576764003806,1.5506761877733126
5.157383918762207,2302,4.404579264018745,1.5516134377872786
5.157383918762207,2303,4.405580764033669,1.5525477878012017
5.157383918762207,2304,4.406581264048577,1.5534792378150812
5.157383918762207,2305,4.4075807640634705,1.5544077878289175
5.157383918762207,2306,4.40857926407835,1.555333437842711
5.157383918762207,2307,4.409576764093213,1.556256187856461
5.157383918762207,2308,4.410573264108062,1.5571760378701678
5.157383918762207,2309,4.4115687641228964,1.5580929878838314
5.157383918762207,2310,4.412563264137715,1.5590070378974519
5.157383918762207,2311,4.41355676415252,1.559918187911029
5.157383918762207,2312,4.414549264167309,1.560826437924563
5.157383918762207,2313,4.415540764182084,1.5617317879380537
5.157383918762207,2314,4.416531264196844,1.5626342379515012
5.157383918762207,2315,4.417520764211588,1.5635337879649058
5.157383918762207,2316,4.4185092642263175,1.5644304379782668
5.157383918762207,2317,4.419496764241032,1.565324187991585
5.157383918762207,2318,4.420483264255733,1.5662150380048594
5.157383918762207,2319,4.421468764270418,1.567102988018091
5.157383918762207,2320,4.422453264285088,1.5679880380312792
5.157383918762207,2321,4.423436764299744,1.5688701880444245
5.157383918762207,2322,4.424419264314383,1.569749438057526
5.157383918762207,2323,4.425400764329009,1.5706257880705847
5.157383918762207,2324,4.426381264343619,1.5714992380836001
5.157383918762207,2325,4.427360764358215,1.5723697880965721
5.157383918762207,2326,4.428339264372797,1.5732374381095013
5.157383918762207,2327,4.429316764387362,1.5741021881223873
5.157383918762207,2328,4.4302932644019135,1.5749640381352297
5.157383918762207,2329,4.4312687644164495,1.575822988148029
5.157383918762207,2330,4.43224326443097,1.5766790381607851
5.157383918762207,2331,4.4332167644454765,1.5775321881734983
5.157383918762207,2332,4.4341892644599685,1.578382438186168
5.157383918762207,2333,4.435160764474444,1.5792297881987944
5.157383918762207,2334,4.436131264488906,1.5800742382113775
5.157383918762207,2335,4.437100764503352,1.5809157882239178
5.157383918762207,2336,4.438069264517784,1.5817544382364148
5.157383918762207,2337,4.439036764532201,1.5825901882488682
5.157383918762207,2338,4.440003264546604,1.5834230382612788
5.157383918762207,2339,4.44096876456099,1.5842529882736458
5.157383918762207,2340,4.441933264575362,1.5850800382859698
5.157383918762207,2341,4.44289676458972,1.5859041882982505
5.157383918762207,2342,4.443859264604062,1.5867254383104883
5.157383918762207,2343,4.44482076461839,1.5875437883226824
5.157383918762207,2344,4.445781264632703,1.5883592383348337
5.157383918762207,2345,4.446740764647,1.5891717883469418
5.157383918762207,2346,4.447699264661282,1.5899814383590063
5.157383918762207,2347,4.448656764675551,1.590788188371028
5.157383918762207,2348,4.449613264689804,1.5915920383830062
5.157383918762207,2349,4.450568764704041,1.5923929883949413
5.157383918762207,2350,4.451523264718265,1.593191038406833
5.157383918762207,2351,4.452476764732473,1.5939861884186817
5.157383918762207,2352,4.453429264746666,1.5947784384304873
5.157383918762207,2353,4.454380764760845,1.5955677884422497
5.157383918762207,2354,4.455331264775008,1.5963542384539684
5.157383918762207,2355,4.456280764789157,1.5971377884656441
5.157383918762207,2356,4.45722926480329,1.5979184384772769
5.157383918762207,2357,4.458176764817409,1.5986961884888664
5.157383918762207,2358,4.459123264831513,1.5994710385004125
5.157383918762207,2359,4.4600687648456026,1.6002429885119154
5.157383918762207,2360,4.461013264859677,1.6010120385233753
5.157383918762207,2361,4.461956764873737,1.6017781885347917
5.157383918762207,2362,4.462899264887781,1.6025414385461652
5.157383918762207,2363,4.463840764901811,1.603301788557495
5.157383918762207,2364,4.464781264915825,1.604059238568782
5.157383918762207,2365,4.465720764929824,1.6048137885800255
5.157383918762207,2366,4.466659264943809,1.605565438591226
5.157383918762207,2367,4.467596764957779,1.6063141886023833
5.157383918762207,2368,4.468533264971734,1.6070600386134974
5.157383918762207,2369,4.469468764985673,1.607802988624568
5.157383918762207,2370,4.470403264999598,1.6085430386355957
5.157383918762207,2371,4.471336765013509,1.6092801886465802
5.157383918762207,2372,4.472269265027404,1.6100144386575213
5.157383918762207,2373,4.473200765041285,1.6107457886684196
5.157383918762207,2374,4.47413126505515,1.611474238679274
5.157383918762207,2375,4.475060765069,1.6121997886900856
5.157383918762207,2376,4.475989265082837,1.612922438700854
5.157383918762207,2377,4.476916765096657,1.613642188711579
5.157383918762207,2378,4.477843265110463,1.6143590387222608
5.157383918762207,2379,4.478768765124254,1.6150729887328996
5.157383918762207,2380,4.47969326513803,1.6157840387434952
5.157383918762207,2381,4.480616765151792,1.6164921887540473
5.157383918762207,2382,4.481539265165538,1.6171974387645565
5.157383918762207,2383,4.482460765179269,1.6178997887750222
5.157383918762207,2384,4.483381265192986,1.6185992387854449
5.157383918762207,2385,4.4843007652066875,1.6192957887958244
5.157383918762207,2386,4.485219265220374,1.6199894388061604
5.157383918762207,2387,4.486136765234046,1.6206801888164533
5.157383918762207,2388,4.487053265247702,1.621368038826703
5.157383918762207,2389,4.4879687652613445,1.6220529888369097
5.157383918762207,2390,4.488883265274972,1.6227350388470732
5.157383918762207,2391,4.489796765288585,1.6234141888571934
5.157383918762207,2392,4.490709265302181,1.6240904388672701
5.157383918762207,2393,4.491620765315764,1.6247637888773039
5.157383918762207,2394,4.4925312653293314,1.6254342388872942
5.157383918762207,2395,4.493440765342884,1.6261017888972418
5.157383918762207,2396,4.494349265356422,1.6267664389071457
5.157383918762207,2397,4.495256765369945,1.6274281889170064
5.157383918762207,2398,4.496163265383452,1.6280870389268243
5.157383918762207,2399,4.4970687653969454,1.6287429889365987
5.157383918762207,2400,4.497973265410423,1.6293960389463296
5.157383918762207,2401,4.498876765423887,1.630046188956018
5.157383918762207,2402,4.499779265437335,1.6306934389656624
5.157383918762207,2403,4.500680765450769,1.631337788975264
5.157383918762207,2404,4.501581265464187,1.6319792389848224
5.157383918762207,2405,4.502480765477591,1.6326177889943376
5.157383918762207,2406,4.503379265490979,1.6332534390038094
5.157383918762207,2407,4.504276765504353,1.6338861890132383
5.157383918762207,2408,4.505173265517712,1.6345160390226239
5.157383918762207,2409,4.506068765531056,1.6351429890319658
5.157383918762207,2410,4.5069632655443845,1.6357670390412649
5.157383918762207,2411,4.507856765557699,1.6363881890505207
5.157383918762207,2412,4.508749265570999,1.6370064390597334
5.157383918762207,2413,4.509640765584282,1.6376217890689029
5.157383918762207,2414,4.510531265597552,1.6382342390780291
5.157383918762207,2415,4.511420765610807,1.6388437890871121
5.157383918762207,2416,4.512309265624046,1.639450439096152
5.157383918762207,2417,4.513196765637272,1.6400541891051486
5.157383918762207,2418,4.5140832656504815,1.640655039114102
5.157383918762207,2419,4.514968765663676,1.6412529891230119
5.157383918762207,2420,4.515853265676856,1.641848039131879
5.157383918762207,2421,4.5167367656900215,1.6424401891407026
5.157383918762207,2422,4.517619265703172,1.6430294391494833
5.157383918762207,2423,4.518500765716308,1.6436157891582206
5.157383918762207,2424,4.519381265729427,1.6441992391669145
5.157383918762207,2425,4.520260765742533,1.6447797891755653
5.157383918762207,2426,4.5211392657556235,1.6453574391841732
5.157383918762207,2427,4.522016765768699,1.6459321891927372
5.157383918762207,2428,4.522893265781761,1.6465040392012587
5.157383918762207,2429,4.523768765794806,1.6470729892097364
5.157383918762207,2430,4.524643265807838,1.6476390392181715
5.157383918762207,2431,4.5255167658208535,1.6482021892265633
5.157383918762207,2432,4.5263892658338545,1.6487624392349114
5.157383918762207,2433,4.527260765846841,1.6493197892432165
5.157383918762207,2434,4.5281312658598125,1.6498742392514787
5.157383918762207,2435,4.529000765872769,1.6504257892596974
5.157383918762207,2436,4.529869265885711,1.650974439267873
5.157383918762207,2437,4.530736765898638,1.6515201892760052
5.157383918762207,2438,4.531603265911549,1.6520630392840943
5.157383918762207,2439,4.532468765924447,1.6526029892921403
5.157383918762207,2440,4.533333265937328,1.6531400393001427
5.157383918762207,2441,4.534196765950195,1.6536741893081024
5.157383918762207,2442,4.5350592659630475,1.6542054393160186
5.157383918762207,2443,4.535920765975885,1.6547337893238916
5.157383918762207,2444,4.536781265988708,1.6552592393317214
5.157383918762207,2445,4.537640766001516,1.6557817893395081
5.157383918762207,2446,4.538499266014308,1.6563014393472515
5.157383918762207,2447,4.539356766027086,1.6568181893549516
5.157383918762207,2448,4.540213266039848,1.6573320393626085
5.157383918762207,2449,4.541068766052597,1.6578429893702222
5.157383918762207,2450,4.5419232660653295,1.6583510393777927
5.157383918762207,2451,4.542776766078048,1.65885618938532
5.157383918762207,2452,4.543629266090751,1.6593584393928043
5.157383918762207,2453,4.544480766103439,1.659857789400245
5.157383918762207,2454,4.545331266116113,1.660354239407643
5.157383918762207,2455,4.546180766128771,1.6608477894149973
5.157383918762207,2456,4.547029266141415,1.6613384394223085
5.157383918762207,2457,4.547876766154044,1.6618261894295765
5.157383918762207,2458,4.5487232661666575,1.6623110394368015
5.157383918762207,2459,4.549568766179257,1.662792989443983
5.157383918762207,2460,4.550413266191841,1.6632720394511213
5.157383918762207,2461,4.55125676620441,1.6637481894582165
5.157383918762207,2462,4.552099266216964,1.6642214394652686
5.157383918762207,2463,4.5529407662295025,1.6646917894722773
5.157383918762207,2464,4.553781266242027,1.665159239479243
5.157383918762207,2465,4.554620766254537,1.6656237894861652
5.157383918762207,2466,4.5554592662670315,1.6660854394930444
5.157383918762207,2467,4.5562967662795115,1.6665441894998803
5.157383918762207,2468,4.557133266291976,1.6670000395066729
5.157383918762207,2469,4.557968766304426,1.6674529895134227
5.157383918762207,2470,4.558803266316861,1.6679030395201286
5.157383918762207,2471,4.559636766329281,1.6683501895267918
5.157383918762207,2472,4.560469266341686,1.6687944395334118
5.157383918762207,2473,4.561300766354076,1.6692357895399883
5.157383918762207,2474,4.562131266366452,1.6696742395465218
5.157383918762207,2475,4.562960766378813,1.670109789553012
5.157383918762207,2476,4.563789266391159,1.6705424395594588
5.157383918762207,2477,4.564616766403489,1.6709721895658627
5.157383918762207,2478,4.565443266415805,1.6713990395722231
5.157383918762207,2479,4.566268766428106,1.6718229895785406
5.157383918762207,2480,4.567093266440391,1.6722440395848146
5.157383918762207,2481,4.5679167664526625,1.6726621895910456
5.157383918762207,2482,4.568739266464919,1.6730774395972334
5.157383918762207,2483,4.56956076647716,1.6734897896033778
5.157383918762207,2484,4.570381266489387,1.673899239609479
5.157383918762207,2485,4.571200766501599,1.674305789615537
5.157383918762207,2486,4.572019266513795,1.674709439621552
5.157383918762207,2487,4.572836766525977,1.6751101896275238
5.157383918762207,2488,4.573653266538143,1.675508039633452
5.157383918762207,2489,4.574468766550295,1.6759029896393374
5.157383918762207,2490,4.575283266562432,1.6762950396451792
5.157383918762207,2491,4.576096766574555,1.6766841896509779
5.157383918762207,2492,4.576909266586662,1.6770704396567337
5.157383918762207,2493,4.577720766598754,1.677453789662446
5.157383918762207,2494,4.578531266610831,1.677834239668115
5.157383918762207,2495,4.579340766622893,1.678211789673741
5.157383918762207,2496,4.580149266634941,1.6785864396793237
5.157383918762207,2497,4.580956766646974,1.678958189684863
5.157383918762207,2498,4.581763266658992,1.6793270396903595
5.157383918762207,2499,4.582568766670994,1.6796929896958126
5.157383918762207,2500,4.583373266682983,1.6800560397012223
5.157383918762207,2501,4.584176766694956,1.6804161897065892
5.157383918762207,2502,4.584979266706915,1.6807734397119127
5.157383918762207,2503,4.585780766718857,1.6811277897171928
5.157383918762207,2504,4.586581266730786,1.6814792397224299
5.157383918762207,2505,4.586581266730786,1.6814792397224299
5.157383918762207,2506,4.587380666742697,1.681829689727652
5.157383918762207,2507,4.588178866754592,1.6821810397328876
5.157383918762207,2508,4.588975866766468,1.6825332897381364
5.157383918762207,2509,4.589771666778327,1.6828864397433987
5.157383918762207,2510,4.590566266790166,1.6832404897486746
5.157383918762207,2511,4.591359666801989,1.6835954397539636
5.157383918762207,2512,4.5921518668137935,1.6839512897592661
5.157383918762207,2513,4.592942866825581,1.6843080397645824
5.157383918762207,2514,4.593732666837349,1.6846656897699115
5.157383918762207,2515,4.5945212668491004,1.6850242397752542
5.157383918762207,2516,4.595308666860833,1.6853836897806105
5.157383918762207,2517,4.59609486687255,1.6857440397859804
5.157383918762207,2518,4.5968798668842465,1.6861052897913633
5.157383918762207,2519,4.597663666895926,1.6864674397967598
5.157383918762207,2520,4.598446266907588,1.6868304898021695
5.157383918762207,2521,4.599227666919232,1.6871944398075929
5.157383918762207,2522,4.6000078669308575,1.6875592898130298
5.157383918762207,2523,4.600786866942466,1.6879250398184797
5.157383918762207,2524,4.601564666954056,1.688291689823943
5.157383918762207,2525,4.602341266965627,1.68865923982942
5.157383918762207,2526,4.603116666977182,1.6890276898349104
5.157383918762207,2527,4.60389086698872,1.6893970398404143
5.157383918762207,2528,4.604663867000236,1.6897672898459313
5.157383918762207,2529,4.605435667011737,1.6901384398514618
5.157383918762207,2530,4.606206267023221,1.690510489857006
5.157383918762207,2531,4.6069756670346855,1.6908834398625634
5.157383918762207,2532,4.607743867046133,1.691257289868134
5.157383918762207,2533,4.6085108670575625,1.6916320398737184
5.157383918762207,2534,4.609276667068973,1.6920076898793157
5.157383918762207,2535,4.610041267080367,1.692384239884927
5.157383918762207,2536,4.610804667091743,1.692761689890551
5.157383918762207,2537,4.611566867103099,1.693140039896189
5.157383918762207,2538,4.612327867114439,1.6935192899018403
5.157383918762207,2539,4.613087667125761,1.693899439907505
5.157383918762207,2540,4.613846267137065,1.6942804899131831
5.157383918762207,2541,4.6146036671483515,1.6946624399188746
5.157383918762207,2542,4.615359867159621,1.69504528992458
5.157383918762207,2543,4.616114867170871,1.6954290399302985
5.157383918762207,2544,4.616868667182103,1.69581368993603
5.157383918762207,2545,4.617621267193318,1.6961992399417751
5.157383918762207,2546,4.618372667204515,1.6965856899475336
5.157383918762207,2547,4.619122867215694,1.6969730399533054
5.157383918762207,2548,4.619871867226855,1.697361289959091
5.157383918762207,2549,4.620619667237998,1.6977504399648895
5.157383918762207,2550,4.621366267249123,1.698140489970702
5.157383918762207,2551,4.62211166726023,1.6985314399765277
5.157383918762207,2552,4.622855867271319,1.6989232899823663
5.157383918762207,2553,4.623598867282391,1.6993160399882188
5.157383918762207,2554,4.624340667293445,1.6997096899940847
5.157383918762207,2555,4.6250812673044805,1.7001042399999642
5.157383918762207,2556,4.625820667315498,1.7004996900058567
5.157383918762207,2557,4.626558867326499,1.700896040011763
5.157383918762207,2558,4.62729586733748,1.7012932900176823
5.157383918762207,2559,4.628031667348445,1.701691440023615
5.157383918762207,2560,4.628766267359391,1.7020904900295615
5.157383918762207,2561,4.62949966737032,1.702490440035521
5.157383918762207,2562,4.63023186738123,1.7028912900414943
5.157383918762207,2563,4.630962867392124,1.7032930400474808
5.157383918762207,2564,4.631692667402999,1.7036956900534808
5.157383918762207,2565,4.6324212674138545,1.704099240059494
5.157383918762207,2566,4.6331486674246944,1.7045036900655208
5.157383918762207,2567,4.633874867435515,1.704909040071561
5.157383918762207,2568,4.634599867446319,1.7053152900776145
5.157383918762207,2569,4.6353236674571034,1.7057224400836815
5.157383918762207,2570,4.636046267467871,1.7061304900897623
5.157383918762207,2571,4.636767667478621,1.7065394400958558
5.157383918762207,2572,4.637487867489353,1.7069492901019632
5.157383918762207,2573,4.638206867500067,1.7073600401080837
5.157383918762207,2574,4.6389246675107625,1.7077716901142177
5.157383918762207,2575,4.639641267521441,1.7081842401203653
5.157383918762207,2576,4.640356667532101,1.708597690126526
5.157383918762207,2577,4.6410708675427434,1.7090120401327005
5.157383918762207,2578,4.641783867553368,1.7094272901388883
5.157383918762207,2579,4.642495667563975,1.7098434401450893
5.157383918762207,2580,4.6432062675745644,1.7102604901513037
5.157383918762207,2581,4.6439156675851345,1.7106784401575317
5.157383918762207,2582,4.644623867595687,1.7110972901637729
5.157383918762207,2583,4.645330867606223,1.711517040170028
5.157383918762207,2584,4.64603666761674,1.711937690176296
5.157383918762207,2585,4.646741267627239,1.7123592401825776
5.157383918762207,2586,4.64744466763772,1.7127816901888728
5.157383918762207,2587,4.648146867648184,1.713205040195181
5.157383918762207,2588,4.64884786765863,1.7136292902015027
5.157383918762207,2589,4.649547667669059,1.7140544402078381
5.157383918762207,2590,4.650246267679468,1.7144804902141868
5.157383918762207,2591,4.650943667689861,1.7149074402205486
5.157383918762207,2592,4.651639867700234,1.715335290226924
5.157383918762207,2593,4.652334867710591,1.7157640402333134
5.157383918762207,2594,4.653028667720929,1.7161936902397155
5.157383918762207,2595,4.65372126773125,1.7166242402461311
5.157383918762207,2596,4.6544126677415525,1.7170556902525604
5.157383918762207,2597,4.655102867751838,1.7174880402590031
5.157383918762207,2598,4.655791867762105,1.717921290265459
5.157383918762207,2599,4.656479667772353,1.718355440271928
5.157383918762207,2600,4.657166267782585,1.718790490278411
5.157383918762207,2601,4.657851667792799,1.7192264402849071
5.157383918762207,2602,4.658535867802994,1.7196632902914168
5.157383918762207,2603,4.659218867813171,1.7201010402979398
5.157383918762207,2604,4.65990066782333,1.7205396903044763
5.157383918762207,2605,4.660581267833472,1.720979240311026
5.157383918762207,2606,4.661260667843596,1.721419690317589
5.157383918762207,2607,4.661938867853703,1.7218610403241659
5.157383918762207,2608,4.6626158678637895,1.722303290330756
5.157383918762207,2609,4.66329166787386,1.7227464403373594
5.157383918762207,2610,4.663966267883912,1.723190490343976
5.157383918762207,2611,4.664639667893947,1.7236354403506062
5.157383918762207,2612,4.665311867903964,1.72408129035725
5.157383918762207,2613,4.6659828679139626,1.7245280403639072
5.157383918762207,2614,4.666652667923943,1.7249756903705775
5.157383918762207,2615,4.6673212679339064,1.7254242403772615
5.157383918762207,2616,4.667988667943851,1.7258736903839589
5.157383918762207,2617,4.668654867953777,1.7263240403906694
5.157383918762207,2618,4.669319867963687,1.7267752903973936
5.157383918762207,2619,4.669983667973579,1.7272274404041312
5.157383918762207,2620,4.670646267983451,1.727680490410882
5.157383918762207,2621,4.671307667993307,1.7281344404176466
5.157383918762207,2622,4.671967868003145,1.7285892904244244
5.157383918762207,2623,4.672626868012965,1.7290450404312154
5.157383918762207,2624,4.6732846680227675,1.7295016904380203
5.157383918762207,2625,4.673941268032552,1.729959240444838
5.157383918762207,2626,4.674596668042318,1.7304176904516697
5.157383918762207,2627,4.675250868052065,1.7308770404585143
5.157383918762207,2628,4.675903868061797,1.7313372904653725
5.157383918762207,2629,4.676555668071509,1.7317984404722444
5.157383918762207,2630,4.677206268081204,1.7322604904791294
5.157383918762207,2631,4.67785566809088,1.7327234404860279
5.157383918762207,2632,4.678503868100539,1.73318729049294
5.157383918762207,2633,4.67915086811018,1.7336520404998652
5.157383918762207,2634,4.679796668119803,1.7341176905068036
5.157383918762207,2635,4.6804412681294085,1.7345842405137561
5.157383918762207,2636,4.681084668138997,1.7350516905207216
5.157383918762207,2637,4.681726868148566,1.7355200405277005
5.157383918762207,2638,4.682367868158118,1.7359892905346928
5.157383918762207,2639,4.683007668167651,1.7364594405416984
5.157383918762207,2640,4.683646268177166,1.7369304905487177
5.157383918762207,2641,4.684283668186665,1.7374024405557507
5.157383918762207,2642,4.684919868196145,1.7378752905627965
5.157383918762207,2643,4.685554868205607,1.7383490405698558
5.157383918762207,2644,4.686188668215052,1.7388236905769288
5.157383918762207,2645,4.686821268224478,1.7392992405840149
5.157383918762207,2646,4.687452668233887,1.7397756905911146
5.157383918762207,2647,4.688082868243278,1.7402530405982277
5.157383918762207,2648,4.688711868252651,1.7407312906053543
5.157383918762207,2649,4.689339668262005,1.7412104406124942
5.157383918762207,2650,4.689966268271341,1.7416904906196473
5.157383918762207,2651,4.6905916682806605,1.7421714406268136
5.157383918762207,2652,4.691215868289961,1.7426532906339942
5.157383918762207,2653,4.691838868299246,1.7431360406411875
5.157383918762207,2654,4.692460668308511,1.7436196906483945
5.157383918762207,2655,4.693081268317759,1.744104240655615
5.157383918762207,2656,4.693700668326988,1.7445896906628486
5.157383918762207,2657,4.6943188683362,1.745076040670096
5.157383918762207,2658,4.694935868345394,1.7455632906773562
5.157383918762207,2659,4.695551668354571,1.7460514406846306
5.157383918762207,2660,4.696166268363729,1.7465404906919177
5.157383918762207,2661,4.696779668372869,1.7470304406992188
5.157383918762207,2662,4.697391868381992,1.747521290706533
5.157383918762207,2663,4.698002868391097,1.7480130407138605
5.157383918762207,2664,4.698612668400184,1.7485056907212015
5.157383918762207,2665,4.699221268409252,1.7489992407285562
5.157383918762207,2666,4.699828668418302,1.7494936907359242
5.157383918762207,2667,4.700434868427337,1.7499890407433052
5.157383918762207,2668,4.701039868436351,1.7504852907507
5.157383918762207,2669,4.701643668445349,1.750982440758108
5.157383918762207,2670,4.702246268454329,1.7514804907655297
5.157383918762207,2671,4.702847668463289,1.7519794407729647
5.157383918762207,2672,4.703447868472233,1.7524792907804128
5.157383918762207,2673,4.704046868481159,1.7529800407878746
5.157383918762207,2674,4.704644668490067,1.7534816907953499
5.157383918762207,2675,4.705241268498957,1.7539842408028383
5.157383918762207,2676,4.705836668507829,1.7544876908103404
5.157383918762207,2677,4.706430868516684,1.7549920408178559
5.157383918762207,2678,4.7070238685255195,1.7554972908253845
5.157383918762207,2679,4.707615668534338,1.7560034408329268
5.157383918762207,2680,4.7082062685431385,1.7565104908404823
5.157383918762207,2681,4.708795668551922,1.7570184408480514
5.157383918762207,2682,4.709383868560687,1.757527290855634
5.157383918762207,2683,4.7099708685694335,1.75803704086323
5.157383918762207,2684,4.710556668578163,1.7585476908708393
5.157383918762207,2685,4.711141268586875,1.759059240878462
5.157383918762207,2686,4.711724668595568,1.7595716908860983
5.157383918762207,2687,4.7123068686042435,1.7600850408937476
5.157383918762207,2688,4.712887868612901,1.7605992909014105
5.157383918762207,2689,4.713467668621541,1.7611144409090866
5.157383918762207,2690,4.714046268630163,1.7616304909167766
5.157383918762207,2691,4.714623668638766,1.7621474409244797
5.157383918762207,2692,4.7151998686473515,1.7626652909321963
5.157383918762207,2693,4.71577486865592,1.7631840409399262
5.157383918762207,2694,4.7163486686644704,1.7637036909476698
5.157383918762207,2695,4.716921268673003,1.7642242409554265
5.157383918762207,2696,4.717492668681517,1.7647456909631964
5.157383918762207,2697,4.718062868690014,1.7652680409709804
5.157383918762207,2698,4.718631868698493,1.7657912909787772
5.157383918762207,2699,4.7191996687069535,1.7663154409865875
5.157383918762207,2700,4.7197662687153965,1.7668404909944115
5.157383918762207,2701,4.720331668723822,1.767366441002249
5.157383918762207,2702,4.720895868732229,1.7678932910100995
5.157383918762207,2703,4.721458868740618,1.7684210410179637
5.157383918762207,2704,4.722020668748989,1.768949691025841
5.157383918762207,2705,4.722581268757343,1.769479241033732
5.157383918762207,2706,4.723140668765679,1.7700096910416363
5.157383918762207,2707,4.723698868773997,1.7705410410495541
5.157383918762207,2708,4.724255868782297,1.7710732910574851
5.157383918762207,2709,4.724811668790579,1.7716064410654297
5.157383918762207,2710,4.725366268798843,1.7721404910733878
5.157383918762207,2711,4.725919668807089,1.772675441081359
5.157383918762207,2712,4.726471868815318,1.773211291089344
5.157383918762207,2713,4.7270228688235285,1.773748041097342
5.157383918762207,2714,4.727572668831722,1.774285691105354
5.157383918762207,2715,4.728121268839897,1.774824241113379
5.157383918762207,2716,4.728668668848053,1.7753636911214175
5.157383918762207,2717,4.729214868856192,1.7759040411294693
5.157383918762207,2718,4.729759868864313,1.7764452911375346
5.157383918762207,2719,4.730303668872417,1.7769874411456132
5.157383918762207,2720,4.730846268880502,1.7775304911537049
5.157383918762207,2721,4.731387668888569,1.7780744411618106
5.157383918762207,2722,4.731927868896619,1.7786192911699297
5.157383918762207,2723,4.73246686890465,1.7791650411780617
5.157383918762207,2724,4.733004668912664,1.7797116911862076
5.157383918762207,2725,4.733541268920661,1.7802592411943667
5.157383918762207,2726,4.7340766689286395,1.7808076912025395
5.157383918762207,2727,4.734610868936599,1.7813570412107254
5.157383918762207,2728,4.735143868944542,1.7819072912189247
5.157383918762207,2729,4.7356756689524655,1.7824584412271376
5.157383918762207,2730,4.736206268960373,1.7830104912353637
5.157383918762207,2731,4.736735668968262,1.7835634412436032
5.157383918762207,2732,4.737263868976132,1.7841172912518561
5.157383918762207,2733,4.737790868983986,1.7846720412601225
5.157383918762207,2734,4.7383166689918195,1.7852276912684024
5.157383918762207,2735,4.738841268999637,1.7857842412766958
5.157383918762207,2736,4.739364669007436,1.7863416912850023
5.157383918762207,2737,4.739886869015217,1.7869000412933225
5.157383918762207,2738,4.740407869022981,1.7874592913016558
5.157383918762207,2739,4.740927669030727,1.7880194413100026
5.157383918762207,2740,4.7414462690384545,1.788580491318363
5.157383918762207,2741,4.741963669046164,1.789142441326737
5.157383918762207,2742,4.742479869053857,1.789705291335124
5.157383918762207,2743,4.742994869061531,1.7902690413435243
5.157383918762207,2744,4.743508669069186,1.7908336913519383
5.157383918762207,2745,4.744021269076825,1.7913992413603657
5.157383918762207,2746,4.744532669084445,1.7919656913688062
5.157383918762207,2747,4.745042869092048,1.7925330413772604
5.157383918762207,2748,4.745551869099632,1.793101291385728
5.157383918762207,2749,4.746059669107199,1.793670441394209
5.157383918762207,2750,4.746566269114748,1.7942404914027035
5.157383918762207,2751,4.747071669122279,1.794811441411211
5.157383918762207,2752,4.747575869129792,1.7953832914197325
5.157383918762207,2753,4.748078869137288,1.7959560414282674
5.157383918762207,2754,4.748580669144765,1.796529691436815
5.157383918762207,2755,4.749081269152224,1.7971042414453766
5.157383918762207,2756,4.749580669159666,1.7976796914539515
5.157383918762207,2757,4.7500788691670905,1.79825604146254
5.157383918762207,2758,4.7505758691744955,1.7988332914711416
5.157383918762207,2759,4.751071669181884,1.7994114414797566
5.157383918762207,2760,4.7515662691892535,1.7999904914883853
5.157383918762207,2761,4.752059669196606,1.800570441497027
5.157383918762207,2762,4.75255186920394,1.8011512915056822
5.157383918762207,2763,4.7530428692112565,1.801733041514351
5.157383918762207,2764,4.753532669218555,1.8023156915230332
5.157383918762207,2765,4.754021269225836,1.8028992415317289
5.157383918762207,2766,4.754508669233099,1.8034836915404377
5.157383918762207,2767,4.754994869240344,1.8040690415491603
5.157383918762207,2768,4.755479869247571,1.804655291557896
5.157383918762207,2769,4.75596366925478,1.8052424415666453
5.157383918762207,2770,4.756446269261971,1.805830491575408
5.157383918762207,2771,4.756927669269145,1.8064194415841839
5.157383918762207,2772,4.7574078692763,1.8070092915929734
5.157383918762207,2773,4.757886869283438,1.8076000416017761
5.157383918762207,2774,4.7583646692905575,1.8081916916105927
5.157383918762207,2775,4.75884126929766,1.8087842416194222
5.157383918762207,2776,4.759316669304743,1.8093776916282653
5.157383918762207,2777,4.75979086931181,1.8099720416371219
5.157383918762207,2778,4.760263869318858,1.8105672916459918
5.157383918762207,2779,4.760735669325888,1.811163441654875
5.157383918762207,2780,4.7612062693329005,1.8117604916637717
5.157383918762207,2781,4.761675669339895,1.812358441672682
5.157383918762207,2782,4.762143869346873,1.8129572916816055
5.157383918762207,2783,4.762610869353831,1.8135570416905424
5.157383918762207,2784,4.763076669360772,1.814157691699493
5.157383918762207,2785,4.763541269367694,1.8147592417084564
5.157383918762207,2786,4.7640046693746,1.8153616917174338
5.157383918762207,2787,4.764466869381488,1.8159650417264244
5.157383918762207,2788,4.764927869388357,1.8165692917354286
5.157383918762207,2789,4.765387669395208,1.817174441744446
5.157383918762207,2790,4.765846269402043,1.8177804917534768
5.157383918762207,2791,4.766303669408858,1.818387441762521
5.157383918762207,2792,4.766759869415656,1.8189952917715786
5.157383918762207,2793,4.767214869422436,1.8196040417806496
5.157383918762207,2794,4.767668669429199,1.8202136917897342
5.157383918762207,2795,4.768121269435943,1.8208242417988323
5.157383918762207,2796,4.768572669442669,1.8214356918079435
5.157383918762207,2797,4.769022869449378,1.8220480418170681
5.157383918762207,2798,4.769471869456067,1.8226612918262064
5.157383918762207,2799,4.76991966946274,1.8232754418353578
5.157383918762207,2800,4.770366269469395,1.823890491844523
5.157383918762207,2801,4.770811669476032,1.8245064418537011
5.157383918762207,2802,4.771255869482652,1.825123291862893
5.157383918762207,2803,4.771698869489253,1.825741041872098
5.157383918762207,2804,4.772140669495837,1.8263596918813167
5.157383918762207,2805,4.7725812695024015,1.8269792418905488
5.157383918762207,2806,4.7730206695089485,1.827599691899794
5.157383918762207,2807,4.773458869515479,1.828221041909053
5.157383918762207,2808,4.773895869521991,1.828843291918325
5.157383918762207,2809,4.774331669528484,1.829466441927611
5.157383918762207,2810,4.774766269534961,1.83009049193691
5.157383918762207,2811,4.7751996695414185,1.8307154419462224
5.157383918762207,2812,4.775631869547859,1.8313412919555483
5.157383918762207,2813,4.7760628695542815,1.8319680419648878
5.157383918762207,2814,4.776492669560686,1.8325956919742405
5.157383918762207,2815,4.776921269567073,1.8332242419836067
5.157383918762207,2816,4.777348669573442,1.833853691992986
5.157383918762207,2817,4.777774869579792,1.8344840420023791
5.157383918762207,2818,4.778199869586126,1.8351152920117855
5.157383918762207,2819,4.778623669592441,1.8357474420212052
5.157383918762207,2820,4.779046269598738,1.8363804920306384
5.157383918762207,2821,4.779467669605017,1.837014442040085
5.157383918762207,2822,4.7798878696112785,1.837649292049545
5.157383918762207,2823,4.780306869617522,1.8382850420590184
5.157383918762207,2824,4.780724669623748,1.8389216920685052
5.157383918762207,2825,4.781141269629956,1.8395592420780054
5.157383918762207,2826,4.781556669636146,1.8401976920875192
5.157383918762207,2827,4.7819708696423175,1.8408370420970461
5.157383918762207,2828,4.782383869648472,1.8414772921065867
5.157383918762207,2829,4.7827956696546075,1.8421184421161403
5.157383918762207,2830,4.7832062696607265,1.8427604921257077
5.157383918762207,2831,4.783615669666827,1.8434034421352887
5.157383918762207,2832,4.78402386967291,1.8440472921448827
5.157383918762207,2833,4.784430869678975,1.8446920421544903
5.157383918762207,2834,4.784836669685021,1.8453376921641111
5.157383918762207,2835,4.785241269691051,1.8459842421737453
5.157383918762207,2836,4.785644669697062,1.8466316921833932
5.157383918762207,2837,4.786046869703055,1.8472800421930544
5.157383918762207,2838,4.78644786970903,1.8479292922027288
5.157383918762207,2839,4.786847669714988,1.8485794422124169
5.157383918762207,2840,4.787246269720928,1.8492304922221183
5.157383918762207,2841,4.787643669726848,1.849882442231833
5.157383918762207,2842,4.788039869732753,1.8505352922415614
5.157383918762207,2843,4.788434869738639,1.851189042251303
5.157383918762207,2844,4.788828669744506,1.851843692261058
5.157383918762207,2845,4.789221269750358,1.8524992422708264
5.157383918762207,2846,4.78961266975619,1.8531556922806085
5.157383918762207,2847,4.790002869762004,1.8538130422904033
5.157383918762207,2848,4.7903918697678005,1.8544712923002122
5.157383918762207,2849,4.790779669773579,1.8551304423100343
5.157383918762207,2850,4.79116626977934,1.85579049231987
5.157383918762207,2851,4.791551669785083,1.856451442329719
5.157383918762207,2852,4.791935869790807,1.857113292339581
5.157383918762207,2853,4.792318869796515,1.8577760423494567
5.157383918762207,2854,4.792700669802205,1.858439692359346
5.157383918762207,2855,4.7930812698078755,1.8591042423692485
5.157383918762207,2856,4.793460669813529,1.8597696923791645
5.157383918762207,2857,4.793838869819165,1.860436042389094
5.157383918762207,2858,4.794215869824782,1.8611032923990367
5.157383918762207,2859,4.794591669830382,1.8617714424089928
5.157383918762207,2860,4.794966269835964,1.8624404924189628
5.157383918762207,2861,4.795339669841528,1.8631104424289457
5.157383918762207,2862,4.795711869847075,1.863781292438942
5.157383918762207,2863,4.796082869852603,1.864453042448952
5.157383918762207,2864,4.796452669858113,1.8651256924589752
5.157383918762207,2865,4.796821269863606,1.865799242469012
5.157383918762207,2866,4.79718866986908,1.8664736924790621
5.157383918762207,2867,4.797554869874537,1.8671490424891255
5.157383918762207,2868,4.797919869879976,1.8678252924992025
5.157383918762207,2869,4.7982836698853975,1.8685024425092929
5.157383918762207,2870,4.7986462698908,1.8691804925193964
5.157383918762207,2871,4.799007669896186,1.8698594425295136
5.157383918762207,2872,4.799367869901554,1.8705392925396442
5.157383918762207,2873,4.799726869906903,1.8712200425497882
5.157383918762207,2874,4.800084669912234,1.8719016925599457
5.157383918762207,2875,4.800441269917548,1.8725842425701162
5.157383918762207,2876,4.8007966699228435,1.8732676925803002
5.157383918762207,2877,4.801150869928122,1.8739520425904983
5.157383918762207,2878,4.8015038699333825,1.874637292600709
5.157383918762207,2879,4.801855669938624,1.8753234426109335
5.157383918762207,2880,4.802206269943849,1.8760104926211714
5.157383918762207,2881,4.802555669949054,1.8766984426314226
5.157383918762207,2882,4.802903869954244,1.8773872926416875
5.157383918762207,2883,4.803250869959415,1.8780770426519655
5.157383918762207,2884,4.803596669964567,1.8787676926622567
5.157383918762207,2885,4.803941269969702,1.8794592426725618
5.157383918762207,2886,4.80428466997482,1.88015169268288
5.157383918762207,2887,4.804626869979918,1.8808450426932117
5.157383918762207,2888,4.804967869984999,1.881539292703557
5.157383918762207,2889,4.8053076699900625,1.8822344427139153
5.157383918762207,2890,4.805646269995108,1.8829304927242874
5.157383918762207,2891,4.805983670000137,1.8836274427346729
5.157383918762207,2892,4.8063198700051455,1.8843252927450715
5.157383918762207,2893,4.806654870010139,1.8850240427554836
5.157383918762207,2894,4.806988670015112,1.8857236927659093
5.157383918762207,2895,4.8073212700200685,1.8864242427763482
5.157383918762207,2896,4.807652670025007,1.887125692786801
5.157383918762207,2897,4.807982870029926,1.887828042797267
5.157383918762207,2898,4.808311870034829,1.8885312928077458
5.157383918762207,2899,4.808639670039714,1.8892354428182385
5.157383918762207,2900,4.80896627004458,1.8899404928287447
5.157383918762207,2901,4.809291670049429,1.890646442839264
5.157383918762207,2902,4.809615870054261,1.891353292849797
5.157383918762207,2903,4.809938870059073,1.8920610428603433
5.157383918762207,2904,4.810260670063868,1.8927696928709028
5.157383918762207,2905,4.810581270068646,1.8934792428814762
5.157383918762207,2906,4.810900670073405,1.8941896928920627
5.157383918762207,2907,4.811218870078147,1.8949010429026625
5.157383918762207,2908,4.811535870082871,1.8956132929132758
5.157383918762207,2909,4.811851670087576,1.8963264429239026
5.157383918762207,2910,4.8121662700922645,1.8970404929345428
5.157383918762207,2911,4.812479670096934,1.8977554429451962
5.157383918762207,2912,4.812791870101586,1.8984712929558634
5.157383918762207,2913,4.813102870106221,1.8991880429665438
5.157383918762207,2914,4.813412670110837,1.8999056929772375
5.157383918762207,2915,4.813721270115435,1.900624242987945
5.157383918762207,2916,4.814028670120016,1.9013436929986653
5.157383918762207,2917,4.814334870124579,1.9020640430093994
5.157383918762207,2918,4.814639870129124,1.902785293020147
5.157383918762207,2919,4.81494367013365,1.9035074430309078
5.157383918762207,2920,4.815246270138159,1.904230493041682
5.157383918762207,2921,4.815547670142651,1.9049544430524699
5.157383918762207,2922,4.815847870147124,1.9056792930632709
5.157383918762207,2923,4.81614687015158,1.9064050430740855
5.157383918762207,2924,4.8164446701560175,1.9071316930849134
5.157383918762207,2925,4.816741270160437,1.9078592430957546
5.157383918762207,2926,4.817036670164839,1.9085876931066093
5.157383918762207,2927,4.817330870169223,1.9093170431174777
5.157383918762207,2928,4.8176238701735885,1.910047293128359
5.157383918762207,2929,4.817915670177937,1.9107784431392543
5.157383918762207,2930,4.818206270182267,1.9115104931501625
5.157383918762207,2931,4.8184956701865795,1.9122434431610844
5.157383918762207,2932,4.818783870190874,1.9129772931720195
5.157383918762207,2933,4.819070870195151,1.9137120431829682
5.157383918762207,2934,4.81935667019941,1.91444769319393
5.157383918762207,2935,4.81964127020365,1.9151842432049055
5.157383918762207,2936,4.8199246702078735,1.9159216932158945
5.157383918762207,2937,4.820206870212078,1.9166600432268968
5.157383918762207,2938,4.820487870216265,1.9173992932379125
5.157383918762207,2939,4.820767670220436,1.9181394432489418
5.157383918762207,2940,4.821046270224587,1.918880493259984
5.157383918762207,2941,4.82132367022872,1.91962244327104
5.157383918762207,2942,4.821599870232836,1.9203652932821094
5.157383918762207,2943,4.821874870236933,1.921109043293192
5.157383918762207,2944,4.822148670241013,1.9218536933042882
5.157383918762207,2945,4.8224212702450755,1.9225992433153976
5.157383918762207,2946,4.82269267024912,1.923345693326521
5.157383918762207,2947,4.822962870253146,1.9240930433376573
5.157383918762207,2948,4.823231870257155,1.924841293348807
5.157383918762207,2949,4.823499670261145,1.9255904433599702
5.157383918762207,2950,4.823766270265118,1.9263404933711468
5.157383918762207,2951,4.824031670269072,1.927091443382337
5.157383918762207,2952,4.824295870273009,1.9278432933935403
5.157383918762207,2953,4.824558870276928,1.9285960434047573
5.157383918762207,2954,4.824820670280829,1.9293496934159873
5.157383918762207,2955,4.825081270284713,1.930104243427231
5.157383918762207,2956,4.825340670288577,1.930859693438488
5.157383918762207,2957,4.825598870292426,1.9316160434497585
5.157383918762207,2958,4.825855870296255,1.9323732934610425
5.157383918762207,2959,4.826111670300067,1.93313144347234
5.157383918762207,2960,4.82636627030386,1.9338904934836505
5.157383918762207,2961,4.826619670307636,1.9346504434949747
5.157383918762207,2962,4.826871870311395,1.9354112935063121
5.157383918762207,2963,4.827122870315135,1.9361730435176632
5.157383918762207,2964,4.827372670318857,1.9369356935290276
5.157383918762207,2965,4.827621270322561,1.9376992435404052
5.157383918762207,2966,4.827868670326248,1.9384636935517965
5.157383918762207,2967,4.828114870329917,1.9392290435632011
5.157383918762207,2968,4.828359870333568,1.9399952935746194
5.157383918762207,2969,4.8286036703372,1.9407624435860507
5.157383918762207,2970,4.828846270340816,1.9415304935974955
5.157383918762207,2971,4.829087670344412,1.9422994436089536
5.157383918762207,2972,4.829327870347992,1.9430692936204255
5.157383918762207,2973,4.829566870351553,1.9438400436319103
5.157383918762207,2974,4.829804670355097,1.944611693643409
5.157383918762207,2975,4.830041270358623,1.945384243654921
5.157383918762207,2976,4.830276670362131,1.9461576936664462
5.157383918762207,2977,4.83051087036562,1.9469320436779851
5.157383918762207,2978,4.830743870369092,1.947707293689537
5.157383918762207,2979,4.8309756703725455,1.9484834437011025
5.157383918762207,2980,4.831206270375982,1.9492604937126814
5.157383918762207,2981,4.831435670379401,1.9500384437242737
5.157383918762207,2982,4.831663870382801,1.9508172937358796
5.157383918762207,2983,4.831890870386184,1.951597043747499
5.157383918762207,2984,4.832116670389548,1.9523776937591315
5.157383918762207,2985,4.832341270392895,1.9531592437707772
5.157383918762207,2986,4.8325646703962235,1.9539416937824368
5.157383918762207,2987,4.832786870399534,1.9547250437941095
5.157383918762207,2988,4.833007870402828,1.9555092938057959
5.157383918762207,2989,4.833227670406104,1.9562944438174956
5.157383918762207,2990,4.833446270409361,1.9570804938292086
5.157383918762207,2991,4.8336636704126,1.9578674438409351
5.157383918762207,2992,4.833879870415823,1.958655293852675
5.157383918762207,2993,4.834094870419025,1.959444043864428
5.157383918762207,2994,4.834308670422212,1.9602336938761948
5.157383918762207,2995,4.8345212704253795,1.9610242438879748
5.157383918762207,2996,4.834732670428529,1.9618156938997684
5.157383918762207,2997,4.834942870431662,1.9626080439115754
5.157383918762207,2998,4.835151870434776,1.9634012939233956
5.157383918762207,2999,4.835359670437873,1.9641954439352296
5.157383918762207,3000,4.835566270440951,1.9649904939470766
5.157383918762207,3001,4.835771670444012,1.9657864439589372
5.157383918762207,3002,4.835975870447055,1.9665832939708112
5.157383918762207,3003,4.836178870450079,1.9673810439826986
5.157383918762207,3004,4.836380670453087,1.9681796939945997
5.157383918762207,3005,4.836581270456076,1.9689792440065137
5.157383918762207,3006,4.836581270456076,1.9689792440065137
5.157383918762207,3007,4.83678307943651,1.9697805829999289
5.157383918762207,3008,4.8369885063718545,1.970584599956332
5.157383918762207,3009,4.837197551262108,1.9713912948757235
5.157383918762207,3010,4.83741021410727,1.972200667758103
5.157383918762207,3011,4.837626494907343,1.973012718603471
5.157383918762207,3012,4.837846393662323,1.973827447411827
5.157383918762207,3013,4.838069910372213,1.9746448541831711
5.157383918762207,3014,4.838297045037013,1.9754649389175039
5.157383918762207,3015,4.838527797656722,1.9762877016148244
5.157383918762207,3016,4.83876216823134,1.9771131422751334
5.157383918762207,3017,4.839000156760867,1.9779412608984306
5.157383918762207,3018,4.839241763245304,1.9787720574847159
5.157383918762207,3019,4.83948698768465,1.9796055320339896
5.157383918762207,3020,4.8397358300789035,1.9804416845462514
5.157383918762207,3021,4.839988290428067,1.9812805150215012
5.157383918762207,3022,4.840244368732142,1.9821220234597394
5.157383918762207,3023,4.840504064991125,1.982966209860966
5.157383918762207,3024,4.840767379205015,1.9838130742251805
5.157383918762207,3025,4.841034311373816,1.9846626165523833
5.157383918762207,3026,4.841304861497528,1.9855148368425746
5.157383918762207,3027,4.841579029576147,1.9863697350957537
5.157383918762207,3028,4.841856815609676,1.9872273113119212
5.157383918762207,3029,4.842138219598114,1.9880875654910768
5.157383918762207,3030,4.842423241541461,1.9889504976332206
5.157383918762207,3031,4.842711881439717,1.989816107738353
5.157383918762207,3032,4.8430041392928835,1.990684395806473
5.157383918762207,3033,4.843300015100958,1.9915553618375816
5.157383918762207,3034,4.843599508863942,1.9924290058316785
5.157383918762207,3035,4.843902620581836,1.9933053277887631
5.157383918762207,3036,4.844209350254638,1.9941843277088365
5.157383918762207,3037,4.844519697882351,1.9950660055918976
5.157383918762207,3038,4.844833663464971,1.9959503614379472
5.157383918762207,3039,4.8451512470025015,1.9968373952469851
5.157383918762207,3040,4.845472448494941,1.997727107019011
5.157383918762207,3041,4.845797267942291,1.9986194967540252
5.157383918762207,3042,4.846125705344548,1.9995145644520276
5.157383918762207,3043,4.846457760701717,2.000412310113019
5.157383918762207,3044,4.846793434013792,2.0013127337369974
5.157383918762207,3045,4.847132725280779,2.0022158353239643
5.157383918762207,3046,4.847475634502673,2.00312161487392
5.157383918762207,3047,4.847822161679478,2.0040300723868634
5.157383918762207,3048,4.8481723068111915,2.004941207862795
5.157383918762207,3049,4.848526069897814,2.005855021301715
5.157383918762207,3050,4.848883450939345,2.0067715127036228
5.157383918762207,3051,4.849244449935787,2.007690682068519
5.157383918762207,3052,4.849609066887138,2.008612529396404
5.157383918762207,3053,4.849977301793397,2.0095370546872764
5.157383918762207,3054,4.850349154654566,2.0104642579411376
5.157383918762207,3055,4.850724625470644,2.0113941391579866
5.157383918762207,3056,4.851103714241631,2.0123266983378243
5.157383918762207,3057,4.851486420967528,2.01326193548065
5.157383918762207,3058,4.851872745648334,2.014199850586464
5.157383918762207,3059,4.852262688284049,2.0151404436552656
5.157383918762207,3060,4.852656248874673,2.016083714687056
5.157383918762207,3061,4.853053427420207,2.0170296636818343
5.157383918762207,3062,4.85345422392065,2.017978290639601
5.157383918762207,3063,4.853858638376002,2.0189295955603557
5.157383918762207,3064,4.854266670786264,2.019883578444099
5.157383918762207,3065,4.854678321151433,2.0208402392908305
5.157383918762207,3066,4.855093589471513,2.0217995781005493
5.157383918762207,3067,4.855512475746502,2.0227615948732574
5.157383918762207,3068,4.8559349799764,2.023726289608953
5.157383918762207,3069,4.856361102161208,2.0246936623076373
5.157383918762207,3070,4.856790842300924,2.0256637129693096
5.157383918762207,3071,4.85722420039555,2.02663644159397
5.157383918762207,3072,4.857661176445085,2.027611848181619
5.157383918762207,3073,4.8581017704495295,2.0285899327322556
5.157383918762207,3074,4.858545982408883,2.029570695245881
5.157383918762207,3075,4.858993812323146,2.0305541357224945
5.157383918762207,3076,4.8594452601923175,2.0315402541620955
5.157383918762207,3077,4.859900326016398,2.0325290505646856
5.157383918762207,3078,4.86035900979539,2.033520524930264
5.157383918762207,3079,4.860821311529289,2.03451467725883
5.157383918762207,3080,4.861287231218099,2.0355115075503845
5.157383918762207,3081,4.861756768861817,2.036511015804927
5.157383918762207,3082,4.862229924460444,2.037513202022458
5.157383918762207,3083,4.86270669801398,2.038518066202977
5.157383918762207,3084,4.863187089522427,2.0395256083464846
5.157383918762207,3085,4.863671098985781,2.0405358284529798
5.157383918762207,3086,4.864158726404046,2.041548726522463
5.157383918762207,3087,4.86464997177722,2.0425643025549354
5.157383918762207,3088,4.865144835105302,2.043582556550396
5.157383918762207,3089,4.8656433163882955,2.044603488508844
5.157383918762207,3090,4.866145415626197,2.0456270984302805
5.157383918762207,3091,4.8666511328190065,2.046653386314705
5.157383918762207,3092,4.867160467966727,2.047682352162118
5.157383918762207,3093,4.867673421069355,2.0487139959725194
5.157383918762207,3094,4.868189992126895,2.0497483177459093
5.157383918762207,3095,4.868710181139342,2.0507853174822865
5.157383918762207,3096,4.8692339881067,2.0518249951816525
5.157383918762207,3097,4.869761413028964,2.0528673508440067
5.157383918762207,3098,4.8702924559061405,2.0539123844693488
5.157383918762207,3099,4.870827116738225,2.0549600960576795
5.157383918762207,3100,4.871365395525218,2.056010485608998
5.157383918762207,3101,4.871907292267122,2.057063553123305
5.157383918762207,3102,4.872452806963934,2.0581192986006003
5.157383918762207,3103,4.873001939615655,2.0591777220408836
5.157383918762207,3104,4.873554690222286,2.060238823444155
5.157383918762207,3105,4.874111058783825,2.061302602810415
5.157383918762207,3106,4.874671045300276,2.062369060139663
5.157383918762207,3107,4.875234649771632,2.0634381954318983
5.157383918762207,3108,4.875801872197901,2.0645100086871233
5.157383918762207,3109,4.8763727125790775,2.0655844999053357
5.157383918762207,3110,4.876947170915163,2.0666616690865363
5.157383918762207,3111,4.877525247206158,2.0677415162307256
5.157383918762207,3112,4.878106941452064,2.0688240413379027
5.157383918762207,3113,4.8786922536528765,2.069909244408068
5.157383918762207,3114,4.879281183808599,2.0709971254412216
5.157383918762207,3115,4.879873731919232,2.072087684437364
5.157383918762207,3116,4.880469897984773,2.0731809213964936
5.157383918762207,3117,4.881069682005224,2.074276836318612
5.157383918762207,3118,4.881673083980584,2.075375429203718
5.157383918762207,3119,4.882280103910853,2.076476700051813
5.157383918762207,3120,4.882890741796032,2.077580648862896
5.157383918762207,3121,4.883504997636119,2.078687275636967
5.157383918762207,3122,4.884122871431115,2.079796580374026
5.157383918762207,3123,4.884744363181023,2.080908563074074
5.157383918762207,3124,4.885369472885838,2.0820232237371092
5.157383918762207,3125,4.885998200545562,2.0831405623631336
5.157383918762207,3126,4.8866305461601955,2.0842605789521453
5.157383918762207,3127,4.887266509729739,2.0853832735041458
5.157383918762207,3128,4.887906091254191,2.0865086460191344
5.157383918762207,3129,4.888549290733553,2.0876366964971114
5.157383918762207,3130,4.889196108167823,2.088767424938076
5.157383918762207,3131,4.889846543557004,2.0899008313420295
5.157383918762207,3132,4.890500596901092,2.0910369157089708
5.157383918762207,3133,4.891158268200091,2.0921756780389003
5.157383918762207,3134,4.891819557453998,2.0933171183318184
5.157383918762207,3135,4.8924844646628145,2.0944612365877244
5.157383918762207,3136,4.893152989826541,2.0956080328066187
5.157383918762207,3137,4.893825132945177,2.096757506988501
5.157383918762207,3138,4.894500894018722,2.097909659133372
5.157383918762207,3139,4.895180273047176,2.099064489241231
5.157383918762207,3140,4.895863270030539,2.100221997312078
5.157383918762207,3141,4.896549884968811,2.101382183345913
5.157383918762207,3142,4.897240117861993,2.102545047342737
5.157383918762207,3143,4.897933968710084,2.1037105893025485
5.157383918762207,3144,4.898631437513084,2.1048788092253483
5.157383918762207,3145,4.899332524270993,2.106049707111137
5.157383918762207,3146,4.900037228983812,2.107223282959913
5.157383918762207,3147,4.900745551651539,2.1083995367716777
5.157383918762207,3148,4.901457492274177,2.1095784685464305
5.157383918762207,3149,4.902173050851722,2.1107600782841716
5.157383918762207,3150,4.902892227384178,2.111944365984901
5.157383918762207,3151,4.903615021871542,2.113131331648618
5.157383918762207,3152,4.9043414343138165,2.1143209752753234
5.157383918762207,3153,4.905071464710999,2.1155132968650174
5.157383918762207,3154,4.905805113063092,2.1167082964176998
5.157383918762207,3155,4.906542379370093,2.11790597393337
5.157383918762207,3156,4.907283263632005,2.1191063294120283
5.157383918762207,3157,4.908027765848824,2.120309362853675
5.157383918762207,3158,4.908775886020553,2.1215150742583098
5.157383918762207,3159,4.909527624147192,2.122723463625933
5.157383918762207,3160,4.91028298022874,2.1239345309565447
5.157383918762207,3161,4.911041954265196,2.125148276250144
5.157383918762207,3162,4.911804546256564,2.1263646995067313
5.157383918762207,3163,4.912570756202838,2.127583800726308
5.157383918762207,3164,4.913340584104024,2.128805579908872
5.157383918762207,3165,4.914114029960118,2.130030037054424
5.157383918762207,3166,4.9148910937711205,2.131257172162965
5.157383918762207,3167,4.915671775537033,2.1324869852344936
5.157383918762207,3168,4.916456075257855,2.133719476269011
5.157383918762207,3169,4.917243992933586,2.134954645266516
5.157383918762207,3170,4.918035528564227,2.1361924922270097
5.157383918762207,3171,4.918830682149775,2.1374330171504914
5.157383918762207,3172,4.919629453690234,2.1386762200369613
5.157383918762207,3173,4.920431843185602,2.139922100886419
5.157383918762207,3174,4.921237850635879,2.1411706596988656
5.157383918762207,3175,4.922047476041065,2.1424218964743
5.157383918762207,3176,4.922860719401161,2.1436758112127228
5.157383918762207,3177,4.9236775807161655,2.1449324039141335
5.157383918762207,3178,4.924498059986079,2.146191674578533
5.157383918762207,3179,4.9253221572109025,2.14745362320592
5.157383918762207,3180,4.926149872390635,2.1487182497962958
5.157383918762207,3181,4.926981205525276,2.1499855543496595
5.157383918762207,3182,4.927816156614829,2.1512555368660116
5.157383918762207,3183,4.928654725659289,2.152528197345352
5.157383918762207,3184,4.929496912658657,2.1538035357876804
5.157383918762207,3185,4.930342717612937,2.1550815521929967
5.157383918762207,3186,4.931192140522124,2.1563622465613017
5.157383918762207,3187,4.932045181386222,2.1576456188925945
5.157383918762207,3188,4.932901840205228,2.1589316691868756
5.157383918762207,3189,4.9337621169791435,2.1602203974441454
5.157383918762207,3190,4.9346260117079686,2.161511803664403
5.157383918762207,3191,4.935493524391703,2.1628058878476493
5.157383918762207,3192,4.936364655030346,2.164102649993883
5.157383918762207,3193,4.937239403623899,2.1654020901031052
5.157383918762207,3194,4.938117770172361,2.1667042081753163
5.157383918762207,3195,4.938999754675732,2.1680090042105147
5.157383918762207,3196,4.939885357134012,2.1693164782087013
5.157383918762207,3197,4.940774577547201,2.1706266301698767
5.157383918762207,3198,4.9416674159153,2.1719394600940403
5.157383918762207,3199,4.942563872238308,2.1732549679811917
5.157383918762207,3200,4.943463946516225,2.1745731538313313
5.157383918762207,3201,4.944367638749052,2.175894017644459
5.157383918762207,3202,4.945274948936788,2.177217559420576
5.157383918762207,3203,4.946185877079432,2.1785437791596802
5.157383918762207,3204,4.947100423176987,2.179872676861773
5.157383918762207,3205,4.948018587229449,2.1812042525268533
5.157383918762207,3206,4.948940369236823,2.1825385061549225
5.157383918762207,3207,4.949865769199104,2.18387543774598
5.157383918762207,3208,4.950794787116296,2.1852150473000256
5.157383918762207,3209,4.951727422988396,2.186557334817059
5.157383918762207,3210,4.952663676815405,2.1879023002970808
5.157383918762207,3211,4.953603548597324,2.189249943740091
5.157383918762207,3212,4.954547038334152,2.1906002651460894
5.157383918762207,3213,4.955494146025889,2.191953264515076
5.157383918762207,3214,4.956444871672536,2.193308941847051
5.157383918762207,3215,4.9573992152740916,2.194667297142014
5.157383918762207,3216,4.958357176830557,2.196028330399965
5.157383918762207,3217,4.959318756341931,2.1973920416209047
5.157383918762207,3218,4.960283953808214,2.198758430804832
5.157383918762207,3219,4.961252769229407,2.2001274979517476
5.157383918762207,3220,4.962225202605509,2.201499243061652
5.157383918762207,3221,4.9632012539365205,2.202873666134544
5.157383918762207,3222,4.9641809232224405,2.2042507671704246
5.157383918762207,3223,4.9651642104632705,2.205630546169293
5.157383918762207,3224,4.9661511156590095,2.20701300313115
5.157383918762207,3225,4.967141638809657,2.208398138055995
5.157383918762207,3226,4.968135779915214,2.2097859509438282
5.157383918762207,3227,4.969133538975681,2.21117644179465
5.157383918762207,3228,4.970134915991057,2.2125696106084596
5.157383918762207,3229,4.971139910961342,2.2139654573852576
5.157383918762207,3230,4.972148523886537,2.2153639821250435
5.157383918762207,3231,4.973160754766639,2.2167651848278176
5.157383918762207,3232,4.974176603601652,2.218169065493581
5.157383918762207,3233,4.975196070391575,2.219575624122331
5.157383918762207,3234,4.9762191551364054,2.2209848607140703
5.157383918762207,3235,4.977245857836146,2.222396775268797
5.157383918762207,3236,4.978276178490796,2.223811367786513
5.157383918762207,3237,4.979310117100354,2.2252286382672164
5.157383918762207,3238,4.980347673664823,2.2266485867109083
5.157383918762207,3239,4.9813888481842,2.2280712131175884
5.157383918762207,3240,4.982433640658487,2.2294965174872567
5.157383918762207,3241,4.983482051087682,2.230924499819913
5.157383918762207,3242,4.984534079471787,2.2323551601155573
5.157383918762207,3243,4.985589725810802,2.2337884983741905
5.157383918762207,3244,4.986648990104726,2.2352245145958114
5.157383918762207,3245,4.987711872353558,2.2366632087804206
5.157383918762207,3246,4.9887783725573,2.238104580928018
5.157383918762207,3247,4.989848490715952,2.2395486310386037
5.157383918762207,3248,4.990922226829511,2.2409953591121776
5.157383918762207,3249,4.991999580897981,2.2424447651487394
5.157383918762207,3250,4.99308055292136,2.24389684914829
5.157383918762207,3251,4.994165142899648,2.2453516111108285
5.157383918762207,3252,4.995253350832845,2.2468090510363554
5.157383918762207,3253,4.996345176720952,2.2482691689248706
5.157383918762207,3254,4.997440620563968,2.2497319647763736
5.157383918762207,3255,4.998539682361893,2.251197438590865
5.157383918762207,3256,4.999642362114727,2.252665590368345
5.157383918762207,3257,5.000748659822472,2.2541364201088125
5.157383918762207,3258,5.001858575485125,2.2556099278122685
5.157383918762207,3259,5.002972109102686,2.257086113478713
5.157383918762207,3260,5.004089260675158,2.2585649771081453
5.157383918762207,3261,5.005210030202538,2.2600465187005656
5.157383918762207,3262,5.006334417684828,2.2615307382559746
5.157383918762207,3263,5.007462423122027,2.263017635774372
5.157383918762207,3264,5.008594046514135,2.264507211255757
5.157383918762207,3265,5.009729287861153,2.2659994647001307
5.157383918762207,3266,5.010868147163079,2.2674943961074923
5.157383918762207,3267,5.012010624419915,2.268992005477842
5.157383918762207,3268,5.01315671963166,2.2704922928111806
5.157383918762207,3269,5.014306432798315,2.271995258107507
5.157383918762207,3270,5.015459763919878,2.2735009013668215
5.157383918762207,3271,5.016616712996351,2.2750092225891243
5.157383918762207,3272,5.017777280027734,2.2765202217744154
5.157383918762207,3273,5.0189414650140245,2.2780338989226943
5.157383918762207,3274,5.020109267955226,2.2795502540339614
5.157383918762207,3275,5.021280688851335,2.2810692871082177
5.157383918762207,3276,5.022455727702354,2.2825909981454613
5.157383918762207,3277,5.0236343845082825,2.284115387145693
5.157383918762207,3278,5.02481665926912,2.2856424541089133
5.157383918762207,3279,5.026002551984867,2.287172199035122
5.157383918762207,3280,5.027192062655523,2.288704621924319
5.157383918762207,3281,5.028385191281088,2.2902397227765037
5.157383918762207,3282,5.029581937861562,2.2917775015916764
5.157383918762207,3283,5.030782302396947,2.293317958369838
5.157383918762207,3284,5.03198628488724,2.294861093110988
5.157383918762207,3285,5.033193885332441,2.2964069058151253
5.157383918762207,3286,5.034405103732553,2.297955396482251
5.157383918762207,3287,5.0356199400875745,2.2995065651123654
5.157383918762207,3288,5.036838394397503,2.3010604117054676
5.157383918762207,3289,5.038060466662342,2.3026169362615585
5.157383918762207,3290,5.039286156882091,2.3041761387806368
5.157383918762207,3291,5.040515465056749,2.305738019262704
5.157383918762207,3292,5.0417483911863155,2.3073025777077594
5.157383918762207,3293,5.042984935270791,2.308869814115803
5.157383918762207,3294,5.044225097310177,2.310439728486834
5.157383918762207,3295,5.045468877304471,2.312012320820854
5.157383918762207,3296,5.046716275253675,2.3135875911178623
5.157383918762207,3297,5.0479672911577875,2.3151655393778587
5.157383918762207,3298,5.049221925016811,2.316746165600843
5.157383918762207,3299,5.0504801768307415,2.3183294697868155
5.157383918762207,3300,5.051742046599582,2.3199154519357763
5.157383918762207,3301,5.053007534323332,2.3215041120477258
5.157383918762207,3302,5.054276640001991,2.323095450122663
5.157383918762207,3303,5.05554936363556,2.3246894661605886
5.157383918762207,3304,5.056825705224037,2.3262861601615024
5.157383918762207,3305,5.0581056647674245,2.3278855321254044
5.157383918762207,3306,5.059389242265721,2.3294875820522947
5.157383918762207,3307,5.060676437718926,2.3310923099421728
5.157383918762207,3308,5.06196725112704,2.3326997157950395
5.157383918762207,3309,5.063261682490064,2.334309799610894
5.157383918762207,3310,5.064559731807997,2.335922561389737
5.157383918762207,3311,5.065861399080839,2.337538001131568
5.157383918762207,3312,5.0671666843085905,2.339156118836388
5.157383918762207,3313,5.0684755874912515,2.3407769145041954
5.157383918762207,3314,5.069788108628822,2.3424003881349913
5.157383918762207,3315,5.071104247721301,2.3440265397287754
5.157383918762207,3316,5.07242400476869,2.3456553692855477
5.157383918762207,3317,5.073747379770987,2.347286876805308
5.157383918762207,3318,5.075074372728194,2.348921062288057
5.157383918762207,3319,5.076404983640311,2.350557925733794
5.157383918762207,3320,5.0777392125073355,2.3521974671425188
5.157383918762207,3321,5.07907705932927,2.3538396865142324
5.157383918762207,3322,5.080418524106114,2.3554845838489338
5.157383918762207,3323,5.0817636068378675,2.357132159146624
5.157383918762207,3324,5.08311230752453,2.358782412407302
5.157383918762207,3325,5.084464626166101,2.3604353436309675
5.157383918762207,3326,5.085820562762581,2.3620909528176224
5.157383918762207,3327,5.087180117313972,2.363749239967265
5.157383918762207,3328,5.088543289820272,2.365410205079896
5.157383918762207,3329,5.089910080281481,2.3670738481555147
5.157383918762207,3330,5.091280488697597,2.3687401691941217
5.157383918762207,3331,5.092654515068625,2.3704091681957173
5.157383918762207,3332,5.094032159394561,2.3720808451603013
5.157383918762207,3333,5.095413421675406,2.3737552000878726
5.157383918762207,3334,5.096798301911162,2.375432232978433
5.157383918762207,3335,5.098186800101825,2.377111943831981
5.157383918762207,3336,5.099578916247398,2.3787943326485177
5.157383918762207,3337,5.10097465034788,2.3804793994280424
5.157383918762207,3338,5.102374002403272,2.3821671441705554
5.157383918762207,3339,5.1037769724135735,2.3838575668760567
5.157383918762207,3340,5.105183560378784,2.385550667544546
5.157383918762207,3341,5.106593766298902,2.3872464461760234
5.157383918762207,3342,5.108007590173932,2.388944902770489
5.157383918762207,3343,5.109425032003869,2.3906460373279432
5.157383918762207,3344,5.110846091788716,2.3923498498483853
5.157383918762207,3345,5.112270769528472,2.394056340331816
5.157383918762207,3346,5.113699065223138,2.3957655087782346
5.157383918762207,3347,5.115130978872712,2.3974773551876414
5.157383918762207,3348,5.116566510477196,2.3991918795600364
5.157383918762207,3349,5.118005660036589,2.4009090818954197
5.157383918762207,3350,5.119448427550893,2.4026289621937913
5.157383918762207,3351,5.1208948130201035,2.4043515204551507
5.157383918762207,3352,5.122344816444224,2.4060767566794983
5.157383918762207,3353,5.123798437823255,2.4078046708668346
5.157383918762207,3354,5.1252556771571935,2.409535263017159
5.157383918762207,3355,5.126716534446043,2.4112685331304715
5.157383918762207,3356,5.128181009689801,2.413004481206772
5.157383918762207,3357,5.129649102888468,2.4147431072460614
5.157383918762207,3358,5.131120814042044,2.416484411248338
5.157383918762207,3359,5.132596143150529,2.4182283932136035
5.157383918762207,3360,5.1340750902139245,2.419975053141857
5.157383918762207,3361,5.135557655232229,2.421724391033099
5.157383918762207,3362,5.137043838205442,2.423476406887329
5.157383918762207,3363,5.1385336391335645,2.425231100704547
5.157383918762207,3364,5.140027058016596,2.426988472484754
5.157383918762207,3365,5.141524094854537,2.428748522227948
5.157383918762207,3366,5.143024749647386,2.4305112499341313
5.157383918762207,3367,5.144529022395147,2.432276655603302
5.157383918762207,3368,5.146036913097815,2.4340447392354614
5.157383918762207,3369,5.147548421755394,2.435815500830609
5.157383918762207,3370,5.149063548367881,2.4375889403887445
5.157383918762207,3371,5.150582292935277,2.4393650579098685
5.157383918762207,3372,5.152104655457583,2.4411438533939807
5.157383918762207,3373,5.153630635934798,2.4429253268410807
5.157383918762207,3374,5.155160234366921,2.4447094782511694
5.157383918762207,3375,5.156693450753955,2.446496307624246
5.157383918762207,3376,5.158230285095898,2.448285814960311
5.157383918762207,3377,5.1597707373927495,2.4500780002593636
5.157383918762207,3378,5.16131480764451,2.4518728635214053
5.157383918762207,3379,5.162862495851181,2.4536704047464353
5.157383918762207,3380,5.16441380201276,2.455470623934453
5.157383918762207,3381,5.165968726129249,2.457273521085459
5.157383918762207,3382,5.167527268200647,2.459079096199453
5.157383918762207,3383,5.169089428226954,2.460887349276436
5.157383918762207,3384,5.1706552062081705,2.462698280316406
5.157383918762207,3385,5.172224602144295,2.4645118893193647
5.157383918762207,3386,5.173797616035331,2.4663281762853124
5.157383918762207,3387,5.175374247881276,2.4681471412142475
5.157383918762207,3388,5.176954497682129,2.469968784106171
5.157383918762207,3389,5.178538365437891,2.4717931049610824
5.157383918762207,3390,5.1801258511485635,2.4736201037789827
5.157383918762207,3391,5.181716954814144,2.4754497805598707
5.157383918762207,3392,5.183311676434634,2.477282135303747
5.157383918762207,3393,5.1849100160100345,2.4791171680106117
5.157383918762207,3394,5.186511973540343,2.480954878680464
5.157383918762207,3395,5.188117549025561,2.482795267313305
5.157383918762207,3396,5.189726742465687,2.4846383339091345
5.157383918762207,3397,5.1913395538607245,2.486484078467952
5.157383918762207,3398,5.192955983210671,2.4883325009897574
5.157383918762207,3399,5.194576030515526,2.490183601474551
5.157383918762207,3400,5.19619969577529,2.4920373799223334
5.157383918762207,3401,5.197826978989964,2.4938938363331036
5.157383918762207,3402,5.199457880159545,2.495752970706862
5.157383918762207,3403,5.201092399284038,2.4976147830436086
5.157383918762207,3404,5.202730536363439,2.4994792733433435
5.157383918762207,3405,5.204372291397749,2.5013464416060662
5.157383918762207,3406,5.20601766438697,2.503216287831778
5.157383918762207,3407,5.2076666553310975,2.5050888120204773
5.157383918762207,3408,5.209319264230135,2.506964014172165
5.157383918762207,3409,5.210975491084083,2.508841894286841
5.157383918762207,3410,5.21263533589294,2.5107224523645053
5.157383918762207,3411,5.2142987986567055,2.5126056884051575
5.157383918762207,3412,5.21596587937538,2.514491602408798
5.157383918762207,3413,5.217636578048964,2.5163801943754267
5.157383918762207,3414,5.2193108946774585,2.5182714643050437
5.157383918762207,3415,5.22098882926086,2.520165412197649
5.157383918762207,3416,5.222670381799173,2.5220620380532424
5.157383918762207,3417,5.224355552292393,2.523961341871824
5.157383918762207,3418,5.226044340740525,2.525863323653394
5.157383918762207,3419,5.227736747143564,2.527767983397952
5.157383918762207,3420,5.2294327715015125,2.529675321105498
5.157383918762207,3421,5.231132413814371,2.5315853367760326
5.157383918762207,3422,5.232835674082139,2.5334980304095556
5.157383918762207,3423,5.234542552304815,2.535413402006066
5.157383918762207,3424,5.236253048482401,2.5373314515655654
5.157383918762207,3425,5.237967162614896,2.5392521790880522
5.157383918762207,3426,5.2396848947023,2.5411755845735278
5.157383918762207,3427,5.2414062447446135,2.5431016680219916
5.157383918762207,3428,5.243131212741837,2.5450304294334436
5.157383918762207,3429,5.244859798693968,2.5469618688078834
5.157383918762207,3430,5.24659200260101,2.548895986145312
5.157383918762207,3431,5.24832782446296,2.5508327814457283
5.157383918762207,3432,5.250067264279821,2.5527722547091334
5.157383918762207,3433,5.251810322051589,2.5547144059355262
5.157383918762207,3434,5.253556997778267,2.556659235124908
5.157383918762207,3435,5.255307291459854,2.5586067422772767
5.157383918762207,3436,5.257061203096351,2.5605569273926343
5.157383918762207,3437,5.2588187326877565,2.56250979047098
5.157383918762207,3438,5.260579880234072,2.5644653315123143
5.157383918762207,3439,5.262344645735297,2.5664235505166366
5.157383918762207,3440,5.26411302919143,2.5683844474839472
5.157383918762207,3441,5.265885030602473,2.570348022414246
5.157383918762207,3442,5.267660649968425,2.5723142753075328
5.157383918762207,3443,5.269439887289287,2.5742832061638077
5.157383918762207,3444,5.271222742565056,2.576254814983071
5.157383918762207,3445,5.273009215795737,2.5782291017653227
5.157383918762207,3446,5.274799306981326,2.5802060665105624
5.157383918762207,3447,5.276593016121824,2.5821857092187903
5.157383918762207,3448,5.278390343217231,2.5841680298900065
5.157383918762207,3449,5.280191288267549,2.586153028524211
5.157383918762207,3450,5.281995851272774,2.5881407051214036
5.157383918762207,3451,5.28380403223291,2.590131059681584
5.157383918762207,3452,5.285615831147954,2.5921240922047533
5.157383918762207,3453,5.287431248017907,2.5941198026909102
5.157383918762207,3454,5.2892502828427705,2.596118191140056
5.157383918762207,3455,5.291072935622543,2.5981192575521894
5.157383918762207,3456,5.292899206357224,2.600123001927311
5.157383918762207,3457,5.294729095046814,2.602129424265421
5.157383918762207,3458,5.296562601691313,2.6041385245665194
5.157383918762207,3459,5.2983997262907225,2.6061503028306063
5.157383918762207,3460,5.300240468845042,2.6081647590576806
5.157383918762207,3461,5.302084829354269,2.6101818932477436
5.157383918762207,3462,5.303932807818406,2.6122017054007944
5.157383918762207,3463,5.3057844042374525,2.614224195516834
5.157383918762207,3464,5.3076396186114065,2.6162493635958617
5.157383918762207,3465,5.309498450940271,2.6182772096378772
5.157383918762207,3466,5.311360901224045,2.620307733642881
5.157383918762207,3467,5.313226969462729,2.6223409356108736
5.157383918762207,3468,5.315096655656321,2.6243768155418543
5.157383918762207,3469,5.316969959804822,2.626415373435823
5.157383918762207,3470,5.318846881908232,2.6284566092927797
5.157383918762207,3471,5.320727421966552,2.6305005231127248
5.157383918762207,3472,5.322611579979782,2.6325471148956576
5.157383918762207,3473,5.32449935594792,2.634596384641579
5.157383918762207,3474,5.326390749870968,2.6366483323504886
5.157383918762207,3475,5.3282857617489245,2.6387029580223866
5.157383918762207,3476,5.330184391581791,2.640760261657273
5.157383918762207,3477,5.332086639369566,2.6428202432551466
5.157383918762207,3478,5.333992505112251,2.6448829028160095
5.157383918762207,3479,5.3359019888098445,2.64694824033986
5.157383918762207,3480,5.337815090462347,2.649016255826699
5.157383918762207,3481,5.339731810069759,2.651086949276526
5.157383918762207,3482,5.341652147632081,2.6531603206893415
5.157383918762207,3483,5.343576103149312,2.6552363700651447
5.157383918762207,3484,5.345503676621451,2.657315097403937
5.157383918762207,3485,5.347434868048501,2.6593965027057167
5.157383918762207,3486,5.349369677430459,2.6614805859704846
5.157383918762207,3487,5.351308104767326,2.6635673471982413
5.157383918762207,3488,5.353250150059104,2.6656567863889857
5.157383918762207,3489,5.35519581330579,2.667748903542719
5.157383918762207,3490,5.357145094507385,2.66984369865944
5.157383918762207,3491,5.35909799366389,2.671941171739149
5.157383918762207,3492,5.361054510775303,2.674041322781846
5.157383918762207,3493,5.363014645841626,2.6761441517875317
5.157383918762207,3494,5.364978398862859,2.6782496587562057
5.157383918762207,3495,5.366945769839001,2.680357843687868
5.157383918762207,3496,5.368916758770051,2.682468706582518
5.157383918762207,3497,5.370891365656011,2.6845822474401566
5.157383918762207,3498,5.37286959049688,2.6866984662607836
5.157383918762207,3499,5.374851433292658,2.6888173630443983
5.157383918762207,3500,5.376836894043347,2.6909389377910014
5.157383918762207,3501,5.378825972748944,2.693063190500593
5.157383918762207,3502,5.380818669409449,2.695190121173172
5.157383918762207,3503,5.382814984024865,2.6973197298087404
5.157383918762207,3504,5.3848149165951895,2.699452016407296
5.157383918762207,3505,5.386818467120423,2.70158698096884
5.157383918762207,3506,5.388825635600567,2.7037246234933727
5.157383918762207,3507,5.388825635600567,2.7037246234933727
5.157383918762207,3508,5.389830124329365,2.7047941142463863
5.157383918762207,3509,5.390834613058165,2.7058636049993994
5.157383918762207,3510,5.391839101786963,2.7069330957524125
5.157383918762207,3511,5.392843590515762,2.7080025865054256
5.157383918762207,3512,5.393848079244561,2.709072077258439
5.157383918762207,3513,5.39485256797336,2.7101415680114522
5.157383918762207,3514,5.395857056702158,2.7112110587644658
5.157383918762207,3515,5.396861545430958,2.7122805495174784
5.157383918762207,3516,5.397866034159756,2.713350040270492
5.157383918762207,3517,5.398870522888555,2.714419531023505
5.157383918762207,3518,5.399875011617354,2.7154890217765186
5.157383918762207,3519,5.400879500346153,2.7165585125295317
5.157383918762207,3520,5.4018839890749515,2.717628003282545
5.157383918762207,3521,5.402888477803751,2.718697494035558
5.157383918762207,3522,5.403892966532549,2.7197669847885715
5.157383918762207,3523,5.404897455261349,2.720836475541585
5.157383918762207,3524,5.4059019439901475,2.721905966294598
5.157383918762207,3525,5.406906432718946,2.7229754570476112
5.157383918762207,3526,5.407910921447745,2.7240449478006243
5.157383918762207,3527,5.408915410176544,2.725114438553638
5.157383918762207,3528,5.4099198989053425,2.726183929306651
5.157383918762207,3529,5.410924387634142,2.7272534200596645
5.157383918762207,3530,5.41192887636294,2.728322910812677
5.157383918762207,3531,5.412933365091739,2.7293924015656907
5.157383918762207,3532,5.4139378538205385,2.730461892318704
5.157383918762207,3533,5.414942342549337,2.7315313830717174
5.157383918762207,3534,5.415946831278135,2.7326008738247305
5.157383918762207,3535,5.416951320006935,2.7336703645777436
5.157383918762207,3536,5.417955808735734,2.7347398553307567
5.157383918762207,3537,5.418960297464532,2.7358093460837702
5.157383918762207,3538,5.419964786193331,2.7368788368367833
5.157383918762207,3539,5.42096927492213,2.737948327589797
5.157383918762207,3540,5.421973763650929,2.73901781834281
5.157383918762207,3541,5.422978252379728,2.740087309095823
5.157383918762207,3542,5.423982741108526,2.7411567998488366
5.157383918762207,3543,5.424987229837325,2.7422262906018497
5.157383918762207,3544,5.425991718566125,2.7432957813548633
5.157383918762207,3545,5.426996207294924,2.7443652721078764
5.157383918762207,3546,5.428000696023722,2.74543476286089
5.157383918762207,3547,5.429005184752521,2.746504253613903
5.157383918762207,3548,5.430009673481321,2.7475737443669166
5.157383918762207,3549,5.431014162210119,2.7486432351199293
5.157383918762207,3550,5.432018650938918,2.749712725872943
5.157383918762207,3551,5.433023139667717,2.750782216625956
5.157383918762207,3552,5.434027628396516,2.7518517073789694
5.157383918762207,3553,5.435032117125315,2.7529211981319825
5.157383918762207,3554,5.436036605854113,2.7539906888849957
5.157383918762207,3555,5.437041094582912,2.7550601796380088
5.157383918762207,3556,5.438045583311712,2.7561296703910223
5.157383918762207,3557,5.43905007204051,2.757199161144036
5.157383918762207,3558,5.440054560769308,2.758268651897049
5.157383918762207,3559,5.441059049498108,2.759338142650062
5.157383918762207,3560,5.442063538226907,2.760407633403075
5.157383918762207,3561,5.4430680269557055,2.7614771241560887
5.157383918762207,3562,5.444072515684505,2.762546614909102
5.157383918762207,3563,5.445077004413303,2.7636161056621154
5.157383918762207,3564,5.446081493142102,2.764685596415128
5.157383918762207,3565,5.447085981870901,2.7657550871681416
5.157383918762207,3566,5.4480904705997,2.7668245779211547
5.157383918762207,3567,5.449094959328498,2.767894068674168
5.157383918762207,3568,5.450099448057298,2.7689635594271813
5.157383918762207,3569,5.4511039367860965,2.7700330501801944
5.157383918762207,3570,5.452108425514895,2.7711025409332075
5.157383918762207,3571,5.453112914243694,2.772172031686221
5.157383918762207,3572,5.454117402972493,2.7732415224392346
5.157383918762207,3573,5.455121891701292,2.7743110131922477
5.157383918762207,3574,5.456126380430091,2.775380503945261
5.157383918762207,3575,5.457130869158889,2.776449994698274
5.157383918762207,3576,5.458135357887688,2.7775194854512875
5.157383918762207,3577,5.4591398466164875,2.7785889762043006
5.157383918762207,3578,5.460144335345286,2.779658466957314
5.157383918762207,3579,5.461148824074085,2.7807279577103268
5.157383918762207,3580,5.462153312802884,2.7817974484633403
5.157383918762207,3581,5.463157801531683,2.7828669392163534
5.157383918762207,3582,5.464162290260482,2.783936429969367
5.157383918762207,3583,5.46516677898928,2.78500592072238
5.157383918762207,3584,5.466171267718079,2.786075411475393
5.157383918762207,3585,5.467175756446879,2.7871449022284063
5.157383918762207,3586,5.468180245175677,2.78821439298142
5.157383918762207,3587,5.469184733904475,2.7892838837344334
5.157383918762207,3588,5.470189222633275,2.7903533744874465
5.157383918762207,3589,5.471193711362074,2.7914228652404596
5.157383918762207,3590,5.472198200090872,2.7924923559934727
5.157383918762207,3591,5.473202688819671,2.7935618467464858
5.157383918762207,3592,5.47420717754847,2.7946313374994993
5.157383918762207,3593,5.475211666277269,2.795700828252513
5.157383918762207,3594,5.476216155006068,2.7967703190055255
5.157383918762207,3595,5.477220643734867,2.797839809758539
5.157383918762207,3596,5.478225132463666,2.7989093005115526
5.157383918762207,3597,5.479229621192465,2.7999787912645657
5.157383918762207,3598,5.480234109921264,2.801048282017579
5.157383918762207,3599,5.481238598650062,2.8021177727705924
5.157383918762207,3600,5.482243087378861,2.8031872635236055
5.157383918762207,3601,5.483247576107661,2.804256754276619
5.157383918762207,3602,5.484252064836459,2.8053262450296317
5.157383918762207,3603,5.485256553565257,2.8063957357826452
5.157383918762207,3604,5.486261042294057,2.8074652265356583
5.157383918762207,3605,5.487265531022856,2.808534717288672
5.157383918762207,3606,5.488270019751655,2.8096042080416854
5.157383918762207,3607,5.489274508480454,2.810673698794698
5.157383918762207,3608,5.490278997209252,2.8117431895477116
5.157383918762207,3609,5.491283485938052,2.8128126803007247
5.157383918762207,3610,5.4922879746668505,2.8138821710537383
5.157383918762207,3611,5.493292463395649,2.8149516618067514
5.157383918762207,3612,5.494296952124448,2.816021152559764
5.157383918762207,3613,5.495301440853247,2.8170906433127776
5.157383918762207,3614,5.496305929582046,2.818160134065791
5.157383918762207,3615,5.497310418310844,2.8192296248188042
5.157383918762207,3616,5.498314907039643,2.820299115571818
5.157383918762207,3617,5.499319395768442,2.8213686063248304
5.157383918762207,3618,5.5003238844972415,2.822438097077844
5.157383918762207,3619,5.501328373226039,2.823507587830857
5.157383918762207,3620,5.502332861954838,2.8245770785838706
5.157383918762207,3621,5.503337350683638,2.825646569336884
5.157383918762207,3622,5.504341839412437,2.826716060089897
5.157383918762207,3623,5.5053463281412345,2.8277855508429104
5.157383918762207,3624,5.506350816870034,2.8288550415959235
5.157383918762207,3625,5.507355305598833,2.829924532348937
5.157383918762207,3626,5.508359794327632,2.83099402310195
5.157383918762207,3627,5.509364283056431,2.832063513854963
5.157383918762207,3628,5.510368771785229,2.8331330046079763
5.157383918762207,3629,5.511373260514028,2.83420249536099
5.157383918762207,3630,5.512377749242828,2.835271986114003
5.157383918762207,3631,5.513382237971626,2.8363414768670165
5.157383918762207,3632,5.514386726700424,2.8374109676200296
5.157383918762207,3633,5.515391215429224,2.8384804583730427
5.157383918762207,3634,5.516395704158023,2.839549949126056
5.157383918762207,3635,5.5174001928868215,2.8406194398790694
5.157383918762207,3636,5.51840468161562,2.841688930632083
5.157383918762207,3637,5.519409170344419,2.842758421385096
5.157383918762207,3638,5.520413659073218,2.843827912138109
5.157383918762207,3639,5.521418147802017,2.8448974028911223
5.157383918762207,3640,5.522422636530816,2.8459668936441354
5.157383918762207,3641,5.523427125259615,2.847036384397149
5.157383918762207,3642,5.524431613988414,2.848105875150162
5.157383918762207,3643,5.5254361027172125,2.8491753659031755
5.157383918762207,3644,5.526440591446011,2.8502448566561887
5.157383918762207,3645,5.52744508017481,2.8513143474092018
5.157383918762207,3646,5.528449568903609,2.852383838162215
5.157383918762207,3647,5.529454057632408,2.8534533289152284
5.157383918762207,3648,5.530458546361206,2.854522819668242
5.157383918762207,3649,5.531463035090006,2.8555923104212546
5.157383918762207,3650,5.532467523818804,2.856661801174268
5.157383918762207,3651,5.533472012547604,2.8577312919272813
5.157383918762207,3652,5.534476501276402,2.8588007826802944
5.157383918762207,3653,5.535480990005201,2.859870273433308
5.157383918762207,3654,5.536485478734,2.860939764186321
5.157383918762207,3655,5.537489967462799,2.862009254939334
5.157383918762207,3656,5.538494456191597,2.8630787456923477
5.157383918762207,3657,5.539498944920396,2.8641482364453608
5.157383918762207,3658,5.540503433649195,2.865217727198374
5.157383918762207,3659,5.541507922377994,2.8662872179513874
5.157383918762207,3660,5.5425124111067925,2.8673567087044005
5.157383918762207,3661,5.543516899835591,2.8684261994574136
5.157383918762207,3662,5.544521388564391,2.869495690210427
5.157383918762207,3663,5.545525877293189,2.8705651809634403
5.157383918762207,3664,5.5465303660219885,2.8716346717164534
5.157383918762207,3665,5.547534854750787,2.872704162469467
5.157383918762207,3666,5.548539343479586,2.87377365322248
5.157383918762207,3667,5.549543832208385,2.874843143975493
5.157383918762207,3668,5.5505483209371835,2.8759126347285067
5.157383918762207,3669,5.551552809665983,2.8769821254815198
5.157383918762207,3670,5.552557298394781,2.878051616234533
5.157383918762207,3671,5.553561787123581,2.8791211069875464
5.157383918762207,3672,5.5545662758523795,2.8801905977405595
5.157383918762207,3673,5.555570764581178,2.8812600884935726
5.157383918762207,3674,5.556575253309977,2.882329579246586
5.157383918762207,3675,5.557579742038776,2.8833990699995993
5.157383918762207,3676,5.558584230767575,2.8844685607526124
5.157383918762207,3677,5.559588719496373,2.885538051505626
5.157383918762207,3678,5.560593208225173,2.8866075422586395
5.157383918762207,3679,5.561597696953971,2.887677033011652
5.157383918762207,3680,5.5626021856827705,2.8887465237646657
5.157383918762207,3681,5.563606674411569,2.889816014517679
5.157383918762207,3682,5.564611163140368,2.890885505270692
5.157383918762207,3683,5.565615651869168,2.8919549960237054
5.157383918762207,3684,5.566620140597966,2.893024486776719
5.157383918762207,3685,5.567624629326765,2.8940939775297316
5.157383918762207,3686,5.568629118055564,2.895163468282745
5.157383918762207,3687,5.569633606784363,2.8962329590357587
5.157383918762207,3688,5.570638095513162,2.897302449788772
5.157383918762207,3689,5.57164258424196,2.898371940541785
5.157383918762207,3690,5.572647072970759,2.8994414312947985
5.157383918762207,3691,5.573651561699558,2.9005109220478116
5.157383918762207,3692,5.5746560504283575,2.9015804128008247
5.157383918762207,3693,5.575660539157155,2.9026499035538382
5.157383918762207,3694,5.576665027885955,2.9037193943068513
5.157383918762207,3695,5.577669516614754,2.9047888850598644
5.157383918762207,3696,5.578674005343553,2.905858375812878
5.157383918762207,3697,5.579678494072351,2.906927866565891
5.157383918762207,3698,5.58068298280115,2.907997357318904
5.157383918762207,3699,5.58168747152995,2.9090668480719177
5.157383918762207,3700,5.582691960258748,2.910136338824931
5.157383918762207,3701,5.583696448987547,2.911205829577944
5.157383918762207,3702,5.584700937716345,2.9122753203309575
5.157383918762207,3703,5.585705426445145,2.9133448110839706
5.157383918762207,3704,5.586709915173943,2.9144143018369837
5.157383918762207,3705,5.587714403902742,2.9154837925899972
5.157383918762207,3706,5.58871889263154,2.9165532833430103
5.157383918762207,3707,5.58972338136034,2.9176227740960234
5.157383918762207,3708,5.590727870089139,2.918692264849037
5.157383918762207,3709,5.5917323588179375,2.91976175560205
5.157383918762207,3710,5.592736847546736,2.920831246355063
5.157383918762207,3711,5.593741336275535,2.9219007371080767
5.157383918762207,3712,5.594745825004335,2.9229702278610903
5.157383918762207,3713,5.595750313733133,2.924039718614103
5.157383918762207,3714,5.596754802461932,2.9251092093671165
5.157383918762207,3715,5.597759291190731,2.9261787001201296
5.157383918762207,3716,5.59876377991953,2.9272481908731427
5.157383918762207,3717,5.5997682686483286,2.9283176816261562
5.157383918762207,3718,5.600772757377127,2.92938717237917
5.157383918762207,3719,5.601777246105927,2.930456663132183
5.157383918762207,3720,5.602781734834725,2.931526153885196
5.157383918762207,3721,5.6037862235635245,2.9325956446382095
5.157383918762207,3722,5.604790712292323,2.9336651353912226
5.157383918762207,3723,5.605795201021122,2.9347346261442357
5.157383918762207,3724,5.606799689749921,2.9358041168972493
5.157383918762207,3725,5.60780417847872,2.9368736076502624
5.157383918762207,3726,5.608808667207519,2.9379430984032755
5.157383918762207,3727,5.609813155936317,2.939012589156289
5.157383918762207,3728,5.610817644665117,2.940082079909302
5.157383918762207,3729,5.611822133393916,2.9411515706623153
5.157383918762207,3730,5.612826622122714,2.942221061415329
5.157383918762207,3731,5.613831110851513,2.943290552168342
5.157383918762207,3732,5.614835599580312,2.944360042921355
5.157383918762207,3733,5.615840088309111,2.9454295336743685
5.157383918762207,3734,5.616844577037909,2.9464990244273817
5.157383918762207,3735,5.617849065766709,2.9475685151803948
5.157383918762207,3736,5.618853554495508,2.9486380059334083
5.157383918762207,3737,5.619858043224307,2.9497074966864214
5.157383918762207,3738,5.620862531953105,2.9507769874394345
5.157383918762207,3739,5.621867020681904,2.951846478192448
5.157383918762207,3740,5.622871509410703,2.952915968945461
5.157383918762207,3741,5.623875998139502,2.9539854596984743
5.157383918762207,3742,5.624880486868301,2.955054950451488
5.157383918762207,3743,5.625884975597099,2.9561244412045014
5.157383918762207,3744,5.626889464325899,2.957193931957514
5.157383918762207,3745,5.627893953054697,2.9582634227105276
5.157383918762207,3746,5.628898441783496,2.9593329134635407
5.157383918762207,3747,5.629902930512294,2.9604024042165538
5.157383918762207,3748,5.630907419241094,2.9614718949695673
5.157383918762207,3749,5.631911907969892,2.96254138572258
5.157383918762207,3750,5.6329163966986915,2.9636108764755935
5.157383918762207,3751,5.63392088542749,2.9646803672286066
5.157383918762207,3752,5.634925374156289,2.96574985798162
5.157383918762207,3753,5.635929862885088,2.9668193487346333
5.157383918762207,3754,5.636934351613887,2.967888839487647
5.157383918762207,3755,5.637938840342686,2.96895833024066
5.157383918762207,3756,5.638943329071484,2.970027820993673
5.157383918762207,3757,5.639947817800284,2.9710973117466866
5.157383918762207,3758,5.6409523065290825,2.9721668024996997
5.157383918762207,3759,5.641956795257881,2.9732362932527128
5.157383918762207,3760,5.64296128398668,2.9743057840057263
5.157383918762207,3761,5.643965772715479,2.975375274758739
5.157383918762207,3762,5.644970261444278,2.9764447655117525
5.157383918762207,3763,5.645974750173076,2.977514256264766
5.157383918762207,3764,5.646979238901876,2.978583747017779
5.157383918762207,3765,5.647983727630674,2.9796532377707923
5.157383918762207,3766,5.648988216359474,2.980722728523806
5.157383918762207,3767,5.6499927050882714,2.981792219276819
5.157383918762207,3768,5.650997193817071,2.982861710029832
5.157383918762207,3769,5.652001682545869,2.9839312007828456
5.157383918762207,3770,5.653006171274669,2.9850006915358587
5.157383918762207,3771,5.654010660003467,2.9860701822888718
5.157383918762207,3772,5.655015148732266,2.9871396730418853
5.157383918762207,3773,5.656019637461066,2.9882091637948984
5.157383918762207,3774,5.657024126189864,2.9892786545479115
5.157383918762207,3775,5.658028614918663,2.990348145300925
5.157383918762207,3776,5.659033103647461,2.991417636053938
5.157383918762207,3777,5.660037592376261,2.9924871268069513
5.157383918762207,3778,5.661042081105059,2.993556617559965
5.157383918762207,3779,5.6620465698338585,2.994626108312978
5.157383918762207,3780,5.663051058562657,2.995695599065991
5.157383918762207,3781,5.664055547291456,2.9967650898190046
5.157383918762207,3782,5.665060036020255,2.9978345805720177
5.157383918762207,3783,5.6660645247490535,2.998904071325031
5.157383918762207,3784,5.667069013477853,2.9999735620780443
5.157383918762207,3785,5.668073502206651,3.0010430528310574
5.157383918762207,3786,5.669077990935451,3.0021125435840705
5.157383918762207,3787,5.6700824796642495,3.003182034337084
5.157383918762207,3788,5.671086968393048,3.0042515250900976
5.157383918762207,3789,5.672091457121847,3.0053210158431103
5.157383918762207,3790,5.673095945850646,3.006390506596124
5.157383918762207,3791,5.674100434579445,3.007459997349137
5.157383918762207,3792,5.675104923308243,3.00852948810215
5.157383918762207,3793,5.676109412037043,3.0095989788551636
5.157383918762207,3794,5.677113900765842,3.0106684696081767
5.157383918762207,3795,5.6781183894946405,3.01173796036119
5.157383918762207,3796,5.679122878223438,3.0128074511142033
5.157383918762207,3797,5.680127366952238,3.0138769418672164
5.157383918762207,3798,5.681131855681037,3.0149464326202295
5.157383918762207,3799,5.682136344409836,3.016015923373243
5.157383918762207,3800,5.683140833138634,3.017085414126256
5.157383918762207,3801,5.684145321867433,3.0181549048792693
5.157383918762207,3802,5.685149810596232,3.019224395632283
5.157383918762207,3803,5.686154299325031,3.020293886385296
5.157383918762207,3804,5.68715878805383,3.021363377138309
5.157383918762207,3805,5.688163276782628,3.0224328678913226
5.157383918762207,3806,5.689167765511428,3.023502358644336
5.157383918762207,3807,5.690172254240227,3.024571849397349
5.157383918762207,3808,5.691176742969025,3.0256413401503623
5.157383918762207,3809,5.692181231697824,3.026710830903376
5.157383918762207,3810,5.693185720426623,3.0277803216563886
5.157383918762207,3811,5.694190209155423,3.028849812409402
5.157383918762207,3812,5.6951946978842205,3.029919303162415
5.157383918762207,3813,5.69619918661302,3.0309887939154283
5.157383918762207,3814,5.697203675341819,3.032058284668442
5.157383918762207,3815,5.698208164070618,3.033127775421455
5.157383918762207,3816,5.6992126527994165,3.0341972661744685
5.157383918762207,3817,5.700217141528215,3.0352667569274816
5.157383918762207,3818,5.701221630257014,3.036336247680495
5.157383918762207,3819,5.702226118985813,3.037405738433508
5.157383918762207,3820,5.703230607714612,3.0384752291865214
5.157383918762207,3821,5.704235096443411,3.0395447199395345
5.157383918762207,3822,5.70523958517221,3.040614210692548
5.157383918762207,3823,5.706244073901009,3.041683701445561
5.157383918762207,3824,5.7072485626298075,3.042753192198574
5.157383918762207,3825,5.708253051358606,3.0438226829515878
5.157383918762207,3826,5.709257540087405,3.044892173704601
5.157383918762207,3827,5.710262028816204,3.0459616644576144
5.157383918762207,3828,5.711266517545003,3.047031155210627
5.157383918762207,3829,5.712271006273802,3.0481006459636406
5.157383918762207,3830,5.7132754950026,3.0491701367166537
5.157383918762207,3831,5.7142799837314,3.0502396274696673
5.157383918762207,3832,5.715284472460198,3.0513091182226804
5.157383918762207,3833,5.716288961188997,3.052378608975694
5.157383918762207,3834,5.717293449917796,3.0534480997287066
5.157383918762207,3835,5.718297938646595,3.05451759048172
5.157383918762207,3836,5.7193024273753945,3.0555870812347337
5.157383918762207,3837,5.720306916104192,3.0566565719877468
5.157383918762207,3838,5.721311404832992,3.05772606274076
5.157383918762207,3839,5.72231589356179,3.058795553493773
5.157383918762207,3840,5.72332038229059,3.0598650442467865
5.157383918762207,3841,5.724324871019388,3.0609345349997996
5.157383918762207,3842,5.725329359748187,3.062004025752813
5.157383918762207,3843,5.726333848476986,3.063073516505826
5.157383918762207,3844,5.727338337205785,3.0641430072588394
5.157383918762207,3845,5.728342825934583,3.0652124980118525
5.157383918762207,3846,5.729347314663382,3.066281988764866
5.157383918762207,3847,5.730351803392182,3.0673514795178796
5.157383918762207,3848,5.73135629212098,3.0684209702708927
5.157383918762207,3849,5.732360780849779,3.069490461023906
5.157383918762207,3850,5.733365269578578,3.070559951776919
5.157383918762207,3851,5.734369758307377,3.0716294425299324
5.157383918762207,3852,5.735374247036177,3.0726989332829455
5.157383918762207,3853,5.7363787357649745,3.0737684240359586
5.157383918762207,3854,5.737383224493773,3.074837914788972
5.157383918762207,3855,5.738387713222572,3.0759074055419853
5.157383918762207,3856,5.739392201951372,3.0769768962949984
5.157383918762207,3857,5.7403966906801696,3.078046387048012
5.157383918762207,3858,5.741401179408969,3.0791158778010255
5.157383918762207,3859,5.742405668137767,3.080185368554038
5.157383918762207,3860,5.743410156866567,3.0812548593070517
5.157383918762207,3861,5.7444146455953655,3.0823243500600648
5.157383918762207,3862,5.745419134324164,3.083393840813078
5.157383918762207,3863,5.746423623052963,3.084463331566091
5.157383918762207,3864,5.747428111781762,3.0855328223191045
5.157383918762207,3865,5.7484326005105615,3.086602313072118
5.157383918762207,3866,5.749437089239359,3.087671803825131
5.157383918762207,3867,5.750441577968158,3.0887412945781447
5.157383918762207,3868,5.751446066696958,3.0898107853311574
5.157383918762207,3869,5.752450555425757,3.090880276084171
5.157383918762207,3870,5.753455044154555,3.091949766837184
5.157383918762207,3871,5.754459532883354,3.0930192575901976
5.157383918762207,3872,5.755464021612153,3.0940887483432107
5.157383918762207,3873,5.756468510340952,3.095158239096224
5.157383918762207,3874,5.757472999069751,3.096227729849237
5.157383918762207,3875,5.758477487798549,3.0972972206022504
5.157383918762207,3876,5.759481976527349,3.0983667113552635
5.157383918762207,3877,5.760486465256148,3.0994362021082766
5.157383918762207,3878,5.761490953984946,3.10050569286129
5.157383918762207,3879,5.762495442713744,3.1015751836143033
5.157383918762207,3880,5.763499931442544,3.102644674367317
5.157383918762207,3881,5.764504420171343,3.10371416512033
5.157383918762207,3882,5.7655089089001414,3.1047836558733435
5.157383918762207,3883,5.766513397628941,3.105853146626356
5.157383918762207,3884,5.767517886357739,3.1069226373793697
5.157383918762207,3885,5.768522375086539,3.107992128132383
5.157383918762207,3886,5.769526863815337,3.1090616188853963
5.157383918762207,3887,5.770531352544136,3.1101311096384094
5.157383918762207,3888,5.771535841272934,3.1112006003914225
5.157383918762207,3889,5.772540330001734,3.112270091144436
5.157383918762207,3890,5.7735448187305325,3.113339581897449
5.157383918762207,3891,5.774549307459331,3.1144090726504627
5.157383918762207,3892,5.77555379618813,3.1154785634034754
5.157383918762207,3893,5.776558284916929,3.116548054156489
5.157383918762207,3894,5.7775627736457285,3.117617544909502
5.157383918762207,3895,5.778567262374527,3.1186870356625156
5.157383918762207,3896,5.779571751103325,3.1197565264155287
5.157383918762207,3897,5.780576239832125,3.1208260171685422
5.157383918762207,3898,5.7815807285609235,3.121895507921555
5.157383918762207,3899,5.782585217289722,3.1229649986745684
5.157383918762207,3900,5.783589706018522,3.124034489427582
5.157383918762207,3901,5.78459419474732,3.125103980180595
5.157383918762207,3902,5.785598683476119,3.126173470933608
5.157383918762207,3903,5.786603172204918,3.1272429616866213
5.157383918762207,3904,5.787607660933717,3.128312452439635
5.157383918762207,3905,5.788612149662516,3.129381943192648
5.157383918762207,3906,5.789616638391315,3.1304514339456615
5.157383918762207,3907,5.790621127120113,3.131520924698674
5.157383918762207,3908,5.791625615848913,3.1325904154516877
5.157383918762207,3909,5.792630104577711,3.133659906204701
5.157383918762207,3910,5.79363459330651,3.1347293969577144
5.157383918762207,3911,5.794639082035308,3.1357988877107275
5.157383918762207,3912,5.795643570764108,3.136868378463741
5.157383918762207,3913,5.796648059492906,3.137937869216754
5.157383918762207,3914,5.797652548221706,3.139007359969767
5.157383918762207,3915,5.798657036950504,3.1400768507227808
5.157383918762207,3916,5.799661525679303,3.141146341475794
5.157383918762207,3917,5.800666014408103,3.142215832228807
5.157383918762207,3918,5.801670503136901,3.14328532298182
5.157383918762207,3919,5.8026749918656995,3.1443548137348336
5.157383918762207,3920,5.803679480594499,3.1454243044878467
5.157383918762207,3921,5.804683969323298,3.1464937952408603
5.157383918762207,3922,5.805688458052096,3.147563285993873
5.157383918762207,3923,5.806692946780895,3.1486327767468865
5.157383918762207,3924,5.807697435509694,3.1497022674999
5.157383918762207,3925,5.808701924238493,3.150771758252913
5.157383918762207,3926,5.809706412967292,3.151841249005926
5.157383918762207,3927,5.8107109016960905,3.1529107397589393
5.157383918762207,3928,5.811715390424889,3.153980230511953
5.157383918762207,3929,5.812719879153688,3.155049721264966
5.157383918762207,3930,5.813724367882488,3.1561192120179795
5.157383918762207,3931,5.8147288566112865,3.1571887027709926
5.157383918762207,3932,5.815733345340084,3.1582581935240057
5.157383918762207,3933,5.816737834068884,3.1593276842770193
5.157383918762207,3934,5.817742322797683,3.1603971750300324
5.157383918762207,3935,5.818746811526482,3.161466665783046
5.157383918762207,3936,5.81975130025528,3.162536156536059
5.157383918762207,3937,5.820755788984079,3.163605647289072
5.157383918762207,3938,5.821760277712878,3.1646751380420852
5.157383918762207,3939,5.8227647664416775,3.1657446287950988
5.157383918762207,3940,5.823769255170475,3.166814119548112
5.157383918762207,3941,5.824773743899275,3.167883610301125
5.157383918762207,3942,5.825778232628074,3.1689531010541385
5.157383918762207,3943,5.826782721356873,3.1700225918071516
5.157383918762207,3944,5.827787210085671,3.171092082560165
5.157383918762207,3945,5.82879169881447,3.1721615733131783
5.157383918762207,3946,5.829796187543269,3.173231064066192
5.157383918762207,3947,5.8308006762720686,3.1743005548192045
5.157383918762207,3948,5.831805165000867,3.175370045572218
5.157383918762207,3949,5.832809653729665,3.176439536325231
5.157383918762207,3950,5.833814142458465,3.1775090270782447
5.157383918762207,3951,5.834818631187264,3.1785785178312578
5.157383918762207,3952,5.835823119916062,3.179648008584271
5.157383918762207,3953,5.836827608644861,3.180717499337284
5.157383918762207,3954,5.83783209737366,3.1817869900902975
5.157383918762207,3955,5.838836586102459,3.182856480843311
5.157383918762207,3956,5.839841074831258,3.1839259715963237
5.157383918762207,3957,5.840845563560056,3.1849954623493373
5.157383918762207,3958,5.841850052288855,3.1860649531023504
5.157383918762207,3959,5.842854541017655,3.187134443855364
5.157383918762207,3960,5.843859029746453,3.188203934608377
5.157383918762207,3961,5.844863518475252,3.1892734253613906
5.157383918762207,3962,5.845868007204051,3.1903429161144032
5.157383918762207,3963,5.84687249593285,3.191412406867417
5.157383918762207,3964,5.847876984661649,3.19248189762043
5.157383918762207,3965,5.848881473390448,3.1935513883734434
5.157383918762207,3966,5.849885962119246,3.1946208791264565
5.157383918762207,3967,5.850890450848045,3.1956903698794696
5.157383918762207,3968,5.8518949395768445,3.196759860632483
5.157383918762207,3969,5.852899428305643,3.1978293513854963
5.157383918762207,3970,5.853903917034442,3.19889884213851
5.157383918762207,3971,5.854908405763241,3.1999683328915225
5.157383918762207,3972,5.8559128944920396,3.201037823644536
5.157383918762207,3973,5.856917383220839,3.202107314397549
5.157383918762207,3974,5.857921871949637,3.2031768051505627
5.157383918762207,3975,5.858926360678436,3.204246295903576
5.157383918762207,3976,5.8599308494072355,3.2053157866565893
5.157383918762207,3977,5.860935338136034,3.2063852774096024
5.157383918762207,3978,5.861939826864833,3.2074547681626155
5.157383918762207,3979,5.862944315593632,3.208524258915629
5.157383918762207,3980,5.863948804322431,3.209593749668642
5.157383918762207,3981,5.864953293051229,3.2106632404216553
5.157383918762207,3982,5.865957781780029,3.2117327311746684
5.157383918762207,3983,5.866962270508827,3.212802221927682
5.157383918762207,3984,5.867966759237626,3.213871712680695
5.157383918762207,3985,5.868971247966425,3.2149412034337086
5.157383918762207,3986,5.869975736695224,3.2160106941867213
5.157383918762207,3987,5.870980225424023,3.217080184939735
5.157383918762207,3988,5.871984714152821,3.2181496756927483
5.157383918762207,3989,5.87298920288162,3.2192191664457614
5.157383918762207,3990,5.873993691610419,3.2202886571987746
5.157383918762207,3991,5.874998180339218,3.2213581479517877
5.157383918762207,3992,5.876002669068018,3.222427638704801
5.157383918762207,3993,5.8770071577968155,3.2234971294578143
5.157383918762207,3994,5.878011646525614,3.224566620210828
5.157383918762207,3995,5.879016135254414,3.2256361109638405
5.157383918762207,3996,5.880020623983213,3.226705601716854
5.157383918762207,3997,5.8810251127120114,3.2277750924698676
5.157383918762207,3998,5.88202960144081,3.2288445832228807
5.157383918762207,3999,5.883034090169609,3.2299140739758943
5.157383918762207,4000,5.884038578898409,3.230983564728907
5.157383918762207,4001,5.8850430676272065,3.2320530554819205
5.157383918762207,4002,5.886047556356005,3.2331225462349336
5.157383918762207,4003,5.887052045084805,3.234192036987947
5.157383918762207,4004,5.888056533813604,3.23526152774096
5.157383918762207,4005,5.889061022542402,3.2363310184939733
5.157383918762207,4006,5.890065511271201,3.2374005092469864
5.157383918762207,4007,5.89107,3.23847
