Time_sec,Waypoint_Index,X,Y
5.151804685592651,0,1.6160794759530988,-1.3387641230719396
5.151804685592651,1,1.6167999777103488,-1.3378563797406238
5.151804685592651,2,1.6175204794675988,-1.3369486364093084
5.151804685592651,3,1.618240981224849,-1.3360408930779926
5.151804685592651,4,1.618961482982099,-1.335133149746677
5.151804685592651,5,1.619681984739349,-1.3342254064153611
5.151804685592651,6,1.6204024864965991,-1.3333176630840458
5.151804685592651,7,1.6211229882538492,-1.33240991975273
5.151804685592651,8,1.6218434900110994,-1.331502176421414
5.151804685592651,9,1.6225639917683494,-1.3305944330900985
5.151804685592651,10,1.6232844935255994,-1.329686689758783
5.151804685592651,11,1.6240049952828495,-1.3287789464274673
5.151804685592651,12,1.6247254970400995,-1.3278712030961515
5.151804685592651,13,1.6254459987973495,-1.3269634597648359
5.151804685592651,14,1.6261665005545998,-1.3260557164335203
5.151804685592651,15,1.6268870023118498,-1.3251479731022047
5.151804685592651,16,1.6276075040690998,-1.3242402297708888
5.151804685592651,17,1.6283280058263498,-1.3233324864395732
5.151804685592651,18,1.6290485075835999,-1.3224247431082576
5.151804685592651,19,1.62976900934085,-1.3215169997769418
5.151804685592651,20,1.6304895110981001,-1.3206092564456262
5.151804685592651,21,1.6312100128553502,-1.3197015131143106
5.151804685592651,22,1.6319305146126004,-1.318793769782995
5.151804685592651,23,1.6326510163698504,-1.3178860264516792
5.151804685592651,24,1.6333715181271007,-1.3169782831203634
5.151804685592651,25,1.6340920198843507,-1.316070539789048
5.151804685592651,26,1.6348125216416007,-1.3151627964577322
5.151804685592651,27,1.6355330233988508,-1.3142550531264166
5.151804685592651,28,1.6362535251561008,-1.3133473097951007
5.151804685592651,29,1.6369740269133508,-1.3124395664637853
5.151804685592651,30,1.637694528670601,-1.3115318231324695
5.151804685592651,31,1.638415030427851,-1.310624079801154
5.151804685592651,32,1.639135532185101,-1.309716336469838
5.151804685592651,33,1.6398560339423511,-1.3088085931385225
5.151804685592651,34,1.6405765356996012,-1.3079008498072069
5.151804685592651,35,1.6412970374568514,-1.306993106475891
5.151804685592651,36,1.6420175392141014,-1.3060853631445757
5.151804685592651,37,1.6427380409713517,-1.30517761981326
5.151804685592651,38,1.6434585427286017,-1.3042698764819443
5.151804685592651,39,1.6441790444858517,-1.3033621331506287
5.151804685592651,40,1.644899546243102,-1.302454389819313
5.151804685592651,41,1.645620048000352,-1.3015466464879974
5.151804685592651,42,1.646340549757602,-1.3006389031566816
5.151804685592651,43,1.647061051514852,-1.2997311598253658
5.151804685592651,44,1.647781553272102,-1.2988234164940504
5.151804685592651,45,1.648502055029352,-1.2979156731627346
5.151804685592651,46,1.6492225567866021,-1.297007929831419
5.151804685592651,47,1.6499430585438524,-1.2961001865001032
5.151804685592651,48,1.6506635603011024,-1.2951924431687878
5.151804685592651,49,1.6513840620583524,-1.294284699837472
5.151804685592651,50,1.6521045638156024,-1.2933769565061564
5.151804685592651,51,1.6528250655728525,-1.2924692131748405
5.151804685592651,52,1.6535455673301027,-1.291561469843525
5.151804685592651,53,1.6542660690873527,-1.2906537265122093
5.151804685592651,54,1.6549865708446028,-1.2897459831808935
5.151804685592651,55,1.6557070726018528,-1.2888382398495781
5.151804685592651,56,1.6564275743591028,-1.2879304965182623
5.151804685592651,57,1.657148076116353,-1.2870227531869467
5.151804685592651,58,1.657868577873603,-1.2861150098556309
5.151804685592651,59,1.6585890796308531,-1.2852072665243153
5.151804685592651,60,1.6593095813881031,-1.2842995231929997
5.151804685592651,61,1.6600300831453532,-1.2833917798616838
5.151804685592651,62,1.6607505849026034,-1.2824840365303682
5.151804685592651,63,1.6614710866598534,-1.2815762931990526
5.151804685592651,64,1.6621915884171035,-1.280668549867737
5.151804685592651,65,1.6629120901743535,-1.2797608065364212
5.151804685592651,66,1.6636325919316035,-1.2788530632051056
5.151804685592651,67,1.6643530936888538,-1.27794531987379
5.151804685592651,68,1.6650735954461038,-1.2770375765424742
5.151804685592651,69,1.6657940972033538,-1.2761298332111586
5.151804685592651,70,1.6665145989606038,-1.275222089879843
5.151804685592651,71,1.6672351007178539,-1.2743143465485274
5.151804685592651,72,1.667955602475104,-1.2734066032172116
5.151804685592651,73,1.668676104232354,-1.272498859885896
5.151804685592651,74,1.6693966059896044,-1.2715911165545801
5.151804685592651,75,1.6701171077468544,-1.2706833732232645
5.151804685592651,76,1.6708376095041044,-1.269775629891949
5.151804685592651,77,1.6715581112613545,-1.268867886560633
5.151804685592651,78,1.6722786130186047,-1.2679601432293177
5.151804685592651,79,1.6729991147758547,-1.267052399898002
5.151804685592651,80,1.6737196165331047,-1.2661446565666863
5.151804685592651,81,1.6744401182903548,-1.2652369132353705
5.151804685592651,82,1.6751606200476048,-1.264329169904055
5.151804685592651,83,1.675881121804855,-1.2634214265727393
5.151804685592651,84,1.676601623562105,-1.2625136832414234
5.151804685592651,85,1.677322125319355,-1.2616059399101078
5.151804685592651,86,1.6780426270766051,-1.2606981965787922
5.151804685592651,87,1.6787631288338551,-1.2597904532474766
5.151804685592651,88,1.6794836305911054,-1.258882709916161
5.151804685592651,89,1.6802041323483556,-1.2579749665848454
5.151804685592651,90,1.6809246341056057,-1.2570672232535298
5.151804685592651,91,1.6816451358628557,-1.256159479922214
5.151804685592651,92,1.6823656376201057,-1.2552517365908984
5.151804685592651,93,1.6830861393773557,-1.2543439932595826
5.151804685592651,94,1.683806641134606,-1.253436249928267
5.151804685592651,95,1.684527142891856,-1.2525285065969514
5.151804685592651,96,1.685247644649106,-1.2516207632656355
5.151804685592651,97,1.685968146406356,-1.2507130199343202
5.151804685592651,98,1.686688648163606,-1.2498052766030043
5.151804685592651,99,1.6874091499208563,-1.2488975332716887
5.151804685592651,100,1.6881296516781064,-1.2479897899403731
5.151804685592651,101,1.6888501534353564,-1.2470820466090575
5.151804685592651,102,1.6895706551926064,-1.2461743032777417
5.151804685592651,103,1.6902911569498564,-1.2452665599464259
5.151804685592651,104,1.6910116587071067,-1.2443588166151103
5.151804685592651,105,1.6917321604643565,-1.2434510732837947
5.151804685592651,106,1.6924526622216067,-1.242543329952479
5.151804685592651,107,1.6931731639788568,-1.2416355866211632
5.151804685592651,108,1.6938936657361068,-1.2407278432898479
5.151804685592651,109,1.6946141674933568,-1.239820099958532
5.151804685592651,110,1.6953346692506068,-1.2389123566272162
5.151804685592651,111,1.696055171007857,-1.2380046132959006
5.151804685592651,112,1.696775672765107,-1.237096869964585
5.151804685592651,113,1.6974961745223571,-1.2361891266332694
5.151804685592651,114,1.6982166762796072,-1.2352813833019536
5.151804685592651,115,1.6989371780368572,-1.234373639970638
5.151804685592651,116,1.6996576797941074,-1.2334658966393224
5.151804685592651,117,1.7003781815513574,-1.2325581533080068
5.151804685592651,118,1.7010986833086075,-1.231650409976691
5.151804685592651,119,1.7018191850658575,-1.2307426666453751
5.151804685592651,120,1.7025396868231075,-1.2298349233140597
5.151804685592651,121,1.7032601885803578,-1.228927179982744
5.151804685592651,122,1.7039806903376078,-1.2280194366514283
5.151804685592651,123,1.7047011920948578,-1.2271116933201127
5.151804685592651,124,1.7054216938521078,-1.2262039499887971
5.151804685592651,125,1.706142195609358,-1.2252962066574813
5.151804685592651,126,1.7068626973666081,-1.2243884633261655
5.151804685592651,127,1.7075831991238584,-1.2234807199948499
5.151804685592651,128,1.7083037008811084,-1.2225729766635343
5.151804685592651,129,1.7090242026383584,-1.2216652333322187
5.151804685592651,130,1.7097447043956087,-1.2207574900009028
5.151804685592651,131,1.7104652061528585,-1.2198497466695872
5.151804685592651,132,1.7111857079101087,-1.2189420033382716
5.151804685592651,133,1.7119062096673587,-1.218034260006956
5.151804685592651,134,1.7126267114246088,-1.2171265166756404
5.151804685592651,135,1.713347213181859,-1.2162187733443246
5.151804685592651,136,1.7140677149391088,-1.215311030013009
5.151804685592651,137,1.714788216696359,-1.2144032866816932
5.151804685592651,138,1.715508718453609,-1.2134955433503776
5.151804685592651,139,1.716229220210859,-1.212587800019062
5.151804685592651,140,1.7169497219681094,-1.2116800566877464
5.151804685592651,141,1.7176702237253592,-1.2107723133564305
5.151804685592651,142,1.7183907254826094,-1.209864570025115
5.151804685592651,143,1.7191112272398594,-1.2089568266937993
5.151804685592651,144,1.7198317289971095,-1.2080490833624837
5.151804685592651,145,1.7205522307543595,-1.207141340031168
5.151804685592651,146,1.7212727325116095,-1.2062335966998523
5.151804685592651,147,1.7219932342688595,-1.2053258533685365
5.151804685592651,148,1.7227137360261096,-1.2044181100372209
5.151804685592651,149,1.7234342377833598,-1.2035103667059053
5.151804685592651,150,1.7241547395406098,-1.2026026233745895
5.151804685592651,151,1.7248752412978599,-1.2016948800432738
5.151804685592651,152,1.7255957430551099,-1.2007871367119582
5.151804685592651,153,1.72631624481236,-1.1998793933806424
5.151804685592651,154,1.7270367465696101,-1.1989716500493268
5.151804685592651,155,1.7277572483268602,-1.1980639067180112
5.151804685592651,156,1.7284777500841102,-1.1971561633866956
5.151804685592651,157,1.7291982518413602,-1.19624842005538
5.151804685592651,158,1.7299187535986102,-1.1953406767240642
5.151804685592651,159,1.7306392553558605,-1.1944329333927486
5.151804685592651,160,1.7313597571131105,-1.193525190061433
5.151804685592651,161,1.7320802588703605,-1.1926174467301172
5.151804685592651,162,1.7328007606276106,-1.1917097033988016
5.151804685592651,163,1.7335212623848606,-1.190801960067486
5.151804685592651,164,1.7342417641421108,-1.1898942167361701
5.151804685592651,165,1.7349622658993609,-1.1889864734048545
5.151804685592651,166,1.735682767656611,-1.188078730073539
5.151804685592651,167,1.736403269413861,-1.1871709867422233
5.151804685592651,168,1.737123771171111,-1.1862632434109077
5.151804685592651,169,1.7378442729283612,-1.185355500079592
5.151804685592651,170,1.7385647746856114,-1.184447756748276
5.151804685592651,171,1.7392852764428615,-1.1835400134169605
5.151804685592651,172,1.7400057782001115,-1.1826322700856449
5.151804685592651,173,1.7407262799573617,-1.1817245267543293
5.151804685592651,174,1.7414467817146115,-1.1808167834230137
5.151804685592651,175,1.7421672834718618,-1.1799090400916978
5.151804685592651,176,1.7428877852291116,-1.1790012967603825
5.151804685592651,177,1.743608286986362,-1.1780935534290666
5.151804685592651,178,1.744328788743612,-1.177185810097751
5.151804685592651,179,1.745049290500862,-1.1762780667664354
5.151804685592651,180,1.7457697922581121,-1.1753703234351196
5.151804685592651,181,1.7464902940153624,-1.174462580103804
5.151804685592651,182,1.7472107957726124,-1.1735548367724884
5.151804685592651,183,1.7479312975298624,-1.1726470934411726
5.151804685592651,184,1.7486517992871125,-1.171739350109857
5.151804685592651,185,1.7493723010443625,-1.1708316067785414
5.151804685592651,186,1.7500928028016127,-1.1699238634472255
5.151804685592651,187,1.7508133045588627,-1.16901612011591
5.151804685592651,188,1.7515338063161128,-1.1681083767845943
5.151804685592651,189,1.7522543080733628,-1.1672006334532785
5.151804685592651,190,1.7529748098306128,-1.166292890121963
5.151804685592651,191,1.753695311587863,-1.1653851467906473
5.151804685592651,192,1.754415813345113,-1.1644774034593317
5.151804685592651,193,1.7551363151023631,-1.163569660128016
5.151804685592651,194,1.7558568168596131,-1.1626619167967003
5.151804685592651,195,1.7565773186168632,-1.1617541734653847
5.151804685592651,196,1.7572978203741134,-1.1608464301340689
5.151804685592651,197,1.7580183221313634,-1.1599386868027532
5.151804685592651,198,1.7587388238886135,-1.1590309434714376
5.151804685592651,199,1.7594593256458635,-1.158123200140122
5.151804685592651,200,1.7601798274031135,-1.1572154568088062
5.151804685592651,201,1.7609003291603638,-1.1563077134774906
5.151804685592651,202,1.7616208309176138,-1.155399970146175
5.151804685592651,203,1.7623413326748638,-1.1544922268148594
5.151804685592651,204,1.7630618344321138,-1.1535844834835436
5.151804685592651,205,1.7637823361893639,-1.152676740152228
5.151804685592651,206,1.7645028379466141,-1.1517689968209122
5.151804685592651,207,1.7652233397038641,-1.1508612534895966
5.151804685592651,208,1.7659438414611142,-1.149953510158281
5.151804685592651,209,1.7666643432183644,-1.1490457668269654
5.151804685592651,210,1.7673848449756144,-1.1481380234956498
5.151804685592651,211,1.7681053467328645,-1.1472302801643341
5.151804685592651,212,1.7688258484901147,-1.1463225368330185
5.151804685592651,213,1.7695463502473645,-1.1454147935017027
5.151804685592651,214,1.7702668520046148,-1.1445070501703871
5.151804685592651,215,1.7709873537618648,-1.1435993068390713
5.151804685592651,216,1.7717078555191148,-1.1426915635077557
5.151804685592651,217,1.772428357276365,-1.14178382017644
5.151804685592651,218,1.773148859033615,-1.1408760768451245
5.151804685592651,219,1.773869360790865,-1.1399683335138087
5.151804685592651,220,1.7745898625481153,-1.139060590182493
5.151804685592651,221,1.7753103643053652,-1.1381528468511775
5.151804685592651,222,1.7760308660626154,-1.1372451035198619
5.151804685592651,223,1.7767513678198654,-1.136337360188546
5.151804685592651,224,1.7774718695771154,-1.1354296168572304
5.151804685592651,225,1.7781923713343657,-1.1345218735259146
5.151804685592651,226,1.7789128730916155,-1.133614130194599
5.151804685592651,227,1.7796333748488657,-1.1327063868632834
5.151804685592651,228,1.7803538766061158,-1.1317986435319678
5.151804685592651,229,1.7810743783633658,-1.1308909002006522
5.151804685592651,230,1.781794880120616,-1.1299831568693364
5.151804685592651,231,1.7825153818778658,-1.1290754135380205
5.151804685592651,232,1.783235883635116,-1.128167670206705
5.151804685592651,233,1.7839563853923661,-1.1272599268753893
5.151804685592651,234,1.7846768871496161,-1.1263521835440737
5.151804685592651,235,1.7853973889068664,-1.1254444402127581
5.151804685592651,236,1.7861178906641162,-1.1245366968814423
5.151804685592651,237,1.7868383924213664,-1.1236289535501267
5.151804685592651,238,1.7875588941786165,-1.122721210218811
5.151804685592651,239,1.7882793959358665,-1.1218134668874953
5.151804685592651,240,1.7889998976931167,-1.1209057235561797
5.151804685592651,241,1.7897203994503665,-1.119997980224864
5.151804685592651,242,1.7904409012076168,-1.1190902368935483
5.151804685592651,243,1.7911614029648668,-1.1181824935622326
5.151804685592651,244,1.7918819047221168,-1.117274750230917
5.151804685592651,245,1.792602406479367,-1.1163670068996014
5.151804685592651,246,1.7933229082366169,-1.1154592635682858
5.151804685592651,247,1.7940434099938671,-1.11455152023697
5.151804685592651,248,1.7947639117511172,-1.1136437769056542
5.151804685592651,249,1.7954844135083672,-1.1127360335743386
5.151804685592651,250,1.7962049152656174,-1.111828290243023
5.151804685592651,251,1.7969254170228672,-1.1109205469117074
5.151804685592651,252,1.7976459187801175,-1.1100128035803918
5.151804685592651,253,1.7983664205373675,-1.109105060249076
5.151804685592651,254,1.7990869222946175,-1.1081973169177601
5.151804685592651,255,1.7998074240518678,-1.1072895735864445
5.151804685592651,256,1.8005279258091178,-1.106381830255129
5.151804685592651,257,1.8012484275663678,-1.1054740869238133
5.151804685592651,258,1.8019689293236179,-1.1045663435924977
5.151804685592651,259,1.8026894310808679,-1.103658600261182
5.151804685592651,260,1.8034099328381181,-1.1027508569298663
5.151804685592651,261,1.8041304345953684,-1.1018431135985507
5.151804685592651,262,1.8048509363526182,-1.1009353702672349
5.151804685592651,263,1.8055714381098684,-1.1000276269359193
5.151804685592651,264,1.8062919398671182,-1.0991198836046037
5.151804685592651,265,1.8070124416243685,-1.0982121402732878
5.151804685592651,266,1.8077329433816187,-1.0973043969419722
5.151804685592651,267,1.8084534451388685,-1.0963966536106566
5.151804685592651,268,1.8091739468961188,-1.095488910279341
5.151804685592651,269,1.8098944486533686,-1.0945811669480254
5.151804685592651,270,1.8106149504106188,-1.0936734236167096
5.151804685592651,271,1.811335452167869,-1.092765680285394
5.151804685592651,272,1.8120559539251189,-1.0918579369540784
5.151804685592651,273,1.8127764556823691,-1.0909501936227626
5.151804685592651,274,1.813496957439619,-1.090042450291447
5.151804685592651,275,1.8142174591968692,-1.0891347069601314
5.151804685592651,276,1.8149379609541194,-1.0882269636288155
5.151804685592651,277,1.8156584627113692,-1.0873192202975
5.151804685592651,278,1.8163789644686195,-1.0864114769661843
5.151804685592651,279,1.8170994662258693,-1.0855037336348685
5.151804685592651,280,1.8178199679831195,-1.084595990303553
5.151804685592651,281,1.8185404697403698,-1.0836882469722373
5.151804685592651,282,1.8192609714976196,-1.0827805036409217
5.151804685592651,283,1.8199814732548698,-1.081872760309606
5.151804685592651,284,1.8207019750121198,-1.0809650169782903
5.151804685592651,285,1.82142247676937,-1.0800572736469747
5.151804685592651,286,1.82214297852662,-1.079149530315659
5.151804685592651,287,1.8228634802838701,-1.0782417869843433
5.151804685592651,288,1.8235839820411202,-1.0773340436530277
5.151804685592651,289,1.82430448379837,-1.076426300321712
5.151804685592651,290,1.8250249855556202,-1.0755185569903962
5.151804685592651,291,1.8257454873128705,-1.0746108136590806
5.151804685592651,292,1.8264659890701205,-1.073703070327765
5.151804685592651,293,1.8271864908273705,-1.0727953269964492
5.151804685592651,294,1.8279069925846205,-1.0718875836651338
5.151804685592651,295,1.8286274943418708,-1.070979840333818
5.151804685592651,296,1.8293479960991208,-1.0700720970025024
5.151804685592651,297,1.8300684978563708,-1.0691643536711868
5.151804685592651,298,1.8307889996136208,-1.068256610339871
5.151804685592651,299,1.8315095013708709,-1.0673488670085554
5.151804685592651,300,1.8322300031281211,-1.0664411236772398
5.151804685592651,301,1.8329505048853711,-1.065533380345924
5.151804685592651,302,1.8336710066426212,-1.0646256370146083
5.151804685592651,303,1.8343915083998712,-1.0637178936832927
5.151804685592651,304,1.8351120101571212,-1.062810150351977
5.151804685592651,305,1.8358325119143715,-1.0619024070206613
5.151804685592651,306,1.8365530136716215,-1.0609946636893457
5.151804685592651,307,1.8372735154288715,-1.0600869203580299
5.151804685592651,308,1.8379940171861215,-1.0591791770267145
5.151804685592651,309,1.8387145189433716,-1.0582714336953987
5.151804685592651,310,1.8394350207006218,-1.057363690364083
5.151804685592651,311,1.8401555224578718,-1.0564559470327675
5.151804685592651,312,1.8408760242151219,-1.0555482037014516
5.151804685592651,313,1.841596525972372,-1.0546404603701358
5.151804685592651,314,1.8423170277296221,-1.0537327170388204
5.151804685592651,315,1.8430375294868724,-1.0528249737075046
5.151804685592651,316,1.8437580312441222,-1.051917230376189
5.151804685592651,317,1.8444785330013724,-1.0510094870448734
5.151804685592651,318,1.8451990347586222,-1.0501017437135576
5.151804685592651,319,1.8459195365158725,-1.049194000382242
5.151804685592651,320,1.8466400382731227,-1.0482862570509264
5.151804685592651,321,1.8473605400303725,-1.0473785137196108
5.151804685592651,322,1.8480810417876228,-1.046470770388295
5.151804685592651,323,1.8488015435448726,-1.0455630270569793
5.151804685592651,324,1.8495220453021228,-1.0446552837256635
5.151804685592651,325,1.850242547059373,-1.0437475403943481
5.151804685592651,326,1.8509630488166229,-1.0428397970630323
5.151804685592651,327,1.8516835505738731,-1.0419320537317167
5.151804685592651,328,1.852404052331123,-1.0410243104004009
5.151804685592651,329,1.8531245540883732,-1.0401165670690853
5.151804685592651,330,1.8538450558456234,-1.0392088237377697
5.151804685592651,331,1.8545655576028732,-1.038301080406454
5.151804685592651,332,1.8552860593601235,-1.0373933370751383
5.151804685592651,333,1.8560065611173733,-1.0364855937438227
5.151804685592651,334,1.8567270628746235,-1.035577850412507
5.151804685592651,335,1.8574475646318738,-1.0346701070811912
5.151804685592651,336,1.8581680663891238,-1.0337623637498756
5.151804685592651,337,1.8588885681463738,-1.03285462041856
5.151804685592651,338,1.8596090699036238,-1.0319468770872444
5.151804685592651,339,1.8603295716608739,-1.0310391337559286
5.151804685592651,340,1.8610500734181241,-1.030131390424613
5.151804685592651,341,1.8617705751753741,-1.0292236470932972
5.151804685592651,342,1.8624910769326242,-1.0283159037619818
5.151804685592651,343,1.8632115786898742,-1.027408160430666
5.151804685592651,344,1.8639320804471242,-1.0265004170993504
5.151804685592651,345,1.8646525822043745,-1.0255926737680348
5.151804685592651,346,1.8653730839616245,-1.024684930436719
5.151804685592651,347,1.8660935857188745,-1.0237771871054033
5.151804685592651,348,1.8668140874761245,-1.0228694437740877
5.151804685592651,349,1.8675345892333746,-1.021961700442772
5.151804685592651,350,1.8682550909906248,-1.0210539571114563
5.151804685592651,351,1.8689755927478748,-1.0201462137801407
5.151804685592651,352,1.8696960945051249,-1.019238470448825
5.151804685592651,353,1.8704165962623749,-1.0183307271175095
5.151804685592651,354,1.8711370980196251,-1.0174229837861937
5.151804685592651,355,1.8718575997768752,-1.016515240454878
5.151804685592651,356,1.8725781015341252,-1.0156074971235625
5.151804685592651,357,1.8732986032913752,-1.0146997537922466
5.151804685592651,358,1.8740191050486252,-1.013792010460931
5.151804685592651,359,1.8747396068058755,-1.0128842671296154
5.151804685592651,360,1.8754601085631255,-1.0119765237982996
5.151804685592651,361,1.8761806103203755,-1.011068780466984
5.151804685592651,362,1.8769011120776256,-1.0101610371356684
5.151804685592651,363,1.8776216138348756,-1.0092532938043526
5.151804685592651,364,1.8783421155921258,-1.008345550473037
5.151804685592651,365,1.8790626173493759,-1.0074378071417214
5.151804685592651,366,1.8797831191066259,-1.0065300638104056
5.151804685592651,367,1.880503620863876,-1.0056223204790902
5.151804685592651,368,1.881224122621126,-1.0047145771477743
5.151804685592651,369,1.8819446243783762,-1.0038068338164587
5.151804685592651,370,1.8826651261356262,-1.002899090485143
5.151804685592651,371,1.8833856278928764,-1.0019913471538273
5.151804685592651,372,1.8841061296501262,-1.0010836038225117
5.151804685592651,373,1.8848266314073765,-1.0001758604911961
5.151804685592651,374,1.8855471331646267,-0.9992681171598803
5.151804685592651,375,1.8862676349218765,-0.9983603738285647
5.151804685592651,376,1.8869881366791268,-0.9974526304972491
5.151804685592651,377,1.8877086384363766,-0.9965448871659333
5.151804685592651,378,1.8884291401936268,-0.9956371438346177
5.151804685592651,379,1.889149641950877,-0.994729400503302
5.151804685592651,380,1.889870143708127,-0.9938216571719865
5.151804685592651,381,1.8905906454653771,-0.9929139138406706
5.151804685592651,382,1.8913111472226272,-0.992006170509355
5.151804685592651,383,1.8920316489798772,-0.9910984271780393
5.151804685592651,384,1.8927521507371274,-0.9901906838467237
5.151804685592651,385,1.8934726524943775,-0.989282940515408
5.151804685592651,386,1.8941931542516275,-0.9883751971840924
5.151804685592651,387,1.8949136560088775,-0.9874674538527768
5.151804685592651,388,1.8956341577661275,-0.986559710521461
5.151804685592651,389,1.8963546595233778,-0.9856519671901454
5.151804685592651,390,1.8970751612806278,-0.9847442238588296
5.151804685592651,391,1.8977956630378778,-0.983836480527514
5.151804685592651,392,1.8985161647951279,-0.9829287371961983
5.151804685592651,393,1.8992366665523779,-0.9820209938648827
5.151804685592651,394,1.8999571683096281,-0.9811132505335669
5.151804685592651,395,1.9006776700668782,-0.9802055072022513
5.151804685592651,396,1.9013981718241282,-0.9792977638709357
5.151804685592651,397,1.9021186735813782,-0.97839002053962
5.151804685592651,398,1.9028391753386282,-0.9774822772083043
5.151804685592651,399,1.9035596770958785,-0.9765745338769887
5.151804685592651,400,1.9042801788531285,-0.9756667905456731
5.151804685592651,401,1.9050006806103785,-0.9747590472143572
5.151804685592651,402,1.9057211823676286,-0.9738513038830416
5.151804685592651,403,1.9064416841248786,-0.972943560551726
5.151804685592651,404,1.9071621858821288,-0.9720358172204104
5.151804685592651,405,1.9078826876393788,-0.9711280738890946
5.151804685592651,406,1.9086031893966289,-0.970220330557779
5.151804685592651,407,1.909323691153879,-0.9693125872264633
5.151804685592651,408,1.910044192911129,-0.9684048438951477
5.151804685592651,409,1.9107646946683792,-0.967497100563832
5.151804685592651,410,1.9114851964256292,-0.9665893572325164
5.151804685592651,411,1.9122056981828792,-0.9656816139012008
5.151804685592651,412,1.9129261999401292,-0.964773870569885
5.151804685592651,413,1.9136467016973793,-0.9638661272385693
5.151804685592651,414,1.9143672034546295,-0.9629583839072536
5.151804685592651,415,1.9150877052118798,-0.962050640575938
5.151804685592651,416,1.9158082069691296,-0.9611428972446223
5.151804685592651,417,1.9165287087263796,-0.9602351539133067
5.151804685592651,418,1.9172492104836296,-0.959327410581991
5.151804685592651,419,1.9179697122408799,-0.9584196672506754
5.151804685592651,420,1.91869021399813,-0.9575119239193598
5.151804685592651,421,1.91941071575538,-0.9566041805880441
5.151804685592651,422,1.9201312175126302,-0.9556964372567285
5.151804685592651,423,1.92085171926988,-0.9547886939254127
5.151804685592651,424,1.9215722210271302,-0.953880950594097
5.151804685592651,425,1.9222927227843805,-0.9529732072627813
5.151804685592651,426,1.9230132245416303,-0.9520654639314657
5.151804685592651,427,1.9237337262988805,-0.95115772060015
5.151804685592651,428,1.9244542280561303,-0.9502499772688344
5.151804685592651,429,1.9251747298133806,-0.9493422339375186
5.151804685592651,430,1.9258952315706308,-0.948434490606203
5.151804685592651,431,1.9266157333278808,-0.9475267472748873
5.151804685592651,432,1.9273362350851309,-0.9466190039435717
5.151804685592651,433,1.9280567368423809,-0.9457112606122561
5.151804685592651,434,1.9287772385996311,-0.9448035172809404
5.151804685592651,435,1.9294977403568812,-0.9438957739496248
5.151804685592651,436,1.9302182421141312,-0.942988030618309
5.151804685592651,437,1.9309387438713812,-0.9420802872869933
5.151804685592651,438,1.9316592456286312,-0.9411725439556777
5.151804685592651,439,1.9323797473858815,-0.940264800624362
5.151804685592651,440,1.9331002491431315,-0.9393570572930463
5.151804685592651,441,1.9338207509003815,-0.9384493139617307
5.151804685592651,442,1.9345412526576315,-0.937541570630415
5.151804685592651,443,1.9352617544148816,-0.9366338272990994
5.151804685592651,444,1.9359822561721318,-0.9357260839677838
5.151804685592651,445,1.9367027579293818,-0.9348183406364681
5.151804685592651,446,1.9374232596866319,-0.9339105973051525
5.151804685592651,447,1.938143761443882,-0.9330028539738366
5.151804685592651,448,1.938864263201132,-0.932095110642521
5.151804685592651,449,1.9395847649583822,-0.9311873673112053
5.151804685592651,450,1.9403052667156322,-0.9302796239798897
5.151804685592651,451,1.9410257684728822,-0.929371880648574
5.151804685592651,452,1.9417462702301322,-0.9284641373172584
5.151804685592651,453,1.9424667719873825,-0.9275563939859426
5.151804685592651,454,1.9431872737446325,-0.926648650654627
5.151804685592651,455,1.9439077755018825,-0.9257409073233113
5.151804685592651,456,1.9446282772591326,-0.9248331639919957
5.151804685592651,457,1.9453487790163826,-0.9239254206606801
5.151804685592651,458,1.9460692807736328,-0.9230176773293643
5.151804685592651,459,1.9467897825308829,-0.9221099339980487
5.151804685592651,460,1.9475102842881329,-0.921202190666733
5.151804685592651,461,1.948230786045383,-0.9202944473354173
5.151804685592651,462,1.948951287802633,-0.9193867040041016
5.151804685592651,463,1.9496717895598832,-0.918478960672786
5.151804685592651,464,1.9503922913171332,-0.9175712173414703
5.151804685592651,465,1.9511127930743832,-0.9166634740101547
5.151804685592651,466,1.9518332948316333,-0.915755730678839
5.151804685592651,467,1.9525537965888833,-0.9148479873475234
5.151804685592651,468,1.9532742983461335,-0.9139402440162078
5.151804685592651,469,1.9539948001033838,-0.9130325006848921
5.151804685592651,470,1.9547153018606336,-0.9121247573535763
5.151804685592651,471,1.9554358036178838,-0.9112170140222606
5.151804685592651,472,1.9561563053751339,-0.910309270690945
5.151804685592651,473,1.956876807132384,-0.9094015273596293
5.151804685592651,474,1.9575973088896341,-0.9084937840283137
5.151804685592651,475,1.9583178106468841,-0.907586040696998
5.151804685592651,476,1.9590383124041342,-0.9066782973656824
5.151804685592651,477,1.9597588141613842,-0.9057705540343667
5.151804685592651,478,1.9604793159186344,-0.904862810703051
5.151804685592651,479,1.9611998176758845,-0.9039550673717353
5.151804685592651,480,1.9619203194331345,-0.9030473240404198
5.151804685592651,481,1.9626408211903845,-0.902139580709104
5.151804685592651,482,1.9633613229476345,-0.9012318373777883
5.151804685592651,483,1.9640818247048848,-0.9003240940464727
5.151804685592651,484,1.9648023264621348,-0.899416350715157
5.151804685592651,485,1.9655228282193848,-0.8985086073838414
5.151804685592651,486,1.9662433299766349,-0.8976008640525257
5.151804685592651,487,1.966963831733885,-0.8966931207212101
5.151804685592651,488,1.9676843334911351,-0.8957853773898943
5.151804685592651,489,1.9684048352483852,-0.8948776340585787
5.151804685592651,490,1.9691253370056352,-0.8939698907272631
5.151804685592651,491,1.9698458387628852,-0.8930621473959474
5.151804685592651,492,1.9705663405201352,-0.8921544040646318
5.151804685592651,493,1.9712868422773855,-0.891246660733316
5.151804685592651,494,1.9720073440346355,-0.8903389174020004
5.151804685592651,495,1.9727278457918855,-0.8894311740706847
5.151804685592651,496,1.9734483475491356,-0.888523430739369
5.151804685592651,497,1.9741688493063856,-0.8876156874080533
5.151804685592651,498,1.9748893510636358,-0.8867079440767377
5.151804685592651,499,1.9756098528208859,-0.885800200745422
5.151804685592651,500,1.9763303545781359,-0.8848924574141064
5.151804685592651,501,1.9763303545781359,-0.8848924574141064
5.151804685592651,502,1.9777713170891422,-0.8830778362381236
5.151804685592651,503,1.9792121975931616,-0.8812649460354377
5.151804685592651,504,1.9806529960901937,-0.8794537868060487
5.151804685592651,505,1.9820937125802383,-0.8776443585499566
5.151804685592651,506,1.9835343470632956,-0.8758366612671616
5.151804685592651,507,1.984974899539366,-0.8740306949576635
5.151804685592651,508,1.9864153700084486,-0.8722264596214624
5.151804685592651,509,1.987855758470544,-0.8704239552585581
5.151804685592651,510,1.9892960649256526,-0.8686231818689508
5.151804685592651,511,1.9907362893737732,-0.8668241394526405
5.151804685592651,512,1.9921764318149071,-0.8650268280096272
5.151804685592651,513,1.9936164922490538,-0.8632312475399109
5.151804685592651,514,1.9950564706762128,-0.8614373980434914
5.151804685592651,515,1.996496367096385,-0.8596452795203688
5.151804685592651,516,1.9979361815095693,-0.8578548919705433
5.151804685592651,517,1.9993759139157665,-0.8560662353940147
5.151804685592651,518,2.0008155643149768,-0.8542793097907831
5.151804685592651,519,2.0022551327071993,-0.8524941151608484
5.151804685592651,520,2.003694619092435,-0.8507106515042105
5.151804685592651,521,2.0051340234706836,-0.8489289188208698
5.151804685592651,522,2.0065733458419444,-0.8471489171108258
5.151804685592651,523,2.008012586206218,-0.845370646374079
5.151804685592651,524,2.0094517445635045,-0.8435941066106291
5.151804685592651,525,2.0108908209138034,-0.8418192978204759
5.151804685592651,526,2.0123298152571154,-0.8400462200036201
5.151804685592651,527,2.01376872759344,-0.8382748731600609
5.151804685592651,528,2.0152075579227775,-0.8365052572897987
5.151804685592651,529,2.016646306245127,-0.8347373723928335
5.151804685592651,530,2.0180849725604904,-0.8329712184691653
5.151804685592651,531,2.019523556868865,-0.831206795518794
5.151804685592651,532,2.0209620591702535,-0.8294441035417196
5.151804685592651,533,2.022400479464655,-0.8276831425379422
5.151804685592651,534,2.0238388177520683,-0.8259239125074618
5.151804685592651,535,2.0252770740324944,-0.8241664134502782
5.151804685592651,536,2.026715248305934,-0.8224106453663919
5.151804685592651,537,2.0281533405723855,-0.8206566082558021
5.151804685592651,538,2.0295913508318506,-0.8189043021185097
5.151804685592651,539,2.0310292790843274,-0.8171537269545139
5.151804685592651,540,2.0324671253298177,-0.8154048827638153
5.151804685592651,541,2.0339048895683205,-0.8136577695464134
5.151804685592651,542,2.0353425717998355,-0.8119123873023087
5.151804685592651,543,2.0367801720243635,-0.8101687360315009
5.151804685592651,544,2.038217690241905,-0.8084268157339898
5.151804685592651,545,2.0396551264524585,-0.8066866264097758
5.151804685592651,546,2.0410924806560247,-0.8049481680588588
5.151804685592651,547,2.042529752852604,-0.8032114406812386
5.151804685592651,548,2.043966943042195,-0.8014764442769156
5.151804685592651,549,2.0454040512247995,-0.7997431788458894
5.151804685592651,550,2.046841077400417,-0.7980116443881602
5.151804685592651,551,2.048278021569047,-0.7962818409037279
5.151804685592651,552,2.0497148837306893,-0.7945537683925924
5.151804685592651,553,2.0511516638853453,-0.7928274268547543
5.151804685592651,554,2.052588362033013,-0.7911028162902127
5.151804685592651,555,2.054024978173694,-0.7893799366989683
5.151804685592651,556,2.0554615123073874,-0.7876587880810206
5.151804685592651,557,2.0568979644340937,-0.7859393704363701
5.151804685592651,558,2.058334334553813,-0.7842216837650166
5.151804685592651,559,2.0597706226665444,-0.7825057280669597
5.151804685592651,560,2.0612068287722893,-0.7807915033422
5.151804685592651,561,2.062642952871046,-0.7790790095907373
5.151804685592651,562,2.064078994962816,-0.7773682468125714
5.151804685592651,563,2.0655149550475986,-0.7756592150077024
5.151804685592651,564,2.0669508331253943,-0.7739519141761305
5.151804685592651,565,2.0683866291962016,-0.7722463443178557
5.151804685592651,566,2.069822343260023,-0.7705425054328776
5.151804685592651,567,2.071257975316856,-0.7688403975211965
5.151804685592651,568,2.0726935253667027,-0.7671400205828124
5.151804685592651,569,2.0741289934095613,-0.7654413746177252
5.151804685592651,570,2.0755643794454333,-0.7637444596259348
5.151804685592651,571,2.0769996834743174,-0.7620492756074416
5.151804685592651,572,2.078434905496215,-0.7603558225622453
5.151804685592651,573,2.0798700455111243,-0.7586641004903459
5.151804685592651,574,2.0813051035190466,-0.7569741093917436
5.151804685592651,575,2.0827400795199824,-0.7552858492664382
5.151804685592651,576,2.0841749735139303,-0.7535993201144295
5.151804685592651,577,2.085609785500891,-0.751914521935718
5.151804685592651,578,2.0870445154808643,-0.7502314547303034
5.151804685592651,579,2.088479163453851,-0.7485501184981858
5.151804685592651,580,2.0899137294198495,-0.7468705132393649
5.151804685592651,581,2.0913482133788612,-0.745192638953841
5.151804685592651,582,2.0927826153308855,-0.7435164956416144
5.151804685592651,583,2.094216935275923,-0.7418420833026845
5.151804685592651,584,2.095651173213972,-0.7401694019370516
5.151804685592651,585,2.0970853291450346,-0.7384984515447156
5.151804685592651,586,2.09851940306911,-0.7368292321256765
5.151804685592651,587,2.099953394986198,-0.7351617436799345
5.151804685592651,588,2.1013873048962988,-0.7334959862074893
5.151804685592651,589,2.102821132799413,-0.7318319597083415
5.151804685592651,590,2.104254878695538,-0.7301696641824901
5.151804685592651,591,2.1056885425846774,-0.7285090996299359
5.151804685592651,592,2.107122124466829,-0.7268502660506785
5.151804685592651,593,2.1085556243419936,-0.7251931634447182
5.151804685592651,594,2.10998904221017,-0.7235377918120547
5.151804685592651,595,2.11142237807136,-0.7218841511526883
5.151804685592651,596,2.1128556319255627,-0.7202322414666189
5.151804685592651,597,2.114288803772778,-0.7185820627538463
5.151804685592651,598,2.115721893613006,-0.7169336150143706
5.151804685592651,599,2.1171549014462467,-0.7152868982481919
5.151804685592651,600,2.1185878272724996,-0.7136419124553103
5.151804685592651,601,2.1200206710917664,-0.7119986576357255
5.151804685592651,602,2.1214534329040444,-0.7103571337894377
5.151804685592651,603,2.1228861127093364,-0.7087173409164468
5.151804685592651,604,2.1243187105076404,-0.7070792790167529
5.151804685592651,605,2.125751226298957,-0.705442948090356
5.151804685592651,606,2.127183660083287,-0.7038083481372559
5.151804685592651,607,2.1286160118606294,-0.7021754791574528
5.151804685592651,608,2.1300482816309843,-0.7005443411509467
5.151804685592651,609,2.1314804693943525,-0.6989149341177376
5.151804685592651,610,2.1329125751507334,-0.6972872580578254
5.151804685592651,611,2.1343445989001264,-0.69566131297121
5.151804685592651,612,2.135776540642532,-0.6940370988578918
5.151804685592651,613,2.137208400377951,-0.6924146157178706
5.151804685592651,614,2.1386401781063826,-0.6907938635511459
5.151804685592651,615,2.140071873827827,-0.6891748423577186
5.151804685592651,616,2.1415034875422836,-0.687557552137588
5.151804685592651,617,2.1429350192497534,-0.6859419928907544
5.151804685592651,618,2.1443664689502357,-0.684328164617218
5.151804685592651,619,2.1457978366437307,-0.6827160673169782
5.151804685592651,620,2.1472291223302387,-0.6811057009900355
5.151804685592651,621,2.1486603260097588,-0.6794970656363897
5.151804685592651,622,2.1500914476822923,-0.6778901612560408
5.151804685592651,623,2.1515224873478385,-0.6762849878489892
5.151804685592651,624,2.152953445006397,-0.6746815454152342
5.151804685592651,625,2.1543843206579685,-0.6730798339547762
5.151804685592651,626,2.155815114302553,-0.6714798534676153
5.151804685592651,627,2.1572458259401492,-0.6698816039537512
5.151804685592651,628,2.158676455570759,-0.6682850854131841
5.151804685592651,629,2.1601070031943816,-0.6666902978459139
5.151804685592651,630,2.1615374688110163,-0.6650972412519407
5.151804685592651,631,2.1629678524206644,-0.6635059156312645
5.151804685592651,632,2.1643981540233246,-0.6619163209838852
5.151804685592651,633,2.165828373618998,-0.6603284573098028
5.151804685592651,634,2.167258511207684,-0.6587423246090175
5.151804685592651,635,2.1686885667893825,-0.657157922881529
5.151804685592651,636,2.1701185403640935,-0.6555752521273375
5.151804685592651,637,2.171548431931818,-0.6539943123464429
5.151804685592651,638,2.172978241492555,-0.6524151035388454
5.151804685592651,639,2.1744079690463045,-0.6508376257045446
5.151804685592651,640,2.1758376145930667,-0.6492618788435409
5.151804685592651,641,2.1772671781328414,-0.6476878629558342
5.151804685592651,642,2.1786966596656296,-0.6461155780414245
5.151804685592651,643,2.18012605919143,-0.6445450241003117
5.151804685592651,644,2.181555376710243,-0.6429762011324958
5.151804685592651,645,2.182984612222069,-0.6414091091379768
5.151804685592651,646,2.1844137657269074,-0.6398437481167547
5.151804685592651,647,2.1858428372247585,-0.6382801180688297
5.151804685592651,648,2.1872718267156226,-0.6367182189942017
5.151804685592651,649,2.1887007341994993,-0.6351580508928705
5.151804685592651,650,2.190129559676389,-0.6335996137648363
5.151804685592651,651,2.1915583031462913,-0.6320429076100991
5.151804685592651,652,2.192986964609206,-0.6304879324286587
5.151804685592651,653,2.1944155440651336,-0.6289346882205155
5.151804685592651,654,2.195844041514074,-0.6273831749856691
5.151804685592651,655,2.1972724569560276,-0.6258333927241196
5.151804685592651,656,2.198700790390993,-0.6242853414358671
5.151804685592651,657,2.200129041818972,-0.6227390211209116
5.151804685592651,658,2.201557211239963,-0.6211944317792529
5.151804685592651,659,2.2029852986539673,-0.6196515734108913
5.151804685592651,660,2.2044133040609837,-0.6181104460158267
5.151804685592651,661,2.205841227461013,-0.616571049594059
5.151804685592651,662,2.2072690688540555,-0.6150333841455882
5.151804685592651,663,2.2086968282401105,-0.6134974496704144
5.151804685592651,664,2.210124505619178,-0.6119632461685374
5.151804685592651,665,2.2115521009912587,-0.6104307736399575
5.151804685592651,666,2.2129796143563514,-0.6089000320846745
5.151804685592651,667,2.214407045714457,-0.6073710215026885
5.151804685592651,668,2.2158343950655754,-0.6058437418939994
5.151804685592651,669,2.2172616624097072,-0.6043181932586073
5.151804685592651,670,2.2186888477468507,-0.602794375596512
5.151804685592651,671,2.2201159510770077,-0.6012722889077139
5.151804685592651,672,2.221542972400177,-0.5997519331922125
5.151804685592651,673,2.2229699117163593,-0.5982333084500082
5.151804685592651,674,2.224396769025554,-0.5967164146811008
5.151804685592651,675,2.2258235443277616,-0.5952012518854903
5.151804685592651,676,2.227250237622982,-0.593687820063177
5.151804685592651,677,2.228676848911215,-0.5921761192141606
5.151804685592651,678,2.2301033781924606,-0.590666149338441
5.151804685592651,679,2.2315298254667195,-0.5891579104360184
5.151804685592651,680,2.2329561907339905,-0.5876514025068926
5.151804685592651,681,2.2343824739942746,-0.5861466255510639
5.151804685592651,682,2.235808675247571,-0.5846435795685322
5.151804685592651,683,2.2372347944938804,-0.5831422645592973
5.151804685592651,684,2.2386608317332026,-0.5816426805233595
5.151804685592651,685,2.2400867869655374,-0.5801448274607185
5.151804685592651,686,2.2415126601908852,-0.5786487053713746
5.151804685592651,687,2.242938451409245,-0.5771543142553275
5.151804685592651,688,2.244364160620618,-0.5756616541125775
5.151804685592651,689,2.2457897878250037,-0.5741707249431244
5.151804685592651,690,2.2472153330224023,-0.5726815267469682
5.151804685592651,691,2.2486407962128134,-0.571194059524109
5.151804685592651,692,2.250066177396237,-0.5697083232745467
5.151804685592651,693,2.251491476572674,-0.5682243179982813
5.151804685592651,694,2.252916693742123,-0.5667420436953129
5.151804685592651,695,2.254341828904585,-0.5652615003656416
5.151804685592651,696,2.25576688206006,-0.563782688009267
5.151804685592651,697,2.2571918532085475,-0.5623056066261896
5.151804685592651,698,2.2586167423500476,-0.560830256216409
5.151804685592651,699,2.2600415494845607,-0.5593566367799254
5.151804685592651,700,2.2614662746120864,-0.5578847483167387
5.151804685592651,701,2.262890917732625,-0.5564145908268491
5.151804685592651,702,2.264315478846176,-0.5549461643102562
5.151804685592651,703,2.2657399579527393,-0.5534794687669604
5.151804685592651,704,2.267164355052316,-0.5520145041969615
5.151804685592651,705,2.2685886701449056,-0.5505512706002595
5.151804685592651,706,2.2700129032305076,-0.5490897679768547
5.151804685592651,707,2.2714370543091222,-0.5476299963267466
5.151804685592651,708,2.2728611233807494,-0.5461719556499356
5.151804685592651,709,2.2742851104453896,-0.5447156459464214
5.151804685592651,710,2.275709015503043,-0.5432610672162045
5.151804685592651,711,2.2771328385537086,-0.5418082194592841
5.151804685592651,712,2.278556579597387,-0.540357102675661
5.151804685592651,713,2.279980238634078,-0.5389077168653346
5.151804685592651,714,2.2814038156637815,-0.5374600620283053
5.151804685592651,715,2.282827310686498,-0.5360141381645729
5.151804685592651,716,2.284250723702227,-0.5345699452741374
5.151804685592651,717,2.2856740547109693,-0.5331274833569989
5.151804685592651,718,2.287097303712724,-0.5316867524131573
5.151804685592651,719,2.2885204707074913,-0.5302477524426127
5.151804685592651,720,2.289943555695271,-0.5288104834453651
5.151804685592651,721,2.2913665586760645,-0.5273749454214144
5.151804685592651,722,2.29278947964987,-0.5259411383707606
5.151804685592651,723,2.294212318616688,-0.5245090622934039
5.151804685592651,724,2.2956350755765196,-0.5230787171893438
5.151804685592651,725,2.297057750529363,-0.521650103058581
5.151804685592651,726,2.2984803434752195,-0.520223219901115
5.151804685592651,727,2.2999028544140887,-0.518798067716946
5.151804685592651,728,2.3013252833459705,-0.517374646506074
5.151804685592651,729,2.302747630270865,-0.5159529562684989
5.151804685592651,730,2.3041698951887724,-0.5145329970042207
5.151804685592651,731,2.305592078099693,-0.5131147687132395
5.151804685592651,732,2.307014179003625,-0.5116982713955553
5.151804685592651,733,2.308436197900571,-0.510283505051168
5.151804685592651,734,2.309858134790529,-0.5088704696800777
5.151804685592651,735,2.3112799896735003,-0.5074591652822843
5.151804685592651,736,2.3127017625494837,-0.5060495918577878
5.151804685592651,737,2.31412345341848,-0.5046417494065883
5.151804685592651,738,2.3155450622804894,-0.5032356379286858
5.151804685592651,739,2.316966589135511,-0.5018312574240802
5.151804685592651,740,2.3183880339835454,-0.5004286078927714
5.151804685592651,741,2.3198093968245925,-0.49902768933475977
5.151804685592651,742,2.3212306776586527,-0.497628501750045
5.151804685592651,743,2.3226518764857254,-0.49623104513862715
5.151804685592651,744,2.3240729933058106,-0.4948353195005063
5.151804685592651,745,2.325494028118909,-0.49344132483568237
5.151804685592651,746,2.32691498092502,-0.4920490611441555
5.151804685592651,747,2.3283358517241433,-0.4906585284259255
5.151804685592651,748,2.3297566405162797,-0.48926972668099245
5.151804685592651,749,2.3311773473014292,-0.48788265590935637
5.151804685592651,750,2.332597972079591,-0.4864973161110172
5.151804685592651,751,2.334018514850765,-0.485113707285975
5.151804685592651,752,2.3354389756149527,-0.48373182943422977
5.151804685592651,753,2.3368593543721525,-0.4823516825557815
5.151804685592651,754,2.3382796511223654,-0.48097326665063017
5.151804685592651,755,2.3396998658655908,-0.4795965817187758
5.151804685592651,756,2.3411199986018287,-0.4782216277602183
5.151804685592651,757,2.3425400493310797,-0.4768484047749578
5.151804685592651,758,2.343960018053343,-0.4754769127629943
5.151804685592651,759,2.3453799047686195,-0.4741071517243277
5.151804685592651,760,2.3467997094769086,-0.47273912165895804
5.151804685592651,761,2.3482194321782104,-0.47137282256688534
5.151804685592651,762,2.3496390728725247,-0.4700082544481096
5.151804685592651,763,2.351058631559852,-0.4686454173026308
5.151804685592651,764,2.3524781082401924,-0.467284311130449
5.151804685592651,765,2.3538975029135445,-0.46592493593156403
5.151804685592651,766,2.3553168155799096,-0.46456729170597616
5.151804685592651,767,2.356736046239288,-0.4632113784536852
5.151804685592651,768,2.358155194891679,-0.4618571961746912
5.151804685592651,769,2.3595742615370825,-0.46050474486899406
5.151804685592651,770,2.3609932461754983,-0.45915402453659393
5.151804685592651,771,2.3624121488069276,-0.4578050351774907
5.151804685592651,772,2.363830969431369,-0.45645777679168453
5.151804685592651,773,2.365249708048824,-0.45511224937917527
5.151804685592651,774,2.366668364659291,-0.45376845293996293
5.151804685592651,775,2.368086939262771,-0.4524263874740475
5.151804685592651,776,2.369505431859263,-0.45108605298142906
5.151804685592651,777,2.370923842448769,-0.4497474494621076
5.151804685592651,778,2.3723421710312866,-0.4484105769160831
5.151804685592651,779,2.3737604176068174,-0.4470754353433555
5.151804685592651,780,2.375178582175361,-0.4457420247439248
5.151804685592651,781,2.376596664736917,-0.44441034511779115
5.151804685592651,782,2.378014665291486,-0.44308039646495445
5.151804685592651,783,2.3794325838390677,-0.4417521787854146
5.151804685592651,784,2.3808504203796623,-0.4404256920791718
5.151804685592651,785,2.3822681749132695,-0.439100936346226
5.151804685592651,786,2.383685847439889,-0.43777791158657703
5.151804685592651,787,2.3851034379595215,-0.436456617800225
5.151804685592651,788,2.386520946472167,-0.43513705498717004
5.151804685592651,789,2.387938372977825,-0.43381922314741195
5.151804685592651,790,2.3893557174764957,-0.43250312228095084
5.151804685592651,791,2.390772979968179,-0.43118875238778676
5.151804685592651,792,2.3921901604528752,-0.4298761134679195
5.151804685592651,793,2.393607258930584,-0.42856520552134914
5.151804685592651,794,2.395024275401306,-0.4272560285480759
5.151804685592651,795,2.3964412098650403,-0.4259485825480995
5.151804685592651,796,2.397858062321787,-0.4246428675214201
5.151804685592651,797,2.399274832771547,-0.4233388834680376
5.151804685592651,798,2.40069152121432,-0.4220366303879521
5.151804685592651,799,2.402108127650105,-0.42073610828116353
5.151804685592651,800,2.403524652078903,-0.4194373171476719
5.151804685592651,801,2.4049410945007135,-0.41814025698747725
5.151804685592651,802,2.4063574549155367,-0.41684492780057947
5.151804685592651,803,2.407773733323373,-0.4155513295869787
5.151804685592651,804,2.4091899297242216,-0.4142594623466749
5.151804685592651,805,2.410606044118083,-0.4129693260796681
5.151804685592651,806,2.4120220765049574,-0.4116809207859581
5.151804685592651,807,2.4134380268848448,-0.4103942464655451
5.151804685592651,808,2.4148538952577443,-0.40910930311842914
5.151804685592651,809,2.416269681623657,-0.40782609074461007
5.151804685592651,810,2.417685385982582,-0.4065446093440879
5.151804685592651,811,2.41910100833452,-0.40526485891686276
5.151804685592651,812,2.4205165486794704,-0.40398683946293457
5.151804685592651,813,2.4219320070174337,-0.4027105509823033
5.151804685592651,814,2.42334738334841,-0.40143599347496894
5.151804685592651,815,2.4247626776723985,-0.40016316694093157
5.151804685592651,816,2.4261778899894004,-0.39889207138019117
5.151804685592651,817,2.4275930202994145,-0.39762270679274775
5.151804685592651,818,2.4290080686024416,-0.3963550731786012
5.151804685592651,819,2.4304230348984808,-0.3950891705377516
5.151804685592651,820,2.4318379191875334,-0.39382499887019906
5.151804685592651,821,2.4332527214695987,-0.39256255817594343
5.151804685592651,822,2.4346674417446765,-0.3913018484549846
5.151804685592651,823,2.4360820800127674,-0.39004286970732294
5.151804685592651,824,2.4374966362738704,-0.3887856219329581
5.151804685592651,825,2.438911110527986,-0.38753010513189023
5.151804685592651,826,2.4403255027751154,-0.3862763193041193
5.151804685592651,827,2.441739813015257,-0.3850242644496454
5.151804685592651,828,2.4431540412484107,-0.38377394056846836
5.151804685592651,829,2.444568187474578,-0.3825253476605884
5.151804685592651,830,2.4459822516937573,-0.38127848572600515
5.151804685592651,831,2.44739623390595,-0.380033354764719
5.151804685592651,832,2.448810134111155,-0.37878995477672983
5.151804685592651,833,2.450223952309373,-0.3775482857620376
5.151804685592651,834,2.451637688500603,-0.37630834772064226
5.151804685592651,835,2.453051342684846,-0.37507014065254396
5.151804685592651,836,2.4544649148621023,-0.3738336645577425
5.151804685592651,837,2.4558784050323714,-0.372598919436238
5.151804685592651,838,2.4572918131956527,-0.37136590528803054
5.151804685592651,839,2.458705139351947,-0.37013462211312
5.151804685592651,840,2.4601183835012534,-0.3689050699115064
5.151804685592651,841,2.4615315456435733,-0.36767724868318974
5.151804685592651,842,2.4629446257789054,-0.36645115842817005
5.151804685592651,843,2.4643576239072504,-0.3652267991464473
5.151804685592651,844,2.4657705400286085,-0.36400417083802145
5.151804685592651,845,2.467183374142979,-0.36278327350289263
5.151804685592651,846,2.468596126250362,-0.3615641071410607
5.151804685592651,847,2.4700087963507578,-0.36034667175252577
5.151804685592651,848,2.4714213844441666,-0.3591309673372878
5.151804685592651,849,2.4728338905305876,-0.3579169938953467
5.151804685592651,850,2.474246314610022,-0.3567047514267026
5.151804685592651,851,2.4756586566824685,-0.3554942399313555
5.151804685592651,852,2.4770709167479286,-0.3542854594093053
5.151804685592651,853,2.4784830948064007,-0.3530784098605521
5.151804685592651,854,2.479895190857886,-0.3518730912850958
5.151804685592651,855,2.481307204902383,-0.3506695036829364
5.151804685592651,856,2.4827191369398935,-0.34946764705407407
5.151804685592651,857,2.484130986970417,-0.3482675213985086
5.151804685592651,858,2.4855427549939524,-0.34706912671624013
5.151804685592651,859,2.486954441010502,-0.3458724630072686
5.151804685592651,860,2.488366045020063,-0.344677530271594
5.151804685592651,861,2.489777567022637,-0.34348432850921634
5.151804685592651,862,2.4911890070182237,-0.3422928577201356
5.151804685592651,863,2.492600365006823,-0.3411031179043519
5.151804685592651,864,2.494011640988435,-0.3399151090618651
5.151804685592651,865,2.49542283496306,-0.3387288311926753
5.151804685592651,866,2.496833946930698,-0.33754428429678235
5.151804685592651,867,2.4982449768913484,-0.33636146837418646
5.151804685592651,868,2.499655924845012,-0.3351803834248875
5.151804685592651,869,2.501066790791687,-0.33400102944888543
5.151804685592651,870,2.5024775747313757,-0.33282340644618036
5.151804685592651,871,2.5038882766640773,-0.3316475144167722
5.151804685592651,872,2.5052988965897907,-0.33047335336066097
5.151804685592651,873,2.506709434508518,-0.32930092327784677
5.151804685592651,874,2.5081198904202573,-0.3281302241683295
5.151804685592651,875,2.5095302643250097,-0.3269612560321091
5.151804685592651,876,2.5109405562227742,-0.32579401886918574
5.151804685592651,877,2.512350766113552,-0.3246285126795593
5.151804685592651,878,2.5137608939973424,-0.3234647374632298
5.151804685592651,879,2.5151709398741455,-0.3223026932201973
5.151804685592651,880,2.516580903743961,-0.3211423799504617
5.151804685592651,881,2.5179907856067896,-0.31998379765402307
5.151804685592651,882,2.519400585462631,-0.3188269463308814
5.151804685592651,883,2.520810303311485,-0.3176718259810366
5.151804685592651,884,2.5222199391533513,-0.31651843660448886
5.151804685592651,885,2.523629492988231,-0.31536677820123804
5.151804685592651,886,2.525038964816123,-0.31421685077128414
5.151804685592651,887,2.526448354637028,-0.3130686543146272
5.151804685592651,888,2.5278576624509457,-0.3119221888312672
5.151804685592651,889,2.529266888257876,-0.31077745432120424
5.151804685592651,890,2.5306760320578188,-0.30963445078443813
5.151804685592651,891,2.5320850938507746,-0.308493178220969
5.151804685592651,892,2.533494073636743,-0.30735363663079684
5.151804685592651,893,2.5349029714157245,-0.3062158260139216
5.151804685592651,894,2.536311787187718,-0.3050797463703433
5.151804685592651,895,2.5377205209527247,-0.30394539770006196
5.151804685592651,896,2.5391291727107443,-0.3028127800030776
5.151804685592651,897,2.540537742461776,-0.30168189327939016
5.151804685592651,898,2.541946230205821,-0.3005527375289997
5.151804685592651,899,2.5433546359428783,-0.2994253127519062
5.151804685592651,900,2.5447629596729486,-0.2982996189481096
5.151804685592651,901,2.546171201396032,-0.29717565611761
5.151804685592651,902,2.5475793611121276,-0.2960534242604073
5.151804685592651,903,2.5489874388212357,-0.29493292337650157
5.151804685592651,904,2.550395434523357,-0.2938141534658928
5.151804685592651,905,2.551803348218491,-0.292697114528581
5.151804685592651,906,2.5532111799066373,-0.2915818065645661
5.151804685592651,907,2.5546189295877966,-0.29046822957384816
5.151804685592651,908,2.5560265972619685,-0.28935638355642723
5.151804685592651,909,2.5574341829291534,-0.28824626851230317
5.151804685592651,910,2.558841686589351,-0.2871378844414761
5.151804685592651,911,2.5602491082425614,-0.286031231343946
5.151804685592651,912,2.561656447888784,-0.28492630921971285
5.151804685592651,913,2.5630637055280197,-0.2838231180687766
5.151804685592651,914,2.5644708811602683,-0.28272165789113735
5.151804685592651,915,2.565877974785529,-0.28162192868679503
5.151804685592651,916,2.567284986403803,-0.28052393045574964
5.151804685592651,917,2.56869191601509,-0.2794276631980013
5.151804685592651,918,2.570098763619389,-0.27833312691354983
5.151804685592651,919,2.571505529216701,-0.2772403216023953
5.151804685592651,920,2.5729122128070254,-0.2761492472645377
5.151804685592651,921,2.574318814390363,-0.27505990389997714
5.151804685592651,922,2.5757253339667128,-0.2739722915087135
5.151804685592651,923,2.577131771536076,-0.27288641009074677
5.151804685592651,924,2.5785381270984513,-0.27180225964607696
5.151804685592651,925,2.5799444006538397,-0.2707198401747042
5.151804685592651,926,2.5813505922022406,-0.26963915167662833
5.151804685592651,927,2.5827567017436546,-0.2685601941518494
5.151804685592651,928,2.584162729278081,-0.2674829676003674
5.151804685592651,929,2.58556867480552,-0.2664074720221824
5.151804685592651,930,2.586974538325972,-0.26533370741729434
5.151804685592651,931,2.5883803198394366,-0.2642616737857032
5.151804685592651,932,2.589786019345914,-0.26319137112740904
5.151804685592651,933,2.591191636845404,-0.26212279944241185
5.151804685592651,934,2.592597172337907,-0.26105595873071163
5.151804685592651,935,2.594002625823423,-0.2599908489923083
5.151804685592651,936,2.595407997301951,-0.258927470227202
5.151804685592651,937,2.596813286773492,-0.2578658224353925
5.151804685592651,938,2.5982184942380453,-0.2568059056168801
5.151804685592651,939,2.599623619695612,-0.25574771977166455
5.151804685592651,940,2.601028663146191,-0.25469126489974603
5.151804685592651,941,2.602433624589783,-0.25363654100112437
5.151804685592651,942,2.6038385040263883,-0.25258354807579975
5.151804685592651,943,2.6052433014560052,-0.25153228612377204
5.151804685592651,944,2.6066480168786352,-0.25048275514504126
5.151804685592651,945,2.608052650294278,-0.24943495513960745
5.151804685592651,946,2.6094572017029334,-0.24838888610747062
5.151804685592651,947,2.610861671104602,-0.2473445480486307
5.151804685592651,948,2.6122660584992827,-0.24630194096308777
5.151804685592651,949,2.6136703638869765,-0.24526106485084176
5.151804685592651,950,2.6150745872676824,-0.24422191971189272
5.151804685592651,951,2.616478728641402,-0.2431845055462406
5.151804685592651,952,2.6178827880081332,-0.24214882235388546
5.151804685592651,953,2.6192867653678786,-0.24111487013482724
5.151804685592651,954,2.6206906607206353,-0.240082648889066
5.151804685592651,955,2.622094474066406,-0.23905215861660167
5.151804685592651,956,2.623498205405188,-0.23802339931743438
5.151804685592651,957,2.624901854736984,-0.23699637099156395
5.151804685592651,958,2.626305422061792,-0.2359710736389905
5.151804685592651,959,2.6277089073796125,-0.23494750725971397
5.151804685592651,960,2.6291123106904464,-0.23392567185373447
5.151804685592651,961,2.630515631994293,-0.23290556742105184
5.151804685592651,962,2.631918871291152,-0.23188719396166618
5.151804685592651,963,2.6333220285810235,-0.2308705514755775
5.151804685592651,964,2.634725103863908,-0.22985563996278577
5.151804685592651,965,2.6361280971398053,-0.22884245942329098
5.151804685592651,966,2.6375310084087156,-0.22783100985709315
5.151804685592651,967,2.638933837670638,-0.2268212912641922
5.151804685592651,968,2.6403365849255733,-0.2258133036445883
5.151804685592651,969,2.6417392501735213,-0.22480704699828127
5.151804685592651,970,2.6431418334144823,-0.22380252132527123
5.151804685592651,971,2.6445443346484563,-0.2227997266255582
5.151804685592651,972,2.6459467538754424,-0.22179866289914205
5.151804685592651,973,2.6473490910954416,-0.22079933014602285
5.151804685592651,974,2.6487513463084533,-0.2198017283662006
5.151804685592651,975,2.6501535195144776,-0.2188058575596753
5.151804685592651,976,2.651555610713515,-0.21781171772644692
5.151804685592651,977,2.6529576199055644,-0.21681930886651557
5.151804685592651,978,2.6543595470906274,-0.21582863097988111
5.151804685592651,979,2.655761392268703,-0.21483968406654363
5.151804685592651,980,2.657163155439791,-0.2138524681265031
5.151804685592651,981,2.6585648366038916,-0.21286698315975958
5.151804685592651,982,2.659966435761005,-0.21188322916631291
5.151804685592651,983,2.661367952911131,-0.21090120614616323
5.151804685592651,984,2.6627693880542704,-0.20992091409931052
5.151804685592651,985,2.6641707411904223,-0.2089423530257547
5.151804685592651,986,2.6655720123195863,-0.2079655229254959
5.151804685592651,987,2.6669732014417633,-0.206990423798534
5.151804685592651,988,2.6683743085569533,-0.20601705564486905
5.151804685592651,989,2.669775333665156,-0.20504541846450106
5.151804685592651,990,2.671176276766371,-0.20407551225743004
5.151804685592651,991,2.672577137860599,-0.20310733702365594
5.151804685592651,992,2.6739779169478397,-0.20214089276317881
5.151804685592651,993,2.6753786140280935,-0.20117617947599864
5.151804685592651,994,2.67677922910136,-0.2002131971621154
5.151804685592651,995,2.678179762167639,-0.19925194582152914
5.151804685592651,996,2.6795802132269304,-0.19829242545423978
5.151804685592651,997,2.680980582279235,-0.1973346360602474
5.151804685592651,998,2.682380869324552,-0.19637857763955197
5.151804685592651,999,2.683781074362882,-0.19542425019215348
5.151804685592651,1000,2.6851811973942246,-0.19447165371805197
5.151804685592651,1001,2.6865812384185794,-0.19352078821724739
5.151804685592651,1002,2.6865812384185794,-0.19352078821724739
5.151804685592651,1003,2.6879812384394413,-0.19257043820308606
5.151804685592651,1004,2.6893812384603026,-0.19161938818891433
5.151804685592651,1005,2.6907812384811645,-0.19066763817473215
5.151804685592651,1006,2.692181238502026,-0.1897151881605395
5.151804685592651,1007,2.6935812385228877,-0.18876203814633646
5.151804685592651,1008,2.694981238543749,-0.18780818813212302
5.151804685592651,1009,2.696381238564611,-0.18685363811789912
5.151804685592651,1010,2.6977812385854723,-0.18589838810366477
5.151804685592651,1011,2.6991812386063336,-0.18494243808941999
5.151804685592651,1012,2.7005812386271955,-0.1839857880751648
5.151804685592651,1013,2.701981238648057,-0.18302843806089916
5.151804685592651,1014,2.7033812386689187,-0.18207038804662312
5.151804685592651,1015,2.7047812386897805,-0.18111163803233662
5.151804685592651,1016,2.706181238710642,-0.1801521880180397
5.151804685592651,1017,2.7075812387315032,-0.17919203800373237
5.151804685592651,1018,2.708981238752366,-0.17823118798941456
5.151804685592651,1019,2.7103812387732273,-0.17726963797508638
5.151804685592651,1020,2.7117812387940883,-0.1763073879607477
5.151804685592651,1021,2.71318123881495,-0.17534443794639867
5.151804685592651,1022,2.714581238835812,-0.17438078793203915
5.151804685592651,1023,2.715981238856673,-0.17341643791766922
5.151804685592651,1024,2.717381238877535,-0.17245138790328884
5.151804685592651,1025,2.7187812388983965,-0.17148563788889806
5.151804685592651,1026,2.7201812389192583,-0.1705191878744968
5.151804685592651,1027,2.72158123894012,-0.1695520378600852
5.151804685592651,1028,2.7229812389609815,-0.16858418784566306
5.151804685592651,1029,2.724381238981843,-0.16761563783123054
5.151804685592651,1030,2.7257812390027047,-0.1666463878167876
5.151804685592651,1031,2.7271812390235666,-0.16567643780233424
5.151804685592651,1032,2.7285812390444275,-0.1647057877878704
5.151804685592651,1033,2.7299812390652893,-0.16373443777339614
5.151804685592651,1034,2.7313812390861507,-0.1627623877589115
5.151804685592651,1035,2.7327812391070125,-0.16178963774441638
5.151804685592651,1036,2.7341812391278744,-0.16081618772991085
5.151804685592651,1037,2.735581239148736,-0.15984203771539487
5.151804685592651,1038,2.7369812391695976,-0.15886718770086847
5.151804685592651,1039,2.73838123919046,-0.15789163768633172
5.151804685592651,1040,2.739781239211321,-0.15691538767178442
5.151804685592651,1041,2.7411812392321835,-0.15593843765722673
5.151804685592651,1042,2.742581239253045,-0.1549607876426586
5.151804685592651,1043,2.7439812392739062,-0.1539824376280801
5.151804685592651,1044,2.745381239294768,-0.15300338761349105
5.151804685592651,1045,2.74678123931563,-0.15202363759889168
5.151804685592651,1046,2.7481812393364913,-0.1510431875842818
5.151804685592651,1047,2.7495812393573527,-0.15006203756966155
5.151804685592651,1048,2.7509812393782145,-0.14908018755503086
5.151804685592651,1049,2.752381239399076,-0.1480976375403897
5.151804685592651,1050,2.7537812394199377,-0.14711438752573813
5.151804685592651,1051,2.7551812394407986,-0.14613043751107616
5.151804685592651,1052,2.756581239461661,-0.14514578749640372
5.151804685592651,1053,2.7579812394825223,-0.14416043748172086
5.151804685592651,1054,2.759381239503384,-0.14317438746702757
5.151804685592651,1055,2.760781239524246,-0.14218763745232385
5.151804685592651,1056,2.7621812395451077,-0.14120018743760968
5.151804685592651,1057,2.7635812395659687,-0.1402120374228851
5.151804685592651,1058,2.7649812395868305,-0.1392231874081501
5.151804685592651,1059,2.766381239607692,-0.13823363739340466
5.151804685592651,1060,2.7677812396285537,-0.13724338737864877
5.151804685592651,1061,2.7691812396494155,-0.13625243736388248
5.151804685592651,1062,2.770581239670277,-0.13526078734910574
5.151804685592651,1063,2.7719812396911387,-0.13426843733431856
5.151804685592651,1064,2.7733812397119997,-0.13327538731952093
5.151804685592651,1065,2.774781239732862,-0.13228163730471293
5.151804685592651,1066,2.7761812397537238,-0.13128718728989444
5.151804685592651,1067,2.777581239774585,-0.1302920372750656
5.151804685592651,1068,2.7789812397954465,-0.12929618726022626
5.151804685592651,1069,2.7803812398163084,-0.1282996372453765
5.151804685592651,1070,2.78178123983717,-0.12730238723051632
5.151804685592651,1071,2.7831812398580316,-0.12630443721564572
5.151804685592651,1072,2.7845812398788934,-0.12530578720076466
5.151804685592651,1073,2.7859812398997543,-0.12430643718587318
5.151804685592651,1074,2.787381239920616,-0.12330638717097127
5.151804685592651,1075,2.788781239941478,-0.12230563715605894
5.151804685592651,1076,2.7901812399623394,-0.1213041871411362
5.151804685592651,1077,2.791581239983201,-0.12030203712620299
5.151804685592651,1078,2.7929812400040626,-0.11929918711125934
5.151804685592651,1079,2.7943812400249244,-0.1182956370963053
5.151804685592651,1080,2.795781240045786,-0.1172913870813408
5.151804685592651,1081,2.797181240066648,-0.11628643706636588
5.151804685592651,1082,2.7985812400875094,-0.1152807870513805
5.151804685592651,1083,2.7999812401083712,-0.11427443703638475
5.151804685592651,1084,2.801381240129233,-0.11326738702137852
5.151804685592651,1085,2.8027812401500944,-0.11225963700636189
5.151804685592651,1086,2.8041812401709563,-0.11125118699133481
5.151804685592651,1087,2.8055812401918176,-0.11024203697629728
5.151804685592651,1088,2.8069812402126795,-0.10923218696124935
5.151804685592651,1089,2.808381240233541,-0.10822163694619098
5.151804685592651,1090,2.809781240254403,-0.10721038693112221
5.151804685592651,1091,2.8111812402752645,-0.106198436916043
5.151804685592651,1092,2.812581240296126,-0.10518578690095334
5.151804685592651,1093,2.8139812403169877,-0.10417243688585325
5.151804685592651,1094,2.815381240337849,-0.10315838687074272
5.151804685592651,1095,2.816781240358711,-0.10214363685562176
5.151804685592651,1096,2.8181812403795727,-0.10112818684049038
5.151804685592651,1097,2.819581240400434,-0.10011203682534858
5.151804685592651,1098,2.820981240421296,-0.09909518681019633
5.151804685592651,1099,2.8223812404421578,-0.09807763679503365
5.151804685592651,1100,2.823781240463019,-0.09705938677986053
5.151804685592651,1101,2.8251812404838805,-0.096040436764677
5.151804685592651,1102,2.826581240504743,-0.09502078674948303
5.151804685592651,1103,2.8279812405256037,-0.09400043673427862
5.151804685592651,1104,2.8293812405464656,-0.09297938671906378
5.151804685592651,1105,2.8307812405673274,-0.09195763670383852
5.151804685592651,1106,2.8321812405881888,-0.09093518668860283
5.151804685592651,1107,2.8335812406090506,-0.08991203667335673
5.151804685592651,1108,2.834981240629912,-0.08888818665810015
5.151804685592651,1109,2.8363812406507733,-0.08786363664283317
5.151804685592651,1110,2.8377812406716356,-0.08683838662755576
5.151804685592651,1111,2.839181240692497,-0.08581243661226792
5.151804685592651,1112,2.840581240713358,-0.08478578659696964
5.151804685592651,1113,2.8419812407342206,-0.08375843658166092
5.151804685592651,1114,2.8433812407550816,-0.0827303865663418
5.151804685592651,1115,2.8447812407759434,-0.08170163655101222
5.151804685592651,1116,2.8461812407968052,-0.08067218653567222
5.151804685592651,1117,2.8475812408176666,-0.07964203652032176
5.151804685592651,1118,2.848981240838528,-0.0786111865049609
5.151804685592651,1119,2.85038124085939,-0.07757963648958963
5.151804685592651,1120,2.8517812408802516,-0.0765473864742079
5.151804685592651,1121,2.853181240901113,-0.07551443645881575
5.151804685592651,1122,2.8545812409219744,-0.07448078644341316
5.151804685592651,1123,2.8559812409428362,-0.07344643642800014
5.151804685592651,1124,2.8573812409636976,-0.0724113864125767
5.151804685592651,1125,2.858781240984559,-0.07137563639714282
5.151804685592651,1126,2.860181241005421,-0.07033918638169852
5.151804685592651,1127,2.8615812410262826,-0.06930203636624377
5.151804685592651,1128,2.862981241047144,-0.0682641863507786
5.151804685592651,1129,2.864381241068006,-0.067225636335303
5.151804685592651,1130,2.8657812410888677,-0.06618638631981698
5.151804685592651,1131,2.867181241109729,-0.06514643630432049
5.151804685592651,1132,2.868581241130591,-0.0641057862888136
5.151804685592651,1133,2.8699812411514523,-0.06306443627329629
5.151804685592651,1134,2.871381241172314,-0.06202238625776853
5.151804685592651,1135,2.8727812411931755,-0.06097963624223034
5.151804685592651,1136,2.8741812412140373,-0.059936186226681724
5.151804685592651,1137,2.8755812412348987,-0.05889203621112266
5.151804685592651,1138,2.8769812412557605,-0.05784718619555321
5.151804685592651,1139,2.8783812412766223,-0.056801636179973275
5.151804685592651,1140,2.8797812412974837,-0.05575538616438294
5.151804685592651,1141,2.8811812413183455,-0.05470843614878217
5.151804685592651,1142,2.882581241339207,-0.05366078613317096
5.151804685592651,1143,2.8839812413600687,-0.052612436117549344
5.151804685592651,1144,2.8853812413809306,-0.05156338610191728
5.151804685592651,1145,2.886781241401792,-0.05051363608627478
5.151804685592651,1146,2.8881812414226538,-0.04946318607062186
5.151804685592651,1147,2.8895812414435147,-0.04841203605495852
5.151804685592651,1148,2.8909812414643765,-0.047360186039284706
5.151804685592651,1149,2.8923812414852383,-0.046307636023600496
5.151804685592651,1150,2.8937812415060997,-0.04525438600790585
5.151804685592651,1151,2.8951812415269615,-0.044200435992200776
5.151804685592651,1152,2.8965812415478225,-0.04314578597648526
5.151804685592651,1153,2.8979812415686843,-0.042090435960759315
5.151804685592651,1154,2.899381241589546,-0.041034385945022955
5.151804685592651,1155,2.900781241610408,-0.03997763592927615
5.151804685592651,1156,2.90218124163127,-0.038920185913518916
5.151804685592651,1157,2.903581241652131,-0.03786203589775126
5.151804685592651,1158,2.904981241672993,-0.03680318588197314
5.151804685592651,1159,2.906381241693854,-0.03574363586618461
5.151804685592651,1160,2.9077812417147157,-0.03468338585038566
5.151804685592651,1161,2.9091812417355776,-0.03362243583457629
5.151804685592651,1162,2.910581241756439,-0.03256078581875647
5.151804685592651,1163,2.9119812417773008,-0.031498435802926224
5.151804685592651,1164,2.9133812417981626,-0.030435385787085552
5.151804685592651,1165,2.914781241819024,-0.029371635771234424
5.151804685592651,1166,2.9161812418398854,-0.028307185755372888
5.151804685592651,1167,2.9175812418607476,-0.027242035739500924
5.151804685592651,1168,2.918981241881609,-0.02617618572361849
5.151804685592651,1169,2.9203812419024704,-0.025109635707725668
5.151804685592651,1170,2.921781241923332,-0.02404238569182241
5.151804685592651,1171,2.923181241944194,-0.02297443567590872
5.151804685592651,1172,2.9245812419650554,-0.021905785659984578
5.151804685592651,1173,2.925981241985917,-0.020836435644050015
5.151804685592651,1174,2.9273812420067786,-0.01976638562810503
5.151804685592651,1175,2.9287812420276405,-0.018695635612149618
5.151804685592651,1176,2.930181242048502,-0.017624185596183763
5.151804685592651,1177,2.9315812420693637,-0.016552035580207493
5.151804685592651,1178,2.9329812420902255,-0.015479185564220808
5.151804685592651,1179,2.9343812421110873,-0.014405635548223675
5.151804685592651,1180,2.935781242131949,-0.013331385532216106
5.151804685592651,1181,2.9371812421528105,-0.012256435516198101
5.151804685592651,1182,2.938581242173672,-0.011180785500169654
5.151804685592651,1183,2.9399812421945337,-0.010104435484130793
5.151804685592651,1184,2.941381242215395,-0.009027385468081489
5.151804685592651,1185,2.942781242236257,-0.007949635452021785
5.151804685592651,1186,2.9441812422571183,-0.00687118543595161
5.151804685592651,1187,2.94558124227798,-0.005792035419871035
5.151804685592651,1188,2.946981242298842,-0.00471218540378001
5.151804685592651,1189,2.9483812423197038,-0.00363163538767855
5.151804685592651,1190,2.949781242340565,-0.0025503853715666686
5.151804685592651,1191,2.951181242361427,-0.0014684353554443585
5.151804685592651,1192,2.952581242382289,-0.000385785339311627
5.151804685592651,1193,2.9539812424031497,0.0006975646768315538
5.151804685592651,1194,2.955381242424012,0.0017816146929851492
5.151804685592651,1195,2.9567812424448734,0.002866364709149201
5.151804685592651,1196,2.9581812424657348,0.003951814725323674
5.151804685592651,1197,2.959581242486596,0.005037964741508562
5.151804685592651,1198,2.960981242507458,0.006124814757703892
5.151804685592651,1199,2.96238124252832,0.007212364773909644
5.151804685592651,1200,2.9637812425491816,0.008300614790125838
5.151804685592651,1201,2.965181242570043,0.009389564806352474
5.151804685592651,1202,2.966581242590905,0.010479214822589518
5.151804685592651,1203,2.967981242611766,0.011569564838836997
5.151804685592651,1204,2.969381242632628,0.012660614855094898
5.151804685592651,1205,2.97078124265349,0.013752364871363242
5.151804685592651,1206,2.972181242674351,0.014844814887642027
5.151804685592651,1207,2.9735812426952126,0.015937964903931227
5.151804685592651,1208,2.9749812427160744,0.017031814920230877
5.151804685592651,1209,2.9763812427369363,0.018126364936540934
5.151804685592651,1210,2.9777812427577977,0.019221614952861427
5.151804685592651,1211,2.97918124277866,0.02031756496919232
5.151804685592651,1212,2.980581242799521,0.021414214985533676
5.151804685592651,1213,2.981981242820383,0.02251156500188546
5.151804685592651,1214,2.9833812428412445,0.02360961501824768
5.151804685592651,1215,2.9847812428621063,0.024708365034620344
5.151804685592651,1216,2.9861812428829673,0.02580781505100342
5.151804685592651,1217,2.987581242903829,0.026907965067396934
5.151804685592651,1218,2.988981242924691,0.028008815083800875
5.151804685592651,1219,2.9903812429455527,0.029110365100215252
5.151804685592651,1220,2.991781242966414,0.030212615116640064
5.151804685592651,1221,2.9931812429872755,0.03131556513307529
5.151804685592651,1222,2.9945812430081373,0.032419215149520966
5.151804685592651,1223,2.995981243028999,0.033523565165977064
5.151804685592651,1224,2.997381243049861,0.03462861518244359
5.151804685592651,1225,2.998781243070722,0.03573436519892056
5.151804685592651,1226,3.0001812430915837,0.036840815215407954
5.151804685592651,1227,3.0015812431124456,0.03794796523190576
5.151804685592651,1228,3.0029812431333074,0.039055815248414005
5.151804685592651,1229,3.004381243154169,0.04016436526493271
5.151804685592651,1230,3.0057812431750306,0.04127361528146182
5.151804685592651,1231,3.0071812431958924,0.04238356529800136
5.151804685592651,1232,3.008581243216754,0.04349421531455134
5.151804685592651,1233,3.0099812432376156,0.044605565331111735
5.151804685592651,1234,3.0113812432584766,0.04571761534768258
5.151804685592651,1235,3.0127812432793384,0.04683036536426385
5.151804685592651,1236,3.0141812433002,0.04794381538085554
5.151804685592651,1237,3.015581243321062,0.04905796539745767
5.151804685592651,1238,3.0169812433419234,0.050172815414070246
5.151804685592651,1239,3.0183812433627852,0.05128836543069323
5.151804685592651,1240,3.019781243383647,0.05240461544732665
5.151804685592651,1241,3.0211812434045084,0.05352156546397051
5.151804685592651,1242,3.0225812434253694,0.05463921548062477
5.151804685592651,1243,3.023981243446231,0.055757565497289475
5.151804685592651,1244,3.0253812434670926,0.056876615513964626
5.151804685592651,1245,3.0267812434879544,0.05799636553065021
5.151804685592651,1246,3.0281812435088162,0.05911681554734621
5.151804685592651,1247,3.0295812435296776,0.06023796556405265
5.151804685592651,1248,3.0309812435505394,0.06135981558076953
5.151804685592651,1249,3.032381243571401,0.06248236559749682
5.151804685592651,1250,3.0337812435922626,0.06360561561423453
5.151804685592651,1251,3.0351812436131245,0.0647295656309827
5.151804685592651,1252,3.036581243633986,0.0658542156477413
5.151804685592651,1253,3.0379812436548472,0.06697956566451031
5.151804685592651,1254,3.039381243675709,0.06810561568128978
5.151804685592651,1255,3.040781243696571,0.06923236569807965
5.151804685592651,1256,3.0421812437174323,0.07035981571487998
5.151804685592651,1257,3.0435812437382936,0.07148796573169072
5.151804685592651,1258,3.0449812437591555,0.07261681574851189
5.151804685592651,1259,3.046381243780017,0.0737463657653435
5.151804685592651,1260,3.0477812438008787,0.07487661578218553
5.151804685592651,1261,3.0491812438217405,0.076007565799038
5.151804685592651,1262,3.050581243842602,0.07713921581590091
5.151804685592651,1263,3.0519812438634637,0.07827156583277423
5.151804685592651,1264,3.053381243884326,0.07940461584965801
5.151804685592651,1265,3.054781243905187,0.0805383658665522
5.151804685592651,1266,3.0561812439260487,0.08167281588345682
5.151804685592651,1267,3.05758124394691,0.08280796590037187
5.151804685592651,1268,3.0589812439677724,0.08394381591729737
5.151804685592651,1269,3.0603812439886333,0.08508036593423327
5.151804685592651,1270,3.061781244009495,0.08621761595117963
5.151804685592651,1271,3.063181244030357,0.0873555659681364
5.151804685592651,1272,3.0645812440512183,0.0884942159851036
5.151804685592651,1273,3.0659812440720797,0.08963356600208124
5.151804685592651,1274,3.067381244092942,0.0907736160190693
5.151804685592651,1275,3.0687812441138034,0.09191436603606781
5.151804685592651,1276,3.0701812441346648,0.09305581605307675
5.151804685592651,1277,3.071581244155526,0.0941979660700961
5.151804685592651,1278,3.072981244176388,0.09534081608712588
5.151804685592651,1279,3.07438124419725,0.09648436610416614
5.151804685592651,1280,3.0757812442181116,0.0976286161212168
5.151804685592651,1281,3.0771812442389734,0.09877356613827788
5.151804685592651,1282,3.078581244259835,0.09991921615534938
5.151804685592651,1283,3.079981244280696,0.10106556617243134
5.151804685592651,1284,3.081381244301558,0.10221261618952371
5.151804685592651,1285,3.08278124432242,0.10336036620662653
5.151804685592651,1286,3.084181244343281,0.10450881622373977
5.151804685592651,1287,3.0855812443641426,0.10565796624086342
5.151804685592651,1288,3.0869812443850044,0.10680781625799754
5.151804685592651,1289,3.0883812444058663,0.10795836627514208
5.151804685592651,1290,3.0897812444267276,0.10910961629229701
5.151804685592651,1291,3.091181244447589,0.11026156630946235
5.151804685592651,1292,3.092581244468451,0.1114142163266382
5.151804685592651,1293,3.0939812444893127,0.11256756634382445
5.151804685592651,1294,3.095381244510174,0.11372161636102111
5.151804685592651,1295,3.0967812445310354,0.11487636637822826
5.151804685592651,1296,3.0981812445518973,0.11603181639544577
5.151804685592651,1297,3.099581244572759,0.11718796641267376
5.151804685592651,1298,3.1009812445936205,0.11834481642991215
5.151804685592651,1299,3.1023812446144827,0.11950236644716102
5.151804685592651,1300,3.1037812446353437,0.12066061646442029
5.151804685592651,1301,3.1051812446562055,0.12181956648169
5.151804685592651,1302,3.1065812446770673,0.12297921649897013
5.151804685592651,1303,3.1079812446979287,0.12413956651626068
5.151804685592651,1304,3.1093812447187905,0.12530061653356167
5.151804685592651,1305,3.110781244739652,0.12646236655087312
5.151804685592651,1306,3.1121812447605137,0.12762481656819494
5.151804685592651,1307,3.113581244781375,0.12878796658552727
5.151804685592651,1308,3.1149812448022365,0.12995181660286997
5.151804685592651,1309,3.1163812448230988,0.1311163666202231
5.151804685592651,1310,3.11778124484396,0.1322816166375867
5.151804685592651,1311,3.119181244864822,0.13344756665496071
5.151804685592651,1312,3.120581244885684,0.13461421667234513
5.151804685592651,1313,3.121981244906545,0.13578156668974
5.151804685592651,1314,3.1233812449274065,0.13694961670714534
5.151804685592651,1315,3.1247812449482684,0.13811836672456107
5.151804685592651,1316,3.1261812449691297,0.1392878167419872
5.151804685592651,1317,3.127581244989991,0.14045796675942382
5.151804685592651,1318,3.128981245010853,0.14162881677687084
5.151804685592651,1319,3.1303812450317148,0.14280036679432828
5.151804685592651,1320,3.1317812450525766,0.14397261681179618
5.151804685592651,1321,3.133181245073438,0.14514556682927449
5.151804685592651,1322,3.1345812450942994,0.14631921684676324
5.151804685592651,1323,3.135981245115161,0.14749356686426243
5.151804685592651,1324,3.137381245136023,0.14866861688177202
5.151804685592651,1325,3.138781245156885,0.14984436689929206
5.151804685592651,1326,3.1401812451777458,0.15102081691682254
5.151804685592651,1327,3.1415812451986076,0.15219796693436347
5.151804685592651,1328,3.1429812452194694,0.15337581695191477
5.151804685592651,1329,3.1443812452403312,0.15455436696947655
5.151804685592651,1330,3.145781245261193,0.15573361698704874
5.151804685592651,1331,3.147181245282054,0.15691356700463135
5.151804685592651,1332,3.148581245302916,0.15809421702222443
5.151804685592651,1333,3.1499812453237777,0.1592755670398279
5.151804685592651,1334,3.1513812453446395,0.16045761705744183
5.151804685592651,1335,3.1527812453655004,0.16164036707506618
5.151804685592651,1336,3.1541812453863627,0.16282381709270097
5.151804685592651,1337,3.155581245407224,0.16400796711034618
5.151804685592651,1338,3.1569812454280854,0.16519281712800182
5.151804685592651,1339,3.1583812454489473,0.1663783671456679
5.151804685592651,1340,3.1597812454698087,0.1675646171633444
5.151804685592651,1341,3.1611812454906705,0.16875156718103132
5.151804685592651,1342,3.1625812455115323,0.16993921719872868
5.151804685592651,1343,3.163981245532394,0.17112756721643652
5.151804685592651,1344,3.165381245553255,0.1723166172341547
5.151804685592651,1345,3.166781245574117,0.17350636725188337
5.151804685592651,1346,3.1681812455949787,0.17469681726962247
5.151804685592651,1347,3.1695812456158405,0.175887967287372
5.151804685592651,1348,3.1709812456367015,0.17707981730513192
5.151804685592651,1349,3.1723812456575633,0.1782723673229023
5.151804685592651,1350,3.173781245678425,0.17946561734068311
5.151804685592651,1351,3.175181245699287,0.18065956735847435
5.151804685592651,1352,3.1765812457201488,0.18185421737627602
5.151804685592651,1353,3.17798124574101,0.18304956739408815
5.151804685592651,1354,3.1793812457618715,0.18424561741191062
5.151804685592651,1355,3.1807812457827334,0.18544236742974357
5.151804685592651,1356,3.1821812458035947,0.18663981744758695
5.151804685592651,1357,3.183581245824457,0.18783796746544082
5.151804685592651,1358,3.184981245845318,0.18903681748330506
5.151804685592651,1359,3.1863812458661798,0.19023636750117973
5.151804685592651,1360,3.1877812458870416,0.19143661751906488
5.151804685592651,1361,3.189181245907903,0.1926375675369604
5.151804685592651,1362,3.1905812459287644,0.1938392175548664
5.151804685592651,1363,3.191981245949626,0.19504156757278282
5.151804685592651,1364,3.193381245970488,0.19624461759070966
5.151804685592651,1365,3.19478124599135,0.19744836760864692
5.151804685592651,1366,3.196181246012211,0.19865281762659465
5.151804685592651,1367,3.1975812460330726,0.19985796764455274
5.151804685592651,1368,3.1989812460539344,0.20106381766252135
5.151804685592651,1369,3.2003812460747962,0.20227036768050033
5.151804685592651,1370,3.2017812460956576,0.20347761769848977
5.151804685592651,1371,3.2031812461165194,0.20468556771648963
5.151804685592651,1372,3.204581246137381,0.2058942177344999
5.151804685592651,1373,3.205981246158242,0.20710356775252062
5.151804685592651,1374,3.2073812461791045,0.2083136177705518
5.151804685592651,1375,3.208781246199966,0.20952436778859337
5.151804685592651,1376,3.2101812462208272,0.21073581780664538
5.151804685592651,1377,3.211581246241689,0.21194796782470782
5.151804685592651,1378,3.212981246262551,0.21316081784278068
5.151804685592651,1379,3.2143812462834127,0.214374367860864
5.151804685592651,1380,3.215781246304274,0.21558861787895775
5.151804685592651,1381,3.2171812463251355,0.21680356789706187
5.151804685592651,1382,3.2185812463459973,0.2180192179151765
5.151804685592651,1383,3.219981246366859,0.21923556793330154
5.151804685592651,1384,3.2213812463877205,0.22045261795143697
5.151804685592651,1385,3.222781246408582,0.2216703679695829
5.151804685592651,1386,3.2241812464294437,0.22288881798773919
5.151804685592651,1387,3.2255812464503046,0.22410796800590593
5.151804685592651,1388,3.226981246471167,0.22532781802408314
5.151804685592651,1389,3.2283812464920283,0.22654836804227074
5.151804685592651,1390,3.22978124651289,0.2277696180604688
5.151804685592651,1391,3.231181246533752,0.22899156807867727
5.151804685592651,1392,3.2325812465546138,0.23021421809689618
5.151804685592651,1393,3.233981246575475,0.23143756811512553
5.151804685592651,1394,3.2353812465963374,0.2326616181333653
5.151804685592651,1395,3.236781246617198,0.23388636815161545
5.151804685592651,1396,3.23818124663806,0.23511181816987609
5.151804685592651,1397,3.239581246658922,0.23633796818814717
5.151804685592651,1398,3.240981246679783,0.23756481820642864
5.151804685592651,1399,3.2423812467006448,0.2387923682247206
5.151804685592651,1400,3.2437812467215066,0.24002061824302293
5.151804685592651,1401,3.245181246742368,0.2412495682613357
5.151804685592651,1402,3.24658124676323,0.24247921827965896
5.151804685592651,1403,3.2479812467840916,0.24370956829799256
5.151804685592651,1404,3.249381246804953,0.24494061831633665
5.151804685592651,1405,3.250781246825815,0.24617236833469114
5.151804685592651,1406,3.2521812468466766,0.2474048183530561
5.151804685592651,1407,3.2535812468675376,0.24863796837143146
5.151804685592651,1408,3.2549812468883994,0.24987181838981723
5.151804685592651,1409,3.2563812469092612,0.2511063684082135
5.151804685592651,1410,3.257781246930123,0.2523416184266201
5.151804685592651,1411,3.2591812469509844,0.2535775684450372
5.151804685592651,1412,3.260581246971846,0.25481421846346475
5.151804685592651,1413,3.2619812469927076,0.2560515684819027
5.151804685592651,1414,3.2633812470135695,0.25728961850035115
5.151804685592651,1415,3.264781247034431,0.25852836851880995
5.151804685592651,1416,3.2661812470552922,0.25976781853727915
5.151804685592651,1417,3.267581247076154,0.2610079685557588
5.151804685592651,1418,3.268981247097016,0.2622488185742489
5.151804685592651,1419,3.2703812471178773,0.2634903685927494
5.151804685592651,1420,3.271781247138739,0.26473261861126035
5.151804685592651,1421,3.2731812471596005,0.2659755686297818
5.151804685592651,1422,3.2745812471804623,0.2672192186483136
5.151804685592651,1423,3.2759812472013237,0.26846356866685583
5.151804685592651,1424,3.277381247222186,0.2697086186854085
5.151804685592651,1425,3.278781247243047,0.27095436870397166
5.151804685592651,1426,3.2801812472639087,0.2722008187225452
5.151804685592651,1427,3.28158124728477,0.2734479687411292
5.151804685592651,1428,3.282981247305632,0.27469581875972365
5.151804685592651,1429,3.2843812473264933,0.27594436877832845
5.151804685592651,1430,3.285781247347355,0.27719361879694376
5.151804685592651,1431,3.2871812473682165,0.2784435688155695
5.151804685592651,1432,3.2885812473890783,0.2796942188342056
5.151804685592651,1433,3.28998124740994,0.28094556885285216
5.151804685592651,1434,3.2913812474308015,0.2821976188715092
5.151804685592651,1435,3.2927812474516633,0.2834503688901766
5.151804685592651,1436,3.294181247472525,0.2847038189088545
5.151804685592651,1437,3.2955812474933865,0.28595796892754277
5.151804685592651,1438,3.296981247514248,0.28721281894624145
5.151804685592651,1439,3.2983812475351098,0.2884683689649506
5.151804685592651,1440,3.2997812475559716,0.2897246189836702
5.151804685592651,1441,3.3011812475768334,0.2909815690024002
5.151804685592651,1442,3.302581247597695,0.29223921902114064
5.151804685592651,1443,3.303981247618557,0.29349756903989155
5.151804685592651,1444,3.305381247639418,0.2947566190586529
5.151804685592651,1445,3.30678124766028,0.2960163690774246
5.151804685592651,1446,3.3081812476811416,0.2972768190962068
5.151804685592651,1447,3.309581247702003,0.2985379691149994
5.151804685592651,1448,3.310981247722865,0.29979981913380244
5.151804685592651,1449,3.312381247743726,0.3010623691526159
5.151804685592651,1450,3.313781247764588,0.3023256191714398
5.151804685592651,1451,3.315181247785449,0.3035895691902741
5.151804685592651,1452,3.316581247806311,0.3048542192091188
5.151804685592651,1453,3.317981247827172,0.306119569227974
5.151804685592651,1454,3.319381247848034,0.3073856192468396
5.151804685592651,1455,3.3207812478688954,0.3086523692657157
5.151804685592651,1456,3.322181247889758,0.30991981928460216
5.151804685592651,1457,3.3235812479106195,0.31118796930349907
5.151804685592651,1458,3.3249812479314804,0.31245681932240643
5.151804685592651,1459,3.326381247952342,0.3137263693413242
5.151804685592651,1460,3.3277812479732036,0.31499661936025236
5.151804685592651,1461,3.3291812479940655,0.316267569379191
5.151804685592651,1462,3.330581248014927,0.31753921939814006
5.151804685592651,1463,3.331981248035789,0.3188115694170996
5.151804685592651,1464,3.3333812480566505,0.3200846194360695
5.151804685592651,1465,3.3347812480775123,0.3213583694550499
5.151804685592651,1466,3.3361812480983737,0.32263281947404066
5.151804685592651,1467,3.3375812481192355,0.32390796949304185
5.151804685592651,1468,3.338981248140097,0.3251838195120535
5.151804685592651,1469,3.3403812481609587,0.3264603695310756
5.151804685592651,1470,3.34178124818182,0.3277376195501081
5.151804685592651,1471,3.343181248202682,0.329015569569151
5.151804685592651,1472,3.3445812482235437,0.3302942195882044
5.151804685592651,1473,3.345981248244405,0.3315735696072682
5.151804685592651,1474,3.347381248265267,0.33285361962634247
5.151804685592651,1475,3.3487812482861288,0.33413436964542714
5.151804685592651,1476,3.35018124830699,0.3354158196645222
5.151804685592651,1477,3.3515812483278515,0.33669796968362775
5.151804685592651,1478,3.3529812483487134,0.3379808197027437
5.151804685592651,1479,3.354381248369575,0.3392643697218701
5.151804685592651,1480,3.3557812483904366,0.34054861974100686
5.151804685592651,1481,3.357181248411298,0.34183356976015417
5.151804685592651,1482,3.3585812484321598,0.34311921977931176
5.151804685592651,1483,3.359981248453021,0.34440556979847986
5.151804685592651,1484,3.361381248473883,0.34569261981765836
5.151804685592651,1485,3.362781248494745,0.3469803698368474
5.151804685592651,1486,3.364181248515606,0.34826881985604674
5.151804685592651,1487,3.365581248536468,0.34955796987525656
5.151804685592651,1488,3.3669812485573294,0.3508478198944769
5.151804685592651,1489,3.368381248578191,0.35213836991370756
5.151804685592651,1490,3.369781248599053,0.3534296199329487
5.151804685592651,1491,3.3711812486199144,0.3547215699522003
5.151804685592651,1492,3.372581248640776,0.3560142199714622
5.151804685592651,1493,3.3739812486616376,0.3573075699907346
5.151804685592651,1494,3.3753812486824994,0.3586016200100175
5.151804685592651,1495,3.376781248703361,0.35989637002931074
5.151804685592651,1496,3.3781812487242227,0.3611918200486145
5.151804685592651,1497,3.379581248745084,0.3624879700679286
5.151804685592651,1498,3.3809812487659454,0.36378482008725316
5.151804685592651,1499,3.3823812487868077,0.3650823701065882
5.151804685592651,1500,3.383781248807669,0.36638062012593364
5.151804685592651,1501,3.385181248828531,0.3676795701452895
5.151804685592651,1502,3.3865812488493923,0.3689792201646558
5.151804685592651,1503,3.3865812488493923,0.3689792201646558
5.151804685592651,1504,3.3879811488702525,0.37027972018403477
5.151804685592651,1505,3.3893808488911095,0.3715812202034286
5.151804685592651,1506,3.390780348911964,0.3728837202228374
5.151804685592651,1507,3.3921796489328147,0.37418722024226103
5.151804685592651,1508,3.3935787489536633,0.3754917202616996
5.151804685592651,1509,3.3949776489745083,0.3767972202811531
5.151804685592651,1510,3.3963763489953505,0.3781037203006214
5.151804685592651,1511,3.39777484901619,0.3794112203201047
5.151804685592651,1512,3.399173149037026,0.3807197203396029
5.151804685592651,1513,3.400571249057859,0.3820292203591159
5.151804685592651,1514,3.40196914907869,0.38333972037864394
5.151804685592651,1515,3.4033668490995175,0.3846512203981868
5.151804685592651,1516,3.4047643491203416,0.3859637204177445
5.151804685592651,1517,3.4061616491411626,0.38727722043731727
5.151804685592651,1518,3.407558749161981,0.38859172045690477
5.151804685592651,1519,3.4089556491827966,0.3899072204765073
5.151804685592651,1520,3.410352349203609,0.39122372049612464
5.151804685592651,1521,3.411748849224418,0.39254122051575685
5.151804685592651,1522,3.4131451492452247,0.39385972053540413
5.151804685592651,1523,3.4145412492660285,0.39517922055506616
5.151804685592651,1524,3.4159371492868287,0.3964997205747432
5.151804685592651,1525,3.4173328493076265,0.39782122059443503
5.151804685592651,1526,3.418728349328421,0.3991437206141418
5.151804685592651,1527,3.420123649349213,0.40046722063386353
5.151804685592651,1528,3.421518749370002,0.40179172065360014
5.151804685592651,1529,3.4229136493907872,0.40311722067335165
5.151804685592651,1530,3.42430834941157,0.40444372069311796
5.151804685592651,1531,3.425702849432349,0.4057712207128992
5.151804685592651,1532,3.4270971494531257,0.4070997207326955
5.151804685592651,1533,3.4284912494738995,0.40842922075250654
5.151804685592651,1534,3.4298851494946696,0.4097597207723326
5.151804685592651,1535,3.431278849515438,0.4110912207921734
5.151804685592651,1536,3.432672349536203,0.4124237208120292
5.151804685592651,1537,3.434065649556964,0.4137572208319
5.151804685592651,1538,3.435458749577723,0.41509172085178553
5.151804685592651,1539,3.436851649598479,0.41642722087168604
5.151804685592651,1540,3.4382443496192328,0.4177637208916015
5.151804685592651,1541,3.4396368496399825,0.4191012209115318
5.151804685592651,1542,3.4410291496607295,0.4204397209314771
5.151804685592651,1543,3.442421249681473,0.4217792209514371
5.151804685592651,1544,3.4438131497022146,0.4231197209714121
5.151804685592651,1545,3.4452048497229524,0.4244612209914021
5.151804685592651,1546,3.4465963497436873,0.4258037210114069
5.151804685592651,1547,3.447987649764419,0.42714722103142655
5.151804685592651,1548,3.4493787497851485,0.42849172105146116
5.151804685592651,1549,3.4507696498058746,0.4298372210715107
5.151804685592651,1550,3.452160349826597,0.4311837210915751
5.151804685592651,1551,3.4535508498473173,0.4325312211116544
5.151804685592651,1552,3.4549411498680342,0.4338797211317486
5.151804685592651,1553,3.4563312498887484,0.4352292211518577
5.151804685592651,1554,3.45772114990946,0.4365797211719818
5.151804685592651,1555,3.459110849930168,0.43793122119212075
5.151804685592651,1556,3.4605003499508733,0.43928372121227455
5.151804685592651,1557,3.4618896499715754,0.44063722123244325
5.151804685592651,1558,3.463278749992274,0.4419917212526268
5.151804685592651,1559,3.4646676500129705,0.4433472212728254
5.151804685592651,1560,3.466056350033664,0.4447037212930388
5.151804685592651,1561,3.467444850054354,0.44606122131326714
5.151804685592651,1562,3.4688331500750413,0.4474197213335103
5.151804685592651,1563,3.4702212500957255,0.4487792213537684
5.151804685592651,1564,3.471609150116407,0.45013972137404146
5.151804685592651,1565,3.472996850137085,0.4515012213943294
5.151804685592651,1566,3.4743843501577603,0.45286372141463227
5.151804685592651,1567,3.475771650178433,0.45422722143495
5.151804685592651,1568,3.477158750199102,0.45559172145528265
5.151804685592651,1569,3.4785456502197687,0.45695722147563017
5.151804685592651,1570,3.4799323502404316,0.4583237214959926
5.151804685592651,1571,3.4813188502610926,0.45969122151636993
5.151804685592651,1572,3.4827051502817503,0.46105972153676217
5.151804685592651,1573,3.484091250302405,0.46242922155716926
5.151804685592651,1574,3.4854771503230557,0.46379972157759136
5.151804685592651,1575,3.4868628503437042,0.4651712215980283
5.151804685592651,1576,3.48824835036435,0.4665437216184801
5.151804685592651,1577,3.489633650384992,0.4679172216389469
5.151804685592651,1578,3.4910187504056323,0.46929172165942845
5.151804685592651,1579,3.4924036504262683,0.47066722167992503
5.151804685592651,1580,3.493788350446902,0.47204372170043646
5.151804685592651,1581,3.4951728504675335,0.47342122172096285
5.151804685592651,1582,3.4965571504881603,0.47479972174150403
5.151804685592651,1583,3.4979412505087852,0.4761792217620602
5.151804685592651,1584,3.499325150529407,0.4775597217826313
5.151804685592651,1585,3.500708850550026,0.47894122180321724
5.151804685592651,1586,3.5020923505706416,0.4803237218238181
5.151804685592651,1587,3.503475650591254,0.48170722184443393
5.151804685592651,1588,3.5048587506118642,0.48309172186506455
5.151804685592651,1589,3.506241650632471,0.4844772218857101
5.151804685592651,1590,3.507624350653075,0.4858637219063705
5.151804685592651,1591,3.5090068506736762,0.487251221927046
5.151804685592651,1592,3.5103891506942744,0.4886397219477362
5.151804685592651,1593,3.511771250714869,0.49002922196844134
5.151804685592651,1594,3.513153150735461,0.49141972198916145
5.151804685592651,1595,3.51453485075605,0.4928112220098964
5.151804685592651,1596,3.515916350776636,0.49420372203064633
5.151804685592651,1597,3.5172976507972185,0.49559722205141105
5.151804685592651,1598,3.5186787508177986,0.4969917220721908
5.151804685592651,1599,3.520059650838376,0.49838722209298536
5.151804685592651,1600,3.5214403508589496,0.49978372211379474
5.151804685592651,1601,3.522820850879521,0.5011812221346191
5.151804685592651,1602,3.5242011509000895,0.5025797221554584
5.151804685592651,1603,3.5255812509206543,0.5039792221763126
5.151804685592651,1604,3.5269611509412155,0.5053797221971816
5.151804685592651,1605,3.5283408509617753,0.5067812222180657
5.151804685592651,1606,3.529720350982332,0.5081837222389646
5.151804685592651,1607,3.5310996510028847,0.5095872222598783
5.151804685592651,1608,3.5324787510234352,0.5109917222808069
5.151804685592651,1609,3.533857651043982,0.5123972223017506
5.151804685592651,1610,3.5352363510645257,0.513803722322709
5.151804685592651,1611,3.5366148510850675,0.5152112223436824
5.151804685592651,1612,3.5379931511056055,0.5166197223646708
5.151804685592651,1613,3.539371251126141,0.5180292223856738
5.151804685592651,1614,3.5407491511466738,0.519439722406692
5.151804685592651,1615,3.542126851167202,0.520851222427725
5.151804685592651,1616,3.543504351187729,0.5222637224487728
5.151804685592651,1617,3.544881651208252,0.5236772224698356
5.151804685592651,1618,3.5462587512287724,0.5250917224909133
5.151804685592651,1619,3.54763565124929,0.5265072225120059
5.151804685592651,1620,3.5490123512698046,0.5279237225331135
5.151804685592651,1621,3.5503888512903163,0.5293412225542359
5.151804685592651,1622,3.551765151310825,0.5307597225753732
5.151804685592651,1623,3.5531412513313296,0.5321792225965254
5.151804685592651,1624,3.5545171513518317,0.5335997226176924
5.151804685592651,1625,3.5558928513723322,0.5350212226388744
5.151804685592651,1626,3.5572683513928287,0.5364437226600713
5.151804685592651,1627,3.558643651413322,0.5378672226812831
5.151804685592651,1628,3.5600187514338124,0.5392917227025098
5.151804685592651,1629,3.5613936514543,0.5407172227237514
5.151804685592651,1630,3.5627683514747845,0.5421437227450079
5.151804685592651,1631,3.5641428514952667,0.5435712227662793
5.151804685592651,1632,3.5655171515157447,0.5449997227875656
5.151804685592651,1633,3.5668912515362203,0.5464292228088669
5.151804685592651,1634,3.568265151556693,0.5478597228301829
5.151804685592651,1635,3.5696388515771633,0.549291222851514
5.151804685592651,1636,3.5710123515976298,0.5507237228728599
5.151804685592651,1637,3.5723856516180934,0.5521572228942206
5.151804685592651,1638,3.573758751638554,0.5535917229155964
5.151804685592651,1639,3.575131651659012,0.555027222936987
5.151804685592651,1640,3.5765043516794672,0.5564637229583926
5.151804685592651,1641,3.5778768516999184,0.557901222979813
5.151804685592651,1642,3.5792491517203677,0.5593397230012483
5.151804685592651,1643,3.5806212517408134,0.5607792230226986
5.151804685592651,1644,3.5819931517612567,0.5622197230441637
5.151804685592651,1645,3.5833648517816967,0.5636612230656437
5.151804685592651,1646,3.584736351802133,0.5651037230871386
5.151804685592651,1647,3.586107651822567,0.5665472231086485
5.151804685592651,1648,3.587478751842998,0.5679917231301731
5.151804685592651,1649,3.5888496518634256,0.5694372231517126
5.151804685592651,1650,3.590220351883851,0.5708837231732672
5.151804685592651,1651,3.591590851904273,0.5723312231948366
5.151804685592651,1652,3.592961151924692,0.573779723216421
5.151804685592651,1653,3.5943312519451083,0.5752292232380203
5.151804685592651,1654,3.595701151965521,0.5766797232596343
5.151804685592651,1655,3.5970708519859316,0.5781312232812634
5.151804685592651,1656,3.598440352006339,0.5795837233029073
5.151804685592651,1657,3.599809652026743,0.5810372233245662
5.151804685592651,1658,3.6011787520471437,0.5824917233462399
5.151804685592651,1659,3.602547652067542,0.5839472233679286
5.151804685592651,1660,3.6039163520879374,0.5854037233896321
5.151804685592651,1661,3.6052848521083294,0.5868612234113505
5.151804685592651,1662,3.6066531521287186,0.5883197234330839
5.151804685592651,1663,3.608021252149105,0.5897792234548321
5.151804685592651,1664,3.6093891521694883,0.5912397234765953
5.151804685592651,1665,3.6107568521898687,0.5927012234983734
5.151804685592651,1666,3.612124352210246,0.5941637235201662
5.151804685592651,1667,3.6134916522306204,0.5956272235419742
5.151804685592651,1668,3.6148587522509916,0.5970917235637969
5.151804685592651,1669,3.61622565227136,0.5985572235856346
5.151804685592651,1670,3.6175923522917257,0.600023723607487
5.151804685592651,1671,3.618958852312088,0.6014912236293546
5.151804685592651,1672,3.6203251523324473,0.6029597236512368
5.151804685592651,1673,3.621691252352804,0.6044292236731341
5.151804685592651,1674,3.6230571523731574,0.6058997236950463
5.151804685592651,1675,3.624422852393508,0.6073712237169734
5.151804685592651,1676,3.6257883524138554,0.6088437237389153
5.151804685592651,1677,3.6271536524342,0.6103172237608722
5.151804685592651,1678,3.628518752454542,0.611791723782844
5.151804685592651,1679,3.6298836524748808,0.6132672238048307
5.151804685592651,1680,3.631248352495216,0.6147437238268323
5.151804685592651,1681,3.6326128525155488,0.6162212238488487
5.151804685592651,1682,3.6339771525358784,0.61769972387088
5.151804685592651,1683,3.6353412525562048,0.6191792238929263
5.151804685592651,1684,3.636705152576529,0.6206597239149875
5.151804685592651,1685,3.638068852596849,0.6221412239370635
5.151804685592651,1686,3.6394323526171677,0.6236237239591546
5.151804685592651,1687,3.640795652637482,0.6251072239812604
5.151804685592651,1688,3.6421587526577937,0.6265917240033811
5.151804685592651,1689,3.6435216526781025,0.6280772240255168
5.151804685592651,1690,3.6448843526984085,0.6295637240476675
5.151804685592651,1691,3.6462468527187113,0.6310512240698328
5.151804685592651,1692,3.6476091527390113,0.6325397240920132
5.151804685592651,1693,3.648971252759308,0.6340292241142086
5.151804685592651,1694,3.6503331527796017,0.6355197241364188
5.151804685592651,1695,3.651694852799893,0.6370112241586439
5.151804685592651,1696,3.6530563528201805,0.6385037241808837
5.151804685592651,1697,3.6544176528404653,0.6399972242031386
5.151804685592651,1698,3.6557787528607473,0.6414917242254086
5.151804685592651,1699,3.6571396528810265,0.6429872242476932
5.151804685592651,1700,3.6585003529013025,0.6444837242699928
5.151804685592651,1701,3.6598608529215757,0.6459812242923073
5.151804685592651,1702,3.6612211529418457,0.6474797243146366
5.151804685592651,1703,3.662581252962113,0.648979224336981
5.151804685592651,1704,3.663941152982377,0.6504797243593402
5.151804685592651,1705,3.665300853002638,0.6519812243817142
5.151804685592651,1706,3.666660353022896,0.6534837244041032
5.151804685592651,1707,3.6680196530431513,0.6549872244265071
5.151804685592651,1708,3.669378753063403,0.6564917244489259
5.151804685592651,1709,3.6707376530836524,0.6579972244713597
5.151804685592651,1710,3.672096353103899,0.6595037244938082
5.151804685592651,1711,3.6734548531241424,0.6610112245162717
5.151804685592651,1712,3.674813153144383,0.6625197245387502
5.151804685592651,1713,3.6761712531646196,0.6640292245612435
5.151804685592651,1714,3.6775291531848544,0.6655397245837517
5.151804685592651,1715,3.6788868532050856,0.6670512246062748
5.151804685592651,1716,3.680244353225314,0.6685637246288127
5.151804685592651,1717,3.681601653245539,0.6700772246513657
5.151804685592651,1718,3.6829587532657615,0.6715917246739335
5.151804685592651,1719,3.6843156532859807,0.6731072246965162
5.151804685592651,1720,3.6856723533061975,0.6746237247191138
5.151804685592651,1721,3.6870288533264106,0.6761412247417262
5.151804685592651,1722,3.688385153346621,0.6776597247643537
5.151804685592651,1723,3.689741253366829,0.6791792247869961
5.151804685592651,1724,3.6910971533870334,0.6806997248096534
5.151804685592651,1725,3.6924528534072345,0.6822212248323254
5.151804685592651,1726,3.6938083534274333,0.6837437248550124
5.151804685592651,1727,3.6951636534476284,0.6852672248777143
5.151804685592651,1728,3.6965187534678217,0.6867917249004312
5.151804685592651,1729,3.697873653488011,0.6883172249231628
5.151804685592651,1730,3.6992283535081976,0.6898437249459095
5.151804685592651,1731,3.700582853528381,0.691371224968671
5.151804685592651,1732,3.701937153548562,0.6928997249914475
5.151804685592651,1733,3.7032912535687394,0.6944292250142388
5.151804685592651,1734,3.7046451535889138,0.695959725037045
5.151804685592651,1735,3.7059988536090858,0.6974912250598662
5.151804685592651,1736,3.707352353629255,0.699023725082702
5.151804685592651,1737,3.70870565364942,0.7005572251055532
5.151804685592651,1738,3.710058753669583,0.7020917251284189
5.151804685592651,1739,3.711411653689743,0.7036272251512996
5.151804685592651,1740,3.7127643537099,0.7051637251741953
5.151804685592651,1741,3.714116853730054,0.7067012251971059
5.151804685592651,1742,3.7154691537502043,0.7082397252200312
5.151804685592651,1743,3.7168212537703518,0.7097792252429715
5.151804685592651,1744,3.7181731537904965,0.7113197252659268
5.151804685592651,1745,3.719524853810638,0.7128612252888968
5.151804685592651,1746,3.7208763538307776,0.714403725311882
5.151804685592651,1747,3.722227653850913,0.7159472253348819
5.151804685592651,1748,3.7235787538710463,0.7174917253578967
5.151804685592651,1749,3.7249296538911763,0.7190372253809265
5.151804685592651,1750,3.7262803539113034,0.7205837254039711
5.151804685592651,1751,3.7276308539314273,0.7221312254270307
5.151804685592651,1752,3.7289811539515485,0.7236797254501051
5.151804685592651,1753,3.7303312539716664,0.7252292254731945
5.151804685592651,1754,3.7316811539917816,0.7267797254962987
5.151804685592651,1755,3.7330308540118935,0.7283312255194179
5.151804685592651,1756,3.7343803540320026,0.7298837255425519
5.151804685592651,1757,3.7357296540521094,0.7314372255657009
5.151804685592651,1758,3.737078754072212,0.7329917255888647
5.151804685592651,1759,3.7384276540923116,0.7345472256120436
5.151804685592651,1760,3.739776354112409,0.7361037256352372
5.151804685592651,1761,3.7411248541325035,0.7376612256584456
5.151804685592651,1762,3.7424731541525946,0.7392197256816692
5.151804685592651,1763,3.7438212541726834,0.7407792257049075
5.151804685592651,1764,3.7451691541927685,0.7423397257281608
5.151804685592651,1765,3.746516854212851,0.743901225751429
5.151804685592651,1766,3.74786435423293,0.7454637257747121
5.151804685592651,1767,3.7492116542530063,0.74702722579801
5.151804685592651,1768,3.7505587542730794,0.7485917258213228
5.151804685592651,1769,3.75190565429315,0.7501572258446507
5.151804685592651,1770,3.7532523543132177,0.7517237258679933
5.151804685592651,1771,3.754598854333282,0.7532912258913509
5.151804685592651,1772,3.755945154353343,0.7548597259147234
5.151804685592651,1773,3.757291254373402,0.7564292259381107
5.151804685592651,1774,3.7586371543934574,0.757999725961513
5.151804685592651,1775,3.7599828544135097,0.7595712259849302
5.151804685592651,1776,3.7613283544335596,0.7611437260083622
5.151804685592651,1777,3.7626736544536064,0.7627172260318092
5.151804685592651,1778,3.7640187544736494,0.7642917260552711
5.151804685592651,1779,3.7653636544936897,0.7658672260787478
5.151804685592651,1780,3.7667083545137277,0.7674437261022397
5.151804685592651,1781,3.7680528545337624,0.7690212261257461
5.151804685592651,1782,3.7693971545537934,0.7705997261492676
5.151804685592651,1783,3.7707412545738226,0.772179226172804
5.151804685592651,1784,3.7720851545938476,0.7737597261963554
5.151804685592651,1785,3.7734288546138703,0.7753412262199215
5.151804685592651,1786,3.7747723546338907,0.7769237262435026
5.151804685592651,1787,3.776115654653907,0.7785072262670986
5.151804685592651,1788,3.777458754673921,0.7800917262907094
5.151804685592651,1789,3.7788016546939316,0.7816772263143352
5.151804685592651,1790,3.7801443547139395,0.783263726337976
5.151804685592651,1791,3.781486854733944,0.7848512263616316
5.151804685592651,1792,3.7828291547539457,0.786439726385302
5.151804685592651,1793,3.7841712547739452,0.7880292264089874
5.151804685592651,1794,3.7855131547939407,0.7896197264326876
5.151804685592651,1795,3.786854854813934,0.7912112264564028
5.151804685592651,1796,3.7881963548339237,0.792803726480133
5.151804685592651,1797,3.7895376548539104,0.7943972265038779
5.151804685592651,1798,3.7908787548738943,0.7959917265276379
5.151804685592651,1799,3.7922196548938754,0.7975872265514126
5.151804685592651,1800,3.7935603549138537,0.7991837265752024
5.151804685592651,1801,3.7949008549338283,0.800781226599007
5.151804685592651,1802,3.7962411549538,0.8023797266228265
5.151804685592651,1803,3.7975812549737697,0.8039792266466608
5.151804685592651,1804,3.7989211549937356,0.8055797266705101
5.151804685592651,1805,3.8002608550136987,0.8071812266943744
5.151804685592651,1806,3.801600355033659,0.8087837267182535
5.151804685592651,1807,3.802939655053616,0.8103872267421475
5.151804685592651,1808,3.80427875507357,0.8119917267660566
5.151804685592651,1809,3.8056176550935215,0.8135972267899803
5.151804685592651,1810,3.8069563551134697,0.815203726813919
5.151804685592651,1811,3.808294855133415,0.8168112268378727
5.151804685592651,1812,3.8096331551533567,0.8184197268618412
5.151804685592651,1813,3.810971255173296,0.8200292268858247
5.151804685592651,1814,3.8123091551932324,0.8216397269098228
5.151804685592651,1815,3.8136468552131655,0.8232512269338361
5.151804685592651,1816,3.8149843552330958,0.8248637269578643
5.151804685592651,1817,3.816321655253023,0.8264772269819072
5.151804685592651,1818,3.817658755272948,0.8280917270059652
5.151804685592651,1819,3.818995655292869,0.829707227030038
5.151804685592651,1820,3.8203323553127877,0.8313237270541258
5.151804685592651,1821,3.8216688553327027,0.8329412270782284
5.151804685592651,1822,3.823005155352615,0.8345597271023459
5.151804685592651,1823,3.8243412553725245,0.8361792271264783
5.151804685592651,1824,3.825677155392431,0.8377997271506257
5.151804685592651,1825,3.8270128554123346,0.8394212271747878
5.151804685592651,1826,3.828348355432235,0.841043727198965
5.151804685592651,1827,3.8296836554521327,0.842667227223157
5.151804685592651,1828,3.831018755472027,0.844291727247364
5.151804685592651,1829,3.8323536554919184,0.8459172272715858
5.151804685592651,1830,3.833688355511807,0.8475437272958226
5.151804685592651,1831,3.835022855531693,0.8491712273200742
5.151804685592651,1832,3.836357155551575,0.8507997273443407
5.151804685592651,1833,3.837691255571455,0.8524292273686223
5.151804685592651,1834,3.8390251555913317,0.8540597273929185
5.151804685592651,1835,3.840358855611205,0.8556912274172297
5.151804685592651,1836,3.8416923556310762,0.8573237274415559
5.151804685592651,1837,3.843025655650944,0.858957227465897
5.151804685592651,1838,3.844358755670809,0.8605917274902529
5.151804685592651,1839,3.84569165569067,0.8622272275146238
5.151804685592651,1840,3.847024355710529,0.8638637275390095
5.151804685592651,1841,3.848356855730385,0.8655012275634102
5.151804685592651,1842,3.8496891557502373,0.8671397275878256
5.151804685592651,1843,3.8510212557700876,0.8687792276122562
5.151804685592651,1844,3.8523531557899346,0.8704197276367016
5.151804685592651,1845,3.853684855809778,0.8720612276611617
5.151804685592651,1846,3.855016355829619,0.873703727685637
5.151804685592651,1847,3.856347655849457,0.8753472277101271
5.151804685592651,1848,3.857678755869292,0.876991727734632
5.151804685592651,1849,3.859009655889124,0.8786372277591518
5.151804685592651,1850,3.860340355908953,0.8802837277836866
5.151804685592651,1851,3.8616708559287787,0.8819312278082363
5.151804685592651,1852,3.863001155948602,0.8835797278328008
5.151804685592651,1853,3.864331255968422,0.8852292278573803
5.151804685592651,1854,3.8656611559882386,0.8868797278819747
5.151804685592651,1855,3.8669908560080533,0.8885312279065839
5.151804685592651,1856,3.8683203560278643,0.890183727931208
5.151804685592651,1857,3.869649656047672,0.8918372279558471
5.151804685592651,1858,3.870978756067478,0.893491727980501
5.151804685592651,1859,3.87230765608728,0.8951472280051699
5.151804685592651,1860,3.873636356107079,0.8968037280298538
5.151804685592651,1861,3.8749648561268755,0.8984612280545524
5.151804685592651,1862,3.8762931561466685,0.9001197280792659
5.151804685592651,1863,3.8776212561664583,0.9017792281039945
5.151804685592651,1864,3.8789491561862457,0.9034397281287379
5.151804685592651,1865,3.88027685620603,0.9051012281534961
5.151804685592651,1866,3.8816043562258113,0.9067637281782693
5.151804685592651,1867,3.8829316562455896,0.9084272282030574
5.151804685592651,1868,3.8842587562653645,0.9100917282278603
5.151804685592651,1869,3.885585656285137,0.9117572282526782
5.151804685592651,1870,3.886912356304907,0.9134237282775111
5.151804685592651,1871,3.888238856324673,0.9150912283023587
5.151804685592651,1872,3.8895651563444362,0.9167597283272213
5.151804685592651,1873,3.890891256364197,0.9184292283520987
5.151804685592651,1874,3.892217156383954,0.9200997283769912
5.151804685592651,1875,3.893542856403709,0.9217712284018985
5.151804685592651,1876,3.8948683564234603,0.9234437284268207
5.151804685592651,1877,3.8961936564432085,0.9251172284517577
5.151804685592651,1878,3.8975187564629543,0.9267917284767098
5.151804685592651,1879,3.898843656482697,0.9284672285016766
5.151804685592651,1880,3.9001683565024368,0.9301437285266585
5.151804685592651,1881,3.9014928565221734,0.9318212285516552
5.151804685592651,1882,3.9028171565419063,0.9334997285766667
5.151804685592651,1883,3.9041412565616374,0.9351792286016933
5.151804685592651,1884,3.905465156581365,0.9368597286267346
5.151804685592651,1885,3.9067888566010893,0.9385412286517909
5.151804685592651,1886,3.908112356620811,0.9402237286768622
5.151804685592651,1887,3.90943565664053,0.9419072287019483
5.151804685592651,1888,3.910758756660246,0.9435917287270492
5.151804685592651,1889,3.9120816566799586,0.9452772287521651
5.151804685592651,1890,3.913404356699668,0.9469637287772961
5.151804685592651,1891,3.914726856719375,0.9486512288024416
5.151804685592651,1892,3.9160491567390787,0.9503397288276023
5.151804685592651,1893,3.9173712567587797,0.9520292288527779
5.151804685592651,1894,3.9186931567784775,0.9537197288779683
5.151804685592651,1895,3.920014856798173,0.9554112289031736
5.151804685592651,1896,3.9213363568178643,0.9571037289283938
5.151804685592651,1897,3.9226576568375533,0.9587972289536288
5.151804685592651,1898,3.9239787568572395,0.960491728978879
5.151804685592651,1899,3.9252996568769216,0.9621872290041438
5.151804685592651,1900,3.9266203568966023,0.9638837290294238
5.151804685592651,1901,3.927940856916279,0.9655812290547183
5.151804685592651,1902,3.9292611569359526,0.967279729080028
5.151804685592651,1903,3.930581256955624,0.9689792291053525
5.151804685592651,1904,3.931901156975292,0.9706797291306921
5.151804685592651,1905,3.933220856994957,0.9723812291560463
5.151804685592651,1906,3.934540357014619,0.9740837291814156
5.151804685592651,1907,3.9358596570342783,0.9757872292067997
5.151804685592651,1908,3.9371787570539345,0.9774917292321987
5.151804685592651,1909,3.9384976570735875,0.9791972292576125
5.151804685592651,1910,3.939816357093237,0.9809037292830414
5.151804685592651,1911,3.941134857112885,0.9826112293084852
5.151804685592651,1912,3.9424531571325288,0.9843197293339437
5.151804685592651,1913,3.9437712571521706,0.9860292293594173
5.151804685592651,1914,3.9450891571718083,0.9877397293849057
5.151804685592651,1915,3.946406857191444,0.9894512294104092
5.151804685592651,1916,3.947724357211076,0.9911637294359273
5.151804685592651,1917,3.949041657230705,0.9928772294614605
5.151804685592651,1918,3.9503587572503314,0.9945917294870086
5.151804685592651,1919,3.951675657269955,0.9963072295125716
5.151804685592651,1920,3.9529923572895753,0.9980237295381493
5.151804685592651,1921,3.9543088573091927,0.999741229563742
5.151804685592651,1922,3.9556251573288073,1.0014597295893497
5.151804685592651,1923,3.9569412573484186,1.0031792296149722
5.151804685592651,1924,3.9582571573680267,1.0048997296406097
5.151804685592651,1925,3.9595728573876325,1.006621229666262
5.151804685592651,1926,3.960888357407234,1.008343729691929
5.151804685592651,1927,3.9622036574268344,1.0100672297176114
5.151804685592651,1928,3.9635187574464306,1.0117917297433083
5.151804685592651,1929,3.9648336574660243,1.0135172297690205
5.151804685592651,1930,3.966148357485615,1.0152437297947472
5.151804685592651,1931,3.9674628575052027,1.016971229820489
5.151804685592651,1932,3.968777157524787,1.0186997298462455
5.151804685592651,1933,3.9700912575443685,1.0204292298720172
5.151804685592651,1934,3.9714051575639475,1.0221597298978036
5.151804685592651,1935,3.972718857583523,1.0238912299236052
5.151804685592651,1936,3.974032357603096,1.0256237299494213
5.151804685592651,1937,3.9753456576226656,1.0273572299752525
5.151804685592651,1938,3.976658757642232,1.0290917300010987
5.151804685592651,1939,3.977971657661796,1.0308272300269594
5.151804685592651,1940,3.979284357681357,1.0325637300528354
5.151804685592651,1941,3.9805968577009145,1.034301230078726
5.151804685592651,1942,3.9819091577204695,1.0360397301046318
5.151804685592651,1943,3.983221257740021,1.0377792301305524
5.151804685592651,1944,3.98453315775957,1.039519730156488
5.151804685592651,1945,3.985844857779116,1.0412612301824382
5.151804685592651,1946,3.987156357798659,1.0430037302084034
5.151804685592651,1947,3.9884676578181986,1.0447472302343837
5.151804685592651,1948,3.989778757837735,1.0464917302603787
5.151804685592651,1949,3.9910896578572697,1.048237230286389
5.151804685592651,1950,3.9924003578768006,1.0499837303124138
5.151804685592651,1951,3.9937108578963283,1.0517312303384534
5.151804685592651,1952,3.995021157915853,1.053479730364508
5.151804685592651,1953,3.996331257935375,1.0552292303905777
5.151804685592651,1954,3.9976411579548943,1.0569797304166622
5.151804685592651,1955,3.9989508579744104,1.0587312304427616
5.151804685592651,1956,4.000260357993923,1.0604837304688757
5.151804685592651,1957,4.001569658013434,1.062237230495005
5.151804685592651,1958,4.002878758032941,1.063991730521149
5.151804685592651,1959,4.0041876580524445,1.0657472305473081
5.151804685592651,1960,4.005496358071945,1.067503730573482
5.151804685592651,1961,4.006804858091444,1.0692612305996707
5.151804685592651,1962,4.008113158110939,1.0710197306258744
5.151804685592651,1963,4.009421258130431,1.0727792306520931
5.151804685592651,1964,4.010729158149921,1.0745397306783266
5.151804685592651,1965,4.012036858169407,1.076301230704575
5.151804685592651,1966,4.01334435818889,1.0780637307308383
5.151804685592651,1967,4.01465165820837,1.0798272307571164
5.151804685592651,1968,4.015958758227848,1.0815917307834095
5.151804685592651,1969,4.017265658247322,1.0833572308097175
5.151804685592651,1970,4.018572358266794,1.0851237308360404
5.151804685592651,1971,4.019878858286262,1.0868912308623784
5.151804685592651,1972,4.021185158305728,1.0886597308887311
5.151804685592651,1973,4.02249125832519,1.0904292309150985
5.151804685592651,1974,4.0237971583446495,1.092199730941481
5.151804685592651,1975,4.0251028583641055,1.0939712309678786
5.151804685592651,1976,4.026408358383559,1.0957437309942908
5.151804685592651,1977,4.02771365840301,1.0975172310207182
5.151804685592651,1978,4.029018758422457,1.09929173104716
5.151804685592651,1979,4.030323658441902,1.1010672310736171
5.151804685592651,1980,4.031628358461343,1.102843731100089
5.151804685592651,1981,4.032932858480782,1.104621231126576
5.151804685592651,1982,4.0342371585002175,1.1063997311530775
5.151804685592651,1983,4.03554125851965,1.1081792311795942
5.151804685592651,1984,4.036845158539079,1.1099597312061256
5.151804685592651,1985,4.038148858558506,1.111741231232672
5.151804685592651,1986,4.03945235857793,1.1135237312592334
5.151804685592651,1987,4.040755658597351,1.1153072312858097
5.151804685592651,1988,4.042058758616768,1.1170917313124007
5.151804685592651,1989,4.043361658636183,1.1188772313390067
5.151804685592651,1990,4.044664358655594,1.1206637313656276
5.151804685592651,1991,4.045966858675003,1.1224512313922634
5.151804685592651,1992,4.047269158694409,1.124239731418914
5.151804685592651,1993,4.048571258713812,1.1260292314455798
5.151804685592651,1994,4.049873158733211,1.1278197314722602
5.151804685592651,1995,4.051174858752609,1.129611231498956
5.151804685592651,1996,4.052476358772003,1.131403731525666
5.151804685592651,1997,4.053777658791393,1.1331972315523913
5.151804685592651,1998,4.055078758810781,1.1349917315791316
5.151804685592651,1999,4.056379658830166,1.1367872316058865
5.151804685592651,2000,4.057680358849549,1.1385837316326566
5.151804685592651,2001,4.058980858868927,1.1403812316594415
5.151804685592651,2002,4.060281158888303,1.1421797316862412
5.151804685592651,2003,4.061581258907676,1.1439792317130557
5.151804685592651,2004,4.061581258907676,1.1439792317130557
5.151804685592651,2005,4.062880758927041,1.1457777817398562
5.151804685592651,2006,4.064179258946389,1.1475734317666135
5.151804685592651,2007,4.065476758965724,1.1493661817933276
5.151804685592651,2008,4.066773258985043,1.1511560318199983
5.151804685592651,2009,4.068068759004348,1.1529429818466261
5.151804685592651,2010,4.069363259023637,1.1547270318732104
5.151804685592651,2011,4.070656759042912,1.1565081818997514
5.151804685592651,2012,4.071949259062171,1.1582864319262498
5.151804685592651,2013,4.073240759081416,1.1600617819527042
5.151804685592651,2014,4.074531259100645,1.1618342319791157
5.151804685592651,2015,4.0758207591198605,1.163603782005484
5.151804685592651,2016,4.0771092591390605,1.1653704320318092
5.151804685592651,2017,4.078396759158246,1.1671341820580912
5.151804685592651,2018,4.079683259177417,1.16889503208433
5.151804685592651,2019,4.080968759196572,1.1706529821105256
5.151804685592651,2020,4.082253259215713,1.1724080321366779
5.151804685592651,2021,4.083536759234839,1.1741601821627872
5.151804685592651,2022,4.084819259253949,1.1759094321888528
5.151804685592651,2023,4.0861007592730445,1.1776557822148754
5.151804685592651,2024,4.087381259292125,1.1793992322408549
5.151804685592651,2025,4.088660759311192,1.1811397822667908
5.151804685592651,2026,4.089939259330244,1.182877432292684
5.151804685592651,2027,4.091216759349279,1.1846121823185338
5.151804685592651,2028,4.0924932593683,1.1863440323443402
5.151804685592651,2029,4.0937687593873076,1.1880729823701037
5.151804685592651,2030,4.095043259406299,1.189799032395824
5.151804685592651,2031,4.0963167594252745,1.1915221824215008
5.151804685592651,2032,4.097589259444237,1.1932424324471347
5.151804685592651,2033,4.098860759463183,1.1949597824727252
5.151804685592651,2034,4.100131259482115,1.1966742324982724
5.151804685592651,2035,4.101400759501033,1.1983857825237763
5.151804685592651,2036,4.102669259519934,1.200094432549237
5.151804685592651,2037,4.103936759538821,1.201800182574655
5.151804685592651,2038,4.105203259557694,1.203503032600029
5.151804685592651,2039,4.106468759576551,1.2052029826253605
5.151804685592651,2040,4.107733259595394,1.2069000326506485
5.151804685592651,2041,4.1089967596142225,1.2085941826758937
5.151804685592651,2042,4.110259259633035,1.210285432701095
5.151804685592651,2043,4.1115207596518335,1.2119737827262536
5.151804685592651,2044,4.112781259670615,1.2136592327513687
5.151804685592651,2045,4.1140407596893835,1.2153417827764406
5.151804685592651,2046,4.115299259708137,1.2170214328014695
5.151804685592651,2047,4.116556759726875,1.2186981828264547
5.151804685592651,2048,4.117813259745598,1.2203720328513972
5.151804685592651,2049,4.119068759764307,1.2220429828762964
5.151804685592651,2050,4.120323259783,1.2237110329011522
5.151804685592651,2051,4.121576759801679,1.2253761829259646
5.151804685592651,2052,4.122829259820342,1.2270384329507344
5.151804685592651,2053,4.124080759838991,1.2286977829754604
5.151804685592651,2054,4.125331259857625,1.2303542330001438
5.151804685592651,2055,4.126580759876244,1.2320077830247833
5.151804685592651,2056,4.127829259894849,1.23365843304938
5.151804685592651,2057,4.1290767599134375,1.2353061830739334
5.151804685592651,2058,4.1303232599320125,1.2369510330984435
5.151804685592651,2059,4.1315687599505715,1.2385929831229103
5.151804685592651,2060,4.132813259969115,1.2402320331473342
5.151804685592651,2061,4.134056759987645,1.2418681831717147
5.151804685592651,2062,4.13529926000616,1.243501433196052
5.151804685592651,2063,4.136540760024659,1.2451317832203461
5.151804685592651,2064,4.137781260043145,1.246759233244597
5.151804685592651,2065,4.139020760061615,1.248383783268805
5.151804685592651,2066,4.14025926008007,1.250005433292969
5.151804685592651,2067,4.14149676009851,1.2516241833170905
5.151804685592651,2068,4.142733260116935,1.2532400333411684
5.151804685592651,2069,4.143968760135346,1.2548529833652033
5.151804685592651,2070,4.145203260153741,1.2564630333891948
5.151804685592651,2071,4.146436760172121,1.2580701834131431
5.151804685592651,2072,4.147669260190487,1.2596744334370487
5.151804685592651,2073,4.1489007602088375,1.2612757834609105
5.151804685592651,2074,4.150131260227174,1.2628742334847292
5.151804685592651,2075,4.1513607602454945,1.2644697835085048
5.151804685592651,2076,4.1525892602638015,1.2660624335322372
5.151804685592651,2077,4.1538167602820915,1.2676521835559262
5.151804685592651,2078,4.155043260300368,1.2692390335795722
5.151804685592651,2079,4.156268760318629,1.2708229836031748
5.151804685592651,2080,4.157493260336876,1.2724040336267344
5.151804685592651,2081,4.158716760355107,1.2739821836502503
5.151804685592651,2082,4.159939260373324,1.2755574336737237
5.151804685592651,2083,4.161160760391526,1.2771297836971534
5.151804685592651,2084,4.162381260409713,1.27869923372054
5.151804685592651,2085,4.163600760427885,1.2802657837438836
5.151804685592651,2086,4.164819260446042,1.2818294337671836
5.151804685592651,2087,4.166036760464184,1.2833901837904407
5.151804685592651,2088,4.167253260482311,1.2849480338136545
5.151804685592651,2089,4.168468760500423,1.2865029838368252
5.151804685592651,2090,4.1696832605185215,1.2880550338599526
5.151804685592651,2091,4.170896760536603,1.2896041838830365
5.151804685592651,2092,4.172109260554672,1.2911504339060775
5.151804685592651,2093,4.173320760572725,1.292693783929075
5.151804685592651,2094,4.174531260590762,1.2942342339520299
5.151804685592651,2095,4.175740760608786,1.2957717839749412
5.151804685592651,2096,4.176949260626794,1.297306433997809
5.151804685592651,2097,4.178156760644787,1.298838184020634
5.151804685592651,2098,4.1793632606627655,1.3003670340434157
5.151804685592651,2099,4.180568760680729,1.301892984066154
5.151804685592651,2100,4.181773260698677,1.3034160340888492
5.151804685592651,2101,4.18297676071661,1.3049361841115013
5.151804685592651,2102,4.1841792607345285,1.30645343413411
5.151804685592651,2103,4.185380760752434,1.3079677841566757
5.151804685592651,2104,4.186581260770322,1.3094792341791979
5.151804685592651,2105,4.187780760788195,1.310987784201677
5.151804685592651,2106,4.188979260806055,1.3124934342241132
5.151804685592651,2107,4.190176760823899,1.3139961842465058
5.151804685592651,2108,4.191373260841727,1.3154960342688553
5.151804685592651,2109,4.192568760859542,1.3169929842911619
5.151804685592651,2110,4.193763260877342,1.3184870343134245
5.151804685592651,2111,4.194956760895126,1.3199781843356444
5.151804685592651,2112,4.196149260912896,1.321466434357821
5.151804685592651,2113,4.197340760930651,1.3229517843799548
5.151804685592651,2114,4.198531260948391,1.324434234402045
5.151804685592651,2115,4.199720760966115,1.3259137844240918
5.151804685592651,2116,4.200909260983825,1.3273904344460954
5.151804685592651,2117,4.20209676100152,1.3288641844680562
5.151804685592651,2118,4.203283261019201,1.3303350344899736
5.151804685592651,2119,4.204468761036866,1.3318029845118475
5.151804685592651,2120,4.2056532610545165,1.3332680345336785
5.151804685592651,2121,4.206836761072152,1.3347301845554664
5.151804685592651,2122,4.208019261089772,1.3361894345772112
5.151804685592651,2123,4.209200761107378,1.3376457845989123
5.151804685592651,2124,4.210381261124969,1.3390992346205703
5.151804685592651,2125,4.211560761142545,1.3405497846421852
5.151804685592651,2126,4.212739261160106,1.3419974346637569
5.151804685592651,2127,4.213916761177652,1.343442184685285
5.151804685592651,2128,4.215093261195183,1.3448840347067705
5.151804685592651,2129,4.2162687612126994,1.3463229847282125
5.151804685592651,2130,4.2174432612302,1.3477590347496116
5.151804685592651,2131,4.218616761247687,1.349192184770967
5.151804685592651,2132,4.219789261265158,1.3506224347922795
5.151804685592651,2133,4.220960761282615,1.3520497848135484
5.151804685592651,2134,4.222131261300057,1.3534742348347744
5.151804685592651,2135,4.223300761317485,1.3548957848559575
5.151804685592651,2136,4.224469261334896,1.3563144348770968
5.151804685592651,2137,4.225636761352294,1.357730184898193
5.151804685592651,2138,4.2268032613696755,1.3591430349192462
5.151804685592651,2139,4.227968761387043,1.3605529849402558
5.151804685592651,2140,4.229133261404395,1.3619600349612229
5.151804685592651,2141,4.230296761421733,1.3633641849821463
5.151804685592651,2142,4.231459261439055,1.3647654350030265
5.151804685592651,2143,4.232620761456364,1.3661637850238635
5.151804685592651,2144,4.233781261473656,1.3675592350446573
5.151804685592651,2145,4.234940761490934,1.368951785065408
5.151804685592651,2146,4.236099261508197,1.3703414350861154
5.151804685592651,2147,4.237256761525446,1.3717281851067793
5.151804685592651,2148,4.238413261542679,1.3731120351274004
5.151804685592651,2149,4.239568761559896,1.3744929851479781
5.151804685592651,2150,4.2407232615771,1.3758710351685126
5.151804685592651,2151,4.241876761594288,1.377246185189004
5.151804685592651,2152,4.243029261611461,1.3786184352094522
5.151804685592651,2153,4.24418076162862,1.379987785229857
5.151804685592651,2154,4.245331261645764,1.3813542352502186
5.151804685592651,2155,4.246480761662893,1.382717785270537
5.151804685592651,2156,4.247629261680006,1.3840784352908124
5.151804685592651,2157,4.248776761697106,1.3854361853110444
5.151804685592651,2158,4.24992326171419,1.3867910353312336
5.151804685592651,2159,4.2510687617312595,1.388142985351379
5.151804685592651,2160,4.252213261748314,1.3894920353714815
5.151804685592651,2161,4.253356761765353,1.3908381853915406
5.151804685592651,2162,4.254499261782378,1.3921814354115565
5.151804685592651,2163,4.255640761799388,1.3935217854315294
5.151804685592651,2164,4.256781261816383,1.3948592354514588
5.151804685592651,2165,4.257920761833362,1.396193785471345
5.151804685592651,2166,4.259059261850328,1.3975254354911884
5.151804685592651,2167,4.260196761867277,1.3988541855109884
5.151804685592651,2168,4.261333261884213,1.400180035530745
5.151804685592651,2169,4.2624687619011326,1.4015029855504584
5.151804685592651,2170,4.263603261918038,1.4028230355701288
5.151804685592651,2171,4.264736761934929,1.4041401855897557
5.151804685592651,2172,4.265869261951804,1.4054544356093397
5.151804685592651,2173,4.2670007619686645,1.4067657856288804
5.151804685592651,2174,4.268131261985511,1.4080742356483777
5.151804685592651,2175,4.269260762002341,1.409379785667832
5.151804685592651,2176,4.270389262019157,1.4106824356872432
5.151804685592651,2177,4.271516762035958,1.4119821857066108
5.151804685592651,2178,4.272643262052744,1.4132790357259355
5.151804685592651,2179,4.2737687620695155,1.4145729857452165
5.151804685592651,2180,4.274893262086272,1.4158640357644547
5.151804685592651,2181,4.276016762103014,1.41715218578365
5.151804685592651,2182,4.27713926211974,1.4184374358028018
5.151804685592651,2183,4.278260762136452,1.41971978582191
5.151804685592651,2184,4.279381262153149,1.4209992358409755
5.151804685592651,2185,4.280500762169831,1.4222757858599975
5.151804685592651,2186,4.2816192621864975,1.4235494358789764
5.151804685592651,2187,4.28273676220315,1.4248201858979122
5.151804685592651,2188,4.283853262219788,1.4260880359168044
5.151804685592651,2189,4.284968762236409,1.4273529859356535
5.151804685592651,2190,4.286083262253016,1.4286150359544596
5.151804685592651,2191,4.287196762269609,1.4298741859732225
5.151804685592651,2192,4.2883092622861865,1.4311304359919421
5.151804685592651,2193,4.289420762302749,1.4323837860106183
5.151804685592651,2194,4.2905312623192975,1.4336342360292516
5.151804685592651,2195,4.29164076233583,1.4348817860478413
5.151804685592651,2196,4.2927492623523476,1.4361264360663881
5.151804685592651,2197,4.293856762368851,1.4373681860848917
5.151804685592651,2198,4.294963262385339,1.438607036103352
5.151804685592651,2199,4.296068762401812,1.4398429861217692
5.151804685592651,2200,4.297173262418271,1.441076036140143
5.151804685592651,2201,4.298276762434714,1.4423061861584736
5.151804685592651,2202,4.299379262451143,1.443533436176761
5.151804685592651,2203,4.300480762467556,1.4447577861950052
5.151804685592651,2204,4.301581262483955,1.4459792362132065
5.151804685592651,2205,4.302680762500339,1.4471977862313643
5.151804685592651,2206,4.3037792625167075,1.4484134362494787
5.151804685592651,2207,4.304876762533062,1.4496261862675501
5.151804685592651,2208,4.305973262549401,1.4508360362855781
5.151804685592651,2209,4.3070687625657245,1.4520429863035633
5.151804685592651,2210,4.308163262582034,1.453247036321505
5.151804685592651,2211,4.309256762598329,1.4544481863394036
5.151804685592651,2212,4.310349262614608,1.455646436357259
5.151804685592651,2213,4.311440762630873,1.4568417863750711
5.151804685592651,2214,4.312531262647123,1.45803423639284
5.151804685592651,2215,4.313620762663358,1.4592237864105657
5.151804685592651,2216,4.314709262679578,1.4604104364282482
5.151804685592651,2217,4.315796762695783,1.4615941864458875
5.151804685592651,2218,4.316883262711973,1.4627750364634835
5.151804685592651,2219,4.317968762728148,1.4639529864810363
5.151804685592651,2220,4.319053262744308,1.465128036498546
5.151804685592651,2221,4.320136762760454,1.4663001865160123
5.151804685592651,2222,4.321219262776584,1.4674694365334353
5.151804685592651,2223,4.3223007627926995,1.4686357865508153
5.151804685592651,2224,4.323381262808801,1.4697992365681523
5.151804685592651,2225,4.324460762824886,1.4709597865854458
5.151804685592651,2226,4.325539262840957,1.4721174366026961
5.151804685592651,2227,4.326616762857014,1.4732721866199032
5.151804685592651,2228,4.327693262873054,1.4744240366370671
5.151804685592651,2229,4.32876876288908,1.4755729866541878
5.151804685592651,2230,4.329843262905092,1.4767190366712653
5.151804685592651,2231,4.330916762921088,1.4778621866882995
5.151804685592651,2232,4.3319892629370695,1.4790024367052907
5.151804685592651,2233,4.333060762953036,1.4801397867222383
5.151804685592651,2234,4.334131262968988,1.481274236739143
5.151804685592651,2235,4.3352007629849245,1.4824057867560045
5.151804685592651,2236,4.3362692630008475,1.4835344367728227
5.151804685592651,2237,4.337336763016754,1.4846601867895977
5.151804685592651,2238,4.338403263032646,1.4857830368063294
5.151804685592651,2239,4.339468763048523,1.486902986823018
5.151804685592651,2240,4.340533263064385,1.4880200368396634
5.151804685592651,2241,4.341596763080233,1.4891341868562655
5.151804685592651,2242,4.342659263096065,1.4902454368728244
5.151804685592651,2243,4.343720763111882,1.4913537868893398
5.151804685592651,2244,4.344781263127685,1.4924592369058125
5.151804685592651,2245,4.345840763143473,1.4935617869222415
5.151804685592651,2246,4.346899263159245,1.4946614369386275
5.151804685592651,2247,4.347956763175004,1.4957581869549705
5.151804685592651,2248,4.349013263190746,1.4968520369712701
5.151804685592651,2249,4.350068763206474,1.4979429869875267
5.151804685592651,2250,4.351123263222188,1.4990310370037399
5.151804685592651,2251,4.352176763237886,1.5001161870199098
5.151804685592651,2252,4.353229263253571,1.5011984370360365
5.151804685592651,2253,4.354280763269238,1.5022777870521202
5.151804685592651,2254,4.355331263284892,1.5033542370681605
5.151804685592651,2255,4.35638076330053,1.5044277870841576
5.151804685592651,2256,4.357429263316155,1.5054984371001117
5.151804685592651,2257,4.358476763331764,1.5065661871160223
5.151804685592651,2258,4.359523263347358,1.50763103713189
5.151804685592651,2259,4.360568763362937,1.5086929871477142
5.151804685592651,2260,4.3616132633785005,1.5097520371634952
5.151804685592651,2261,4.3626567633940505,1.510808187179233
5.151804685592651,2262,4.363699263409584,1.5118614371949275
5.151804685592651,2263,4.364740763425105,1.512911787210579
5.151804685592651,2264,4.365781263440609,1.5139592372261874
5.151804685592651,2265,4.366820763456099,1.5150037872417523
5.151804685592651,2266,4.367859263471574,1.516045437257274
5.151804685592651,2267,4.368896763487034,1.5170841872727527
5.151804685592651,2268,4.369933263502479,1.5181200372881882
5.151804685592651,2269,4.370968763517909,1.5191529873035803
5.151804685592651,2270,4.372003263533324,1.5201830373189291
5.151804685592651,2271,4.373036763548725,1.5212101873342347
5.151804685592651,2272,4.3740692635641105,1.5222344373494974
5.151804685592651,2273,4.37510076357948,1.5232557873647168
5.151804685592651,2274,4.376131263594836,1.524274237379893
5.151804685592651,2275,4.377160763610177,1.5252897873950255
5.151804685592651,2276,4.378189263625503,1.5263024374101153
5.151804685592651,2277,4.379216763640814,1.5273121874251618
5.151804685592651,2278,4.38024326365611,1.5283190374401652
5.151804685592651,2279,4.3812687636713905,1.5293229874551253
5.151804685592651,2280,4.382293263686657,1.530324037470042
5.151804685592651,2281,4.3833167637019095,1.5313221874849154
5.151804685592651,2282,4.384339263717146,1.5323174374997457
5.151804685592651,2283,4.385360763732367,1.5333097875145332
5.151804685592651,2284,4.386381263747573,1.534299237529277
5.151804685592651,2285,4.387400763762765,1.5352857875439776
5.151804685592651,2286,4.388419263777942,1.5362694375586352
5.151804685592651,2287,4.389436763793103,1.5372501875732496
5.151804685592651,2288,4.390453263808251,1.5382280375878206
5.151804685592651,2289,4.391468763823383,1.5392029876023485
5.151804685592651,2290,4.3924832638385,1.5401750376168333
5.151804685592651,2291,4.393496763853602,1.5411441876312746
5.151804685592651,2292,4.39450926386869,1.542110437645673
5.151804685592651,2293,4.395520763883763,1.543073787660028
5.151804685592651,2294,4.3965312638988205,1.5440342376743397
5.151804685592651,2295,4.397540763913863,1.5449917876886083
5.151804685592651,2296,4.39854926392889,1.5459464377028338
5.151804685592651,2297,4.399556763943903,1.5468981877170158
5.151804685592651,2298,4.400563263958901,1.5478470377311548
5.151804685592651,2299,4.401568763973884,1.5487929877452506
5.151804685592651,2300,4.402573263988852,1.549736037759303
5.151804685592651,2301,4.403576764003806,1.5506761877733126
5.151804685592651,2302,4.404579264018745,1.5516134377872786
5.151804685592651,2303,4.405580764033669,1.5525477878012017
5.151804685592651,2304,4.406581264048577,1.5534792378150812
5.151804685592651,2305,4.4075807640634705,1.5544077878289175
5.151804685592651,2306,4.40857926407835,1.555333437842711
5.151804685592651,2307,4.409576764093213,1.556256187856461
5.151804685592651,2308,4.410573264108062,1.5571760378701678
5.151804685592651,2309,4.4115687641228964,1.5580929878838314
5.151804685592651,2310,4.412563264137715,1.5590070378974519
5.151804685592651,2311,4.41355676415252,1.559918187911029
5.151804685592651,2312,4.414549264167309,1.560826437924563
5.151804685592651,2313,4.415540764182084,1.5617317879380537
5.151804685592651,2314,4.416531264196844,1.5626342379515012
5.151804685592651,2315,4.417520764211588,1.5635337879649058
5.151804685592651,2316,4.4185092642263175,1.5644304379782668
5.151804685592651,2317,4.419496764241032,1.565324187991585
5.151804685592651,2318,4.420483264255733,1.5662150380048594
5.151804685592651,2319,4.421468764270418,1.567102988018091
5.151804685592651,2320,4.422453264285088,1.5679880380312792
5.151804685592651,2321,4.423436764299744,1.5688701880444245
5.151804685592651,2322,4.424419264314383,1.569749438057526
5.151804685592651,2323,4.425400764329009,1.5706257880705847
5.151804685592651,2324,4.426381264343619,1.5714992380836001
5.151804685592651,2325,4.427360764358215,1.5723697880965721
5.151804685592651,2326,4.428339264372797,1.5732374381095013
5.151804685592651,2327,4.429316764387362,1.5741021881223873
5.151804685592651,2328,4.4302932644019135,1.5749640381352297
5.151804685592651,2329,4.4312687644164495,1.575822988148029
5.151804685592651,2330,4.43224326443097,1.5766790381607851
5.151804685592651,2331,4.4332167644454765,1.5775321881734983
5.151804685592651,2332,4.4341892644599685,1.578382438186168
5.151804685592651,2333,4.435160764474444,1.5792297881987944
5.151804685592651,2334,4.436131264488906,1.5800742382113775
5.151804685592651,2335,4.437100764503352,1.5809157882239178
5.151804685592651,2336,4.438069264517784,1.5817544382364148
5.151804685592651,2337,4.439036764532201,1.5825901882488682
5.151804685592651,2338,4.440003264546604,1.5834230382612788
5.151804685592651,2339,4.44096876456099,1.5842529882736458
5.151804685592651,2340,4.441933264575362,1.5850800382859698
5.151804685592651,2341,4.44289676458972,1.5859041882982505
5.151804685592651,2342,4.443859264604062,1.5867254383104883
5.151804685592651,2343,4.44482076461839,1.5875437883226824
5.151804685592651,2344,4.445781264632703,1.5883592383348337
5.151804685592651,2345,4.446740764647,1.5891717883469418
5.151804685592651,2346,4.447699264661282,1.5899814383590063
5.151804685592651,2347,4.448656764675551,1.590788188371028
5.151804685592651,2348,4.449613264689804,1.5915920383830062
5.151804685592651,2349,4.450568764704041,1.5923929883949413
5.151804685592651,2350,4.451523264718265,1.593191038406833
5.151804685592651,2351,4.452476764732473,1.5939861884186817
5.151804685592651,2352,4.453429264746666,1.5947784384304873
5.151804685592651,2353,4.454380764760845,1.5955677884422497
5.151804685592651,2354,4.455331264775008,1.5963542384539684
5.151804685592651,2355,4.456280764789157,1.5971377884656441
5.151804685592651,2356,4.45722926480329,1.5979184384772769
5.151804685592651,2357,4.458176764817409,1.5986961884888664
5.151804685592651,2358,4.459123264831513,1.5994710385004125
5.151804685592651,2359,4.4600687648456026,1.6002429885119154
5.151804685592651,2360,4.461013264859677,1.6010120385233753
5.151804685592651,2361,4.461956764873737,1.6017781885347917
5.151804685592651,2362,4.462899264887781,1.6025414385461652
5.151804685592651,2363,4.463840764901811,1.603301788557495
5.151804685592651,2364,4.464781264915825,1.604059238568782
5.151804685592651,2365,4.465720764929824,1.6048137885800255
5.151804685592651,2366,4.466659264943809,1.605565438591226
5.151804685592651,2367,4.467596764957779,1.6063141886023833
5.151804685592651,2368,4.468533264971734,1.6070600386134974
5.151804685592651,2369,4.469468764985673,1.607802988624568
5.151804685592651,2370,4.470403264999598,1.6085430386355957
5.151804685592651,2371,4.471336765013509,1.6092801886465802
5.151804685592651,2372,4.472269265027404,1.6100144386575213
5.151804685592651,2373,4.473200765041285,1.6107457886684196
5.151804685592651,2374,4.47413126505515,1.611474238679274
5.151804685592651,2375,4.475060765069,1.6121997886900856
5.151804685592651,2376,4.475989265082837,1.612922438700854
5.151804685592651,2377,4.476916765096657,1.613642188711579
5.151804685592651,2378,4.477843265110463,1.6143590387222608
5.151804685592651,2379,4.478768765124254,1.6150729887328996
5.151804685592651,2380,4.47969326513803,1.6157840387434952
5.151804685592651,2381,4.480616765151792,1.6164921887540473
5.151804685592651,2382,4.481539265165538,1.6171974387645565
5.151804685592651,2383,4.482460765179269,1.6178997887750222
5.151804685592651,2384,4.483381265192986,1.6185992387854449
5.151804685592651,2385,4.4843007652066875,1.6192957887958244
5.151804685592651,2386,4.485219265220374,1.6199894388061604
5.151804685592651,2387,4.486136765234046,1.6206801888164533
5.151804685592651,2388,4.487053265247702,1.621368038826703
5.151804685592651,2389,4.4879687652613445,1.6220529888369097
5.151804685592651,2390,4.488883265274972,1.6227350388470732
5.151804685592651,2391,4.489796765288585,1.6234141888571934
5.151804685592651,2392,4.490709265302181,1.6240904388672701
5.151804685592651,2393,4.491620765315764,1.6247637888773039
5.151804685592651,2394,4.4925312653293314,1.6254342388872942
5.151804685592651,2395,4.493440765342884,1.6261017888972418
5.151804685592651,2396,4.494349265356422,1.6267664389071457
5.151804685592651,2397,4.495256765369945,1.6274281889170064
5.151804685592651,2398,4.496163265383452,1.6280870389268243
5.151804685592651,2399,4.4970687653969454,1.6287429889365987
5.151804685592651,2400,4.497973265410423,1.6293960389463296
5.151804685592651,2401,4.498876765423887,1.630046188956018
5.151804685592651,2402,4.499779265437335,1.6306934389656624
5.151804685592651,2403,4.500680765450769,1.631337788975264
5.151804685592651,2404,4.501581265464187,1.6319792389848224
5.151804685592651,2405,4.502480765477591,1.6326177889943376
5.151804685592651,2406,4.503379265490979,1.6332534390038094
5.151804685592651,2407,4.504276765504353,1.6338861890132383
5.151804685592651,2408,4.505173265517712,1.6345160390226239
5.151804685592651,2409,4.506068765531056,1.6351429890319658
5.151804685592651,2410,4.5069632655443845,1.6357670390412649
5.151804685592651,2411,4.507856765557699,1.6363881890505207
5.151804685592651,2412,4.508749265570999,1.6370064390597334
5.151804685592651,2413,4.509640765584282,1.6376217890689029
5.151804685592651,2414,4.510531265597552,1.6382342390780291
5.151804685592651,2415,4.511420765610807,1.6388437890871121
5.151804685592651,2416,4.512309265624046,1.639450439096152
5.151804685592651,2417,4.513196765637272,1.6400541891051486
5.151804685592651,2418,4.5140832656504815,1.640655039114102
5.151804685592651,2419,4.514968765663676,1.6412529891230119
5.151804685592651,2420,4.515853265676856,1.641848039131879
5.151804685592651,2421,4.5167367656900215,1.6424401891407026
5.151804685592651,2422,4.517619265703172,1.6430294391494833
5.151804685592651,2423,4.518500765716308,1.6436157891582206
5.151804685592651,2424,4.519381265729427,1.6441992391669145
5.151804685592651,2425,4.520260765742533,1.6447797891755653
5.151804685592651,2426,4.5211392657556235,1.6453574391841732
5.151804685592651,2427,4.522016765768699,1.6459321891927372
5.151804685592651,2428,4.522893265781761,1.6465040392012587
5.151804685592651,2429,4.523768765794806,1.6470729892097364
5.151804685592651,2430,4.524643265807838,1.6476390392181715
5.151804685592651,2431,4.5255167658208535,1.6482021892265633
5.151804685592651,2432,4.5263892658338545,1.6487624392349114
5.151804685592651,2433,4.527260765846841,1.6493197892432165
5.151804685592651,2434,4.5281312658598125,1.6498742392514787
5.151804685592651,2435,4.529000765872769,1.6504257892596974
5.151804685592651,2436,4.529869265885711,1.650974439267873
5.151804685592651,2437,4.530736765898638,1.6515201892760052
5.151804685592651,2438,4.531603265911549,1.6520630392840943
5.151804685592651,2439,4.532468765924447,1.6526029892921403
5.151804685592651,2440,4.533333265937328,1.6531400393001427
5.151804685592651,2441,4.534196765950195,1.6536741893081024
5.151804685592651,2442,4.5350592659630475,1.6542054393160186
5.151804685592651,2443,4.535920765975885,1.6547337893238916
5.151804685592651,2444,4.536781265988708,1.6552592393317214
5.151804685592651,2445,4.537640766001516,1.6557817893395081
5.151804685592651,2446,4.538499266014308,1.6563014393472515
5.151804685592651,2447,4.539356766027086,1.6568181893549516
5.151804685592651,2448,4.540213266039848,1.6573320393626085
5.151804685592651,2449,4.541068766052597,1.6578429893702222
5.151804685592651,2450,4.5419232660653295,1.6583510393777927
5.151804685592651,2451,4.542776766078048,1.65885618938532
5.151804685592651,2452,4.543629266090751,1.6593584393928043
5.151804685592651,2453,4.544480766103439,1.659857789400245
5.151804685592651,2454,4.545331266116113,1.660354239407643
5.151804685592651,2455,4.546180766128771,1.6608477894149973
5.151804685592651,2456,4.547029266141415,1.6613384394223085
5.151804685592651,2457,4.547876766154044,1.6618261894295765
5.151804685592651,2458,4.5487232661666575,1.6623110394368015
5.151804685592651,2459,4.549568766179257,1.662792989443983
5.151804685592651,2460,4.550413266191841,1.6632720394511213
5.151804685592651,2461,4.55125676620441,1.6637481894582165
5.151804685592651,2462,4.552099266216964,1.6642214394652686
5.151804685592651,2463,4.5529407662295025,1.6646917894722773
5.151804685592651,2464,4.553781266242027,1.665159239479243
5.151804685592651,2465,4.554620766254537,1.6656237894861652
5.151804685592651,2466,4.5554592662670315,1.6660854394930444
5.151804685592651,2467,4.5562967662795115,1.6665441894998803
5.151804685592651,2468,4.557133266291976,1.6670000395066729
5.151804685592651,2469,4.557968766304426,1.6674529895134227
5.151804685592651,2470,4.558803266316861,1.6679030395201286
5.151804685592651,2471,4.559636766329281,1.6683501895267918
5.151804685592651,2472,4.560469266341686,1.6687944395334118
5.151804685592651,2473,4.561300766354076,1.6692357895399883
5.151804685592651,2474,4.562131266366452,1.6696742395465218
5.151804685592651,2475,4.562960766378813,1.670109789553012
5.151804685592651,2476,4.563789266391159,1.6705424395594588
5.151804685592651,2477,4.564616766403489,1.6709721895658627
5.151804685592651,2478,4.565443266415805,1.6713990395722231
5.151804685592651,2479,4.566268766428106,1.6718229895785406
5.151804685592651,2480,4.567093266440391,1.6722440395848146
5.151804685592651,2481,4.5679167664526625,1.6726621895910456
5.151804685592651,2482,4.568739266464919,1.6730774395972334
5.151804685592651,2483,4.56956076647716,1.6734897896033778
5.151804685592651,2484,4.570381266489387,1.673899239609479
5.151804685592651,2485,4.571200766501599,1.674305789615537
5.151804685592651,2486,4.572019266513795,1.674709439621552
5.151804685592651,2487,4.572836766525977,1.6751101896275238
5.151804685592651,2488,4.573653266538143,1.675508039633452
5.151804685592651,2489,4.574468766550295,1.6759029896393374
5.151804685592651,2490,4.575283266562432,1.6762950396451792
5.151804685592651,2491,4.576096766574555,1.6766841896509779
5.151804685592651,2492,4.576909266586662,1.6770704396567337
5.151804685592651,2493,4.577720766598754,1.677453789662446
5.151804685592651,2494,4.578531266610831,1.677834239668115
5.151804685592651,2495,4.579340766622893,1.678211789673741
5.151804685592651,2496,4.580149266634941,1.6785864396793237
5.151804685592651,2497,4.580956766646974,1.678958189684863
5.151804685592651,2498,4.581763266658992,1.6793270396903595
5.151804685592651,2499,4.582568766670994,1.6796929896958126
5.151804685592651,2500,4.583373266682983,1.6800560397012223
5.151804685592651,2501,4.584176766694956,1.6804161897065892
5.151804685592651,2502,4.584979266706915,1.6807734397119127
5.151804685592651,2503,4.585780766718857,1.6811277897171928
5.151804685592651,2504,4.586581266730786,1.6814792397224299
5.151804685592651,2505,4.586581266730786,1.6814792397224299
5.151804685592651,2506,4.587380666742697,1.681829689727652
5.151804685592651,2507,4.588178866754592,1.6821810397328876
5.151804685592651,2508,4.588975866766468,1.6825332897381364
5.151804685592651,2509,4.589771666778327,1.6828864397433987
5.151804685592651,2510,4.590566266790166,1.6832404897486746
5.151804685592651,2511,4.591359666801989,1.6835954397539636
5.151804685592651,2512,4.5921518668137935,1.6839512897592661
5.151804685592651,2513,4.592942866825581,1.6843080397645824
5.151804685592651,2514,4.593732666837349,1.6846656897699115
5.151804685592651,2515,4.5945212668491004,1.6850242397752542
5.151804685592651,2516,4.595308666860833,1.6853836897806105
5.151804685592651,2517,4.59609486687255,1.6857440397859804
5.151804685592651,2518,4.5968798668842465,1.6861052897913633
5.151804685592651,2519,4.597663666895926,1.6864674397967598
5.151804685592651,2520,4.598446266907588,1.6868304898021695
5.151804685592651,2521,4.599227666919232,1.6871944398075929
5.151804685592651,2522,4.6000078669308575,1.6875592898130298
5.151804685592651,2523,4.600786866942466,1.6879250398184797
5.151804685592651,2524,4.601564666954056,1.688291689823943
5.151804685592651,2525,4.602341266965627,1.68865923982942
5.151804685592651,2526,4.603116666977182,1.6890276898349104
5.151804685592651,2527,4.60389086698872,1.6893970398404143
5.151804685592651,2528,4.604663867000236,1.6897672898459313
5.151804685592651,2529,4.605435667011737,1.6901384398514618
5.151804685592651,2530,4.606206267023221,1.690510489857006
5.151804685592651,2531,4.6069756670346855,1.6908834398625634
5.151804685592651,2532,4.607743867046133,1.691257289868134
5.151804685592651,2533,4.6085108670575625,1.6916320398737184
5.151804685592651,2534,4.609276667068973,1.6920076898793157
5.151804685592651,2535,4.610041267080367,1.692384239884927
5.151804685592651,2536,4.610804667091743,1.692761689890551
5.151804685592651,2537,4.611566867103099,1.693140039896189
5.151804685592651,2538,4.612327867114439,1.6935192899018403
5.151804685592651,2539,4.613087667125761,1.693899439907505
5.151804685592651,2540,4.613846267137065,1.6942804899131831
5.151804685592651,2541,4.6146036671483515,1.6946624399188746
5.151804685592651,2542,4.615359867159621,1.69504528992458
5.151804685592651,2543,4.616114867170871,1.6954290399302985
5.151804685592651,2544,4.616868667182103,1.69581368993603
5.151804685592651,2545,4.617621267193318,1.6961992399417751
5.151804685592651,2546,4.618372667204515,1.6965856899475336
5.151804685592651,2547,4.619122867215694,1.6969730399533054
5.151804685592651,2548,4.619871867226855,1.697361289959091
5.151804685592651,2549,4.620619667237998,1.6977504399648895
5.151804685592651,2550,4.621366267249123,1.698140489970702
5.151804685592651,2551,4.62211166726023,1.6985314399765277
5.151804685592651,2552,4.622855867271319,1.6989232899823663
5.151804685592651,2553,4.623598867282391,1.6993160399882188
5.151804685592651,2554,4.624340667293445,1.6997096899940847
5.151804685592651,2555,4.6250812673044805,1.7001042399999642
5.151804685592651,2556,4.625820667315498,1.7004996900058567
5.151804685592651,2557,4.626558867326499,1.700896040011763
5.151804685592651,2558,4.62729586733748,1.7012932900176823
5.151804685592651,2559,4.628031667348445,1.701691440023615
5.151804685592651,2560,4.628766267359391,1.7020904900295615
5.151804685592651,2561,4.62949966737032,1.702490440035521
5.151804685592651,2562,4.63023186738123,1.7028912900414943
5.151804685592651,2563,4.630962867392124,1.7032930400474808
5.151804685592651,2564,4.631692667402999,1.7036956900534808
5.151804685592651,2565,4.6324212674138545,1.704099240059494
5.151804685592651,2566,4.6331486674246944,1.7045036900655208
5.151804685592651,2567,4.633874867435515,1.704909040071561
5.151804685592651,2568,4.634599867446319,1.7053152900776145
5.151804685592651,2569,4.6353236674571034,1.7057224400836815
5.151804685592651,2570,4.636046267467871,1.7061304900897623
5.151804685592651,2571,4.636767667478621,1.7065394400958558
5.151804685592651,2572,4.637487867489353,1.7069492901019632
5.151804685592651,2573,4.638206867500067,1.7073600401080837
5.151804685592651,2574,4.6389246675107625,1.7077716901142177
5.151804685592651,2575,4.639641267521441,1.7081842401203653
5.151804685592651,2576,4.640356667532101,1.708597690126526
5.151804685592651,2577,4.6410708675427434,1.7090120401327005
5.151804685592651,2578,4.641783867553368,1.7094272901388883
5.151804685592651,2579,4.642495667563975,1.7098434401450893
5.151804685592651,2580,4.6432062675745644,1.7102604901513037
5.151804685592651,2581,4.6439156675851345,1.7106784401575317
5.151804685592651,2582,4.644623867595687,1.7110972901637729
5.151804685592651,2583,4.645330867606223,1.711517040170028
5.151804685592651,2584,4.64603666761674,1.711937690176296
5.151804685592651,2585,4.646741267627239,1.7123592401825776
5.151804685592651,2586,4.64744466763772,1.7127816901888728
5.151804685592651,2587,4.648146867648184,1.713205040195181
5.151804685592651,2588,4.64884786765863,1.7136292902015027
5.151804685592651,2589,4.649547667669059,1.7140544402078381
5.151804685592651,2590,4.650246267679468,1.7144804902141868
5.151804685592651,2591,4.650943667689861,1.7149074402205486
5.151804685592651,2592,4.651639867700234,1.715335290226924
5.151804685592651,2593,4.652334867710591,1.7157640402333134
5.151804685592651,2594,4.653028667720929,1.7161936902397155
5.151804685592651,2595,4.65372126773125,1.7166242402461311
5.151804685592651,2596,4.6544126677415525,1.7170556902525604
5.151804685592651,2597,4.655102867751838,1.7174880402590031
5.151804685592651,2598,4.655791867762105,1.717921290265459
5.151804685592651,2599,4.656479667772353,1.718355440271928
5.151804685592651,2600,4.657166267782585,1.718790490278411
5.151804685592651,2601,4.657851667792799,1.7192264402849071
5.151804685592651,2602,4.658535867802994,1.7196632902914168
5.151804685592651,2603,4.659218867813171,1.7201010402979398
5.151804685592651,2604,4.65990066782333,1.7205396903044763
5.151804685592651,2605,4.660581267833472,1.720979240311026
5.151804685592651,2606,4.661260667843596,1.721419690317589
5.151804685592651,2607,4.661938867853703,1.7218610403241659
5.151804685592651,2608,4.6626158678637895,1.722303290330756
5.151804685592651,2609,4.66329166787386,1.7227464403373594
5.151804685592651,2610,4.663966267883912,1.723190490343976
5.151804685592651,2611,4.664639667893947,1.7236354403506062
5.151804685592651,2612,4.665311867903964,1.72408129035725
5.151804685592651,2613,4.6659828679139626,1.7245280403639072
5.151804685592651,2614,4.666652667923943,1.7249756903705775
5.151804685592651,2615,4.6673212679339064,1.7254242403772615
5.151804685592651,2616,4.667988667943851,1.7258736903839589
5.151804685592651,2617,4.668654867953777,1.7263240403906694
5.151804685592651,2618,4.669319867963687,1.7267752903973936
5.151804685592651,2619,4.669983667973579,1.7272274404041312
5.151804685592651,2620,4.670646267983451,1.727680490410882
5.151804685592651,2621,4.671307667993307,1.7281344404176466
5.151804685592651,2622,4.671967868003145,1.7285892904244244
5.151804685592651,2623,4.672626868012965,1.7290450404312154
5.151804685592651,2624,4.6732846680227675,1.7295016904380203
5.151804685592651,2625,4.673941268032552,1.729959240444838
5.151804685592651,2626,4.674596668042318,1.7304176904516697
5.151804685592651,2627,4.675250868052065,1.7308770404585143
5.151804685592651,2628,4.675903868061797,1.7313372904653725
5.151804685592651,2629,4.676555668071509,1.7317984404722444
5.151804685592651,2630,4.677206268081204,1.7322604904791294
5.151804685592651,2631,4.67785566809088,1.7327234404860279
5.151804685592651,2632,4.678503868100539,1.73318729049294
5.151804685592651,2633,4.67915086811018,1.7336520404998652
5.151804685592651,2634,4.679796668119803,1.7341176905068036
5.151804685592651,2635,4.6804412681294085,1.7345842405137561
5.151804685592651,2636,4.681084668138997,1.7350516905207216
5.151804685592651,2637,4.681726868148566,1.7355200405277005
5.151804685592651,2638,4.682367868158118,1.7359892905346928
5.151804685592651,2639,4.683007668167651,1.7364594405416984
5.151804685592651,2640,4.683646268177166,1.7369304905487177
5.151804685592651,2641,4.684283668186665,1.7374024405557507
5.151804685592651,2642,4.684919868196145,1.7378752905627965
5.151804685592651,2643,4.685554868205607,1.7383490405698558
5.151804685592651,2644,4.686188668215052,1.7388236905769288
5.151804685592651,2645,4.686821268224478,1.7392992405840149
5.151804685592651,2646,4.687452668233887,1.7397756905911146
5.151804685592651,2647,4.688082868243278,1.7402530405982277
5.151804685592651,2648,4.688711868252651,1.7407312906053543
5.151804685592651,2649,4.689339668262005,1.7412104406124942
5.151804685592651,2650,4.689966268271341,1.7416904906196473
5.151804685592651,2651,4.6905916682806605,1.7421714406268136
5.151804685592651,2652,4.691215868289961,1.7426532906339942
5.151804685592651,2653,4.691838868299246,1.7431360406411875
5.151804685592651,2654,4.692460668308511,1.7436196906483945
5.151804685592651,2655,4.693081268317759,1.744104240655615
5.151804685592651,2656,4.693700668326988,1.7445896906628486
5.151804685592651,2657,4.6943188683362,1.745076040670096
5.151804685592651,2658,4.694935868345394,1.7455632906773562
5.151804685592651,2659,4.695551668354571,1.7460514406846306
5.151804685592651,2660,4.696166268363729,1.7465404906919177
5.151804685592651,2661,4.696779668372869,1.7470304406992188
5.151804685592651,2662,4.697391868381992,1.747521290706533
5.151804685592651,2663,4.698002868391097,1.7480130407138605
5.151804685592651,2664,4.698612668400184,1.7485056907212015
5.151804685592651,2665,4.699221268409252,1.7489992407285562
5.151804685592651,2666,4.699828668418302,1.7494936907359242
5.151804685592651,2667,4.700434868427337,1.7499890407433052
5.151804685592651,2668,4.701039868436351,1.7504852907507
5.151804685592651,2669,4.701643668445349,1.750982440758108
5.151804685592651,2670,4.702246268454329,1.7514804907655297
5.151804685592651,2671,4.702847668463289,1.7519794407729647
5.151804685592651,2672,4.703447868472233,1.7524792907804128
5.151804685592651,2673,4.704046868481159,1.7529800407878746
5.151804685592651,2674,4.704644668490067,1.7534816907953499
5.151804685592651,2675,4.705241268498957,1.7539842408028383
5.151804685592651,2676,4.705836668507829,1.7544876908103404
5.151804685592651,2677,4.706430868516684,1.7549920408178559
5.151804685592651,2678,4.7070238685255195,1.7554972908253845
5.151804685592651,2679,4.707615668534338,1.7560034408329268
5.151804685592651,2680,4.7082062685431385,1.7565104908404823
5.151804685592651,2681,4.708795668551922,1.7570184408480514
5.151804685592651,2682,4.709383868560687,1.757527290855634
5.151804685592651,2683,4.7099708685694335,1.75803704086323
5.151804685592651,2684,4.710556668578163,1.7585476908708393
5.151804685592651,2685,4.711141268586875,1.759059240878462
5.151804685592651,2686,4.711724668595568,1.7595716908860983
5.151804685592651,2687,4.7123068686042435,1.7600850408937476
5.151804685592651,2688,4.712887868612901,1.7605992909014105
5.151804685592651,2689,4.713467668621541,1.7611144409090866
5.151804685592651,2690,4.714046268630163,1.7616304909167766
5.151804685592651,2691,4.714623668638766,1.7621474409244797
5.151804685592651,2692,4.7151998686473515,1.7626652909321963
5.151804685592651,2693,4.71577486865592,1.7631840409399262
5.151804685592651,2694,4.7163486686644704,1.7637036909476698
5.151804685592651,2695,4.716921268673003,1.7642242409554265
5.151804685592651,2696,4.717492668681517,1.7647456909631964
5.151804685592651,2697,4.718062868690014,1.7652680409709804
5.151804685592651,2698,4.718631868698493,1.7657912909787772
5.151804685592651,2699,4.7191996687069535,1.7663154409865875
5.151804685592651,2700,4.7197662687153965,1.7668404909944115
5.151804685592651,2701,4.720331668723822,1.767366441002249
5.151804685592651,2702,4.720895868732229,1.7678932910100995
5.151804685592651,2703,4.721458868740618,1.7684210410179637
5.151804685592651,2704,4.722020668748989,1.768949691025841
5.151804685592651,2705,4.722581268757343,1.769479241033732
5.151804685592651,2706,4.723140668765679,1.7700096910416363
5.151804685592651,2707,4.723698868773997,1.7705410410495541
5.151804685592651,2708,4.724255868782297,1.7710732910574851
5.151804685592651,2709,4.724811668790579,1.7716064410654297
5.151804685592651,2710,4.725366268798843,1.7721404910733878
5.151804685592651,2711,4.725919668807089,1.772675441081359
5.151804685592651,2712,4.726471868815318,1.773211291089344
5.151804685592651,2713,4.7270228688235285,1.773748041097342
5.151804685592651,2714,4.727572668831722,1.774285691105354
5.151804685592651,2715,4.728121268839897,1.774824241113379
5.151804685592651,2716,4.728668668848053,1.7753636911214175
5.151804685592651,2717,4.729214868856192,1.7759040411294693
5.151804685592651,2718,4.729759868864313,1.7764452911375346
5.151804685592651,2719,4.730303668872417,1.7769874411456132
5.151804685592651,2720,4.730846268880502,1.7775304911537049
5.151804685592651,2721,4.731387668888569,1.7780744411618106
5.151804685592651,2722,4.731927868896619,1.7786192911699297
5.151804685592651,2723,4.73246686890465,1.7791650411780617
5.151804685592651,2724,4.733004668912664,1.7797116911862076
5.151804685592651,2725,4.733541268920661,1.7802592411943667
5.151804685592651,2726,4.7340766689286395,1.7808076912025395
5.151804685592651,2727,4.734610868936599,1.7813570412107254
5.151804685592651,2728,4.735143868944542,1.7819072912189247
5.151804685592651,2729,4.7356756689524655,1.7824584412271376
5.151804685592651,2730,4.736206268960373,1.7830104912353637
5.151804685592651,2731,4.736735668968262,1.7835634412436032
5.151804685592651,2732,4.737263868976132,1.7841172912518561
5.151804685592651,2733,4.737790868983986,1.7846720412601225
5.151804685592651,2734,4.7383166689918195,1.7852276912684024
5.151804685592651,2735,4.738841268999637,1.7857842412766958
5.151804685592651,2736,4.739364669007436,1.7863416912850023
5.151804685592651,2737,4.739886869015217,1.7869000412933225
5.151804685592651,2738,4.740407869022981,1.7874592913016558
5.151804685592651,2739,4.740927669030727,1.7880194413100026
5.151804685592651,2740,4.7414462690384545,1.788580491318363
5.151804685592651,2741,4.741963669046164,1.789142441326737
5.151804685592651,2742,4.742479869053857,1.789705291335124
5.151804685592651,2743,4.742994869061531,1.7902690413435243
5.151804685592651,2744,4.743508669069186,1.7908336913519383
5.151804685592651,2745,4.744021269076825,1.7913992413603657
5.151804685592651,2746,4.744532669084445,1.7919656913688062
5.151804685592651,2747,4.745042869092048,1.7925330413772604
5.151804685592651,2748,4.745551869099632,1.793101291385728
5.151804685592651,2749,4.746059669107199,1.793670441394209
5.151804685592651,2750,4.746566269114748,1.7942404914027035
5.151804685592651,2751,4.747071669122279,1.794811441411211
5.151804685592651,2752,4.747575869129792,1.7953832914197325
5.151804685592651,2753,4.748078869137288,1.7959560414282674
5.151804685592651,2754,4.748580669144765,1.796529691436815
5.151804685592651,2755,4.749081269152224,1.7971042414453766
5.151804685592651,2756,4.749580669159666,1.7976796914539515
5.151804685592651,2757,4.7500788691670905,1.79825604146254
5.151804685592651,2758,4.7505758691744955,1.7988332914711416
5.151804685592651,2759,4.751071669181884,1.7994114414797566
5.151804685592651,2760,4.7515662691892535,1.7999904914883853
5.151804685592651,2761,4.752059669196606,1.800570441497027
5.151804685592651,2762,4.75255186920394,1.8011512915056822
5.151804685592651,2763,4.7530428692112565,1.801733041514351
5.151804685592651,2764,4.753532669218555,1.8023156915230332
5.151804685592651,2765,4.754021269225836,1.8028992415317289
5.151804685592651,2766,4.754508669233099,1.8034836915404377
5.151804685592651,2767,4.754994869240344,1.8040690415491603
5.151804685592651,2768,4.755479869247571,1.804655291557896
5.151804685592651,2769,4.75596366925478,1.8052424415666453
5.151804685592651,2770,4.756446269261971,1.805830491575408
5.151804685592651,2771,4.756927669269145,1.8064194415841839
5.151804685592651,2772,4.7574078692763,1.8070092915929734
5.151804685592651,2773,4.757886869283438,1.8076000416017761
5.151804685592651,2774,4.7583646692905575,1.8081916916105927
5.151804685592651,2775,4.75884126929766,1.8087842416194222
5.151804685592651,2776,4.759316669304743,1.8093776916282653
5.151804685592651,2777,4.75979086931181,1.8099720416371219
5.151804685592651,2778,4.760263869318858,1.8105672916459918
5.151804685592651,2779,4.760735669325888,1.811163441654875
5.151804685592651,2780,4.7612062693329005,1.8117604916637717
5.151804685592651,2781,4.761675669339895,1.812358441672682
5.151804685592651,2782,4.762143869346873,1.8129572916816055
5.151804685592651,2783,4.762610869353831,1.8135570416905424
5.151804685592651,2784,4.763076669360772,1.814157691699493
5.151804685592651,2785,4.763541269367694,1.8147592417084564
5.151804685592651,2786,4.7640046693746,1.8153616917174338
5.151804685592651,2787,4.764466869381488,1.8159650417264244
5.151804685592651,2788,4.764927869388357,1.8165692917354286
5.151804685592651,2789,4.765387669395208,1.817174441744446
5.151804685592651,2790,4.765846269402043,1.8177804917534768
5.151804685592651,2791,4.766303669408858,1.818387441762521
5.151804685592651,2792,4.766759869415656,1.8189952917715786
5.151804685592651,2793,4.767214869422436,1.8196040417806496
5.151804685592651,2794,4.767668669429199,1.8202136917897342
5.151804685592651,2795,4.768121269435943,1.8208242417988323
5.151804685592651,2796,4.768572669442669,1.8214356918079435
5.151804685592651,2797,4.769022869449378,1.8220480418170681
5.151804685592651,2798,4.769471869456067,1.8226612918262064
5.151804685592651,2799,4.76991966946274,1.8232754418353578
5.151804685592651,2800,4.770366269469395,1.823890491844523
5.151804685592651,2801,4.770811669476032,1.8245064418537011
5.151804685592651,2802,4.771255869482652,1.825123291862893
5.151804685592651,2803,4.771698869489253,1.825741041872098
5.151804685592651,2804,4.772140669495837,1.8263596918813167
5.151804685592651,2805,4.7725812695024015,1.8269792418905488
5.151804685592651,2806,4.7730206695089485,1.827599691899794
5.151804685592651,2807,4.773458869515479,1.828221041909053
5.151804685592651,2808,4.773895869521991,1.828843291918325
5.151804685592651,2809,4.774331669528484,1.829466441927611
5.151804685592651,2810,4.774766269534961,1.83009049193691
5.151804685592651,2811,4.7751996695414185,1.8307154419462224
5.151804685592651,2812,4.775631869547859,1.8313412919555483
5.151804685592651,2813,4.7760628695542815,1.8319680419648878
5.151804685592651,2814,4.776492669560686,1.8325956919742405
5.151804685592651,2815,4.776921269567073,1.8332242419836067
5.151804685592651,2816,4.777348669573442,1.833853691992986
5.151804685592651,2817,4.777774869579792,1.8344840420023791
5.151804685592651,2818,4.778199869586126,1.8351152920117855
5.151804685592651,2819,4.778623669592441,1.8357474420212052
5.151804685592651,2820,4.779046269598738,1.8363804920306384
5.151804685592651,2821,4.779467669605017,1.837014442040085
5.151804685592651,2822,4.7798878696112785,1.837649292049545
5.151804685592651,2823,4.780306869617522,1.8382850420590184
5.151804685592651,2824,4.780724669623748,1.8389216920685052
5.151804685592651,2825,4.781141269629956,1.8395592420780054
5.151804685592651,2826,4.781556669636146,1.8401976920875192
5.151804685592651,2827,4.7819708696423175,1.8408370420970461
5.151804685592651,2828,4.782383869648472,1.8414772921065867
5.151804685592651,2829,4.7827956696546075,1.8421184421161403
5.151804685592651,2830,4.7832062696607265,1.8427604921257077
5.151804685592651,2831,4.783615669666827,1.8434034421352887
5.151804685592651,2832,4.78402386967291,1.8440472921448827
5.151804685592651,2833,4.784430869678975,1.8446920421544903
5.151804685592651,2834,4.784836669685021,1.8453376921641111
5.151804685592651,2835,4.785241269691051,1.8459842421737453
5.151804685592651,2836,4.785644669697062,1.8466316921833932
5.151804685592651,2837,4.786046869703055,1.8472800421930544
5.151804685592651,2838,4.78644786970903,1.8479292922027288
5.151804685592651,2839,4.786847669714988,1.8485794422124169
5.151804685592651,2840,4.787246269720928,1.8492304922221183
5.151804685592651,2841,4.787643669726848,1.849882442231833
5.151804685592651,2842,4.788039869732753,1.8505352922415614
5.151804685592651,2843,4.788434869738639,1.851189042251303
5.151804685592651,2844,4.788828669744506,1.851843692261058
5.151804685592651,2845,4.789221269750358,1.8524992422708264
5.151804685592651,2846,4.78961266975619,1.8531556922806085
5.151804685592651,2847,4.790002869762004,1.8538130422904033
5.151804685592651,2848,4.7903918697678005,1.8544712923002122
5.151804685592651,2849,4.790779669773579,1.8551304423100343
5.151804685592651,2850,4.79116626977934,1.85579049231987
5.151804685592651,2851,4.791551669785083,1.856451442329719
5.151804685592651,2852,4.791935869790807,1.857113292339581
5.151804685592651,2853,4.792318869796515,1.8577760423494567
5.151804685592651,2854,4.792700669802205,1.858439692359346
5.151804685592651,2855,4.7930812698078755,1.8591042423692485
5.151804685592651,2856,4.793460669813529,1.8597696923791645
5.151804685592651,2857,4.793838869819165,1.860436042389094
5.151804685592651,2858,4.794215869824782,1.8611032923990367
5.151804685592651,2859,4.794591669830382,1.8617714424089928
5.151804685592651,2860,4.794966269835964,1.8624404924189628
5.151804685592651,2861,4.795339669841528,1.8631104424289457
5.151804685592651,2862,4.795711869847075,1.863781292438942
5.151804685592651,2863,4.796082869852603,1.864453042448952
5.151804685592651,2864,4.796452669858113,1.8651256924589752
5.151804685592651,2865,4.796821269863606,1.865799242469012
5.151804685592651,2866,4.79718866986908,1.8664736924790621
5.151804685592651,2867,4.797554869874537,1.8671490424891255
5.151804685592651,2868,4.797919869879976,1.8678252924992025
5.151804685592651,2869,4.7982836698853975,1.8685024425092929
5.151804685592651,2870,4.7986462698908,1.8691804925193964
5.151804685592651,2871,4.799007669896186,1.8698594425295136
5.151804685592651,2872,4.799367869901554,1.8705392925396442
5.151804685592651,2873,4.799726869906903,1.8712200425497882
5.151804685592651,2874,4.800084669912234,1.8719016925599457
5.151804685592651,2875,4.800441269917548,1.8725842425701162
5.151804685592651,2876,4.8007966699228435,1.8732676925803002
5.151804685592651,2877,4.801150869928122,1.8739520425904983
5.151804685592651,2878,4.8015038699333825,1.874637292600709
5.151804685592651,2879,4.801855669938624,1.8753234426109335
5.151804685592651,2880,4.802206269943849,1.8760104926211714
5.151804685592651,2881,4.802555669949054,1.8766984426314226
5.151804685592651,2882,4.802903869954244,1.8773872926416875
5.151804685592651,2883,4.803250869959415,1.8780770426519655
5.151804685592651,2884,4.803596669964567,1.8787676926622567
5.151804685592651,2885,4.803941269969702,1.8794592426725618
5.151804685592651,2886,4.80428466997482,1.88015169268288
5.151804685592651,2887,4.804626869979918,1.8808450426932117
5.151804685592651,2888,4.804967869984999,1.881539292703557
5.151804685592651,2889,4.8053076699900625,1.8822344427139153
5.151804685592651,2890,4.805646269995108,1.8829304927242874
5.151804685592651,2891,4.805983670000137,1.8836274427346729
5.151804685592651,2892,4.8063198700051455,1.8843252927450715
5.151804685592651,2893,4.806654870010139,1.8850240427554836
5.151804685592651,2894,4.806988670015112,1.8857236927659093
5.151804685592651,2895,4.8073212700200685,1.8864242427763482
5.151804685592651,2896,4.807652670025007,1.887125692786801
5.151804685592651,2897,4.807982870029926,1.887828042797267
5.151804685592651,2898,4.808311870034829,1.8885312928077458
5.151804685592651,2899,4.808639670039714,1.8892354428182385
5.151804685592651,2900,4.80896627004458,1.8899404928287447
5.151804685592651,2901,4.809291670049429,1.890646442839264
5.151804685592651,2902,4.809615870054261,1.891353292849797
5.151804685592651,2903,4.809938870059073,1.8920610428603433
5.151804685592651,2904,4.810260670063868,1.8927696928709028
5.151804685592651,2905,4.810581270068646,1.8934792428814762
5.151804685592651,2906,4.810900670073405,1.8941896928920627
5.151804685592651,2907,4.811218870078147,1.8949010429026625
5.151804685592651,2908,4.811535870082871,1.8956132929132758
5.151804685592651,2909,4.811851670087576,1.8963264429239026
5.151804685592651,2910,4.8121662700922645,1.8970404929345428
5.151804685592651,2911,4.812479670096934,1.8977554429451962
5.151804685592651,2912,4.812791870101586,1.8984712929558634
5.151804685592651,2913,4.813102870106221,1.8991880429665438
5.151804685592651,2914,4.813412670110837,1.8999056929772375
5.151804685592651,2915,4.813721270115435,1.900624242987945
5.151804685592651,2916,4.814028670120016,1.9013436929986653
5.151804685592651,2917,4.814334870124579,1.9020640430093994
5.151804685592651,2918,4.814639870129124,1.902785293020147
5.151804685592651,2919,4.81494367013365,1.9035074430309078
5.151804685592651,2920,4.815246270138159,1.904230493041682
5.151804685592651,2921,4.815547670142651,1.9049544430524699
5.151804685592651,2922,4.815847870147124,1.9056792930632709
5.151804685592651,2923,4.81614687015158,1.9064050430740855
5.151804685592651,2924,4.8164446701560175,1.9071316930849134
5.151804685592651,2925,4.816741270160437,1.9078592430957546
5.151804685592651,2926,4.817036670164839,1.9085876931066093
5.151804685592651,2927,4.817330870169223,1.9093170431174777
5.151804685592651,2928,4.8176238701735885,1.910047293128359
5.151804685592651,2929,4.817915670177937,1.9107784431392543
5.151804685592651,2930,4.818206270182267,1.9115104931501625
5.151804685592651,2931,4.8184956701865795,1.9122434431610844
5.151804685592651,2932,4.818783870190874,1.9129772931720195
5.151804685592651,2933,4.819070870195151,1.9137120431829682
5.151804685592651,2934,4.81935667019941,1.91444769319393
5.151804685592651,2935,4.81964127020365,1.9151842432049055
5.151804685592651,2936,4.8199246702078735,1.9159216932158945
5.151804685592651,2937,4.820206870212078,1.9166600432268968
5.151804685592651,2938,4.820487870216265,1.9173992932379125
5.151804685592651,2939,4.820767670220436,1.9181394432489418
5.151804685592651,2940,4.821046270224587,1.918880493259984
5.151804685592651,2941,4.82132367022872,1.91962244327104
5.151804685592651,2942,4.821599870232836,1.9203652932821094
5.151804685592651,2943,4.821874870236933,1.921109043293192
5.151804685592651,2944,4.822148670241013,1.9218536933042882
5.151804685592651,2945,4.8224212702450755,1.9225992433153976
5.151804685592651,2946,4.82269267024912,1.923345693326521
5.151804685592651,2947,4.822962870253146,1.9240930433376573
5.151804685592651,2948,4.823231870257155,1.924841293348807
5.151804685592651,2949,4.823499670261145,1.9255904433599702
5.151804685592651,2950,4.823766270265118,1.9263404933711468
5.151804685592651,2951,4.824031670269072,1.927091443382337
5.151804685592651,2952,4.824295870273009,1.9278432933935403
5.151804685592651,2953,4.824558870276928,1.9285960434047573
5.151804685592651,2954,4.824820670280829,1.9293496934159873
5.151804685592651,2955,4.825081270284713,1.930104243427231
5.151804685592651,2956,4.825340670288577,1.930859693438488
5.151804685592651,2957,4.825598870292426,1.9316160434497585
5.151804685592651,2958,4.825855870296255,1.9323732934610425
5.151804685592651,2959,4.826111670300067,1.93313144347234
5.151804685592651,2960,4.82636627030386,1.9338904934836505
5.151804685592651,2961,4.826619670307636,1.9346504434949747
5.151804685592651,2962,4.826871870311395,1.9354112935063121
5.151804685592651,2963,4.827122870315135,1.9361730435176632
5.151804685592651,2964,4.827372670318857,1.9369356935290276
5.151804685592651,2965,4.827621270322561,1.9376992435404052
5.151804685592651,2966,4.827868670326248,1.9384636935517965
5.151804685592651,2967,4.828114870329917,1.9392290435632011
5.151804685592651,2968,4.828359870333568,1.9399952935746194
5.151804685592651,2969,4.8286036703372,1.9407624435860507
5.151804685592651,2970,4.828846270340816,1.9415304935974955
5.151804685592651,2971,4.829087670344412,1.9422994436089536
5.151804685592651,2972,4.829327870347992,1.9430692936204255
5.151804685592651,2973,4.829566870351553,1.9438400436319103
5.151804685592651,2974,4.829804670355097,1.944611693643409
5.151804685592651,2975,4.830041270358623,1.945384243654921
5.151804685592651,2976,4.830276670362131,1.9461576936664462
5.151804685592651,2977,4.83051087036562,1.9469320436779851
5.151804685592651,2978,4.830743870369092,1.947707293689537
5.151804685592651,2979,4.8309756703725455,1.9484834437011025
5.151804685592651,2980,4.831206270375982,1.9492604937126814
5.151804685592651,2981,4.831435670379401,1.9500384437242737
5.151804685592651,2982,4.831663870382801,1.9508172937358796
5.151804685592651,2983,4.831890870386184,1.951597043747499
5.151804685592651,2984,4.832116670389548,1.9523776937591315
5.151804685592651,2985,4.832341270392895,1.9531592437707772
5.151804685592651,2986,4.8325646703962235,1.9539416937824368
5.151804685592651,2987,4.832786870399534,1.9547250437941095
5.151804685592651,2988,4.833007870402828,1.9555092938057959
5.151804685592651,2989,4.833227670406104,1.9562944438174956
5.151804685592651,2990,4.833446270409361,1.9570804938292086
5.151804685592651,2991,4.8336636704126,1.9578674438409351
5.151804685592651,2992,4.833879870415823,1.958655293852675
5.151804685592651,2993,4.834094870419025,1.959444043864428
5.151804685592651,2994,4.834308670422212,1.9602336938761948
5.151804685592651,2995,4.8345212704253795,1.9610242438879748
5.151804685592651,2996,4.834732670428529,1.9618156938997684
5.151804685592651,2997,4.834942870431662,1.9626080439115754
5.151804685592651,2998,4.835151870434776,1.9634012939233956
5.151804685592651,2999,4.835359670437873,1.9641954439352296
5.151804685592651,3000,4.835566270440951,1.9649904939470766
5.151804685592651,3001,4.835771670444012,1.9657864439589372
5.151804685592651,3002,4.835975870447055,1.9665832939708112
5.151804685592651,3003,4.836178870450079,1.9673810439826986
5.151804685592651,3004,4.836380670453087,1.9681796939945997
5.151804685592651,3005,4.836581270456076,1.9689792440065137
5.151804685592651,3006,4.836581270456076,1.9689792440065137
5.151804685592651,3007,4.83678307943651,1.9697805829999289
5.151804685592651,3008,4.8369885063718545,1.970584599956332
5.151804685592651,3009,4.837197551262108,1.9713912948757235
5.151804685592651,3010,4.83741021410727,1.972200667758103
5.151804685592651,3011,4.837626494907343,1.973012718603471
5.151804685592651,3012,4.837846393662323,1.973827447411827
5.151804685592651,3013,4.838069910372213,1.9746448541831711
5.151804685592651,3014,4.838297045037013,1.9754649389175039
5.151804685592651,3015,4.838527797656722,1.9762877016148244
5.151804685592651,3016,4.83876216823134,1.9771131422751334
5.151804685592651,3017,4.839000156760867,1.9779412608984306
5.151804685592651,3018,4.839241763245304,1.9787720574847159
5.151804685592651,3019,4.83948698768465,1.9796055320339896
5.151804685592651,3020,4.8397358300789035,1.9804416845462514
5.151804685592651,3021,4.839988290428067,1.9812805150215012
5.151804685592651,3022,4.840244368732142,1.9821220234597394
5.151804685592651,3023,4.840504064991125,1.982966209860966
5.151804685592651,3024,4.840767379205015,1.9838130742251805
5.151804685592651,3025,4.841034311373816,1.9846626165523833
5.151804685592651,3026,4.841304861497528,1.9855148368425746
5.151804685592651,3027,4.841579029576147,1.9863697350957537
5.151804685592651,3028,4.841856815609676,1.9872273113119212
5.151804685592651,3029,4.842138219598114,1.9880875654910768
5.151804685592651,3030,4.842423241541461,1.9889504976332206
5.151804685592651,3031,4.842711881439717,1.989816107738353
5.151804685592651,3032,4.8430041392928835,1.990684395806473
5.151804685592651,3033,4.843300015100958,1.9915553618375816
5.151804685592651,3034,4.843599508863942,1.9924290058316785
5.151804685592651,3035,4.843902620581836,1.9933053277887631
5.151804685592651,3036,4.844209350254638,1.9941843277088365
5.151804685592651,3037,4.844519697882351,1.9950660055918976
5.151804685592651,3038,4.844833663464971,1.9959503614379472
5.151804685592651,3039,4.8451512470025015,1.9968373952469851
5.151804685592651,3040,4.845472448494941,1.997727107019011
5.151804685592651,3041,4.845797267942291,1.9986194967540252
5.151804685592651,3042,4.846125705344548,1.9995145644520276
5.151804685592651,3043,4.846457760701717,2.000412310113019
5.151804685592651,3044,4.846793434013792,2.0013127337369974
5.151804685592651,3045,4.847132725280779,2.0022158353239643
5.151804685592651,3046,4.847475634502673,2.00312161487392
5.151804685592651,3047,4.847822161679478,2.0040300723868634
5.151804685592651,3048,4.8481723068111915,2.004941207862795
5.151804685592651,3049,4.848526069897814,2.005855021301715
5.151804685592651,3050,4.848883450939345,2.0067715127036228
5.151804685592651,3051,4.849244449935787,2.007690682068519
5.151804685592651,3052,4.849609066887138,2.008612529396404
5.151804685592651,3053,4.849977301793397,2.0095370546872764
5.151804685592651,3054,4.850349154654566,2.0104642579411376
5.151804685592651,3055,4.850724625470644,2.0113941391579866
5.151804685592651,3056,4.851103714241631,2.0123266983378243
5.151804685592651,3057,4.851486420967528,2.01326193548065
5.151804685592651,3058,4.851872745648334,2.014199850586464
5.151804685592651,3059,4.852262688284049,2.0151404436552656
5.151804685592651,3060,4.852656248874673,2.016083714687056
5.151804685592651,3061,4.853053427420207,2.0170296636818343
5.151804685592651,3062,4.85345422392065,2.017978290639601
5.151804685592651,3063,4.853858638376002,2.0189295955603557
5.151804685592651,3064,4.854266670786264,2.019883578444099
5.151804685592651,3065,4.854678321151433,2.0208402392908305
5.151804685592651,3066,4.855093589471513,2.0217995781005493
5.151804685592651,3067,4.855512475746502,2.0227615948732574
5.151804685592651,3068,4.8559349799764,2.023726289608953
5.151804685592651,3069,4.856361102161208,2.0246936623076373
5.151804685592651,3070,4.856790842300924,2.0256637129693096
5.151804685592651,3071,4.85722420039555,2.02663644159397
5.151804685592651,3072,4.857661176445085,2.027611848181619
5.151804685592651,3073,4.8581017704495295,2.0285899327322556
5.151804685592651,3074,4.858545982408883,2.029570695245881
5.151804685592651,3075,4.858993812323146,2.0305541357224945
5.151804685592651,3076,4.8594452601923175,2.0315402541620955
5.151804685592651,3077,4.859900326016398,2.0325290505646856
5.151804685592651,3078,4.86035900979539,2.033520524930264
5.151804685592651,3079,4.860821311529289,2.03451467725883
5.151804685592651,3080,4.861287231218099,2.0355115075503845
5.151804685592651,3081,4.861756768861817,2.036511015804927
5.151804685592651,3082,4.862229924460444,2.037513202022458
5.151804685592651,3083,4.86270669801398,2.038518066202977
5.151804685592651,3084,4.863187089522427,2.0395256083464846
5.151804685592651,3085,4.863671098985781,2.0405358284529798
5.151804685592651,3086,4.864158726404046,2.041548726522463
5.151804685592651,3087,4.86464997177722,2.0425643025549354
5.151804685592651,3088,4.865144835105302,2.043582556550396
5.151804685592651,3089,4.8656433163882955,2.044603488508844
5.151804685592651,3090,4.866145415626197,2.0456270984302805
5.151804685592651,3091,4.8666511328190065,2.046653386314705
5.151804685592651,3092,4.867160467966727,2.047682352162118
5.151804685592651,3093,4.867673421069355,2.0487139959725194
5.151804685592651,3094,4.868189992126895,2.0497483177459093
5.151804685592651,3095,4.868710181139342,2.0507853174822865
5.151804685592651,3096,4.8692339881067,2.0518249951816525
5.151804685592651,3097,4.869761413028964,2.0528673508440067
5.151804685592651,3098,4.8702924559061405,2.0539123844693488
5.151804685592651,3099,4.870827116738225,2.0549600960576795
5.151804685592651,3100,4.871365395525218,2.056010485608998
5.151804685592651,3101,4.871907292267122,2.057063553123305
5.151804685592651,3102,4.872452806963934,2.0581192986006003
5.151804685592651,3103,4.873001939615655,2.0591777220408836
5.151804685592651,3104,4.873554690222286,2.060238823444155
5.151804685592651,3105,4.874111058783825,2.061302602810415
5.151804685592651,3106,4.874671045300276,2.062369060139663
5.151804685592651,3107,4.875234649771632,2.0634381954318983
5.151804685592651,3108,4.875801872197901,2.0645100086871233
5.151804685592651,3109,4.8763727125790775,2.0655844999053357
5.151804685592651,3110,4.876947170915163,2.0666616690865363
5.151804685592651,3111,4.877525247206158,2.0677415162307256
5.151804685592651,3112,4.878106941452064,2.0688240413379027
5.151804685592651,3113,4.8786922536528765,2.069909244408068
5.151804685592651,3114,4.879281183808599,2.0709971254412216
5.151804685592651,3115,4.879873731919232,2.072087684437364
5.151804685592651,3116,4.880469897984773,2.0731809213964936
5.151804685592651,3117,4.881069682005224,2.074276836318612
5.151804685592651,3118,4.881673083980584,2.075375429203718
5.151804685592651,3119,4.882280103910853,2.076476700051813
5.151804685592651,3120,4.882890741796032,2.077580648862896
5.151804685592651,3121,4.883504997636119,2.078687275636967
5.151804685592651,3122,4.884122871431115,2.079796580374026
5.151804685592651,3123,4.884744363181023,2.080908563074074
5.151804685592651,3124,4.885369472885838,2.0820232237371092
5.151804685592651,3125,4.885998200545562,2.0831405623631336
5.151804685592651,3126,4.8866305461601955,2.0842605789521453
5.151804685592651,3127,4.887266509729739,2.0853832735041458
5.151804685592651,3128,4.887906091254191,2.0865086460191344
5.151804685592651,3129,4.888549290733553,2.0876366964971114
5.151804685592651,3130,4.889196108167823,2.088767424938076
5.151804685592651,3131,4.889846543557004,2.0899008313420295
5.151804685592651,3132,4.890500596901092,2.0910369157089708
5.151804685592651,3133,4.891158268200091,2.0921756780389003
5.151804685592651,3134,4.891819557453998,2.0933171183318184
5.151804685592651,3135,4.8924844646628145,2.0944612365877244
5.151804685592651,3136,4.893152989826541,2.0956080328066187
5.151804685592651,3137,4.893825132945177,2.096757506988501
5.151804685592651,3138,4.894500894018722,2.097909659133372
5.151804685592651,3139,4.895180273047176,2.099064489241231
5.151804685592651,3140,4.895863270030539,2.100221997312078
5.151804685592651,3141,4.896549884968811,2.101382183345913
5.151804685592651,3142,4.897240117861993,2.102545047342737
5.151804685592651,3143,4.897933968710084,2.1037105893025485
5.151804685592651,3144,4.898631437513084,2.1048788092253483
5.151804685592651,3145,4.899332524270993,2.106049707111137
5.151804685592651,3146,4.900037228983812,2.107223282959913
5.151804685592651,3147,4.900745551651539,2.1083995367716777
5.151804685592651,3148,4.901457492274177,2.1095784685464305
5.151804685592651,3149,4.902173050851722,2.1107600782841716
5.151804685592651,3150,4.902892227384178,2.111944365984901
5.151804685592651,3151,4.903615021871542,2.113131331648618
5.151804685592651,3152,4.9043414343138165,2.1143209752753234
5.151804685592651,3153,4.905071464710999,2.1155132968650174
5.151804685592651,3154,4.905805113063092,2.1167082964176998
5.151804685592651,3155,4.906542379370093,2.11790597393337
5.151804685592651,3156,4.907283263632005,2.1191063294120283
5.151804685592651,3157,4.908027765848824,2.120309362853675
5.151804685592651,3158,4.908775886020553,2.1215150742583098
5.151804685592651,3159,4.909527624147192,2.122723463625933
5.151804685592651,3160,4.91028298022874,2.1239345309565447
5.151804685592651,3161,4.911041954265196,2.125148276250144
5.151804685592651,3162,4.911804546256564,2.1263646995067313
5.151804685592651,3163,4.912570756202838,2.127583800726308
5.151804685592651,3164,4.913340584104024,2.128805579908872
5.151804685592651,3165,4.914114029960118,2.130030037054424
5.151804685592651,3166,4.9148910937711205,2.131257172162965
5.151804685592651,3167,4.915671775537033,2.1324869852344936
5.151804685592651,3168,4.916456075257855,2.133719476269011
5.151804685592651,3169,4.917243992933586,2.134954645266516
5.151804685592651,3170,4.918035528564227,2.1361924922270097
5.151804685592651,3171,4.918830682149775,2.1374330171504914
5.151804685592651,3172,4.919629453690234,2.1386762200369613
5.151804685592651,3173,4.920431843185602,2.139922100886419
5.151804685592651,3174,4.921237850635879,2.1411706596988656
5.151804685592651,3175,4.922047476041065,2.1424218964743
5.151804685592651,3176,4.922860719401161,2.1436758112127228
5.151804685592651,3177,4.9236775807161655,2.1449324039141335
5.151804685592651,3178,4.924498059986079,2.146191674578533
5.151804685592651,3179,4.9253221572109025,2.14745362320592
5.151804685592651,3180,4.926149872390635,2.1487182497962958
5.151804685592651,3181,4.926981205525276,2.1499855543496595
5.151804685592651,3182,4.927816156614829,2.1512555368660116
5.151804685592651,3183,4.928654725659289,2.152528197345352
5.151804685592651,3184,4.929496912658657,2.1538035357876804
5.151804685592651,3185,4.930342717612937,2.1550815521929967
5.151804685592651,3186,4.931192140522124,2.1563622465613017
5.151804685592651,3187,4.932045181386222,2.1576456188925945
5.151804685592651,3188,4.932901840205228,2.1589316691868756
5.151804685592651,3189,4.9337621169791435,2.1602203974441454
5.151804685592651,3190,4.9346260117079686,2.161511803664403
5.151804685592651,3191,4.935493524391703,2.1628058878476493
5.151804685592651,3192,4.936364655030346,2.164102649993883
5.151804685592651,3193,4.937239403623899,2.1654020901031052
5.151804685592651,3194,4.938117770172361,2.1667042081753163
5.151804685592651,3195,4.938999754675732,2.1680090042105147
5.151804685592651,3196,4.939885357134012,2.1693164782087013
5.151804685592651,3197,4.940774577547201,2.1706266301698767
5.151804685592651,3198,4.9416674159153,2.1719394600940403
5.151804685592651,3199,4.942563872238308,2.1732549679811917
5.151804685592651,3200,4.943463946516225,2.1745731538313313
5.151804685592651,3201,4.944367638749052,2.175894017644459
5.151804685592651,3202,4.945274948936788,2.177217559420576
5.151804685592651,3203,4.946185877079432,2.1785437791596802
5.151804685592651,3204,4.947100423176987,2.179872676861773
5.151804685592651,3205,4.948018587229449,2.1812042525268533
5.151804685592651,3206,4.948940369236823,2.1825385061549225
5.151804685592651,3207,4.949865769199104,2.18387543774598
5.151804685592651,3208,4.950794787116296,2.1852150473000256
5.151804685592651,3209,4.951727422988396,2.186557334817059
5.151804685592651,3210,4.952663676815405,2.1879023002970808
5.151804685592651,3211,4.953603548597324,2.189249943740091
5.151804685592651,3212,4.954547038334152,2.1906002651460894
5.151804685592651,3213,4.955494146025889,2.191953264515076
5.151804685592651,3214,4.956444871672536,2.193308941847051
5.151804685592651,3215,4.9573992152740916,2.194667297142014
5.151804685592651,3216,4.958357176830557,2.196028330399965
5.151804685592651,3217,4.959318756341931,2.1973920416209047
5.151804685592651,3218,4.960283953808214,2.198758430804832
5.151804685592651,3219,4.961252769229407,2.2001274979517476
5.151804685592651,3220,4.962225202605509,2.201499243061652
5.151804685592651,3221,4.9632012539365205,2.202873666134544
5.151804685592651,3222,4.9641809232224405,2.2042507671704246
5.151804685592651,3223,4.9651642104632705,2.205630546169293
5.151804685592651,3224,4.9661511156590095,2.20701300313115
5.151804685592651,3225,4.967141638809657,2.208398138055995
5.151804685592651,3226,4.968135779915214,2.2097859509438282
5.151804685592651,3227,4.969133538975681,2.21117644179465
5.151804685592651,3228,4.970134915991057,2.2125696106084596
5.151804685592651,3229,4.971139910961342,2.2139654573852576
5.151804685592651,3230,4.972148523886537,2.2153639821250435
5.151804685592651,3231,4.973160754766639,2.2167651848278176
5.151804685592651,3232,4.974176603601652,2.218169065493581
5.151804685592651,3233,4.975196070391575,2.219575624122331
5.151804685592651,3234,4.9762191551364054,2.2209848607140703
5.151804685592651,3235,4.977245857836146,2.222396775268797
5.151804685592651,3236,4.978276178490796,2.223811367786513
5.151804685592651,3237,4.979310117100354,2.2252286382672164
5.151804685592651,3238,4.980347673664823,2.2266485867109083
5.151804685592651,3239,4.9813888481842,2.2280712131175884
5.151804685592651,3240,4.982433640658487,2.2294965174872567
5.151804685592651,3241,4.983482051087682,2.230924499819913
5.151804685592651,3242,4.984534079471787,2.2323551601155573
5.151804685592651,3243,4.985589725810802,2.2337884983741905
5.151804685592651,3244,4.986648990104726,2.2352245145958114
5.151804685592651,3245,4.987711872353558,2.2366632087804206
5.151804685592651,3246,4.9887783725573,2.238104580928018
5.151804685592651,3247,4.989848490715952,2.2395486310386037
5.151804685592651,3248,4.990922226829511,2.2409953591121776
5.151804685592651,3249,4.991999580897981,2.2424447651487394
5.151804685592651,3250,4.99308055292136,2.24389684914829
5.151804685592651,3251,4.994165142899648,2.2453516111108285
5.151804685592651,3252,4.995253350832845,2.2468090510363554
5.151804685592651,3253,4.996345176720952,2.2482691689248706
5.151804685592651,3254,4.997440620563968,2.2497319647763736
5.151804685592651,3255,4.998539682361893,2.251197438590865
5.151804685592651,3256,4.999642362114727,2.252665590368345
5.151804685592651,3257,5.000748659822472,2.2541364201088125
5.151804685592651,3258,5.001858575485125,2.2556099278122685
5.151804685592651,3259,5.002972109102686,2.257086113478713
5.151804685592651,3260,5.004089260675158,2.2585649771081453
5.151804685592651,3261,5.005210030202538,2.2600465187005656
5.151804685592651,3262,5.006334417684828,2.2615307382559746
5.151804685592651,3263,5.007462423122027,2.263017635774372
5.151804685592651,3264,5.008594046514135,2.264507211255757
5.151804685592651,3265,5.009729287861153,2.2659994647001307
5.151804685592651,3266,5.010868147163079,2.2674943961074923
5.151804685592651,3267,5.012010624419915,2.268992005477842
5.151804685592651,3268,5.01315671963166,2.2704922928111806
5.151804685592651,3269,5.014306432798315,2.271995258107507
5.151804685592651,3270,5.015459763919878,2.2735009013668215
5.151804685592651,3271,5.016616712996351,2.2750092225891243
5.151804685592651,3272,5.017777280027734,2.2765202217744154
5.151804685592651,3273,5.0189414650140245,2.2780338989226943
5.151804685592651,3274,5.020109267955226,2.2795502540339614
5.151804685592651,3275,5.021280688851335,2.2810692871082177
5.151804685592651,3276,5.022455727702354,2.2825909981454613
5.151804685592651,3277,5.0236343845082825,2.284115387145693
5.151804685592651,3278,5.02481665926912,2.2856424541089133
5.151804685592651,3279,5.026002551984867,2.287172199035122
5.151804685592651,3280,5.027192062655523,2.288704621924319
5.151804685592651,3281,5.028385191281088,2.2902397227765037
5.151804685592651,3282,5.029581937861562,2.2917775015916764
5.151804685592651,3283,5.030782302396947,2.293317958369838
5.151804685592651,3284,5.03198628488724,2.294861093110988
5.151804685592651,3285,5.033193885332441,2.2964069058151253
5.151804685592651,3286,5.034405103732553,2.297955396482251
5.151804685592651,3287,5.0356199400875745,2.2995065651123654
5.151804685592651,3288,5.036838394397503,2.3010604117054676
5.151804685592651,3289,5.038060466662342,2.3026169362615585
5.151804685592651,3290,5.039286156882091,2.3041761387806368
5.151804685592651,3291,5.040515465056749,2.305738019262704
5.151804685592651,3292,5.0417483911863155,2.3073025777077594
5.151804685592651,3293,5.042984935270791,2.308869814115803
5.151804685592651,3294,5.044225097310177,2.310439728486834
5.151804685592651,3295,5.045468877304471,2.312012320820854
5.151804685592651,3296,5.046716275253675,2.3135875911178623
5.151804685592651,3297,5.0479672911577875,2.3151655393778587
5.151804685592651,3298,5.049221925016811,2.316746165600843
5.151804685592651,3299,5.0504801768307415,2.3183294697868155
5.151804685592651,3300,5.051742046599582,2.3199154519357763
5.151804685592651,3301,5.053007534323332,2.3215041120477258
5.151804685592651,3302,5.054276640001991,2.323095450122663
5.151804685592651,3303,5.05554936363556,2.3246894661605886
5.151804685592651,3304,5.056825705224037,2.3262861601615024
5.151804685592651,3305,5.0581056647674245,2.3278855321254044
5.151804685592651,3306,5.059389242265721,2.3294875820522947
5.151804685592651,3307,5.060676437718926,2.3310923099421728
5.151804685592651,3308,5.06196725112704,2.3326997157950395
5.151804685592651,3309,5.063261682490064,2.334309799610894
5.151804685592651,3310,5.064559731807997,2.335922561389737
5.151804685592651,3311,5.065861399080839,2.337538001131568
5.151804685592651,3312,5.0671666843085905,2.339156118836388
5.151804685592651,3313,5.0684755874912515,2.3407769145041954
5.151804685592651,3314,5.069788108628822,2.3424003881349913
5.151804685592651,3315,5.071104247721301,2.3440265397287754
5.151804685592651,3316,5.07242400476869,2.3456553692855477
5.151804685592651,3317,5.073747379770987,2.347286876805308
5.151804685592651,3318,5.075074372728194,2.348921062288057
5.151804685592651,3319,5.076404983640311,2.350557925733794
5.151804685592651,3320,5.0777392125073355,2.3521974671425188
5.151804685592651,3321,5.07907705932927,2.3538396865142324
5.151804685592651,3322,5.080418524106114,2.3554845838489338
5.151804685592651,3323,5.0817636068378675,2.357132159146624
5.151804685592651,3324,5.08311230752453,2.358782412407302
5.151804685592651,3325,5.084464626166101,2.3604353436309675
5.151804685592651,3326,5.085820562762581,2.3620909528176224
5.151804685592651,3327,5.087180117313972,2.363749239967265
5.151804685592651,3328,5.088543289820272,2.365410205079896
5.151804685592651,3329,5.089910080281481,2.3670738481555147
5.151804685592651,3330,5.091280488697597,2.3687401691941217
5.151804685592651,3331,5.092654515068625,2.3704091681957173
5.151804685592651,3332,5.094032159394561,2.3720808451603013
5.151804685592651,3333,5.095413421675406,2.3737552000878726
5.151804685592651,3334,5.096798301911162,2.375432232978433
5.151804685592651,3335,5.098186800101825,2.377111943831981
5.151804685592651,3336,5.099578916247398,2.3787943326485177
5.151804685592651,3337,5.10097465034788,2.3804793994280424
5.151804685592651,3338,5.102374002403272,2.3821671441705554
5.151804685592651,3339,5.1037769724135735,2.3838575668760567
5.151804685592651,3340,5.105183560378784,2.385550667544546
5.151804685592651,3341,5.106593766298902,2.3872464461760234
5.151804685592651,3342,5.108007590173932,2.388944902770489
5.151804685592651,3343,5.109425032003869,2.3906460373279432
5.151804685592651,3344,5.110846091788716,2.3923498498483853
5.151804685592651,3345,5.112270769528472,2.394056340331816
5.151804685592651,3346,5.113699065223138,2.3957655087782346
5.151804685592651,3347,5.115130978872712,2.3974773551876414
5.151804685592651,3348,5.116566510477196,2.3991918795600364
5.151804685592651,3349,5.118005660036589,2.4009090818954197
5.151804685592651,3350,5.119448427550893,2.4026289621937913
5.151804685592651,3351,5.1208948130201035,2.4043515204551507
5.151804685592651,3352,5.122344816444224,2.4060767566794983
5.151804685592651,3353,5.123798437823255,2.4078046708668346
5.151804685592651,3354,5.1252556771571935,2.409535263017159
5.151804685592651,3355,5.126716534446043,2.4112685331304715
5.151804685592651,3356,5.128181009689801,2.413004481206772
5.151804685592651,3357,5.129649102888468,2.4147431072460614
5.151804685592651,3358,5.131120814042044,2.416484411248338
5.151804685592651,3359,5.132596143150529,2.4182283932136035
5.151804685592651,3360,5.1340750902139245,2.419975053141857
5.151804685592651,3361,5.135557655232229,2.421724391033099
5.151804685592651,3362,5.137043838205442,2.423476406887329
5.151804685592651,3363,5.1385336391335645,2.425231100704547
5.151804685592651,3364,5.140027058016596,2.426988472484754
5.151804685592651,3365,5.141524094854537,2.428748522227948
5.151804685592651,3366,5.143024749647386,2.4305112499341313
5.151804685592651,3367,5.144529022395147,2.432276655603302
5.151804685592651,3368,5.146036913097815,2.4340447392354614
5.151804685592651,3369,5.147548421755394,2.435815500830609
5.151804685592651,3370,5.149063548367881,2.4375889403887445
5.151804685592651,3371,5.150582292935277,2.4393650579098685
5.151804685592651,3372,5.152104655457583,2.4411438533939807
5.151804685592651,3373,5.153630635934798,2.4429253268410807
5.151804685592651,3374,5.155160234366921,2.4447094782511694
5.151804685592651,3375,5.156693450753955,2.446496307624246
5.151804685592651,3376,5.158230285095898,2.448285814960311
5.151804685592651,3377,5.1597707373927495,2.4500780002593636
5.151804685592651,3378,5.16131480764451,2.4518728635214053
5.151804685592651,3379,5.162862495851181,2.4536704047464353
5.151804685592651,3380,5.16441380201276,2.455470623934453
5.151804685592651,3381,5.165968726129249,2.457273521085459
5.151804685592651,3382,5.167527268200647,2.459079096199453
5.151804685592651,3383,5.169089428226954,2.460887349276436
5.151804685592651,3384,5.1706552062081705,2.462698280316406
5.151804685592651,3385,5.172224602144295,2.4645118893193647
5.151804685592651,3386,5.173797616035331,2.4663281762853124
5.151804685592651,3387,5.175374247881276,2.4681471412142475
5.151804685592651,3388,5.176954497682129,2.469968784106171
5.151804685592651,3389,5.178538365437891,2.4717931049610824
5.151804685592651,3390,5.1801258511485635,2.4736201037789827
5.151804685592651,3391,5.181716954814144,2.4754497805598707
5.151804685592651,3392,5.183311676434634,2.477282135303747
5.151804685592651,3393,5.1849100160100345,2.4791171680106117
5.151804685592651,3394,5.186511973540343,2.480954878680464
5.151804685592651,3395,5.188117549025561,2.482795267313305
5.151804685592651,3396,5.189726742465687,2.4846383339091345
5.151804685592651,3397,5.1913395538607245,2.486484078467952
5.151804685592651,3398,5.192955983210671,2.4883325009897574
5.151804685592651,3399,5.194576030515526,2.490183601474551
5.151804685592651,3400,5.19619969577529,2.4920373799223334
5.151804685592651,3401,5.197826978989964,2.4938938363331036
5.151804685592651,3402,5.199457880159545,2.495752970706862
5.151804685592651,3403,5.201092399284038,2.4976147830436086
5.151804685592651,3404,5.202730536363439,2.4994792733433435
5.151804685592651,3405,5.204372291397749,2.5013464416060662
5.151804685592651,3406,5.20601766438697,2.503216287831778
5.151804685592651,3407,5.2076666553310975,2.5050888120204773
5.151804685592651,3408,5.209319264230135,2.506964014172165
5.151804685592651,3409,5.210975491084083,2.508841894286841
5.151804685592651,3410,5.21263533589294,2.5107224523645053
5.151804685592651,3411,5.2142987986567055,2.5126056884051575
5.151804685592651,3412,5.21596587937538,2.514491602408798
5.151804685592651,3413,5.217636578048964,2.5163801943754267
5.151804685592651,3414,5.2193108946774585,2.5182714643050437
5.151804685592651,3415,5.22098882926086,2.520165412197649
5.151804685592651,3416,5.222670381799173,2.5220620380532424
5.151804685592651,3417,5.224355552292393,2.523961341871824
5.151804685592651,3418,5.226044340740525,2.525863323653394
5.151804685592651,3419,5.227736747143564,2.527767983397952
5.151804685592651,3420,5.2294327715015125,2.529675321105498
5.151804685592651,3421,5.231132413814371,2.5315853367760326
5.151804685592651,3422,5.232835674082139,2.5334980304095556
5.151804685592651,3423,5.234542552304815,2.535413402006066
5.151804685592651,3424,5.236253048482401,2.5373314515655654
5.151804685592651,3425,5.237967162614896,2.5392521790880522
5.151804685592651,3426,5.2396848947023,2.5411755845735278
5.151804685592651,3427,5.2414062447446135,2.5431016680219916
5.151804685592651,3428,5.243131212741837,2.5450304294334436
5.151804685592651,3429,5.244859798693968,2.5469618688078834
5.151804685592651,3430,5.24659200260101,2.548895986145312
5.151804685592651,3431,5.24832782446296,2.5508327814457283
5.151804685592651,3432,5.250067264279821,2.5527722547091334
5.151804685592651,3433,5.251810322051589,2.5547144059355262
5.151804685592651,3434,5.253556997778267,2.556659235124908
5.151804685592651,3435,5.255307291459854,2.5586067422772767
5.151804685592651,3436,5.257061203096351,2.5605569273926343
5.151804685592651,3437,5.2588187326877565,2.56250979047098
5.151804685592651,3438,5.260579880234072,2.5644653315123143
5.151804685592651,3439,5.262344645735297,2.5664235505166366
5.151804685592651,3440,5.26411302919143,2.5683844474839472
5.151804685592651,3441,5.265885030602473,2.570348022414246
5.151804685592651,3442,5.267660649968425,2.5723142753075328
5.151804685592651,3443,5.269439887289287,2.5742832061638077
5.151804685592651,3444,5.271222742565056,2.576254814983071
5.151804685592651,3445,5.273009215795737,2.5782291017653227
5.151804685592651,3446,5.274799306981326,2.5802060665105624
5.151804685592651,3447,5.276593016121824,2.5821857092187903
5.151804685592651,3448,5.278390343217231,2.5841680298900065
5.151804685592651,3449,5.280191288267549,2.586153028524211
5.151804685592651,3450,5.281995851272774,2.5881407051214036
5.151804685592651,3451,5.28380403223291,2.590131059681584
5.151804685592651,3452,5.285615831147954,2.5921240922047533
5.151804685592651,3453,5.287431248017907,2.5941198026909102
5.151804685592651,3454,5.2892502828427705,2.596118191140056
5.151804685592651,3455,5.291072935622543,2.5981192575521894
5.151804685592651,3456,5.292899206357224,2.600123001927311
5.151804685592651,3457,5.294729095046814,2.602129424265421
5.151804685592651,3458,5.296562601691313,2.6041385245665194
5.151804685592651,3459,5.2983997262907225,2.6061503028306063
5.151804685592651,3460,5.300240468845042,2.6081647590576806
5.151804685592651,3461,5.302084829354269,2.6101818932477436
5.151804685592651,3462,5.303932807818406,2.6122017054007944
5.151804685592651,3463,5.3057844042374525,2.614224195516834
5.151804685592651,3464,5.3076396186114065,2.6162493635958617
5.151804685592651,3465,5.309498450940271,2.6182772096378772
5.151804685592651,3466,5.311360901224045,2.620307733642881
5.151804685592651,3467,5.313226969462729,2.6223409356108736
5.151804685592651,3468,5.315096655656321,2.6243768155418543
5.151804685592651,3469,5.316969959804822,2.626415373435823
5.151804685592651,3470,5.318846881908232,2.6284566092927797
5.151804685592651,3471,5.320727421966552,2.6305005231127248
5.151804685592651,3472,5.322611579979782,2.6325471148956576
5.151804685592651,3473,5.32449935594792,2.634596384641579
5.151804685592651,3474,5.326390749870968,2.6366483323504886
5.151804685592651,3475,5.3282857617489245,2.6387029580223866
5.151804685592651,3476,5.330184391581791,2.640760261657273
5.151804685592651,3477,5.332086639369566,2.6428202432551466
5.151804685592651,3478,5.333992505112251,2.6448829028160095
5.151804685592651,3479,5.3359019888098445,2.64694824033986
5.151804685592651,3480,5.337815090462347,2.649016255826699
5.151804685592651,3481,5.339731810069759,2.651086949276526
5.151804685592651,3482,5.341652147632081,2.6531603206893415
5.151804685592651,3483,5.343576103149312,2.6552363700651447
5.151804685592651,3484,5.345503676621451,2.657315097403937
5.151804685592651,3485,5.347434868048501,2.6593965027057167
5.151804685592651,3486,5.349369677430459,2.6614805859704846
5.151804685592651,3487,5.351308104767326,2.6635673471982413
5.151804685592651,3488,5.353250150059104,2.6656567863889857
5.151804685592651,3489,5.35519581330579,2.667748903542719
5.151804685592651,3490,5.357145094507385,2.66984369865944
5.151804685592651,3491,5.35909799366389,2.671941171739149
5.151804685592651,3492,5.361054510775303,2.674041322781846
5.151804685592651,3493,5.363014645841626,2.6761441517875317
5.151804685592651,3494,5.364978398862859,2.6782496587562057
5.151804685592651,3495,5.366945769839001,2.680357843687868
5.151804685592651,3496,5.368916758770051,2.682468706582518
5.151804685592651,3497,5.370891365656011,2.6845822474401566
5.151804685592651,3498,5.37286959049688,2.6866984662607836
5.151804685592651,3499,5.374851433292658,2.6888173630443983
5.151804685592651,3500,5.376836894043347,2.6909389377910014
5.151804685592651,3501,5.378825972748944,2.693063190500593
5.151804685592651,3502,5.380818669409449,2.695190121173172
5.151804685592651,3503,5.382814984024865,2.6973197298087404
5.151804685592651,3504,5.3848149165951895,2.699452016407296
5.151804685592651,3505,5.386818467120423,2.70158698096884
5.151804685592651,3506,5.388825635600567,2.7037246234933727
5.151804685592651,3507,5.388825635600567,2.7037246234933727
5.151804685592651,3508,5.389830124329365,2.7047941142463863
5.151804685592651,3509,5.390834613058165,2.7058636049993994
5.151804685592651,3510,5.391839101786963,2.7069330957524125
5.151804685592651,3511,5.392843590515762,2.7080025865054256
5.151804685592651,3512,5.393848079244561,2.709072077258439
5.151804685592651,3513,5.39485256797336,2.7101415680114522
5.151804685592651,3514,5.395857056702158,2.7112110587644658
5.151804685592651,3515,5.396861545430958,2.7122805495174784
5.151804685592651,3516,5.397866034159756,2.713350040270492
5.151804685592651,3517,5.398870522888555,2.714419531023505
5.151804685592651,3518,5.399875011617354,2.7154890217765186
5.151804685592651,3519,5.400879500346153,2.7165585125295317
5.151804685592651,3520,5.4018839890749515,2.717628003282545
5.151804685592651,3521,5.402888477803751,2.718697494035558
5.151804685592651,3522,5.403892966532549,2.7197669847885715
5.151804685592651,3523,5.404897455261349,2.720836475541585
5.151804685592651,3524,5.4059019439901475,2.721905966294598
5.151804685592651,3525,5.406906432718946,2.7229754570476112
5.151804685592651,3526,5.407910921447745,2.7240449478006243
5.151804685592651,3527,5.408915410176544,2.725114438553638
5.151804685592651,3528,5.4099198989053425,2.726183929306651
5.151804685592651,3529,5.410924387634142,2.7272534200596645
5.151804685592651,3530,5.41192887636294,2.728322910812677
5.151804685592651,3531,5.412933365091739,2.7293924015656907
5.151804685592651,3532,5.4139378538205385,2.730461892318704
5.151804685592651,3533,5.414942342549337,2.7315313830717174
5.151804685592651,3534,5.415946831278135,2.7326008738247305
5.151804685592651,3535,5.416951320006935,2.7336703645777436
5.151804685592651,3536,5.417955808735734,2.7347398553307567
5.151804685592651,3537,5.418960297464532,2.7358093460837702
5.151804685592651,3538,5.419964786193331,2.7368788368367833
5.151804685592651,3539,5.42096927492213,2.737948327589797
5.151804685592651,3540,5.421973763650929,2.73901781834281
5.151804685592651,3541,5.422978252379728,2.740087309095823
5.151804685592651,3542,5.423982741108526,2.7411567998488366
5.151804685592651,3543,5.424987229837325,2.7422262906018497
5.151804685592651,3544,5.425991718566125,2.7432957813548633
5.151804685592651,3545,5.426996207294924,2.7443652721078764
5.151804685592651,3546,5.428000696023722,2.74543476286089
5.151804685592651,3547,5.429005184752521,2.746504253613903
5.151804685592651,3548,5.430009673481321,2.7475737443669166
5.151804685592651,3549,5.431014162210119,2.7486432351199293
5.151804685592651,3550,5.432018650938918,2.749712725872943
5.151804685592651,3551,5.433023139667717,2.750782216625956
5.151804685592651,3552,5.434027628396516,2.7518517073789694
5.151804685592651,3553,5.435032117125315,2.7529211981319825
5.151804685592651,3554,5.436036605854113,2.7539906888849957
5.151804685592651,3555,5.437041094582912,2.7550601796380088
5.151804685592651,3556,5.438045583311712,2.7561296703910223
5.151804685592651,3557,5.43905007204051,2.757199161144036
5.151804685592651,3558,5.440054560769308,2.758268651897049
5.151804685592651,3559,5.441059049498108,2.759338142650062
5.151804685592651,3560,5.442063538226907,2.760407633403075
5.151804685592651,3561,5.4430680269557055,2.7614771241560887
5.151804685592651,3562,5.444072515684505,2.762546614909102
5.151804685592651,3563,5.445077004413303,2.7636161056621154
5.151804685592651,3564,5.446081493142102,2.764685596415128
5.151804685592651,3565,5.447085981870901,2.7657550871681416
5.151804685592651,3566,5.4480904705997,2.7668245779211547
5.151804685592651,3567,5.449094959328498,2.767894068674168
5.151804685592651,3568,5.450099448057298,2.7689635594271813
5.151804685592651,3569,5.4511039367860965,2.7700330501801944
5.151804685592651,3570,5.452108425514895,2.7711025409332075
5.151804685592651,3571,5.453112914243694,2.772172031686221
5.151804685592651,3572,5.454117402972493,2.7732415224392346
5.151804685592651,3573,5.455121891701292,2.7743110131922477
5.151804685592651,3574,5.456126380430091,2.775380503945261
5.151804685592651,3575,5.457130869158889,2.776449994698274
5.151804685592651,3576,5.458135357887688,2.7775194854512875
5.151804685592651,3577,5.4591398466164875,2.7785889762043006
5.151804685592651,3578,5.460144335345286,2.779658466957314
5.151804685592651,3579,5.461148824074085,2.7807279577103268
5.151804685592651,3580,5.462153312802884,2.7817974484633403
5.151804685592651,3581,5.463157801531683,2.7828669392163534
5.151804685592651,3582,5.464162290260482,2.783936429969367
5.151804685592651,3583,5.46516677898928,2.78500592072238
5.151804685592651,3584,5.466171267718079,2.786075411475393
5.151804685592651,3585,5.467175756446879,2.7871449022284063
5.151804685592651,3586,5.468180245175677,2.78821439298142
5.151804685592651,3587,5.469184733904475,2.7892838837344334
5.151804685592651,3588,5.470189222633275,2.7903533744874465
5.151804685592651,3589,5.471193711362074,2.7914228652404596
5.151804685592651,3590,5.472198200090872,2.7924923559934727
5.151804685592651,3591,5.473202688819671,2.7935618467464858
5.151804685592651,3592,5.47420717754847,2.7946313374994993
5.151804685592651,3593,5.475211666277269,2.795700828252513
5.151804685592651,3594,5.476216155006068,2.7967703190055255
5.151804685592651,3595,5.477220643734867,2.797839809758539
5.151804685592651,3596,5.478225132463666,2.7989093005115526
5.151804685592651,3597,5.479229621192465,2.7999787912645657
5.151804685592651,3598,5.480234109921264,2.801048282017579
5.151804685592651,3599,5.481238598650062,2.8021177727705924
5.151804685592651,3600,5.482243087378861,2.8031872635236055
5.151804685592651,3601,5.483247576107661,2.804256754276619
5.151804685592651,3602,5.484252064836459,2.8053262450296317
5.151804685592651,3603,5.485256553565257,2.8063957357826452
5.151804685592651,3604,5.486261042294057,2.8074652265356583
5.151804685592651,3605,5.487265531022856,2.808534717288672
5.151804685592651,3606,5.488270019751655,2.8096042080416854
5.151804685592651,3607,5.489274508480454,2.810673698794698
5.151804685592651,3608,5.490278997209252,2.8117431895477116
5.151804685592651,3609,5.491283485938052,2.8128126803007247
5.151804685592651,3610,5.4922879746668505,2.8138821710537383
5.151804685592651,3611,5.493292463395649,2.8149516618067514
5.151804685592651,3612,5.494296952124448,2.816021152559764
5.151804685592651,3613,5.495301440853247,2.8170906433127776
5.151804685592651,3614,5.496305929582046,2.818160134065791
5.151804685592651,3615,5.497310418310844,2.8192296248188042
5.151804685592651,3616,5.498314907039643,2.820299115571818
5.151804685592651,3617,5.499319395768442,2.8213686063248304
5.151804685592651,3618,5.5003238844972415,2.822438097077844
5.151804685592651,3619,5.501328373226039,2.823507587830857
5.151804685592651,3620,5.502332861954838,2.8245770785838706
5.151804685592651,3621,5.503337350683638,2.825646569336884
5.151804685592651,3622,5.504341839412437,2.826716060089897
5.151804685592651,3623,5.5053463281412345,2.8277855508429104
5.151804685592651,3624,5.506350816870034,2.8288550415959235
5.151804685592651,3625,5.507355305598833,2.829924532348937
5.151804685592651,3626,5.508359794327632,2.83099402310195
5.151804685592651,3627,5.509364283056431,2.832063513854963
5.151804685592651,3628,5.510368771785229,2.8331330046079763
5.151804685592651,3629,5.511373260514028,2.83420249536099
5.151804685592651,3630,5.512377749242828,2.835271986114003
5.151804685592651,3631,5.513382237971626,2.8363414768670165
5.151804685592651,3632,5.514386726700424,2.8374109676200296
5.151804685592651,3633,5.515391215429224,2.8384804583730427
5.151804685592651,3634,5.516395704158023,2.839549949126056
5.151804685592651,3635,5.5174001928868215,2.8406194398790694
5.151804685592651,3636,5.51840468161562,2.841688930632083
5.151804685592651,3637,5.519409170344419,2.842758421385096
5.151804685592651,3638,5.520413659073218,2.843827912138109
5.151804685592651,3639,5.521418147802017,2.8448974028911223
5.151804685592651,3640,5.522422636530816,2.8459668936441354
5.151804685592651,3641,5.523427125259615,2.847036384397149
5.151804685592651,3642,5.524431613988414,2.848105875150162
5.151804685592651,3643,5.5254361027172125,2.8491753659031755
5.151804685592651,3644,5.526440591446011,2.8502448566561887
5.151804685592651,3645,5.52744508017481,2.8513143474092018
5.151804685592651,3646,5.528449568903609,2.852383838162215
5.151804685592651,3647,5.529454057632408,2.8534533289152284
5.151804685592651,3648,5.530458546361206,2.854522819668242
5.151804685592651,3649,5.531463035090006,2.8555923104212546
5.151804685592651,3650,5.532467523818804,2.856661801174268
5.151804685592651,3651,5.533472012547604,2.8577312919272813
5.151804685592651,3652,5.534476501276402,2.8588007826802944
5.151804685592651,3653,5.535480990005201,2.859870273433308
5.151804685592651,3654,5.536485478734,2.860939764186321
5.151804685592651,3655,5.537489967462799,2.862009254939334
5.151804685592651,3656,5.538494456191597,2.8630787456923477
5.151804685592651,3657,5.539498944920396,2.8641482364453608
5.151804685592651,3658,5.540503433649195,2.865217727198374
5.151804685592651,3659,5.541507922377994,2.8662872179513874
5.151804685592651,3660,5.5425124111067925,2.8673567087044005
5.151804685592651,3661,5.543516899835591,2.8684261994574136
5.151804685592651,3662,5.544521388564391,2.869495690210427
5.151804685592651,3663,5.545525877293189,2.8705651809634403
5.151804685592651,3664,5.5465303660219885,2.8716346717164534
5.151804685592651,3665,5.547534854750787,2.872704162469467
5.151804685592651,3666,5.548539343479586,2.87377365322248
5.151804685592651,3667,5.549543832208385,2.874843143975493
5.151804685592651,3668,5.5505483209371835,2.8759126347285067
5.151804685592651,3669,5.551552809665983,2.8769821254815198
5.151804685592651,3670,5.552557298394781,2.878051616234533
5.151804685592651,3671,5.553561787123581,2.8791211069875464
5.151804685592651,3672,5.5545662758523795,2.8801905977405595
5.151804685592651,3673,5.555570764581178,2.8812600884935726
5.151804685592651,3674,5.556575253309977,2.882329579246586
5.151804685592651,3675,5.557579742038776,2.8833990699995993
5.151804685592651,3676,5.558584230767575,2.8844685607526124
5.151804685592651,3677,5.559588719496373,2.885538051505626
5.151804685592651,3678,5.560593208225173,2.8866075422586395
5.151804685592651,3679,5.561597696953971,2.887677033011652
5.151804685592651,3680,5.5626021856827705,2.8887465237646657
5.151804685592651,3681,5.563606674411569,2.889816014517679
5.151804685592651,3682,5.564611163140368,2.890885505270692
5.151804685592651,3683,5.565615651869168,2.8919549960237054
5.151804685592651,3684,5.566620140597966,2.893024486776719
5.151804685592651,3685,5.567624629326765,2.8940939775297316
5.151804685592651,3686,5.568629118055564,2.895163468282745
5.151804685592651,3687,5.569633606784363,2.8962329590357587
5.151804685592651,3688,5.570638095513162,2.897302449788772
5.151804685592651,3689,5.57164258424196,2.898371940541785
5.151804685592651,3690,5.572647072970759,2.8994414312947985
5.151804685592651,3691,5.573651561699558,2.9005109220478116
5.151804685592651,3692,5.5746560504283575,2.9015804128008247
5.151804685592651,3693,5.575660539157155,2.9026499035538382
5.151804685592651,3694,5.576665027885955,2.9037193943068513
5.151804685592651,3695,5.577669516614754,2.9047888850598644
5.151804685592651,3696,5.578674005343553,2.905858375812878
5.151804685592651,3697,5.579678494072351,2.906927866565891
5.151804685592651,3698,5.58068298280115,2.907997357318904
5.151804685592651,3699,5.58168747152995,2.9090668480719177
5.151804685592651,3700,5.582691960258748,2.910136338824931
5.151804685592651,3701,5.583696448987547,2.911205829577944
5.151804685592651,3702,5.584700937716345,2.9122753203309575
5.151804685592651,3703,5.585705426445145,2.9133448110839706
5.151804685592651,3704,5.586709915173943,2.9144143018369837
5.151804685592651,3705,5.587714403902742,2.9154837925899972
5.151804685592651,3706,5.58871889263154,2.9165532833430103
5.151804685592651,3707,5.58972338136034,2.9176227740960234
5.151804685592651,3708,5.590727870089139,2.918692264849037
5.151804685592651,3709,5.5917323588179375,2.91976175560205
5.151804685592651,3710,5.592736847546736,2.920831246355063
5.151804685592651,3711,5.593741336275535,2.9219007371080767
5.151804685592651,3712,5.594745825004335,2.9229702278610903
5.151804685592651,3713,5.595750313733133,2.924039718614103
5.151804685592651,3714,5.596754802461932,2.9251092093671165
5.151804685592651,3715,5.597759291190731,2.9261787001201296
5.151804685592651,3716,5.59876377991953,2.9272481908731427
5.151804685592651,3717,5.5997682686483286,2.9283176816261562
5.151804685592651,3718,5.600772757377127,2.92938717237917
5.151804685592651,3719,5.601777246105927,2.930456663132183
5.151804685592651,3720,5.602781734834725,2.931526153885196
5.151804685592651,3721,5.6037862235635245,2.9325956446382095
5.151804685592651,3722,5.604790712292323,2.9336651353912226
5.151804685592651,3723,5.605795201021122,2.9347346261442357
5.151804685592651,3724,5.606799689749921,2.9358041168972493
5.151804685592651,3725,5.60780417847872,2.9368736076502624
5.151804685592651,3726,5.608808667207519,2.9379430984032755
5.151804685592651,3727,5.609813155936317,2.939012589156289
5.151804685592651,3728,5.610817644665117,2.940082079909302
5.151804685592651,3729,5.611822133393916,2.9411515706623153
5.151804685592651,3730,5.612826622122714,2.942221061415329
5.151804685592651,3731,5.613831110851513,2.943290552168342
5.151804685592651,3732,5.614835599580312,2.944360042921355
5.151804685592651,3733,5.615840088309111,2.9454295336743685
5.151804685592651,3734,5.616844577037909,2.9464990244273817
5.151804685592651,3735,5.617849065766709,2.9475685151803948
5.151804685592651,3736,5.618853554495508,2.9486380059334083
5.151804685592651,3737,5.619858043224307,2.9497074966864214
5.151804685592651,3738,5.620862531953105,2.9507769874394345
5.151804685592651,3739,5.621867020681904,2.951846478192448
5.151804685592651,3740,5.622871509410703,2.952915968945461
5.151804685592651,3741,5.623875998139502,2.9539854596984743
5.151804685592651,3742,5.624880486868301,2.955054950451488
5.151804685592651,3743,5.625884975597099,2.9561244412045014
5.151804685592651,3744,5.626889464325899,2.957193931957514
5.151804685592651,3745,5.627893953054697,2.9582634227105276
5.151804685592651,3746,5.628898441783496,2.9593329134635407
5.151804685592651,3747,5.629902930512294,2.9604024042165538
5.151804685592651,3748,5.630907419241094,2.9614718949695673
5.151804685592651,3749,5.631911907969892,2.96254138572258
5.151804685592651,3750,5.6329163966986915,2.9636108764755935
5.151804685592651,3751,5.63392088542749,2.9646803672286066
5.151804685592651,3752,5.634925374156289,2.96574985798162
5.151804685592651,3753,5.635929862885088,2.9668193487346333
5.151804685592651,3754,5.636934351613887,2.967888839487647
5.151804685592651,3755,5.637938840342686,2.96895833024066
5.151804685592651,3756,5.638943329071484,2.970027820993673
5.151804685592651,3757,5.639947817800284,2.9710973117466866
5.151804685592651,3758,5.6409523065290825,2.9721668024996997
5.151804685592651,3759,5.641956795257881,2.9732362932527128
5.151804685592651,3760,5.64296128398668,2.9743057840057263
5.151804685592651,3761,5.643965772715479,2.975375274758739
5.151804685592651,3762,5.644970261444278,2.9764447655117525
5.151804685592651,3763,5.645974750173076,2.977514256264766
5.151804685592651,3764,5.646979238901876,2.978583747017779
5.151804685592651,3765,5.647983727630674,2.9796532377707923
5.151804685592651,3766,5.648988216359474,2.980722728523806
5.151804685592651,3767,5.6499927050882714,2.981792219276819
5.151804685592651,3768,5.650997193817071,2.982861710029832
5.151804685592651,3769,5.652001682545869,2.9839312007828456
5.151804685592651,3770,5.653006171274669,2.9850006915358587
5.151804685592651,3771,5.654010660003467,2.9860701822888718
5.151804685592651,3772,5.655015148732266,2.9871396730418853
5.151804685592651,3773,5.656019637461066,2.9882091637948984
5.151804685592651,3774,5.657024126189864,2.9892786545479115
5.151804685592651,3775,5.658028614918663,2.990348145300925
5.151804685592651,3776,5.659033103647461,2.991417636053938
5.151804685592651,3777,5.660037592376261,2.9924871268069513
5.151804685592651,3778,5.661042081105059,2.993556617559965
5.151804685592651,3779,5.6620465698338585,2.994626108312978
5.151804685592651,3780,5.663051058562657,2.995695599065991
5.151804685592651,3781,5.664055547291456,2.9967650898190046
5.151804685592651,3782,5.665060036020255,2.9978345805720177
5.151804685592651,3783,5.6660645247490535,2.998904071325031
5.151804685592651,3784,5.667069013477853,2.9999735620780443
5.151804685592651,3785,5.668073502206651,3.0010430528310574
5.151804685592651,3786,5.669077990935451,3.0021125435840705
5.151804685592651,3787,5.6700824796642495,3.003182034337084
5.151804685592651,3788,5.671086968393048,3.0042515250900976
5.151804685592651,3789,5.672091457121847,3.0053210158431103
5.151804685592651,3790,5.673095945850646,3.006390506596124
5.151804685592651,3791,5.674100434579445,3.007459997349137
5.151804685592651,3792,5.675104923308243,3.00852948810215
5.151804685592651,3793,5.676109412037043,3.0095989788551636
5.151804685592651,3794,5.677113900765842,3.0106684696081767
5.151804685592651,3795,5.6781183894946405,3.01173796036119
5.151804685592651,3796,5.679122878223438,3.0128074511142033
5.151804685592651,3797,5.680127366952238,3.0138769418672164
5.151804685592651,3798,5.681131855681037,3.0149464326202295
5.151804685592651,3799,5.682136344409836,3.016015923373243
5.151804685592651,3800,5.683140833138634,3.017085414126256
5.151804685592651,3801,5.684145321867433,3.0181549048792693
5.151804685592651,3802,5.685149810596232,3.019224395632283
5.151804685592651,3803,5.686154299325031,3.020293886385296
5.151804685592651,3804,5.68715878805383,3.021363377138309
5.151804685592651,3805,5.688163276782628,3.0224328678913226
5.151804685592651,3806,5.689167765511428,3.023502358644336
5.151804685592651,3807,5.690172254240227,3.024571849397349
5.151804685592651,3808,5.691176742969025,3.0256413401503623
5.151804685592651,3809,5.692181231697824,3.026710830903376
5.151804685592651,3810,5.693185720426623,3.0277803216563886
5.151804685592651,3811,5.694190209155423,3.028849812409402
5.151804685592651,3812,5.6951946978842205,3.029919303162415
5.151804685592651,3813,5.69619918661302,3.0309887939154283
5.151804685592651,3814,5.697203675341819,3.032058284668442
5.151804685592651,3815,5.698208164070618,3.033127775421455
5.151804685592651,3816,5.6992126527994165,3.0341972661744685
5.151804685592651,3817,5.700217141528215,3.0352667569274816
5.151804685592651,3818,5.701221630257014,3.036336247680495
5.151804685592651,3819,5.702226118985813,3.037405738433508
5.151804685592651,3820,5.703230607714612,3.0384752291865214
5.151804685592651,3821,5.704235096443411,3.0395447199395345
5.151804685592651,3822,5.70523958517221,3.040614210692548
5.151804685592651,3823,5.706244073901009,3.041683701445561
5.151804685592651,3824,5.7072485626298075,3.042753192198574
5.151804685592651,3825,5.708253051358606,3.0438226829515878
5.151804685592651,3826,5.709257540087405,3.044892173704601
5.151804685592651,3827,5.710262028816204,3.0459616644576144
5.151804685592651,3828,5.711266517545003,3.047031155210627
5.151804685592651,3829,5.712271006273802,3.0481006459636406
5.151804685592651,3830,5.7132754950026,3.0491701367166537
5.151804685592651,3831,5.7142799837314,3.0502396274696673
5.151804685592651,3832,5.715284472460198,3.0513091182226804
5.151804685592651,3833,5.716288961188997,3.052378608975694
5.151804685592651,3834,5.717293449917796,3.0534480997287066
5.151804685592651,3835,5.718297938646595,3.05451759048172
5.151804685592651,3836,5.7193024273753945,3.0555870812347337
5.151804685592651,3837,5.720306916104192,3.0566565719877468
5.151804685592651,3838,5.721311404832992,3.05772606274076
5.151804685592651,3839,5.72231589356179,3.058795553493773
5.151804685592651,3840,5.72332038229059,3.0598650442467865
5.151804685592651,3841,5.724324871019388,3.0609345349997996
5.151804685592651,3842,5.725329359748187,3.062004025752813
5.151804685592651,3843,5.726333848476986,3.063073516505826
5.151804685592651,3844,5.727338337205785,3.0641430072588394
5.151804685592651,3845,5.728342825934583,3.0652124980118525
5.151804685592651,3846,5.729347314663382,3.066281988764866
5.151804685592651,3847,5.730351803392182,3.0673514795178796
5.151804685592651,3848,5.73135629212098,3.0684209702708927
5.151804685592651,3849,5.732360780849779,3.069490461023906
5.151804685592651,3850,5.733365269578578,3.070559951776919
5.151804685592651,3851,5.734369758307377,3.0716294425299324
5.151804685592651,3852,5.735374247036177,3.0726989332829455
5.151804685592651,3853,5.7363787357649745,3.0737684240359586
5.151804685592651,3854,5.737383224493773,3.074837914788972
5.151804685592651,3855,5.738387713222572,3.0759074055419853
5.151804685592651,3856,5.739392201951372,3.0769768962949984
5.151804685592651,3857,5.7403966906801696,3.078046387048012
5.151804685592651,3858,5.741401179408969,3.0791158778010255
5.151804685592651,3859,5.742405668137767,3.080185368554038
5.151804685592651,3860,5.743410156866567,3.0812548593070517
5.151804685592651,3861,5.7444146455953655,3.0823243500600648
5.151804685592651,3862,5.745419134324164,3.083393840813078
5.151804685592651,3863,5.746423623052963,3.084463331566091
5.151804685592651,3864,5.747428111781762,3.0855328223191045
5.151804685592651,3865,5.7484326005105615,3.086602313072118
5.151804685592651,3866,5.749437089239359,3.087671803825131
5.151804685592651,3867,5.750441577968158,3.0887412945781447
5.151804685592651,3868,5.751446066696958,3.0898107853311574
5.151804685592651,3869,5.752450555425757,3.090880276084171
5.151804685592651,3870,5.753455044154555,3.091949766837184
5.151804685592651,3871,5.754459532883354,3.0930192575901976
5.151804685592651,3872,5.755464021612153,3.0940887483432107
5.151804685592651,3873,5.756468510340952,3.095158239096224
5.151804685592651,3874,5.757472999069751,3.096227729849237
5.151804685592651,3875,5.758477487798549,3.0972972206022504
5.151804685592651,3876,5.759481976527349,3.0983667113552635
5.151804685592651,3877,5.760486465256148,3.0994362021082766
5.151804685592651,3878,5.761490953984946,3.10050569286129
5.151804685592651,3879,5.762495442713744,3.1015751836143033
5.151804685592651,3880,5.763499931442544,3.102644674367317
5.151804685592651,3881,5.764504420171343,3.10371416512033
5.151804685592651,3882,5.7655089089001414,3.1047836558733435
5.151804685592651,3883,5.766513397628941,3.105853146626356
5.151804685592651,3884,5.767517886357739,3.1069226373793697
5.151804685592651,3885,5.768522375086539,3.107992128132383
5.151804685592651,3886,5.769526863815337,3.1090616188853963
5.151804685592651,3887,5.770531352544136,3.1101311096384094
5.151804685592651,3888,5.771535841272934,3.1112006003914225
5.151804685592651,3889,5.772540330001734,3.112270091144436
5.151804685592651,3890,5.7735448187305325,3.113339581897449
5.151804685592651,3891,5.774549307459331,3.1144090726504627
5.151804685592651,3892,5.77555379618813,3.1154785634034754
5.151804685592651,3893,5.776558284916929,3.116548054156489
5.151804685592651,3894,5.7775627736457285,3.117617544909502
5.151804685592651,3895,5.778567262374527,3.1186870356625156
5.151804685592651,3896,5.779571751103325,3.1197565264155287
5.151804685592651,3897,5.780576239832125,3.1208260171685422
5.151804685592651,3898,5.7815807285609235,3.121895507921555
5.151804685592651,3899,5.782585217289722,3.1229649986745684
5.151804685592651,3900,5.783589706018522,3.124034489427582
5.151804685592651,3901,5.78459419474732,3.125103980180595
5.151804685592651,3902,5.785598683476119,3.126173470933608
5.151804685592651,3903,5.786603172204918,3.1272429616866213
5.151804685592651,3904,5.787607660933717,3.128312452439635
5.151804685592651,3905,5.788612149662516,3.129381943192648
5.151804685592651,3906,5.789616638391315,3.1304514339456615
5.151804685592651,3907,5.790621127120113,3.131520924698674
5.151804685592651,3908,5.791625615848913,3.1325904154516877
5.151804685592651,3909,5.792630104577711,3.133659906204701
5.151804685592651,3910,5.79363459330651,3.1347293969577144
5.151804685592651,3911,5.794639082035308,3.1357988877107275
5.151804685592651,3912,5.795643570764108,3.136868378463741
5.151804685592651,3913,5.796648059492906,3.137937869216754
5.151804685592651,3914,5.797652548221706,3.139007359969767
5.151804685592651,3915,5.798657036950504,3.1400768507227808
5.151804685592651,3916,5.799661525679303,3.141146341475794
5.151804685592651,3917,5.800666014408103,3.142215832228807
5.151804685592651,3918,5.801670503136901,3.14328532298182
5.151804685592651,3919,5.8026749918656995,3.1443548137348336
5.151804685592651,3920,5.803679480594499,3.1454243044878467
5.151804685592651,3921,5.804683969323298,3.1464937952408603
5.151804685592651,3922,5.805688458052096,3.147563285993873
5.151804685592651,3923,5.806692946780895,3.1486327767468865
5.151804685592651,3924,5.807697435509694,3.1497022674999
5.151804685592651,3925,5.808701924238493,3.150771758252913
5.151804685592651,3926,5.809706412967292,3.151841249005926
5.151804685592651,3927,5.8107109016960905,3.1529107397589393
5.151804685592651,3928,5.811715390424889,3.153980230511953
5.151804685592651,3929,5.812719879153688,3.155049721264966
5.151804685592651,3930,5.813724367882488,3.1561192120179795
5.151804685592651,3931,5.8147288566112865,3.1571887027709926
5.151804685592651,3932,5.815733345340084,3.1582581935240057
5.151804685592651,3933,5.816737834068884,3.1593276842770193
5.151804685592651,3934,5.817742322797683,3.1603971750300324
5.151804685592651,3935,5.818746811526482,3.161466665783046
5.151804685592651,3936,5.81975130025528,3.162536156536059
5.151804685592651,3937,5.820755788984079,3.163605647289072
5.151804685592651,3938,5.821760277712878,3.1646751380420852
5.151804685592651,3939,5.8227647664416775,3.1657446287950988
5.151804685592651,3940,5.823769255170475,3.166814119548112
5.151804685592651,3941,5.824773743899275,3.167883610301125
5.151804685592651,3942,5.825778232628074,3.1689531010541385
5.151804685592651,3943,5.826782721356873,3.1700225918071516
5.151804685592651,3944,5.827787210085671,3.171092082560165
5.151804685592651,3945,5.82879169881447,3.1721615733131783
5.151804685592651,3946,5.829796187543269,3.173231064066192
5.151804685592651,3947,5.8308006762720686,3.1743005548192045
5.151804685592651,3948,5.831805165000867,3.175370045572218
5.151804685592651,3949,5.832809653729665,3.176439536325231
5.151804685592651,3950,5.833814142458465,3.1775090270782447
5.151804685592651,3951,5.834818631187264,3.1785785178312578
5.151804685592651,3952,5.835823119916062,3.179648008584271
5.151804685592651,3953,5.836827608644861,3.180717499337284
5.151804685592651,3954,5.83783209737366,3.1817869900902975
5.151804685592651,3955,5.838836586102459,3.182856480843311
5.151804685592651,3956,5.839841074831258,3.1839259715963237
5.151804685592651,3957,5.840845563560056,3.1849954623493373
5.151804685592651,3958,5.841850052288855,3.1860649531023504
5.151804685592651,3959,5.842854541017655,3.187134443855364
5.151804685592651,3960,5.843859029746453,3.188203934608377
5.151804685592651,3961,5.844863518475252,3.1892734253613906
5.151804685592651,3962,5.845868007204051,3.1903429161144032
5.151804685592651,3963,5.84687249593285,3.191412406867417
5.151804685592651,3964,5.847876984661649,3.19248189762043
5.151804685592651,3965,5.848881473390448,3.1935513883734434
5.151804685592651,3966,5.849885962119246,3.1946208791264565
5.151804685592651,3967,5.850890450848045,3.1956903698794696
5.151804685592651,3968,5.8518949395768445,3.196759860632483
5.151804685592651,3969,5.852899428305643,3.1978293513854963
5.151804685592651,3970,5.853903917034442,3.19889884213851
5.151804685592651,3971,5.854908405763241,3.1999683328915225
5.151804685592651,3972,5.8559128944920396,3.201037823644536
5.151804685592651,3973,5.856917383220839,3.202107314397549
5.151804685592651,3974,5.857921871949637,3.2031768051505627
5.151804685592651,3975,5.858926360678436,3.204246295903576
5.151804685592651,3976,5.8599308494072355,3.2053157866565893
5.151804685592651,3977,5.860935338136034,3.2063852774096024
5.151804685592651,3978,5.861939826864833,3.2074547681626155
5.151804685592651,3979,5.862944315593632,3.208524258915629
5.151804685592651,3980,5.863948804322431,3.209593749668642
5.151804685592651,3981,5.864953293051229,3.2106632404216553
5.151804685592651,3982,5.865957781780029,3.2117327311746684
5.151804685592651,3983,5.866962270508827,3.212802221927682
5.151804685592651,3984,5.867966759237626,3.213871712680695
5.151804685592651,3985,5.868971247966425,3.2149412034337086
5.151804685592651,3986,5.869975736695224,3.2160106941867213
5.151804685592651,3987,5.870980225424023,3.217080184939735
5.151804685592651,3988,5.871984714152821,3.2181496756927483
5.151804685592651,3989,5.87298920288162,3.2192191664457614
5.151804685592651,3990,5.873993691610419,3.2202886571987746
5.151804685592651,3991,5.874998180339218,3.2213581479517877
5.151804685592651,3992,5.876002669068018,3.222427638704801
5.151804685592651,3993,5.8770071577968155,3.2234971294578143
5.151804685592651,3994,5.878011646525614,3.224566620210828
5.151804685592651,3995,5.879016135254414,3.2256361109638405
5.151804685592651,3996,5.880020623983213,3.226705601716854
5.151804685592651,3997,5.8810251127120114,3.2277750924698676
5.151804685592651,3998,5.88202960144081,3.2288445832228807
5.151804685592651,3999,5.883034090169609,3.2299140739758943
5.151804685592651,4000,5.884038578898409,3.230983564728907
5.151804685592651,4001,5.8850430676272065,3.2320530554819205
5.151804685592651,4002,5.886047556356005,3.2331225462349336
5.151804685592651,4003,5.887052045084805,3.234192036987947
5.151804685592651,4004,5.888056533813604,3.23526152774096
5.151804685592651,4005,5.889061022542402,3.2363310184939733
5.151804685592651,4006,5.890065511271201,3.2374005092469864
5.151804685592651,4007,5.89107,3.23847
