Time_sec,Waypoint_Index,X,Y
4.472573757171631,0,1.5961214288229881,-1.3624768834058953
4.472573757171631,1,1.5968618886273682,-1.3615454273142458
4.472573757171631,2,1.5976023484317485,-1.360613971222596
4.472573757171631,3,1.5983428082361286,-1.3596825151309466
4.472573757171631,4,1.599083268040509,-1.3587510590392968
4.472573757171631,5,1.599823727844889,-1.3578196029476473
4.472573757171631,6,1.6005641876492693,-1.3568881468559975
4.472573757171631,7,1.6013046474536494,-1.3559566907643479
4.472573757171631,8,1.6020451072580297,-1.3550252346726985
4.472573757171631,9,1.6027855670624098,-1.3540937785810487
4.472573757171631,10,1.60352602686679,-1.3531623224893992
4.472573757171631,11,1.6042664866711702,-1.3522308663977494
4.472573757171631,12,1.6050069464755503,-1.3512994103060998
4.472573757171631,13,1.6057474062799306,-1.3503679542144504
4.472573757171631,14,1.6064878660843107,-1.3494364981228006
4.472573757171631,15,1.607228325888691,-1.348505042031151
4.472573757171631,16,1.6079687856930711,-1.3475735859395013
4.472573757171631,17,1.6087092454974514,-1.3466421298478517
4.472573757171631,18,1.6094497053018315,-1.345710673756202
4.472573757171631,19,1.6101901651062116,-1.3447792176645526
4.472573757171631,20,1.610930624910592,-1.343847761572903
4.472573757171631,21,1.6116710847149718,-1.3429163054812532
4.472573757171631,22,1.612411544519352,-1.3419848493896036
4.472573757171631,23,1.6131520043237322,-1.3410533932979538
4.472573757171631,24,1.6138924641281125,-1.3401219372063045
4.472573757171631,25,1.6146329239324926,-1.3391904811146547
4.472573757171631,26,1.6153733837368727,-1.338259025023005
4.472573757171631,27,1.616113843541253,-1.3373275689313555
4.472573757171631,28,1.616854303345633,-1.3363961128397057
4.472573757171631,29,1.6175947631500134,-1.3354646567480564
4.472573757171631,30,1.6183352229543935,-1.3345332006564066
4.472573757171631,31,1.6190756827587738,-1.333601744564757
4.472573757171631,32,1.6198161425631539,-1.3326702884731074
4.472573757171631,33,1.6205566023675342,-1.3317388323814576
4.472573757171631,34,1.6212970621719143,-1.3308073762898083
4.472573757171631,35,1.6220375219762944,-1.3298759201981585
4.472573757171631,36,1.6227779817806747,-1.328944464106509
4.472573757171631,37,1.623518441585055,-1.3280130080148593
4.472573757171631,38,1.6242589013894353,-1.3270815519232098
4.472573757171631,39,1.6249993611938154,-1.3261500958315602
4.472573757171631,40,1.6257398209981955,-1.3252186397399106
4.472573757171631,41,1.6264802808025758,-1.3242871836482608
4.472573757171631,42,1.6272207406069559,-1.3233557275566112
4.472573757171631,43,1.6279612004113362,-1.3224242714649617
4.472573757171631,44,1.6287016602157163,-1.321492815373312
4.472573757171631,45,1.6294421200200966,-1.3205613592816625
4.472573757171631,46,1.6301825798244767,-1.3196299031900127
4.472573757171631,47,1.630923039628857,-1.3186984470983631
4.472573757171631,48,1.631663499433237,-1.3177669910067134
4.472573757171631,49,1.6324039592376172,-1.316835534915064
4.472573757171631,50,1.6331444190419975,-1.3159040788234144
4.472573757171631,51,1.6338848788463776,-1.3149726227317646
4.472573757171631,52,1.6346253386507579,-1.314041166640115
4.472573757171631,53,1.635365798455138,-1.3131097105484653
4.472573757171631,54,1.6361062582595183,-1.3121782544568157
4.472573757171631,55,1.6368467180638984,-1.3112467983651663
4.472573757171631,56,1.6375871778682787,-1.3103153422735165
4.472573757171631,57,1.6383276376726588,-1.309383886181867
4.472573757171631,58,1.6390680974770389,-1.3084524300902172
4.472573757171631,59,1.6398085572814192,-1.3075209739985676
4.472573757171631,60,1.640549017085799,-1.306589517906918
4.472573757171631,61,1.6412894768901793,-1.3056580618152684
4.472573757171631,62,1.6420299366945597,-1.3047266057236189
4.472573757171631,63,1.64277039649894,-1.303795149631969
4.472573757171631,64,1.6435108563033198,-1.3028636935403195
4.472573757171631,65,1.6442513161077001,-1.30193223744867
4.472573757171631,66,1.6449917759120805,-1.3010007813570204
4.472573757171631,67,1.6457322357164603,-1.3000693252653706
4.472573757171631,68,1.6464726955208406,-1.299137869173721
4.472573757171631,69,1.647213155325221,-1.2982064130820714
4.472573757171631,70,1.6479536151296013,-1.2972749569904218
4.472573757171631,71,1.6486940749339811,-1.2963435008987723
4.472573757171631,72,1.6494345347383614,-1.2954120448071225
4.472573757171631,73,1.6501749945427415,-1.294480588715473
4.472573757171631,74,1.6509154543471216,-1.2935491326238233
4.472573757171631,75,1.651655914151502,-1.2926176765321737
4.472573757171631,76,1.652396373955882,-1.2916862204405242
4.472573757171631,77,1.6531368337602623,-1.2907547643488744
4.472573757171631,78,1.6538772935646424,-1.2898233082572248
4.472573757171631,79,1.6546177533690227,-1.288891852165575
4.472573757171631,80,1.6553582131734028,-1.2879603960739257
4.472573757171631,81,1.6560986729777831,-1.287028939982276
4.472573757171631,82,1.6568391327821632,-1.2860974838906263
4.472573757171631,83,1.6575795925865433,-1.2851660277989767
4.472573757171631,84,1.6583200523909236,-1.284234571707327
4.472573757171631,85,1.6590605121953037,-1.2833031156156776
4.472573757171631,86,1.659800971999684,-1.2823716595240278
4.472573757171631,87,1.660541431804064,-1.2814402034323782
4.472573757171631,88,1.6612818916084444,-1.2805087473407286
4.472573757171631,89,1.6620223514128247,-1.279577291249079
4.472573757171631,90,1.6627628112172048,-1.2786458351574292
4.472573757171631,91,1.6635032710215851,-1.2777143790657797
4.472573757171631,92,1.6642437308259652,-1.2767829229741303
4.472573757171631,93,1.6649841906303455,-1.2758514668824805
4.472573757171631,94,1.6657246504347256,-1.274920010790831
4.472573757171631,95,1.666465110239106,-1.2739885546991812
4.472573757171631,96,1.667205570043486,-1.2730570986075316
4.472573757171631,97,1.667946029847866,-1.2721256425158822
4.472573757171631,98,1.6686864896522464,-1.2711941864242324
4.472573757171631,99,1.6694269494566265,-1.2702627303325829
4.472573757171631,100,1.6701674092610068,-1.269331274240933
4.472573757171631,101,1.670907869065387,-1.2683998181492835
4.472573757171631,102,1.6716483288697672,-1.267468362057634
4.472573757171631,103,1.6723887886741473,-1.2665369059659843
4.472573757171631,104,1.6731292484785274,-1.2656054498743348
4.472573757171631,105,1.6738697082829077,-1.264673993782685
4.472573757171631,106,1.6746101680872876,-1.2637425376910354
4.472573757171631,107,1.6753506278916679,-1.2628110815993858
4.472573757171631,108,1.6760910876960482,-1.2618796255077362
4.472573757171631,109,1.6768315475004285,-1.2609481694160865
4.472573757171631,110,1.6775720073048084,-1.2600167133244369
4.472573757171631,111,1.6783124671091887,-1.2590852572327873
4.472573757171631,112,1.6790529269135688,-1.2581538011411377
4.472573757171631,113,1.6797933867179489,-1.2572223450494882
4.472573757171631,114,1.6805338465223292,-1.2562908889578384
4.472573757171631,115,1.6812743063267093,-1.2553594328661888
4.472573757171631,116,1.6820147661310896,-1.2544279767745392
4.472573757171631,117,1.6827552259354697,-1.2534965206828896
4.472573757171631,118,1.68349568573985,-1.25256506459124
4.472573757171631,119,1.68423614554423,-1.2516336084995903
4.472573757171631,120,1.6849766053486104,-1.2507021524079407
4.472573757171631,121,1.6857170651529905,-1.249770696316291
4.472573757171631,122,1.6864575249573706,-1.2488392402246413
4.472573757171631,123,1.6871979847617509,-1.247907784132992
4.472573757171631,124,1.687938444566131,-1.2469763280413422
4.472573757171631,125,1.6886789043705113,-1.2460448719496926
4.472573757171631,126,1.6894193641748914,-1.2451134158580428
4.472573757171631,127,1.6901598239792717,-1.2441819597663932
4.472573757171631,128,1.6909002837836518,-1.2432505036747437
4.472573757171631,129,1.691640743588032,-1.242319047583094
4.472573757171631,130,1.6923812033924122,-1.2413875914914445
4.472573757171631,131,1.6931216631967922,-1.2404561353997947
4.472573757171631,132,1.6938621230011726,-1.2395246793081451
4.472573757171631,133,1.6946025828055526,-1.2385932232164956
4.472573757171631,134,1.695343042609933,-1.237661767124846
4.472573757171631,135,1.696083502414313,-1.2367303110331964
4.472573757171631,136,1.6968239622186934,-1.2357988549415466
4.472573757171631,137,1.6975644220230734,-1.234867398849897
4.472573757171631,138,1.6983048818274535,-1.2339359427582475
4.472573757171631,139,1.6990453416318338,-1.233004486666598
4.472573757171631,140,1.699785801436214,-1.2320730305749483
4.472573757171631,141,1.7005262612405943,-1.2311415744832985
4.472573757171631,142,1.7012667210449743,-1.230210118391649
4.472573757171631,143,1.7020071808493547,-1.2292786622999994
4.472573757171631,144,1.7027476406537347,-1.2283472062083498
4.472573757171631,145,1.7034881004581148,-1.2274157501167
4.472573757171631,146,1.7042285602624951,-1.2264842940250504
4.472573757171631,147,1.704969020066875,-1.2255528379334009
4.472573757171631,148,1.7057094798712553,-1.224621381841751
4.472573757171631,149,1.7064499396756356,-1.2236899257501015
4.472573757171631,150,1.707190399480016,-1.222758469658452
4.472573757171631,151,1.7079308592843958,-1.2218270135668023
4.472573757171631,152,1.7086713190887761,-1.2208955574751528
4.472573757171631,153,1.7094117788931564,-1.219964101383503
4.472573757171631,154,1.7101522386975367,-1.2190326452918534
4.472573757171631,155,1.7108926985019166,-1.2181011892002038
4.472573757171631,156,1.711633158306297,-1.217169733108554
4.472573757171631,157,1.712373618110677,-1.2162382770169047
4.472573757171631,158,1.713114077915057,-1.2153068209252549
4.472573757171631,159,1.7138545377194374,-1.2143753648336053
4.472573757171631,160,1.7145949975238175,-1.2134439087419557
4.472573757171631,161,1.7153354573281978,-1.212512452650306
4.472573757171631,162,1.716075917132578,-1.2115809965586564
4.472573757171631,163,1.7168163769369582,-1.2106495404670068
4.472573757171631,164,1.7175568367413383,-1.2097180843753572
4.472573757171631,165,1.7182972965457184,-1.2087866282837076
4.472573757171631,166,1.7190377563500987,-1.2078551721920578
4.472573757171631,167,1.7197782161544788,-1.2069237161004083
4.472573757171631,168,1.720518675958859,-1.2059922600087587
4.472573757171631,169,1.7212591357632392,-1.2050608039171091
4.472573757171631,170,1.7219995955676195,-1.2041293478254596
4.472573757171631,171,1.7227400553719996,-1.2031978917338098
4.472573757171631,172,1.7234805151763797,-1.2022664356421602
4.472573757171631,173,1.72422097498076,-1.2013349795505106
4.472573757171631,174,1.72496143478514,-1.200403523458861
4.472573757171631,175,1.7257018945895204,-1.1994720673672115
4.472573757171631,176,1.7264423543939005,-1.1985406112755619
4.472573757171631,177,1.7271828141982808,-1.1976091551839123
4.472573757171631,178,1.727923274002661,-1.1966776990922625
4.472573757171631,179,1.728663733807041,-1.195746243000613
4.472573757171631,180,1.7294041936114213,-1.1948147869089634
4.472573757171631,181,1.7301446534158016,-1.1938833308173138
4.472573757171631,182,1.730885113220182,-1.1929518747256642
4.472573757171631,183,1.7316255730245618,-1.1920204186340144
4.472573757171631,184,1.732366032828942,-1.1910889625423648
4.472573757171631,185,1.7331064926333224,-1.1901575064507153
4.472573757171631,186,1.7338469524377023,-1.1892260503590657
4.472573757171631,187,1.7345874122420826,-1.1882945942674161
4.472573757171631,188,1.7353278720464629,-1.1873631381757663
4.472573757171631,189,1.7360683318508432,-1.1864316820841168
4.472573757171631,190,1.736808791655223,-1.1855002259924672
4.472573757171631,191,1.7375492514596034,-1.1845687699008174
4.472573757171631,192,1.7382897112639837,-1.1836373138091678
4.472573757171631,193,1.7390301710683638,-1.1827058577175182
4.472573757171631,194,1.7397706308727439,-1.1817744016258687
4.472573757171631,195,1.7405110906771242,-1.180842945534219
4.472573757171631,196,1.7412515504815045,-1.1799114894425693
4.472573757171631,197,1.7419920102858846,-1.1789800333509197
4.472573757171631,198,1.7427324700902647,-1.1780485772592701
4.472573757171631,199,1.743472929894645,-1.1771171211676206
4.472573757171631,200,1.744213389699025,-1.176185665075971
4.472573757171631,201,1.7449538495034052,-1.1752542089843212
4.472573757171631,202,1.7456943093077855,-1.1743227528926716
4.472573757171631,203,1.7464347691121658,-1.173391296801022
4.472573757171631,204,1.7471752289165459,-1.1724598407093723
4.472573757171631,205,1.747915688720926,-1.171528384617723
4.472573757171631,206,1.7486561485253063,-1.170596928526073
4.472573757171631,207,1.7493966083296864,-1.1696654724344235
4.472573757171631,208,1.7501370681340664,-1.168734016342774
4.472573757171631,209,1.7508775279384468,-1.1678025602511244
4.472573757171631,210,1.751617987742827,-1.1668711041594748
4.472573757171631,211,1.7523584475472074,-1.1659396480678252
4.472573757171631,212,1.7530989073515872,-1.1650081919761754
4.472573757171631,213,1.7538393671559676,-1.1640767358845259
4.472573757171631,214,1.7545798269603479,-1.1631452797928763
4.472573757171631,215,1.755320286764728,-1.1622138237012267
4.472573757171631,216,1.756060746569108,-1.1612823676095771
4.472573757171631,217,1.7568012063734884,-1.1603509115179274
4.472573757171631,218,1.7575416661778687,-1.1594194554262778
4.472573757171631,219,1.7582821259822485,-1.1584879993346282
4.472573757171631,220,1.7590225857866288,-1.1575565432429786
4.472573757171631,221,1.759763045591009,-1.1566250871513288
4.472573757171631,222,1.760503505395389,-1.1556936310596793
4.472573757171631,223,1.7612439651997693,-1.1547621749680297
4.472573757171631,224,1.7619844250041496,-1.1538307188763801
4.472573757171631,225,1.7627248848085297,-1.1528992627847305
4.472573757171631,226,1.7634653446129098,-1.1519678066930807
4.472573757171631,227,1.7642058044172901,-1.1510363506014312
4.472573757171631,228,1.7649462642216704,-1.1501048945097816
4.472573757171631,229,1.7656867240260503,-1.149173438418132
4.472573757171631,230,1.7664271838304306,-1.1482419823264824
4.472573757171631,231,1.767167643634811,-1.1473105262348327
4.472573757171631,232,1.767908103439191,-1.146379070143183
4.472573757171631,233,1.7686485632435711,-1.1454476140515335
4.472573757171631,234,1.7693890230479514,-1.1445161579598837
4.472573757171631,235,1.7701294828523317,-1.1435847018682344
4.472573757171631,236,1.7708699426567118,-1.1426532457765846
4.472573757171631,237,1.771610402461092,-1.141721789684935
4.472573757171631,238,1.7723508622654722,-1.1407903335932854
4.472573757171631,239,1.7730913220698523,-1.1398588775016356
4.472573757171631,240,1.7738317818742324,-1.138927421409986
4.472573757171631,241,1.7745722416786127,-1.1379959653183365
4.472573757171631,242,1.7753127014829928,-1.137064509226687
4.472573757171631,243,1.776053161287373,-1.136133053135037
4.472573757171631,244,1.7767936210917532,-1.1352015970433875
4.472573757171631,245,1.7775340808961335,-1.134270140951738
4.472573757171631,246,1.7782745407005134,-1.1333386848600884
4.472573757171631,247,1.7790150005048937,-1.1324072287684388
4.472573757171631,248,1.779755460309274,-1.131475772676789
4.472573757171631,249,1.780495920113654,-1.1305443165851394
4.472573757171631,250,1.7812363799180342,-1.1296128604934899
4.472573757171631,251,1.7819768397224145,-1.1286814044018403
4.472573757171631,252,1.7827172995267948,-1.1277499483101905
4.472573757171631,253,1.783457759331175,-1.126818492218541
4.472573757171631,254,1.784198219135555,-1.1258870361268913
4.472573757171631,255,1.7849386789399353,-1.1249555800352418
4.472573757171631,256,1.7856791387443154,-1.1240241239435922
4.472573757171631,257,1.7864195985486955,-1.1230926678519424
4.472573757171631,258,1.7871600583530758,-1.1221612117602928
4.472573757171631,259,1.787900518157456,-1.1212297556686432
4.472573757171631,260,1.7886409779618362,-1.1202982995769937
4.472573757171631,261,1.7893814377662163,-1.119366843485344
4.472573757171631,262,1.7901218975705966,-1.1184353873936943
4.472573757171631,263,1.7908623573749767,-1.1175039313020447
4.472573757171631,264,1.7916028171793568,-1.1165724752103952
4.472573757171631,265,1.792343276983737,-1.1156410191187454
4.472573757171631,266,1.7930837367881174,-1.114709563027096
4.472573757171631,267,1.7938241965924975,-1.1137781069354462
4.472573757171631,268,1.7945646563968776,-1.1128466508437966
4.472573757171631,269,1.7953051162012579,-1.111915194752147
4.472573757171631,270,1.7960455760056382,-1.1109837386604973
4.472573757171631,271,1.7967860358100183,-1.1100522825688477
4.472573757171631,272,1.7975264956143984,-1.1091208264771981
4.472573757171631,273,1.7982669554187787,-1.1081893703855485
4.472573757171631,274,1.7990074152231588,-1.107257914293899
4.472573757171631,275,1.7997478750275389,-1.1063264582022492
4.472573757171631,276,1.8004883348319192,-1.1053950021105996
4.472573757171631,277,1.8012287946362995,-1.10446354601895
4.472573757171631,278,1.8019692544406796,-1.1035320899273002
4.472573757171631,279,1.8027097142450597,-1.1026006338356509
4.472573757171631,280,1.80345017404944,-1.101669177744001
4.472573757171631,281,1.80419063385382,-1.1007377216523515
4.472573757171631,282,1.8049310936582001,-1.099806265560702
4.472573757171631,283,1.8056715534625805,-1.0988748094690521
4.472573757171631,284,1.8064120132669608,-1.0979433533774026
4.472573757171631,285,1.8071524730713409,-1.097011897285753
4.472573757171631,286,1.807892932875721,-1.0960804411941034
4.472573757171631,287,1.8086333926801013,-1.0951489851024538
4.472573757171631,288,1.8093738524844816,-1.094217529010804
4.472573757171631,289,1.8101143122888614,-1.0932860729191547
4.472573757171631,290,1.8108547720932417,-1.092354616827505
4.472573757171631,291,1.811595231897622,-1.0914231607358553
4.472573757171631,292,1.8123356917020021,-1.0904917046442058
4.472573757171631,293,1.8130761515063822,-1.089560248552556
4.472573757171631,294,1.8138166113107625,-1.0886287924609064
4.472573757171631,295,1.8145570711151426,-1.0876973363692568
4.472573757171631,296,1.8152975309195227,-1.0867658802776072
4.472573757171631,297,1.816037990723903,-1.0858344241859577
4.472573757171631,298,1.8167784505282834,-1.0849029680943079
4.472573757171631,299,1.8175189103326634,-1.0839715120026583
4.472573757171631,300,1.8182593701370435,-1.0830400559110087
4.472573757171631,301,1.8189998299414238,-1.082108599819359
4.472573757171631,302,1.819740289745804,-1.0811771437277096
4.472573757171631,303,1.820480749550184,-1.0802456876360598
4.472573757171631,304,1.8212212093545643,-1.0793142315444102
4.472573757171631,305,1.8219616691589446,-1.0783827754527606
4.472573757171631,306,1.8227021289633247,-1.0774513193611108
4.472573757171631,307,1.8234425887677048,-1.0765198632694613
4.472573757171631,308,1.8241830485720851,-1.0755884071778117
4.472573757171631,309,1.8249235083764654,-1.074656951086162
4.472573757171631,310,1.8256639681808455,-1.0737254949945125
4.472573757171631,311,1.8264044279852256,-1.0727940389028627
4.472573757171631,312,1.827144887789606,-1.0718625828112132
4.472573757171631,313,1.8278853475939858,-1.0709311267195636
4.472573757171631,314,1.828625807398366,-1.0699996706279138
4.472573757171631,315,1.8293662672027462,-1.0690682145362644
4.472573757171631,316,1.8301067270071263,-1.0681367584446146
4.472573757171631,317,1.8308471868115066,-1.067205302352965
4.472573757171631,318,1.831587646615887,-1.0662738462613155
4.472573757171631,319,1.8323281064202668,-1.065342390169666
4.472573757171631,320,1.833068566224647,-1.0644109340780163
4.472573757171631,321,1.8338090260290274,-1.0634794779863666
4.472573757171631,322,1.8345494858334075,-1.062548021894717
4.472573757171631,323,1.8352899456377876,-1.0616165658030674
4.472573757171631,324,1.836030405442168,-1.0606851097114176
4.472573757171631,325,1.8367708652465482,-1.0597536536197683
4.472573757171631,326,1.8375113250509283,-1.0588221975281185
4.472573757171631,327,1.8382517848553084,-1.0578907414364689
4.472573757171631,328,1.8389922446596887,-1.0569592853448193
4.472573757171631,329,1.8397327044640688,-1.0560278292531695
4.472573757171631,330,1.8404731642684489,-1.0550963731615202
4.472573757171631,331,1.8412136240728292,-1.0541649170698704
4.472573757171631,332,1.8419540838772095,-1.0532334609782208
4.472573757171631,333,1.8426945436815896,-1.0523020048865712
4.472573757171631,334,1.8434350034859697,-1.0513705487949214
4.472573757171631,335,1.84417546329035,-1.050439092703272
4.472573757171631,336,1.84491592309473,-1.0495076366116223
4.472573757171631,337,1.8456563828991102,-1.0485761805199725
4.472573757171631,338,1.8463968427034905,-1.0476447244283231
4.472573757171631,339,1.8471373025078708,-1.0467132683366733
4.472573757171631,340,1.8478777623122509,-1.0457818122450238
4.472573757171631,341,1.848618222116631,-1.0448503561533742
4.472573757171631,342,1.8493586819210113,-1.0439189000617244
4.472573757171631,343,1.8500991417253916,-1.042987443970075
4.472573757171631,344,1.8508396015297717,-1.0420559878784252
4.472573757171631,345,1.8515800613341518,-1.0411245317867757
4.472573757171631,346,1.852320521138532,-1.040193075695126
4.472573757171631,347,1.8530609809429122,-1.0392616196034763
4.472573757171631,348,1.8538014407472923,-1.038330163511827
4.472573757171631,349,1.8545419005516726,-1.0373987074201771
4.472573757171631,350,1.8552823603560529,-1.0364672513285276
4.472573757171631,351,1.856022820160433,-1.035535795236878
4.472573757171631,352,1.856763279964813,-1.0346043391452284
4.472573757171631,353,1.8575037397691934,-1.0336728830535789
4.472573757171631,354,1.8582441995735735,-1.032741426961929
4.472573757171631,355,1.8589846593779535,-1.0318099708702795
4.472573757171631,356,1.8597251191823339,-1.03087851477863
4.472573757171631,357,1.860465578986714,-1.0299470586869803
4.472573757171631,358,1.8612060387910943,-1.0290156025953308
4.472573757171631,359,1.8619464985954743,-1.028084146503681
4.472573757171631,360,1.8626869583998547,-1.0271526904120314
4.472573757171631,361,1.8634274182042347,-1.0262212343203818
4.472573757171631,362,1.8641678780086148,-1.0252897782287322
4.472573757171631,363,1.8649083378129951,-1.0243583221370824
4.472573757171631,364,1.8656487976173755,-1.0234268660454329
4.472573757171631,365,1.8663892574217555,-1.0224954099537833
4.472573757171631,366,1.8671297172261356,-1.0215639538621337
4.472573757171631,367,1.867870177030516,-1.020632497770484
4.472573757171631,368,1.868610636834896,-1.0197010416788344
4.472573757171631,369,1.8693510966392761,-1.0187695855871848
4.472573757171631,370,1.8700915564436564,-1.0178381294955352
4.472573757171631,371,1.8708320162480367,-1.0169066734038856
4.472573757171631,372,1.8715724760524168,-1.0159752173122358
4.472573757171631,373,1.872312935856797,-1.0150437612205863
4.472573757171631,374,1.8730533956611772,-1.0141123051289367
4.472573757171631,375,1.8737938554655573,-1.0131808490372871
4.472573757171631,376,1.8745343152699376,-1.0122493929456373
4.472573757171631,377,1.8752747750743177,-1.0113179368539877
4.472573757171631,378,1.876015234878698,-1.0103864807623382
4.472573757171631,379,1.8767556946830781,-1.0094550246706886
4.472573757171631,380,1.8774961544874582,-1.008523568579039
4.472573757171631,381,1.8782366142918385,-1.0075921124873892
4.472573757171631,382,1.8789770740962186,-1.0066606563957397
4.472573757171631,383,1.879717533900599,-1.00572920030409
4.472573757171631,384,1.880457993704979,-1.0047977442124405
4.472573757171631,385,1.8811984535093593,-1.0038662881207907
4.472573757171631,386,1.8819389133137394,-1.0029348320291411
4.472573757171631,387,1.8826793731181195,-1.0020033759374916
4.472573757171631,388,1.8834198329224998,-1.001071919845842
4.472573757171631,389,1.8841602927268801,-1.0001404637541922
4.472573757171631,390,1.8849007525312602,-0.9992090076625427
4.472573757171631,391,1.8856412123356403,-0.998277551570893
4.472573757171631,392,1.8863816721400206,-0.9973460954792435
4.472573757171631,393,1.8871221319444007,-0.9964146393875939
4.472573757171631,394,1.887862591748781,-0.9954831832959441
4.472573757171631,395,1.888603051553161,-0.9945517272042945
4.472573757171631,396,1.8893435113575414,-0.993620271112645
4.472573757171631,397,1.8900839711619215,-0.9926888150209954
4.472573757171631,398,1.8908244309663016,-0.9917573589293457
4.472573757171631,399,1.891564890770682,-0.990825902837696
4.472573757171631,400,1.892305350575062,-0.9898944467460464
4.472573757171631,401,1.8930458103794423,-0.9889629906543969
4.472573757171631,402,1.8937862701838224,-0.9880315345627473
4.472573757171631,403,1.8945267299882027,-0.9871000784710976
4.472573757171631,404,1.8952671897925828,-0.9861686223794479
4.472573757171631,405,1.8960076495969629,-0.9852371662877983
4.472573757171631,406,1.8967481094013432,-0.9843057101961488
4.472573757171631,407,1.8974885692057233,-0.9833742541044992
4.472573757171631,408,1.8982290290101036,-0.9824427980128494
4.472573757171631,409,1.8989694888144837,-0.9815113419211998
4.472573757171631,410,1.899709948618864,-0.9805798858295502
4.472573757171631,411,1.900450408423244,-0.9796484297379006
4.472573757171631,412,1.9011908682276242,-0.978716973646251
4.472573757171631,413,1.9019313280320045,-0.9777855175546013
4.472573757171631,414,1.9026717878363848,-0.9768540614629517
4.472573757171631,415,1.9034122476407649,-0.9759226053713022
4.472573757171631,416,1.904152707445145,-0.9749911492796525
4.472573757171631,417,1.9048931672495253,-0.974059693188003
4.472573757171631,418,1.9056336270539054,-0.9731282370963533
4.472573757171631,419,1.9063740868582855,-0.9721967810047036
4.472573757171631,420,1.9071145466626658,-0.9712653249130541
4.472573757171631,421,1.9078550064670459,-0.9703338688214044
4.472573757171631,422,1.9085954662714262,-0.9694024127297548
4.472573757171631,423,1.9093359260758063,-0.9684709566381051
4.472573757171631,424,1.9100763858801866,-0.9675395005464555
4.472573757171631,425,1.9108168456845667,-0.966608044454806
4.472573757171631,426,1.9115573054889468,-0.9656765883631563
4.472573757171631,427,1.912297765293327,-0.9647451322715067
4.472573757171631,428,1.9130382250977072,-0.963813676179857
4.472573757171631,429,1.9137786849020875,-0.9628822200882075
4.472573757171631,430,1.9145191447064676,-0.9619507639965579
4.472573757171631,431,1.9152596045108479,-0.9610193079049082
4.472573757171631,432,1.916000064315228,-0.9600878518132586
4.472573757171631,433,1.9167405241196083,-0.9591563957216089
4.472573757171631,434,1.9174809839239884,-0.9582249396299592
4.472573757171631,435,1.9182214437283687,-0.9572934835383097
4.472573757171631,436,1.9189619035327488,-0.95636202744666
4.472573757171631,437,1.9197023633371288,-0.9554305713550105
4.472573757171631,438,1.920442823141509,-0.9544991152633608
4.472573757171631,439,1.921183282945889,-0.9535676591717112
4.472573757171631,440,1.9219237427502693,-0.9526362030800616
4.472573757171631,441,1.9226642025546494,-0.9517047469884119
4.472573757171631,442,1.9234046623590297,-0.9507732908967623
4.472573757171631,443,1.9241451221634098,-0.9498418348051128
4.472573757171631,444,1.9248855819677901,-0.9489103787134631
4.472573757171631,445,1.9256260417721702,-0.9479789226218135
4.472573757171631,446,1.9263665015765503,-0.9470474665301638
4.472573757171631,447,1.9271069613809306,-0.9461160104385142
4.472573757171631,448,1.9278474211853107,-0.9451845543468647
4.472573757171631,449,1.928587880989691,-0.9442530982552149
4.472573757171631,450,1.9293283407940711,-0.9433216421635654
4.472573757171631,451,1.9300688005984514,-0.9423901860719157
4.472573757171631,452,1.9308092604028315,-0.9414587299802661
4.472573757171631,453,1.9315497202072116,-0.9405272738886165
4.472573757171631,454,1.932290180011592,-0.9395958177969668
4.472573757171631,455,1.933030639815972,-0.9386643617053172
4.472573757171631,456,1.9337710996203523,-0.9377329056136676
4.472573757171631,457,1.9345115594247324,-0.936801449522018
4.472573757171631,458,1.9352520192291127,-0.9358699934303684
4.472573757171631,459,1.9359924790334928,-0.9349385373387187
4.472573757171631,460,1.936732938837873,-0.9340070812470691
4.472573757171631,461,1.9374733986422532,-0.9330756251554195
4.472573757171631,462,1.9382138584466333,-0.93214416906377
4.472573757171631,463,1.9389543182510136,-0.9312127129721203
4.472573757171631,464,1.9396947780553937,-0.9302812568804706
4.472573757171631,465,1.940435237859774,-0.929349800788821
4.472573757171631,466,1.941175697664154,-0.9284183446971713
4.472573757171631,467,1.9419161574685344,-0.9274868886055218
4.472573757171631,468,1.9426566172729145,-0.9265554325138722
4.472573757171631,469,1.9433970770772948,-0.9256239764222225
4.472573757171631,470,1.944137536881675,-0.9246925203305729
4.472573757171631,471,1.944877996686055,-0.9237610642389232
4.472573757171631,472,1.9456184564904353,-0.9228296081472737
4.472573757171631,473,1.9463589162948154,-0.921898152055624
4.472573757171631,474,1.9470993760991957,-0.9209666959639744
4.472573757171631,475,1.9478398359035758,-0.9200352398723248
4.472573757171631,476,1.948580295707956,-0.9191037837806751
4.472573757171631,477,1.9493207555123362,-0.9181723276890256
4.472573757171631,478,1.9500612153167163,-0.9172408715973759
4.472573757171631,479,1.9508016751210966,-0.9163094155057262
4.472573757171631,480,1.9515421349254767,-0.9153779594140767
4.472573757171631,481,1.952282594729857,-0.914446503322427
4.472573757171631,482,1.953023054534237,-0.9135150472307775
4.472573757171631,483,1.9537635143386174,-0.9125835911391278
4.472573757171631,484,1.9545039741429975,-0.9116521350474782
4.472573757171631,485,1.9552444339473776,-0.9107206789558286
4.472573757171631,486,1.9559848937517579,-0.909789222864179
4.472573757171631,487,1.956725353556138,-0.9088577667725294
4.472573757171631,488,1.9574658133605183,-0.9079263106808797
4.472573757171631,489,1.9582062731648984,-0.9069948545892301
4.472573757171631,490,1.9589467329692787,-0.9060633984975804
4.472573757171631,491,1.9596871927736588,-0.9051319424059309
4.472573757171631,492,1.9604276525780389,-0.9042004863142813
4.472573757171631,493,1.9611681123824192,-0.9032690302226316
4.472573757171631,494,1.9619085721867993,-0.902337574130982
4.472573757171631,495,1.9626490319911796,-0.9014061180393323
4.472573757171631,496,1.9633894917955597,-0.9004746619476827
4.472573757171631,497,1.96412995159994,-0.8995432058560332
4.472573757171631,498,1.96487041140432,-0.8986117497643835
4.472573757171631,499,1.9656108712087004,-0.8976802936727339
4.472573757171631,500,1.9663513310130805,-0.8967488375810843
4.472573757171631,501,1.9663513310130805,-0.8967488375810843
4.472573757171631,502,1.967832169702253,-0.8948868383099542
4.472573757171631,503,1.9693128465522496,-0.8930266648631624
4.472573757171631,504,1.9707933615630706,-0.8911683172407089
4.472573757171631,505,1.9722737147347156,-0.8893117954425935
4.472573757171631,506,1.9737539060671847,-0.8874570994688167
4.472573757171631,507,1.9752339355604784,-0.885604229319378
4.472573757171631,508,1.9767138032145959,-0.8837531849942776
4.472573757171631,509,1.978193509029538,-0.8819039664935154
4.472573757171631,510,1.979673053005304,-0.8800565738170916
4.472573757171631,511,1.981152435141894,-0.8782110069650061
4.472573757171631,512,1.9826316554393086,-0.8763672659372589
4.472573757171631,513,1.9841107138975476,-0.87452535073385
4.472573757171631,514,1.9855896105166102,-0.8726852613547792
4.472573757171631,515,1.9870683452964975,-0.8708469978000468
4.472573757171631,516,1.9885469182372086,-0.8690105600696528
4.472573757171631,517,1.9900253293387442,-0.867175948163597
4.472573757171631,518,1.991503578601104,-0.8653431620818796
4.472573757171631,519,1.9929816660242876,-0.8635122018245002
4.472573757171631,520,1.994459591608296,-0.8616830673914592
4.472573757171631,521,1.9959373553531283,-0.8598557587827567
4.472573757171631,522,1.997414957258785,-0.8580302759983922
4.472573757171631,523,1.9988923973252655,-0.856206619038366
4.472573757171631,524,2.0003696755525704,-0.8543847879026784
4.472573757171631,525,2.0018467919406993,-0.8525647825913287
4.472573757171631,526,2.003323746489653,-0.8507466031043176
4.472573757171631,527,2.0048005391994304,-0.8489302494416445
4.472573757171631,528,2.006277170070032,-0.84711572160331
4.472573757171631,529,2.007753639101458,-0.8453030195893135
4.472573757171631,530,2.009229946293708,-0.8434921433996555
4.472573757171631,531,2.0107060916467825,-0.8416830930343356
4.472573757171631,532,2.012182075160681,-0.8398758684933542
4.472573757171631,533,2.013657896835404,-0.8380704697767108
4.472573757171631,534,2.0151335566709507,-0.8362668968844059
4.472573757171631,535,2.0166090546673217,-0.8344651498164393
4.472573757171631,536,2.018084390824517,-0.832665228572811
4.472573757171631,537,2.019559565142537,-0.8308671331535208
4.472573757171631,538,2.021034577621381,-0.8290708635585692
4.472573757171631,539,2.0225094282610487,-0.8272764197879556
4.472573757171631,540,2.0239841170615414,-0.8254838018416806
4.472573757171631,541,2.0254586440228572,-0.8236930097197436
4.472573757171631,542,2.0269330091449977,-0.821904043422145
4.472573757171631,543,2.0284072124279624,-0.8201169029488846
4.472573757171631,544,2.029881253871752,-0.8183315882999624
4.472573757171631,545,2.031355133476365,-0.8165480994753787
4.472573757171631,546,2.0328288512418022,-0.8147664364751331
4.472573757171631,547,2.034302407168064,-0.8129865992992259
4.472573757171631,548,2.0357758012551495,-0.8112085879476569
4.472573757171631,549,2.0372490335030595,-0.8094324024204264
4.472573757171631,550,2.0387221039117938,-0.8076580427175339
4.472573757171631,551,2.040195012481352,-0.80588550883898
4.472573757171631,552,2.0416677592117347,-0.804114800784764
4.472573757171631,553,2.0431403441029414,-0.8023459185548866
4.472573757171631,554,2.0446127671549728,-0.8005788621493475
4.472573757171631,555,2.046085028367828,-0.7988136315681466
4.472573757171631,556,2.047557127741507,-0.7970502268112838
4.472573757171631,557,2.049029065276011,-0.7952886478787595
4.472573757171631,558,2.050500840971339,-0.7935288947705735
4.472573757171631,559,2.0519724548274905,-0.7917709674867256
4.472573757171631,560,2.0534439068444668,-0.7900148660272162
4.472573757171631,561,2.054915197022267,-0.7882605903920449
4.472573757171631,562,2.0563863253608923,-0.786508140581212
4.472573757171631,563,2.0578572918603406,-0.7847575165947172
4.472573757171631,564,2.059328096520614,-0.7830087184325609
4.472573757171631,565,2.0607987393417107,-0.781261746094743
4.472573757171631,566,2.0622692203236324,-0.7795165995812632
4.472573757171631,567,2.0637395394663782,-0.7777732788921216
4.472573757171631,568,2.065209696769948,-0.7760317840273184
4.472573757171631,569,2.0666796922343416,-0.7742921149868535
4.472573757171631,570,2.06814952585956,-0.7725542717707268
4.472573757171631,571,2.0696191976456024,-0.7708182543789385
4.472573757171631,572,2.071088707592469,-0.7690840628114884
4.472573757171631,573,2.07255805570016,-0.7673516970683767
4.472573757171631,574,2.074027241968675,-0.7656211571496032
4.472573757171631,575,2.0754962663980145,-0.763892443055168
4.472573757171631,576,2.076965128988178,-0.7621655547850711
4.472573757171631,577,2.0784338297391654,-0.7604404923393124
4.472573757171631,578,2.079902368650977,-0.758717255717892
4.472573757171631,579,2.0813707457236132,-0.7569958449208101
4.472573757171631,580,2.0828389609570737,-0.7552762599480661
4.472573757171631,581,2.0843070143513582,-0.7535585007996606
4.472573757171631,582,2.085774905906467,-0.7518425674755936
4.472573757171631,583,2.0872426356224,-0.7501284599758646
4.472573757171631,584,2.088710203499157,-0.748416178300474
4.472573757171631,585,2.090177609536738,-0.7467057224494217
4.472573757171631,586,2.0916448537351435,-0.7449970924227076
4.472573757171631,587,2.093111936094373,-0.7432902882203318
4.472573757171631,588,2.094578856614427,-0.7415853098422944
4.472573757171631,589,2.0960456152953055,-0.7398821572885954
4.472573757171631,590,2.097512212137007,-0.7381808305592343
4.472573757171631,591,2.098978647139534,-0.7364813296542119
4.472573757171631,592,2.100444920302885,-0.7347836545735275
4.472573757171631,593,2.10191103162706,-0.7330878053171814
4.472573757171631,594,2.1033769811120586,-0.7313937818851736
4.472573757171631,595,2.104842768757882,-0.7297015842775042
4.472573757171631,596,2.10630839456453,-0.7280112124941731
4.472573757171631,597,2.1077738585320014,-0.7263226665351801
4.472573757171631,598,2.1092391606602976,-0.7246359464005254
4.472573757171631,599,2.1107043009494175,-0.722951052090209
4.472573757171631,600,2.1121692793993616,-0.721267983604231
4.472573757171631,601,2.1136340960101307,-0.7195867409425915
4.472573757171631,602,2.1150987507817227,-0.7179073241052898
4.472573757171631,603,2.11656324371414,-0.7162297330923266
4.472573757171631,604,2.1180275748073814,-0.7145539679037017
4.472573757171631,605,2.1194917440614462,-0.7128800285394152
4.472573757171631,606,2.1209557514763357,-0.7112079149994668
4.472573757171631,607,2.12241959705205,-0.7095376272838567
4.472573757171631,608,2.1238832807885872,-0.7078691653925849
4.472573757171631,609,2.1253468026859497,-0.7062025293256515
4.472573757171631,610,2.126810162744136,-0.7045377190830564
4.472573757171631,611,2.1282733609631466,-0.7028747346647994
4.472573757171631,612,2.129736397342981,-0.7012135760708808
4.472573757171631,613,2.13119927188364,-0.6995542433013004
4.472573757171631,614,2.1326619845851233,-0.6978967363560584
4.472573757171631,615,2.1341245354474307,-0.6962410552351548
4.472573757171631,616,2.1355869244705623,-0.6945871999385892
4.472573757171631,617,2.137049151654518,-0.692935170466362
4.472573757171631,618,2.1385112169992984,-0.6912849668184732
4.472573757171631,619,2.139973120504902,-0.6896365889949225
4.472573757171631,620,2.1414348621713306,-0.6879900369957103
4.472573757171631,621,2.142896441998583,-0.686345310820836
4.472573757171631,622,2.1443578599866595,-0.6847024104703003
4.472573757171631,623,2.1458191161355606,-0.6830613359441029
4.472573757171631,624,2.147280210445286,-0.6814220872422438
4.472573757171631,625,2.1487411429158354,-0.6797846643647228
4.472573757171631,626,2.1502019135472086,-0.6781490673115403
4.472573757171631,627,2.151662522339407,-0.676515296082696
4.472573757171631,628,2.1531229692924287,-0.6748833506781899
4.472573757171631,629,2.154583254406275,-0.6732532310980222
4.472573757171631,630,2.156043377680945,-0.6716249373421926
4.472573757171631,631,2.15750333911644,-0.6699984694107015
4.472573757171631,632,2.1589631387127586,-0.6683738273035487
4.472573757171631,633,2.1604227764699018,-0.6667510110207341
4.472573757171631,634,2.161882252387869,-0.6651300205622579
4.472573757171631,635,2.16334156646666,-0.6635108559281198
4.472573757171631,636,2.1648007187062754,-0.66189351711832
4.472573757171631,637,2.1662597091067157,-0.6602780041328585
4.472573757171631,638,2.1677185376679797,-0.6586643169717354
4.472573757171631,639,2.169177204390068,-0.6570524556349505
4.472573757171631,640,2.17063570927298,-0.6554424201225039
4.472573757171631,641,2.1720940523167167,-0.6538342104343956
4.472573757171631,642,2.173552233521278,-0.6522278265706256
4.472573757171631,643,2.175010252886663,-0.6506232685311939
4.472573757171631,644,2.176468110412872,-0.6490205363161003
4.472573757171631,645,2.177925806099905,-0.6474196299253452
4.472573757171631,646,2.179383339947763,-0.6458205493589283
4.472573757171631,647,2.1808407119564444,-0.6442232946168497
4.472573757171631,648,2.1822979221259504,-0.6426278656991095
4.472573757171631,649,2.183754970456281,-0.6410342626057074
4.472573757171631,650,2.1852118569474355,-0.6394424853366436
4.472573757171631,651,2.186668581599414,-0.6378525338919182
4.472573757171631,652,2.188125144412217,-0.6362644082715311
4.472573757171631,653,2.1895815453858436,-0.6346781084754821
4.472573757171631,654,2.191037784520295,-0.6330936345037717
4.472573757171631,655,2.1924938618155707,-0.6315109863563994
4.472573757171631,656,2.19394977727167,-0.6299301640333652
4.472573757171631,657,2.195405530888594,-0.6283511675346696
4.472573757171631,658,2.196861122666342,-0.6267739968603121
4.472573757171631,659,2.1983165526049144,-0.6251986520102929
4.472573757171631,660,2.199771820704311,-0.6236251329846121
4.472573757171631,661,2.201226926964532,-0.6220534397832694
4.472573757171631,662,2.2026818713855767,-0.6204835724062652
4.472573757171631,663,2.2041366539674456,-0.6189155308535993
4.472573757171631,664,2.2055912747101387,-0.6173493151252714
4.472573757171631,665,2.2070457336136564,-0.615784925221282
4.472573757171631,666,2.2085000306779983,-0.6142223611416309
4.472573757171631,667,2.209954165903164,-0.612661622886318
4.472573757171631,668,2.211408139289154,-0.6111027104553435
4.472573757171631,669,2.2128619508359684,-0.6095456238487071
4.472573757171631,670,2.214315600543607,-0.6079903630664091
4.472573757171631,671,2.2157690884120695,-0.6064369281084494
4.472573757171631,672,2.2172224144413564,-0.6048853189748279
4.472573757171631,673,2.2186755786314674,-0.6033355356655449
4.472573757171631,674,2.2201285809824025,-0.6017875781805999
4.472573757171631,675,2.2215814214941623,-0.6002414465199933
4.472573757171631,676,2.223034100166746,-0.5986971406837251
4.472573757171631,677,2.224486617000154,-0.5971546606717952
4.472573757171631,678,2.225938971994386,-0.5956140064842036
4.472573757171631,679,2.2273911651494425,-0.59407517812095
4.472573757171631,680,2.228843196465323,-0.5925381755820349
4.472573757171631,681,2.2302950659420278,-0.591002998867458
4.472573757171631,682,2.2317467735795566,-0.5894696479772196
4.472573757171631,683,2.2331983193779097,-0.5879381229113192
4.472573757171631,684,2.2346497033370873,-0.5864084236697573
4.472573757171631,685,2.2361009254570887,-0.5848805502525335
4.472573757171631,686,2.2375519857379147,-0.5833545026596482
4.472573757171631,687,2.2390028841795644,-0.5818302808911009
4.472573757171631,688,2.2404536207820387,-0.5803078849468921
4.472573757171631,689,2.2419041955453367,-0.5787873148270215
4.472573757171631,690,2.2433546084694593,-0.5772685705314893
4.472573757171631,691,2.244804859554406,-0.5757516520602952
4.472573757171631,692,2.246254948800177,-0.5742365594134395
4.472573757171631,693,2.247704876206772,-0.5727232925909221
4.472573757171631,694,2.2491546417741914,-0.5712118515927429
4.472573757171631,695,2.2506042455024353,-0.5697022364189022
4.472573757171631,696,2.252053687391503,-0.5681944470693995
4.472573757171631,697,2.2535029674413947,-0.5666884835442352
4.472573757171631,698,2.254952085652111,-0.5651843458434093
4.472573757171631,699,2.2564010420236515,-0.5636820339669215
4.472573757171631,700,2.257849836556016,-0.5621815479147722
4.472573757171631,701,2.259298469249205,-0.5606828876869611
4.472573757171631,702,2.2607469401032176,-0.5591860532834881
4.472573757171631,703,2.2621952491180553,-0.5576910447043536
4.472573757171631,704,2.2636433962937166,-0.5561978619495573
4.472573757171631,705,2.2650913816302016,-0.5547065050190993
4.472573757171631,706,2.2665392051275117,-0.5532169739129797
4.472573757171631,707,2.2679868667856455,-0.5517292686311982
4.472573757171631,708,2.269434366604604,-0.5502433891737551
4.472573757171631,709,2.270881704584386,-0.5487593355406503
4.472573757171631,710,2.2723288807249933,-0.5472771077318839
4.472573757171631,711,2.2737758950264237,-0.5457967057474555
4.472573757171631,712,2.275222747488679,-0.5443181295873656
4.472573757171631,713,2.276669438111758,-0.5428413792516139
4.472573757171631,714,2.2781159668956614,-0.5413664547402005
4.472573757171631,715,2.279562333840389,-0.5398933560531254
4.472573757171631,716,2.2810085389459407,-0.5384220831903885
4.472573757171631,717,2.282454582212317,-0.53695263615199
4.472573757171631,718,2.283900463639517,-0.5354850149379298
4.472573757171631,719,2.2853461832275412,-0.5340192195482076
4.472573757171631,720,2.28679174097639,-0.532555249982824
4.472573757171631,721,2.288237136886063,-0.5310931062417786
4.472573757171631,722,2.28968237095656,-0.5296327883250715
4.472573757171631,723,2.2911274431878814,-0.5281742962327027
4.472573757171631,724,2.292572353580027,-0.5267176299646721
4.472573757171631,725,2.2940171021329965,-0.5252627895209798
4.472573757171631,726,2.2954616888467902,-0.5238097749016258
4.472573757171631,727,2.296906113721408,-0.5223585861066101
4.472573757171631,728,2.2983503767568503,-0.5209092231359328
4.472573757171631,729,2.2997944779531165,-0.5194616859895936
4.472573757171631,730,2.3012384173102074,-0.5180159746675929
4.472573757171631,731,2.3026821948281224,-0.5165720891699302
4.472573757171631,732,2.304125810506861,-0.5151300294966061
4.472573757171631,733,2.305569264346425,-0.5136897956476201
4.472573757171631,734,2.307012556346812,-0.5122513876229724
4.472573757171631,735,2.3084556865080237,-0.510814805422663
4.472573757171631,736,2.3098986548300595,-0.5093800490466919
4.472573757171631,737,2.31134146131292,-0.507947118495059
4.472573757171631,738,2.312784105956604,-0.5065160137677645
4.472573757171631,739,2.3142265887611124,-0.5050867348648083
4.472573757171631,740,2.315668909726445,-0.5036592817861902
4.472573757171631,741,2.3171110688526015,-0.5022336545319106
4.472573757171631,742,2.318553066139583,-0.5008098531019691
4.472573757171631,743,2.3199949015873877,-0.49938787749636604
4.472573757171631,744,2.3214365751960173,-0.4979677277151012
4.472573757171631,745,2.3228780869654715,-0.4965494037581747
4.472573757171631,746,2.324319436895749,-0.49513290562558643
4.472573757171631,747,2.325760624986851,-0.49371823331733655
4.472573757171631,748,2.327201651238777,-0.4923053868334248
4.472573757171631,749,2.328642515651528,-0.49089436617385146
4.472573757171631,750,2.3300832182251026,-0.48948517133861635
4.472573757171631,751,2.3315237589595013,-0.48807780232771947
4.472573757171631,752,2.3329641378547246,-0.48667225914116097
4.472573757171631,753,2.334404354910772,-0.4852685417789407
4.472573757171631,754,2.335844410127643,-0.4838666502410588
4.472573757171631,755,2.337284303505339,-0.4824665845275151
4.472573757171631,756,2.338724035043859,-0.48106834463830966
4.472573757171631,757,2.340163604743203,-0.4796719305734426
4.472573757171631,758,2.3416030126033713,-0.47827734233291375
4.472573757171631,759,2.3430422586243638,-0.4768845799167233
4.472573757171631,760,2.344481342806181,-0.475493643324871
4.472573757171631,761,2.3459202651488216,-0.4741045325573571
4.472573757171631,762,2.3473590256522865,-0.4727172476141814
4.472573757171631,763,2.348797624316576,-0.471331788495344
4.472573757171631,764,2.3502360611416897,-0.46994815520084493
4.472573757171631,765,2.351674336127627,-0.46856634773068406
4.472573757171631,766,2.353112449274389,-0.4671863660848616
4.472573757171631,767,2.3545504005819753,-0.4658082102633774
4.472573757171631,768,2.3559881900503856,-0.46443188026623144
4.472573757171631,769,2.35742581767962,-0.46305737609342373
4.472573757171631,770,2.358863283469679,-0.46168469774495435
4.472573757171631,771,2.360300587420562,-0.4603138452208233
4.472573757171631,772,2.361737729532269,-0.4589448185210304
4.472573757171631,773,2.3631747098048006,-0.4575776176455759
4.472573757171631,774,2.364611528238156,-0.4562122425944597
4.472573757171631,775,2.366048184832336,-0.45484869336768174
4.472573757171631,776,2.3674846795873394,-0.4534869699652421
4.472573757171631,777,2.3689210125031677,-0.4521270723871407
4.472573757171631,778,2.37035718357982,-0.45076900063337766
4.472573757171631,779,2.3717931928172966,-0.4494127547039528
4.472573757171631,780,2.3732290402155973,-0.4480583345988663
4.472573757171631,781,2.3746647257747227,-0.44670574031811805
4.472573757171631,782,2.3761002494946717,-0.44535497186170814
4.472573757171631,783,2.377535611375445,-0.44400602922963645
4.472573757171631,784,2.3789708114170427,-0.44265891242190314
4.472573757171631,785,2.380405849619464,-0.441313621438508
4.472573757171631,786,2.3818407259827103,-0.4399701562794512
4.472573757171631,787,2.3832754405067806,-0.4386285169447327
4.472573757171631,788,2.384709993191675,-0.43728870343435244
4.472573757171631,789,2.3861443840373937,-0.43595071574831057
4.472573757171631,790,2.387578613043936,-0.4346145538866069
4.472573757171631,791,2.3890126802113034,-0.43328021784924164
4.472573757171631,792,2.3904465855394945,-0.43194770763621454
4.472573757171631,793,2.3918803290285098,-0.4306170232475257
4.472573757171631,794,2.3933139106783496,-0.4292881646831752
4.472573757171631,795,2.3947473304890132,-0.427961131943163
4.472573757171631,796,2.3961805884605014,-0.42663592502748904
4.472573757171631,797,2.3976136845928138,-0.4253125439361534
4.472573757171631,798,2.3990466188859503,-0.4239909886691561
4.472573757171631,799,2.4004793913399105,-0.422671259226497
4.472573757171631,800,2.4019120019546953,-0.4213533556081762
4.472573757171631,801,2.4033444507303043,-0.42003727781419375
4.472573757171631,802,2.4047767376667375,-0.41872302584454946
4.472573757171631,803,2.4062088627639953,-0.41741059969924355
4.472573757171631,804,2.4076408260220767,-0.4160999993782759
4.472573757171631,805,2.409072627440983,-0.41479122488164655
4.472573757171631,806,2.4105042670207126,-0.41348427620935546
4.472573757171631,807,2.4119357447612666,-0.41217915336140265
4.472573757171631,808,2.4133670606626456,-0.41087585633778817
4.472573757171631,809,2.414798214724848,-0.40957438513851196
4.472573757171631,810,2.416229206947875,-0.408274739763574
4.472573757171631,811,2.417660037331726,-0.4069769202129744
4.472573757171631,812,2.419090705876401,-0.405680926486713
4.472573757171631,813,2.4205212125819004,-0.40438675858478995
4.472573757171631,814,2.4219515574482244,-0.4030944165072051
4.472573757171631,815,2.4233817404753717,-0.40180390025395873
4.472573757171631,816,2.424811761663344,-0.40051520982505046
4.472573757171631,817,2.4262416210121405,-0.39922834522048056
4.472573757171631,818,2.427671318521761,-0.3979433064402489
4.472573757171631,819,2.4291008541922054,-0.39666009348435555
4.472573757171631,820,2.4305302280234744,-0.3953787063528005
4.472573757171631,821,2.4319594400155675,-0.39409914504558374
4.472573757171631,822,2.433388490168485,-0.39282140956270517
4.472573757171631,823,2.4348173784822267,-0.391545499904165
4.472573757171631,824,2.436246104956792,-0.39027141606996313
4.472573757171631,825,2.4376746695921816,-0.3889991580600995
4.472573757171631,826,2.439103072388396,-0.38772872587457413
4.472573757171631,827,2.440531313345434,-0.38646011951338705
4.472573757171631,828,2.4419593924632963,-0.3851933389765383
4.472573757171631,829,2.4433873097419836,-0.3839283842640278
4.472573757171631,830,2.444815065181494,-0.38266525537585555
4.472573757171631,831,2.44624265878183,-0.38140395231202173
4.472573757171631,832,2.4476700905429887,-0.380144475072526
4.472573757171631,833,2.449097360464972,-0.3788868236573687
4.472573757171631,834,2.45052446854778,-0.37763099806654965
4.472573757171631,835,2.451951414791412,-0.3763769983000689
4.472573757171631,836,2.4533781991958676,-0.3751248243579264
4.472573757171631,837,2.4548048217611482,-0.37387447624012216
4.472573757171631,838,2.456231282487253,-0.37262595394665626
4.472573757171631,839,2.4576575813741814,-0.37137925747752865
4.472573757171631,840,2.459083718421934,-0.3701343868327393
4.472573757171631,841,2.4605096936305118,-0.3688913420122883
4.472573757171631,842,2.4619355069999127,-0.3676501230161755
4.472573757171631,843,2.4633611585301383,-0.36641072984440104
4.472573757171631,844,2.464786648221188,-0.3651731624969648
4.472573757171631,845,2.466211976073062,-0.36393742097386694
4.472573757171631,846,2.4676371420857603,-0.3627035052751073
4.472573757171631,847,2.469062146259282,-0.36147141540068595
4.472573757171631,848,2.470486988593629,-0.3602411513506029
4.472573757171631,849,2.4719116690888,-0.35901271312485816
4.472573757171631,850,2.4733361877447946,-0.3577861007234517
4.472573757171631,851,2.474760544561614,-0.35656131414638353
4.472573757171631,852,2.4761847395392573,-0.3553383533936536
4.472573757171631,853,2.4776087726777245,-0.35411721846526206
4.472573757171631,854,2.4790326439770167,-0.35289790936120874
4.472573757171631,855,2.480456353437132,-0.35168042608149364
4.472573757171631,856,2.4818799010580728,-0.3504647686261169
4.472573757171631,857,2.4833032868398366,-0.3492509369950784
4.472573757171631,858,2.4847265107824255,-0.34803893118837825
4.472573757171631,859,2.4861495728858385,-0.34682875120601636
4.472573757171631,860,2.4875724731500752,-0.34562039704799274
4.472573757171631,861,2.488995211575136,-0.3444138687143074
4.472573757171631,862,2.4904177881610217,-0.34320916620496034
4.472573757171631,863,2.4918402029077313,-0.3420062895199516
4.472573757171631,864,2.493262455815265,-0.34080523865928114
4.472573757171631,865,2.494684546883623,-0.33960601362294895
4.472573757171631,866,2.4961064761128053,-0.33840861441095504
4.472573757171631,867,2.4975282435028117,-0.33721304102329946
4.472573757171631,868,2.4989498490536426,-0.33601929345998216
4.472573757171631,869,2.500371292765297,-0.3348273717210031
4.472573757171631,870,2.501792574637776,-0.3336372758063624
4.472573757171631,871,2.5032136946710795,-0.3324490057160599
4.472573757171631,872,2.5046346528652066,-0.3312625614500957
4.472573757171631,873,2.5060554492201583,-0.3300779430084698
4.472573757171631,874,2.5074760837359342,-0.3288951503911822
4.472573757171631,875,2.5088965564125343,-0.3277141835982329
4.472573757171631,876,2.5103168672499585,-0.32653504262962185
4.472573757171631,877,2.5117370162482064,-0.3253577274853491
4.472573757171631,878,2.5131570034072794,-0.3241822381654147
4.472573757171631,879,2.5145768287271766,-0.32300857466981847
4.472573757171631,880,2.515996492207897,-0.3218367369985606
4.472573757171631,881,2.5174159938494425,-0.320666725151641
4.472573757171631,882,2.518835333651812,-0.3194985391290597
4.472573757171631,883,2.5202545116150055,-0.31833217893081667
4.472573757171631,884,2.5216735277390234,-0.3171676445569119
4.472573757171631,885,2.5230923820238655,-0.31600493600734547
4.472573757171631,886,2.5245110744695314,-0.3148440532821173
4.472573757171631,887,2.525929605076022,-0.3136849963812274
4.472573757171631,888,2.527347973843337,-0.3125277653046758
4.472573757171631,889,2.528766180771475,-0.3113723600524625
4.472573757171631,890,2.5301842258604386,-0.31021878062458746
4.472573757171631,891,2.5316021091102257,-0.3090670270210507
4.472573757171631,892,2.5330198305208373,-0.3079170992418523
4.472573757171631,893,2.534437390092273,-0.30676899728699214
4.472573757171631,894,2.5358547878245328,-0.30562272115647027
4.472573757171631,895,2.537272023717617,-0.3044782708502866
4.472573757171631,896,2.5386890977715253,-0.30333564636844135
4.472573757171631,897,2.540106009986258,-0.3021948477109343
4.472573757171631,898,2.5415227603618145,-0.3010558748777656
4.472573757171631,899,2.5429393488981953,-0.29991872786893514
4.472573757171631,900,2.5443557755954003,-0.298783406684443
4.472573757171631,901,2.54577204045343,-0.2976499113242891
4.472573757171631,902,2.547188143472283,-0.2965182417884735
4.472573757171631,903,2.5486040846519606,-0.2953883980769962
4.472573757171631,904,2.5500198639924627,-0.29426038018985723
4.472573757171631,905,2.5514354814937885,-0.2931341881270565
4.472573757171631,906,2.552850937155939,-0.29200982188859403
4.472573757171631,907,2.554266230978913,-0.29088728147446985
4.472573757171631,908,2.555681362962712,-0.28976656688468394
4.472573757171631,909,2.557096333107335,-0.2886476781192364
4.472573757171631,910,2.558511141412782,-0.28753061517812706
4.472573757171631,911,2.5599257878790533,-0.2864153780613561
4.472573757171631,912,2.5613402725061487,-0.2853019667689234
4.472573757171631,913,2.5627545952940687,-0.2841903813008289
4.472573757171631,914,2.564168756242813,-0.28308062165707276
4.472573757171631,915,2.5655827553523807,-0.2819726878376549
4.472573757171631,916,2.5669965926227727,-0.2808665798425753
4.472573757171631,917,2.5684102680539898,-0.279762297671834
4.472573757171631,918,2.56982378164603,-0.2786598413254311
4.472573757171631,919,2.571237133398895,-0.2775592108033663
4.472573757171631,920,2.572650323312584,-0.27646040610563993
4.472573757171631,921,2.5740633513870974,-0.2753634272322517
4.472573757171631,922,2.575476217622435,-0.2742682741832019
4.472573757171631,923,2.576888922018597,-0.2731749469584903
4.472573757171631,924,2.5783014645755826,-0.27208344555811703
4.472573757171631,925,2.5797138452933925,-0.270993769982082
4.472573757171631,926,2.581126064172027,-0.2699059202303853
4.472573757171631,927,2.5825381212114857,-0.2688198963030269
4.472573757171631,928,2.5839500164117686,-0.26773569820000676
4.472573757171631,929,2.585361749772875,-0.26665332592132485
4.472573757171631,930,2.5867733212948063,-0.26557277946698127
4.472573757171631,931,2.5881847309775616,-0.26449405883697596
4.472573757171631,932,2.589595978821141,-0.263417164031309
4.472573757171631,933,2.591007064825545,-0.2623420950499803
4.472573757171631,934,2.592417988990773,-0.2612688518929899
4.472573757171631,935,2.593828751316825,-0.2601974345603377
4.472573757171631,936,2.595239351803702,-0.25912784305202385
4.472573757171631,937,2.5966497904514023,-0.25806007736804826
4.472573757171631,938,2.5980600672599268,-0.25699413750841105
4.472573757171631,939,2.5994701822292754,-0.255930023473112
4.472573757171631,940,2.600880135359449,-0.25486773526215134
4.472573757171631,941,2.6022899266504464,-0.25380727287552884
4.472573757171631,942,2.603699556102268,-0.25274863631324473
4.472573757171631,943,2.6051090237149137,-0.2516918255752989
4.472573757171631,944,2.6065183294883836,-0.25063684066169134
4.472573757171631,945,2.607927473422678,-0.24958368157242206
4.472573757171631,946,2.6093364555177962,-0.24853234830749105
4.472573757171631,947,2.610745275773739,-0.24748284086689834
4.472573757171631,948,2.612153934190506,-0.24643515925064394
4.472573757171631,949,2.6135624307680967,-0.2453893034587278
4.472573757171631,950,2.6149707655065115,-0.24434527349114996
4.472573757171631,951,2.6163789384057514,-0.2433030693479104
4.472573757171631,952,2.6177869494658146,-0.2422626910290091
4.472573757171631,953,2.619194798686703,-0.2412241385344461
4.472573757171631,954,2.6206024860684147,-0.2401874118642214
4.472573757171631,955,2.6220100116109513,-0.23915251101833498
4.472573757171631,956,2.623417375314311,-0.23811943599678687
4.472573757171631,957,2.624824577178496,-0.237088186799577
4.472573757171631,958,2.626231617203505,-0.23605876342670545
4.472573757171631,959,2.6276384953893377,-0.2350311658781722
4.472573757171631,960,2.629045211735995,-0.23400539415397723
4.472573757171631,961,2.6304517662434765,-0.23298144825412048
4.472573757171631,962,2.631858158911782,-0.2319593281786021
4.472573757171631,963,2.633264389740912,-0.230939033927422
4.472573757171631,964,2.634670458730866,-0.22992056550058015
4.472573757171631,965,2.636076365881644,-0.2289039228980766
4.472573757171631,966,2.6374821111932465,-0.22788910611991134
4.472573757171631,967,2.638887694665673,-0.22687611516608433
4.472573757171631,968,2.640293116298924,-0.22586495003659565
4.472573757171631,969,2.641698376092999,-0.22485561073144522
4.472573757171631,970,2.6431034740478982,-0.2238480972506331
4.472573757171631,971,2.6445084101636223,-0.2228424095941593
4.472573757171631,972,2.6459131844401695,-0.22183854776202375
4.472573757171631,973,2.6473177968775414,-0.22083651175422647
4.472573757171631,974,2.6487222474757375,-0.2198363015707675
4.472573757171631,975,2.6501265362347577,-0.2188379172116468
4.472573757171631,976,2.651530663154602,-0.21784135867686438
4.472573757171631,977,2.6529346282352706,-0.2168466259664203
4.472573757171631,978,2.6543384314767637,-0.21585371908031445
4.472573757171631,979,2.655742072879081,-0.2148626380185469
4.472573757171631,980,2.657145552442222,-0.21387338278111764
4.472573757171631,981,2.6585488701661877,-0.21288595336802674
4.472573757171631,982,2.659952026050977,-0.21190034977927405
4.472573757171631,983,2.6613550200965905,-0.21091657201485964
4.472573757171631,984,2.662757852303029,-0.20993462007478353
4.472573757171631,985,2.664160522670292,-0.2089544939590457
4.472573757171631,986,2.665563031198378,-0.20797619366764616
4.472573757171631,987,2.6669653778872884,-0.2069997192005849
4.472573757171631,988,2.668367562737023,-0.20602507055786193
4.472573757171631,989,2.6697695857475825,-0.20505224773947722
4.472573757171631,990,2.671171446918966,-0.20408125074543085
4.472573757171631,991,2.672573146251173,-0.20311207957572272
4.472573757171631,992,2.6739746837442047,-0.2021447342303529
4.472573757171631,993,2.6753760593980607,-0.20117921470932137
4.472573757171631,994,2.676777273212741,-0.20021552101262813
4.472573757171631,995,2.6781783251882456,-0.19925365314027318
4.472573757171631,996,2.6795792153245737,-0.19829361109225646
4.472573757171631,997,2.6809799436217268,-0.1973353948685781
4.472573757171631,998,2.6823805100797036,-0.19637900446923798
4.472573757171631,999,2.6837809146985045,-0.19542443989423616
4.472573757171631,1000,2.68518115747813,-0.19447170114357262
4.472573757171631,1001,2.6865812384185794,-0.19352078821724739
4.472573757171631,1002,2.6865812384185794,-0.19352078821724739
4.472573757171631,1003,2.6879812384394413,-0.19257043820308606
4.472573757171631,1004,2.6893812384603026,-0.19161938818891433
4.472573757171631,1005,2.6907812384811645,-0.19066763817473215
4.472573757171631,1006,2.692181238502026,-0.1897151881605395
4.472573757171631,1007,2.6935812385228877,-0.18876203814633646
4.472573757171631,1008,2.694981238543749,-0.18780818813212302
4.472573757171631,1009,2.696381238564611,-0.18685363811789912
4.472573757171631,1010,2.6977812385854723,-0.18589838810366477
4.472573757171631,1011,2.6991812386063336,-0.18494243808941999
4.472573757171631,1012,2.7005812386271955,-0.1839857880751648
4.472573757171631,1013,2.701981238648057,-0.18302843806089916
4.472573757171631,1014,2.7033812386689187,-0.18207038804662312
4.472573757171631,1015,2.7047812386897805,-0.18111163803233662
4.472573757171631,1016,2.706181238710642,-0.1801521880180397
4.472573757171631,1017,2.7075812387315032,-0.17919203800373237
4.472573757171631,1018,2.708981238752366,-0.17823118798941456
4.472573757171631,1019,2.7103812387732273,-0.17726963797508638
4.472573757171631,1020,2.7117812387940883,-0.1763073879607477
4.472573757171631,1021,2.71318123881495,-0.17534443794639867
4.472573757171631,1022,2.714581238835812,-0.17438078793203915
4.472573757171631,1023,2.715981238856673,-0.17341643791766922
4.472573757171631,1024,2.717381238877535,-0.17245138790328884
4.472573757171631,1025,2.7187812388983965,-0.17148563788889806
4.472573757171631,1026,2.7201812389192583,-0.1705191878744968
4.472573757171631,1027,2.72158123894012,-0.1695520378600852
4.472573757171631,1028,2.7229812389609815,-0.16858418784566306
4.472573757171631,1029,2.724381238981843,-0.16761563783123054
4.472573757171631,1030,2.7257812390027047,-0.1666463878167876
4.472573757171631,1031,2.7271812390235666,-0.16567643780233424
4.472573757171631,1032,2.7285812390444275,-0.1647057877878704
4.472573757171631,1033,2.7299812390652893,-0.16373443777339614
4.472573757171631,1034,2.7313812390861507,-0.1627623877589115
4.472573757171631,1035,2.7327812391070125,-0.16178963774441638
4.472573757171631,1036,2.7341812391278744,-0.16081618772991085
4.472573757171631,1037,2.735581239148736,-0.15984203771539487
4.472573757171631,1038,2.7369812391695976,-0.15886718770086847
4.472573757171631,1039,2.73838123919046,-0.15789163768633172
4.472573757171631,1040,2.739781239211321,-0.15691538767178442
4.472573757171631,1041,2.7411812392321835,-0.15593843765722673
4.472573757171631,1042,2.742581239253045,-0.1549607876426586
4.472573757171631,1043,2.7439812392739062,-0.1539824376280801
4.472573757171631,1044,2.745381239294768,-0.15300338761349105
4.472573757171631,1045,2.74678123931563,-0.15202363759889168
4.472573757171631,1046,2.7481812393364913,-0.1510431875842818
4.472573757171631,1047,2.7495812393573527,-0.15006203756966155
4.472573757171631,1048,2.7509812393782145,-0.14908018755503086
4.472573757171631,1049,2.752381239399076,-0.1480976375403897
4.472573757171631,1050,2.7537812394199377,-0.14711438752573813
4.472573757171631,1051,2.7551812394407986,-0.14613043751107616
4.472573757171631,1052,2.756581239461661,-0.14514578749640372
4.472573757171631,1053,2.7579812394825223,-0.14416043748172086
4.472573757171631,1054,2.759381239503384,-0.14317438746702757
4.472573757171631,1055,2.760781239524246,-0.14218763745232385
4.472573757171631,1056,2.7621812395451077,-0.14120018743760968
4.472573757171631,1057,2.7635812395659687,-0.1402120374228851
4.472573757171631,1058,2.7649812395868305,-0.1392231874081501
4.472573757171631,1059,2.766381239607692,-0.13823363739340466
4.472573757171631,1060,2.7677812396285537,-0.13724338737864877
4.472573757171631,1061,2.7691812396494155,-0.13625243736388248
4.472573757171631,1062,2.770581239670277,-0.13526078734910574
4.472573757171631,1063,2.7719812396911387,-0.13426843733431856
4.472573757171631,1064,2.7733812397119997,-0.13327538731952093
4.472573757171631,1065,2.774781239732862,-0.13228163730471293
4.472573757171631,1066,2.7761812397537238,-0.13128718728989444
4.472573757171631,1067,2.777581239774585,-0.1302920372750656
4.472573757171631,1068,2.7789812397954465,-0.12929618726022626
4.472573757171631,1069,2.7803812398163084,-0.1282996372453765
4.472573757171631,1070,2.78178123983717,-0.12730238723051632
4.472573757171631,1071,2.7831812398580316,-0.12630443721564572
4.472573757171631,1072,2.7845812398788934,-0.12530578720076466
4.472573757171631,1073,2.7859812398997543,-0.12430643718587318
4.472573757171631,1074,2.787381239920616,-0.12330638717097127
4.472573757171631,1075,2.788781239941478,-0.12230563715605894
4.472573757171631,1076,2.7901812399623394,-0.1213041871411362
4.472573757171631,1077,2.791581239983201,-0.12030203712620299
4.472573757171631,1078,2.7929812400040626,-0.11929918711125934
4.472573757171631,1079,2.7943812400249244,-0.1182956370963053
4.472573757171631,1080,2.795781240045786,-0.1172913870813408
4.472573757171631,1081,2.797181240066648,-0.11628643706636588
4.472573757171631,1082,2.7985812400875094,-0.1152807870513805
4.472573757171631,1083,2.7999812401083712,-0.11427443703638475
4.472573757171631,1084,2.801381240129233,-0.11326738702137852
4.472573757171631,1085,2.8027812401500944,-0.11225963700636189
4.472573757171631,1086,2.8041812401709563,-0.11125118699133481
4.472573757171631,1087,2.8055812401918176,-0.11024203697629728
4.472573757171631,1088,2.8069812402126795,-0.10923218696124935
4.472573757171631,1089,2.808381240233541,-0.10822163694619098
4.472573757171631,1090,2.809781240254403,-0.10721038693112221
4.472573757171631,1091,2.8111812402752645,-0.106198436916043
4.472573757171631,1092,2.812581240296126,-0.10518578690095334
4.472573757171631,1093,2.8139812403169877,-0.10417243688585325
4.472573757171631,1094,2.815381240337849,-0.10315838687074272
4.472573757171631,1095,2.816781240358711,-0.10214363685562176
4.472573757171631,1096,2.8181812403795727,-0.10112818684049038
4.472573757171631,1097,2.819581240400434,-0.10011203682534858
4.472573757171631,1098,2.820981240421296,-0.09909518681019633
4.472573757171631,1099,2.8223812404421578,-0.09807763679503365
4.472573757171631,1100,2.823781240463019,-0.09705938677986053
4.472573757171631,1101,2.8251812404838805,-0.096040436764677
4.472573757171631,1102,2.826581240504743,-0.09502078674948303
4.472573757171631,1103,2.8279812405256037,-0.09400043673427862
4.472573757171631,1104,2.8293812405464656,-0.09297938671906378
4.472573757171631,1105,2.8307812405673274,-0.09195763670383852
4.472573757171631,1106,2.8321812405881888,-0.09093518668860283
4.472573757171631,1107,2.8335812406090506,-0.08991203667335673
4.472573757171631,1108,2.834981240629912,-0.08888818665810015
4.472573757171631,1109,2.8363812406507733,-0.08786363664283317
4.472573757171631,1110,2.8377812406716356,-0.08683838662755576
4.472573757171631,1111,2.839181240692497,-0.08581243661226792
4.472573757171631,1112,2.840581240713358,-0.08478578659696964
4.472573757171631,1113,2.8419812407342206,-0.08375843658166092
4.472573757171631,1114,2.8433812407550816,-0.0827303865663418
4.472573757171631,1115,2.8447812407759434,-0.08170163655101222
4.472573757171631,1116,2.8461812407968052,-0.08067218653567222
4.472573757171631,1117,2.8475812408176666,-0.07964203652032176
4.472573757171631,1118,2.848981240838528,-0.0786111865049609
4.472573757171631,1119,2.85038124085939,-0.07757963648958963
4.472573757171631,1120,2.8517812408802516,-0.0765473864742079
4.472573757171631,1121,2.853181240901113,-0.07551443645881575
4.472573757171631,1122,2.8545812409219744,-0.07448078644341316
4.472573757171631,1123,2.8559812409428362,-0.07344643642800014
4.472573757171631,1124,2.8573812409636976,-0.0724113864125767
4.472573757171631,1125,2.858781240984559,-0.07137563639714282
4.472573757171631,1126,2.860181241005421,-0.07033918638169852
4.472573757171631,1127,2.8615812410262826,-0.06930203636624377
4.472573757171631,1128,2.862981241047144,-0.0682641863507786
4.472573757171631,1129,2.864381241068006,-0.067225636335303
4.472573757171631,1130,2.8657812410888677,-0.06618638631981698
4.472573757171631,1131,2.867181241109729,-0.06514643630432049
4.472573757171631,1132,2.868581241130591,-0.0641057862888136
4.472573757171631,1133,2.8699812411514523,-0.06306443627329629
4.472573757171631,1134,2.871381241172314,-0.06202238625776853
4.472573757171631,1135,2.8727812411931755,-0.06097963624223034
4.472573757171631,1136,2.8741812412140373,-0.059936186226681724
4.472573757171631,1137,2.8755812412348987,-0.05889203621112266
4.472573757171631,1138,2.8769812412557605,-0.05784718619555321
4.472573757171631,1139,2.8783812412766223,-0.056801636179973275
4.472573757171631,1140,2.8797812412974837,-0.05575538616438294
4.472573757171631,1141,2.8811812413183455,-0.05470843614878217
4.472573757171631,1142,2.882581241339207,-0.05366078613317096
4.472573757171631,1143,2.8839812413600687,-0.052612436117549344
4.472573757171631,1144,2.8853812413809306,-0.05156338610191728
4.472573757171631,1145,2.886781241401792,-0.05051363608627478
4.472573757171631,1146,2.8881812414226538,-0.04946318607062186
4.472573757171631,1147,2.8895812414435147,-0.04841203605495852
4.472573757171631,1148,2.8909812414643765,-0.047360186039284706
4.472573757171631,1149,2.8923812414852383,-0.046307636023600496
4.472573757171631,1150,2.8937812415060997,-0.04525438600790585
4.472573757171631,1151,2.8951812415269615,-0.044200435992200776
4.472573757171631,1152,2.8965812415478225,-0.04314578597648526
4.472573757171631,1153,2.8979812415686843,-0.042090435960759315
4.472573757171631,1154,2.899381241589546,-0.041034385945022955
4.472573757171631,1155,2.900781241610408,-0.03997763592927615
4.472573757171631,1156,2.90218124163127,-0.038920185913518916
4.472573757171631,1157,2.903581241652131,-0.03786203589775126
4.472573757171631,1158,2.904981241672993,-0.03680318588197314
4.472573757171631,1159,2.906381241693854,-0.03574363586618461
4.472573757171631,1160,2.9077812417147157,-0.03468338585038566
4.472573757171631,1161,2.9091812417355776,-0.03362243583457629
4.472573757171631,1162,2.910581241756439,-0.03256078581875647
4.472573757171631,1163,2.9119812417773008,-0.031498435802926224
4.472573757171631,1164,2.9133812417981626,-0.030435385787085552
4.472573757171631,1165,2.914781241819024,-0.029371635771234424
4.472573757171631,1166,2.9161812418398854,-0.028307185755372888
4.472573757171631,1167,2.9175812418607476,-0.027242035739500924
4.472573757171631,1168,2.918981241881609,-0.02617618572361849
4.472573757171631,1169,2.9203812419024704,-0.025109635707725668
4.472573757171631,1170,2.921781241923332,-0.02404238569182241
4.472573757171631,1171,2.923181241944194,-0.02297443567590872
4.472573757171631,1172,2.9245812419650554,-0.021905785659984578
4.472573757171631,1173,2.925981241985917,-0.020836435644050015
4.472573757171631,1174,2.9273812420067786,-0.01976638562810503
4.472573757171631,1175,2.9287812420276405,-0.018695635612149618
4.472573757171631,1176,2.930181242048502,-0.017624185596183763
4.472573757171631,1177,2.9315812420693637,-0.016552035580207493
4.472573757171631,1178,2.9329812420902255,-0.015479185564220808
4.472573757171631,1179,2.9343812421110873,-0.014405635548223675
4.472573757171631,1180,2.935781242131949,-0.013331385532216106
4.472573757171631,1181,2.9371812421528105,-0.012256435516198101
4.472573757171631,1182,2.938581242173672,-0.011180785500169654
4.472573757171631,1183,2.9399812421945337,-0.010104435484130793
4.472573757171631,1184,2.941381242215395,-0.009027385468081489
4.472573757171631,1185,2.942781242236257,-0.007949635452021785
4.472573757171631,1186,2.9441812422571183,-0.00687118543595161
4.472573757171631,1187,2.94558124227798,-0.005792035419871035
4.472573757171631,1188,2.946981242298842,-0.00471218540378001
4.472573757171631,1189,2.9483812423197038,-0.00363163538767855
4.472573757171631,1190,2.949781242340565,-0.0025503853715666686
4.472573757171631,1191,2.951181242361427,-0.0014684353554443585
4.472573757171631,1192,2.952581242382289,-0.000385785339311627
4.472573757171631,1193,2.9539812424031497,0.0006975646768315538
4.472573757171631,1194,2.955381242424012,0.0017816146929851492
4.472573757171631,1195,2.9567812424448734,0.002866364709149201
4.472573757171631,1196,2.9581812424657348,0.003951814725323674
4.472573757171631,1197,2.959581242486596,0.005037964741508562
4.472573757171631,1198,2.960981242507458,0.006124814757703892
4.472573757171631,1199,2.96238124252832,0.007212364773909644
4.472573757171631,1200,2.9637812425491816,0.008300614790125838
4.472573757171631,1201,2.965181242570043,0.009389564806352474
4.472573757171631,1202,2.966581242590905,0.010479214822589518
4.472573757171631,1203,2.967981242611766,0.011569564838836997
4.472573757171631,1204,2.969381242632628,0.012660614855094898
4.472573757171631,1205,2.97078124265349,0.013752364871363242
4.472573757171631,1206,2.972181242674351,0.014844814887642027
4.472573757171631,1207,2.9735812426952126,0.015937964903931227
4.472573757171631,1208,2.9749812427160744,0.017031814920230877
4.472573757171631,1209,2.9763812427369363,0.018126364936540934
4.472573757171631,1210,2.9777812427577977,0.019221614952861427
4.472573757171631,1211,2.97918124277866,0.02031756496919232
4.472573757171631,1212,2.980581242799521,0.021414214985533676
4.472573757171631,1213,2.981981242820383,0.02251156500188546
4.472573757171631,1214,2.9833812428412445,0.02360961501824768
4.472573757171631,1215,2.9847812428621063,0.024708365034620344
4.472573757171631,1216,2.9861812428829673,0.02580781505100342
4.472573757171631,1217,2.987581242903829,0.026907965067396934
4.472573757171631,1218,2.988981242924691,0.028008815083800875
4.472573757171631,1219,2.9903812429455527,0.029110365100215252
4.472573757171631,1220,2.991781242966414,0.030212615116640064
4.472573757171631,1221,2.9931812429872755,0.03131556513307529
4.472573757171631,1222,2.9945812430081373,0.032419215149520966
4.472573757171631,1223,2.995981243028999,0.033523565165977064
4.472573757171631,1224,2.997381243049861,0.03462861518244359
4.472573757171631,1225,2.998781243070722,0.03573436519892056
4.472573757171631,1226,3.0001812430915837,0.036840815215407954
4.472573757171631,1227,3.0015812431124456,0.03794796523190576
4.472573757171631,1228,3.0029812431333074,0.039055815248414005
4.472573757171631,1229,3.004381243154169,0.04016436526493271
4.472573757171631,1230,3.0057812431750306,0.04127361528146182
4.472573757171631,1231,3.0071812431958924,0.04238356529800136
4.472573757171631,1232,3.008581243216754,0.04349421531455134
4.472573757171631,1233,3.0099812432376156,0.044605565331111735
4.472573757171631,1234,3.0113812432584766,0.04571761534768258
4.472573757171631,1235,3.0127812432793384,0.04683036536426385
4.472573757171631,1236,3.0141812433002,0.04794381538085554
4.472573757171631,1237,3.015581243321062,0.04905796539745767
4.472573757171631,1238,3.0169812433419234,0.050172815414070246
4.472573757171631,1239,3.0183812433627852,0.05128836543069323
4.472573757171631,1240,3.019781243383647,0.05240461544732665
4.472573757171631,1241,3.0211812434045084,0.05352156546397051
4.472573757171631,1242,3.0225812434253694,0.05463921548062477
4.472573757171631,1243,3.023981243446231,0.055757565497289475
4.472573757171631,1244,3.0253812434670926,0.056876615513964626
4.472573757171631,1245,3.0267812434879544,0.05799636553065021
4.472573757171631,1246,3.0281812435088162,0.05911681554734621
4.472573757171631,1247,3.0295812435296776,0.06023796556405265
4.472573757171631,1248,3.0309812435505394,0.06135981558076953
4.472573757171631,1249,3.032381243571401,0.06248236559749682
4.472573757171631,1250,3.0337812435922626,0.06360561561423453
4.472573757171631,1251,3.0351812436131245,0.0647295656309827
4.472573757171631,1252,3.036581243633986,0.0658542156477413
4.472573757171631,1253,3.0379812436548472,0.06697956566451031
4.472573757171631,1254,3.039381243675709,0.06810561568128978
4.472573757171631,1255,3.040781243696571,0.06923236569807965
4.472573757171631,1256,3.0421812437174323,0.07035981571487998
4.472573757171631,1257,3.0435812437382936,0.07148796573169072
4.472573757171631,1258,3.0449812437591555,0.07261681574851189
4.472573757171631,1259,3.046381243780017,0.0737463657653435
4.472573757171631,1260,3.0477812438008787,0.07487661578218553
4.472573757171631,1261,3.0491812438217405,0.076007565799038
4.472573757171631,1262,3.050581243842602,0.07713921581590091
4.472573757171631,1263,3.0519812438634637,0.07827156583277423
4.472573757171631,1264,3.053381243884326,0.07940461584965801
4.472573757171631,1265,3.054781243905187,0.0805383658665522
4.472573757171631,1266,3.0561812439260487,0.08167281588345682
4.472573757171631,1267,3.05758124394691,0.08280796590037187
4.472573757171631,1268,3.0589812439677724,0.08394381591729737
4.472573757171631,1269,3.0603812439886333,0.08508036593423327
4.472573757171631,1270,3.061781244009495,0.08621761595117963
4.472573757171631,1271,3.063181244030357,0.0873555659681364
4.472573757171631,1272,3.0645812440512183,0.0884942159851036
4.472573757171631,1273,3.0659812440720797,0.08963356600208124
4.472573757171631,1274,3.067381244092942,0.0907736160190693
4.472573757171631,1275,3.0687812441138034,0.09191436603606781
4.472573757171631,1276,3.0701812441346648,0.09305581605307675
4.472573757171631,1277,3.071581244155526,0.0941979660700961
4.472573757171631,1278,3.072981244176388,0.09534081608712588
4.472573757171631,1279,3.07438124419725,0.09648436610416614
4.472573757171631,1280,3.0757812442181116,0.0976286161212168
4.472573757171631,1281,3.0771812442389734,0.09877356613827788
4.472573757171631,1282,3.078581244259835,0.09991921615534938
4.472573757171631,1283,3.079981244280696,0.10106556617243134
4.472573757171631,1284,3.081381244301558,0.10221261618952371
4.472573757171631,1285,3.08278124432242,0.10336036620662653
4.472573757171631,1286,3.084181244343281,0.10450881622373977
4.472573757171631,1287,3.0855812443641426,0.10565796624086342
4.472573757171631,1288,3.0869812443850044,0.10680781625799754
4.472573757171631,1289,3.0883812444058663,0.10795836627514208
4.472573757171631,1290,3.0897812444267276,0.10910961629229701
4.472573757171631,1291,3.091181244447589,0.11026156630946235
4.472573757171631,1292,3.092581244468451,0.1114142163266382
4.472573757171631,1293,3.0939812444893127,0.11256756634382445
4.472573757171631,1294,3.095381244510174,0.11372161636102111
4.472573757171631,1295,3.0967812445310354,0.11487636637822826
4.472573757171631,1296,3.0981812445518973,0.11603181639544577
4.472573757171631,1297,3.099581244572759,0.11718796641267376
4.472573757171631,1298,3.1009812445936205,0.11834481642991215
4.472573757171631,1299,3.1023812446144827,0.11950236644716102
4.472573757171631,1300,3.1037812446353437,0.12066061646442029
4.472573757171631,1301,3.1051812446562055,0.12181956648169
4.472573757171631,1302,3.1065812446770673,0.12297921649897013
4.472573757171631,1303,3.1079812446979287,0.12413956651626068
4.472573757171631,1304,3.1093812447187905,0.12530061653356167
4.472573757171631,1305,3.110781244739652,0.12646236655087312
4.472573757171631,1306,3.1121812447605137,0.12762481656819494
4.472573757171631,1307,3.113581244781375,0.12878796658552727
4.472573757171631,1308,3.1149812448022365,0.12995181660286997
4.472573757171631,1309,3.1163812448230988,0.1311163666202231
4.472573757171631,1310,3.11778124484396,0.1322816166375867
4.472573757171631,1311,3.119181244864822,0.13344756665496071
4.472573757171631,1312,3.120581244885684,0.13461421667234513
4.472573757171631,1313,3.121981244906545,0.13578156668974
4.472573757171631,1314,3.1233812449274065,0.13694961670714534
4.472573757171631,1315,3.1247812449482684,0.13811836672456107
4.472573757171631,1316,3.1261812449691297,0.1392878167419872
4.472573757171631,1317,3.127581244989991,0.14045796675942382
4.472573757171631,1318,3.128981245010853,0.14162881677687084
4.472573757171631,1319,3.1303812450317148,0.14280036679432828
4.472573757171631,1320,3.1317812450525766,0.14397261681179618
4.472573757171631,1321,3.133181245073438,0.14514556682927449
4.472573757171631,1322,3.1345812450942994,0.14631921684676324
4.472573757171631,1323,3.135981245115161,0.14749356686426243
4.472573757171631,1324,3.137381245136023,0.14866861688177202
4.472573757171631,1325,3.138781245156885,0.14984436689929206
4.472573757171631,1326,3.1401812451777458,0.15102081691682254
4.472573757171631,1327,3.1415812451986076,0.15219796693436347
4.472573757171631,1328,3.1429812452194694,0.15337581695191477
4.472573757171631,1329,3.1443812452403312,0.15455436696947655
4.472573757171631,1330,3.145781245261193,0.15573361698704874
4.472573757171631,1331,3.147181245282054,0.15691356700463135
4.472573757171631,1332,3.148581245302916,0.15809421702222443
4.472573757171631,1333,3.1499812453237777,0.1592755670398279
4.472573757171631,1334,3.1513812453446395,0.16045761705744183
4.472573757171631,1335,3.1527812453655004,0.16164036707506618
4.472573757171631,1336,3.1541812453863627,0.16282381709270097
4.472573757171631,1337,3.155581245407224,0.16400796711034618
4.472573757171631,1338,3.1569812454280854,0.16519281712800182
4.472573757171631,1339,3.1583812454489473,0.1663783671456679
4.472573757171631,1340,3.1597812454698087,0.1675646171633444
4.472573757171631,1341,3.1611812454906705,0.16875156718103132
4.472573757171631,1342,3.1625812455115323,0.16993921719872868
4.472573757171631,1343,3.163981245532394,0.17112756721643652
4.472573757171631,1344,3.165381245553255,0.1723166172341547
4.472573757171631,1345,3.166781245574117,0.17350636725188337
4.472573757171631,1346,3.1681812455949787,0.17469681726962247
4.472573757171631,1347,3.1695812456158405,0.175887967287372
4.472573757171631,1348,3.1709812456367015,0.17707981730513192
4.472573757171631,1349,3.1723812456575633,0.1782723673229023
4.472573757171631,1350,3.173781245678425,0.17946561734068311
4.472573757171631,1351,3.175181245699287,0.18065956735847435
4.472573757171631,1352,3.1765812457201488,0.18185421737627602
4.472573757171631,1353,3.17798124574101,0.18304956739408815
4.472573757171631,1354,3.1793812457618715,0.18424561741191062
4.472573757171631,1355,3.1807812457827334,0.18544236742974357
4.472573757171631,1356,3.1821812458035947,0.18663981744758695
4.472573757171631,1357,3.183581245824457,0.18783796746544082
4.472573757171631,1358,3.184981245845318,0.18903681748330506
4.472573757171631,1359,3.1863812458661798,0.19023636750117973
4.472573757171631,1360,3.1877812458870416,0.19143661751906488
4.472573757171631,1361,3.189181245907903,0.1926375675369604
4.472573757171631,1362,3.1905812459287644,0.1938392175548664
4.472573757171631,1363,3.191981245949626,0.19504156757278282
4.472573757171631,1364,3.193381245970488,0.19624461759070966
4.472573757171631,1365,3.19478124599135,0.19744836760864692
4.472573757171631,1366,3.196181246012211,0.19865281762659465
4.472573757171631,1367,3.1975812460330726,0.19985796764455274
4.472573757171631,1368,3.1989812460539344,0.20106381766252135
4.472573757171631,1369,3.2003812460747962,0.20227036768050033
4.472573757171631,1370,3.2017812460956576,0.20347761769848977
4.472573757171631,1371,3.2031812461165194,0.20468556771648963
4.472573757171631,1372,3.204581246137381,0.2058942177344999
4.472573757171631,1373,3.205981246158242,0.20710356775252062
4.472573757171631,1374,3.2073812461791045,0.2083136177705518
4.472573757171631,1375,3.208781246199966,0.20952436778859337
4.472573757171631,1376,3.2101812462208272,0.21073581780664538
4.472573757171631,1377,3.211581246241689,0.21194796782470782
4.472573757171631,1378,3.212981246262551,0.21316081784278068
4.472573757171631,1379,3.2143812462834127,0.214374367860864
4.472573757171631,1380,3.215781246304274,0.21558861787895775
4.472573757171631,1381,3.2171812463251355,0.21680356789706187
4.472573757171631,1382,3.2185812463459973,0.2180192179151765
4.472573757171631,1383,3.219981246366859,0.21923556793330154
4.472573757171631,1384,3.2213812463877205,0.22045261795143697
4.472573757171631,1385,3.222781246408582,0.2216703679695829
4.472573757171631,1386,3.2241812464294437,0.22288881798773919
4.472573757171631,1387,3.2255812464503046,0.22410796800590593
4.472573757171631,1388,3.226981246471167,0.22532781802408314
4.472573757171631,1389,3.2283812464920283,0.22654836804227074
4.472573757171631,1390,3.22978124651289,0.2277696180604688
4.472573757171631,1391,3.231181246533752,0.22899156807867727
4.472573757171631,1392,3.2325812465546138,0.23021421809689618
4.472573757171631,1393,3.233981246575475,0.23143756811512553
4.472573757171631,1394,3.2353812465963374,0.2326616181333653
4.472573757171631,1395,3.236781246617198,0.23388636815161545
4.472573757171631,1396,3.23818124663806,0.23511181816987609
4.472573757171631,1397,3.239581246658922,0.23633796818814717
4.472573757171631,1398,3.240981246679783,0.23756481820642864
4.472573757171631,1399,3.2423812467006448,0.2387923682247206
4.472573757171631,1400,3.2437812467215066,0.24002061824302293
4.472573757171631,1401,3.245181246742368,0.2412495682613357
4.472573757171631,1402,3.24658124676323,0.24247921827965896
4.472573757171631,1403,3.2479812467840916,0.24370956829799256
4.472573757171631,1404,3.249381246804953,0.24494061831633665
4.472573757171631,1405,3.250781246825815,0.24617236833469114
4.472573757171631,1406,3.2521812468466766,0.2474048183530561
4.472573757171631,1407,3.2535812468675376,0.24863796837143146
4.472573757171631,1408,3.2549812468883994,0.24987181838981723
4.472573757171631,1409,3.2563812469092612,0.2511063684082135
4.472573757171631,1410,3.257781246930123,0.2523416184266201
4.472573757171631,1411,3.2591812469509844,0.2535775684450372
4.472573757171631,1412,3.260581246971846,0.25481421846346475
4.472573757171631,1413,3.2619812469927076,0.2560515684819027
4.472573757171631,1414,3.2633812470135695,0.25728961850035115
4.472573757171631,1415,3.264781247034431,0.25852836851880995
4.472573757171631,1416,3.2661812470552922,0.25976781853727915
4.472573757171631,1417,3.267581247076154,0.2610079685557588
4.472573757171631,1418,3.268981247097016,0.2622488185742489
4.472573757171631,1419,3.2703812471178773,0.2634903685927494
4.472573757171631,1420,3.271781247138739,0.26473261861126035
4.472573757171631,1421,3.2731812471596005,0.2659755686297818
4.472573757171631,1422,3.2745812471804623,0.2672192186483136
4.472573757171631,1423,3.2759812472013237,0.26846356866685583
4.472573757171631,1424,3.277381247222186,0.2697086186854085
4.472573757171631,1425,3.278781247243047,0.27095436870397166
4.472573757171631,1426,3.2801812472639087,0.2722008187225452
4.472573757171631,1427,3.28158124728477,0.2734479687411292
4.472573757171631,1428,3.282981247305632,0.27469581875972365
4.472573757171631,1429,3.2843812473264933,0.27594436877832845
4.472573757171631,1430,3.285781247347355,0.27719361879694376
4.472573757171631,1431,3.2871812473682165,0.2784435688155695
4.472573757171631,1432,3.2885812473890783,0.2796942188342056
4.472573757171631,1433,3.28998124740994,0.28094556885285216
4.472573757171631,1434,3.2913812474308015,0.2821976188715092
4.472573757171631,1435,3.2927812474516633,0.2834503688901766
4.472573757171631,1436,3.294181247472525,0.2847038189088545
4.472573757171631,1437,3.2955812474933865,0.28595796892754277
4.472573757171631,1438,3.296981247514248,0.28721281894624145
4.472573757171631,1439,3.2983812475351098,0.2884683689649506
4.472573757171631,1440,3.2997812475559716,0.2897246189836702
4.472573757171631,1441,3.3011812475768334,0.2909815690024002
4.472573757171631,1442,3.302581247597695,0.29223921902114064
4.472573757171631,1443,3.303981247618557,0.29349756903989155
4.472573757171631,1444,3.305381247639418,0.2947566190586529
4.472573757171631,1445,3.30678124766028,0.2960163690774246
4.472573757171631,1446,3.3081812476811416,0.2972768190962068
4.472573757171631,1447,3.309581247702003,0.2985379691149994
4.472573757171631,1448,3.310981247722865,0.29979981913380244
4.472573757171631,1449,3.312381247743726,0.3010623691526159
4.472573757171631,1450,3.313781247764588,0.3023256191714398
4.472573757171631,1451,3.315181247785449,0.3035895691902741
4.472573757171631,1452,3.316581247806311,0.3048542192091188
4.472573757171631,1453,3.317981247827172,0.306119569227974
4.472573757171631,1454,3.319381247848034,0.3073856192468396
4.472573757171631,1455,3.3207812478688954,0.3086523692657157
4.472573757171631,1456,3.322181247889758,0.30991981928460216
4.472573757171631,1457,3.3235812479106195,0.31118796930349907
4.472573757171631,1458,3.3249812479314804,0.31245681932240643
4.472573757171631,1459,3.326381247952342,0.3137263693413242
4.472573757171631,1460,3.3277812479732036,0.31499661936025236
4.472573757171631,1461,3.3291812479940655,0.316267569379191
4.472573757171631,1462,3.330581248014927,0.31753921939814006
4.472573757171631,1463,3.331981248035789,0.3188115694170996
4.472573757171631,1464,3.3333812480566505,0.3200846194360695
4.472573757171631,1465,3.3347812480775123,0.3213583694550499
4.472573757171631,1466,3.3361812480983737,0.32263281947404066
4.472573757171631,1467,3.3375812481192355,0.32390796949304185
4.472573757171631,1468,3.338981248140097,0.3251838195120535
4.472573757171631,1469,3.3403812481609587,0.3264603695310756
4.472573757171631,1470,3.34178124818182,0.3277376195501081
4.472573757171631,1471,3.343181248202682,0.329015569569151
4.472573757171631,1472,3.3445812482235437,0.3302942195882044
4.472573757171631,1473,3.345981248244405,0.3315735696072682
4.472573757171631,1474,3.347381248265267,0.33285361962634247
4.472573757171631,1475,3.3487812482861288,0.33413436964542714
4.472573757171631,1476,3.35018124830699,0.3354158196645222
4.472573757171631,1477,3.3515812483278515,0.33669796968362775
4.472573757171631,1478,3.3529812483487134,0.3379808197027437
4.472573757171631,1479,3.354381248369575,0.3392643697218701
4.472573757171631,1480,3.3557812483904366,0.34054861974100686
4.472573757171631,1481,3.357181248411298,0.34183356976015417
4.472573757171631,1482,3.3585812484321598,0.34311921977931176
4.472573757171631,1483,3.359981248453021,0.34440556979847986
4.472573757171631,1484,3.361381248473883,0.34569261981765836
4.472573757171631,1485,3.362781248494745,0.3469803698368474
4.472573757171631,1486,3.364181248515606,0.34826881985604674
4.472573757171631,1487,3.365581248536468,0.34955796987525656
4.472573757171631,1488,3.3669812485573294,0.3508478198944769
4.472573757171631,1489,3.368381248578191,0.35213836991370756
4.472573757171631,1490,3.369781248599053,0.3534296199329487
4.472573757171631,1491,3.3711812486199144,0.3547215699522003
4.472573757171631,1492,3.372581248640776,0.3560142199714622
4.472573757171631,1493,3.3739812486616376,0.3573075699907346
4.472573757171631,1494,3.3753812486824994,0.3586016200100175
4.472573757171631,1495,3.376781248703361,0.35989637002931074
4.472573757171631,1496,3.3781812487242227,0.3611918200486145
4.472573757171631,1497,3.379581248745084,0.3624879700679286
4.472573757171631,1498,3.3809812487659454,0.36378482008725316
4.472573757171631,1499,3.3823812487868077,0.3650823701065882
4.472573757171631,1500,3.383781248807669,0.36638062012593364
4.472573757171631,1501,3.385181248828531,0.3676795701452895
4.472573757171631,1502,3.3865812488493923,0.3689792201646558
4.472573757171631,1503,3.3865812488493923,0.3689792201646558
4.472573757171631,1504,3.3879811488702525,0.37027972018403477
4.472573757171631,1505,3.3893808488911095,0.3715812202034286
4.472573757171631,1506,3.390780348911964,0.3728837202228374
4.472573757171631,1507,3.3921796489328147,0.37418722024226103
4.472573757171631,1508,3.3935787489536633,0.3754917202616996
4.472573757171631,1509,3.3949776489745083,0.3767972202811531
4.472573757171631,1510,3.3963763489953505,0.3781037203006214
4.472573757171631,1511,3.39777484901619,0.3794112203201047
4.472573757171631,1512,3.399173149037026,0.3807197203396029
4.472573757171631,1513,3.400571249057859,0.3820292203591159
4.472573757171631,1514,3.40196914907869,0.38333972037864394
4.472573757171631,1515,3.4033668490995175,0.3846512203981868
4.472573757171631,1516,3.4047643491203416,0.3859637204177445
4.472573757171631,1517,3.4061616491411626,0.38727722043731727
4.472573757171631,1518,3.407558749161981,0.38859172045690477
4.472573757171631,1519,3.4089556491827966,0.3899072204765073
4.472573757171631,1520,3.410352349203609,0.39122372049612464
4.472573757171631,1521,3.411748849224418,0.39254122051575685
4.472573757171631,1522,3.4131451492452247,0.39385972053540413
4.472573757171631,1523,3.4145412492660285,0.39517922055506616
4.472573757171631,1524,3.4159371492868287,0.3964997205747432
4.472573757171631,1525,3.4173328493076265,0.39782122059443503
4.472573757171631,1526,3.418728349328421,0.3991437206141418
4.472573757171631,1527,3.420123649349213,0.40046722063386353
4.472573757171631,1528,3.421518749370002,0.40179172065360014
4.472573757171631,1529,3.4229136493907872,0.40311722067335165
4.472573757171631,1530,3.42430834941157,0.40444372069311796
4.472573757171631,1531,3.425702849432349,0.4057712207128992
4.472573757171631,1532,3.4270971494531257,0.4070997207326955
4.472573757171631,1533,3.4284912494738995,0.40842922075250654
4.472573757171631,1534,3.4298851494946696,0.4097597207723326
4.472573757171631,1535,3.431278849515438,0.4110912207921734
4.472573757171631,1536,3.432672349536203,0.4124237208120292
4.472573757171631,1537,3.434065649556964,0.4137572208319
4.472573757171631,1538,3.435458749577723,0.41509172085178553
4.472573757171631,1539,3.436851649598479,0.41642722087168604
4.472573757171631,1540,3.4382443496192328,0.4177637208916015
4.472573757171631,1541,3.4396368496399825,0.4191012209115318
4.472573757171631,1542,3.4410291496607295,0.4204397209314771
4.472573757171631,1543,3.442421249681473,0.4217792209514371
4.472573757171631,1544,3.4438131497022146,0.4231197209714121
4.472573757171631,1545,3.4452048497229524,0.4244612209914021
4.472573757171631,1546,3.4465963497436873,0.4258037210114069
4.472573757171631,1547,3.447987649764419,0.42714722103142655
4.472573757171631,1548,3.4493787497851485,0.42849172105146116
4.472573757171631,1549,3.4507696498058746,0.4298372210715107
4.472573757171631,1550,3.452160349826597,0.4311837210915751
4.472573757171631,1551,3.4535508498473173,0.4325312211116544
4.472573757171631,1552,3.4549411498680342,0.4338797211317486
4.472573757171631,1553,3.4563312498887484,0.4352292211518577
4.472573757171631,1554,3.45772114990946,0.4365797211719818
4.472573757171631,1555,3.459110849930168,0.43793122119212075
4.472573757171631,1556,3.4605003499508733,0.43928372121227455
4.472573757171631,1557,3.4618896499715754,0.44063722123244325
4.472573757171631,1558,3.463278749992274,0.4419917212526268
4.472573757171631,1559,3.4646676500129705,0.4433472212728254
4.472573757171631,1560,3.466056350033664,0.4447037212930388
4.472573757171631,1561,3.467444850054354,0.44606122131326714
4.472573757171631,1562,3.4688331500750413,0.4474197213335103
4.472573757171631,1563,3.4702212500957255,0.4487792213537684
4.472573757171631,1564,3.471609150116407,0.45013972137404146
4.472573757171631,1565,3.472996850137085,0.4515012213943294
4.472573757171631,1566,3.4743843501577603,0.45286372141463227
4.472573757171631,1567,3.475771650178433,0.45422722143495
4.472573757171631,1568,3.477158750199102,0.45559172145528265
4.472573757171631,1569,3.4785456502197687,0.45695722147563017
4.472573757171631,1570,3.4799323502404316,0.4583237214959926
4.472573757171631,1571,3.4813188502610926,0.45969122151636993
4.472573757171631,1572,3.4827051502817503,0.46105972153676217
4.472573757171631,1573,3.484091250302405,0.46242922155716926
4.472573757171631,1574,3.4854771503230557,0.46379972157759136
4.472573757171631,1575,3.4868628503437042,0.4651712215980283
4.472573757171631,1576,3.48824835036435,0.4665437216184801
4.472573757171631,1577,3.489633650384992,0.4679172216389469
4.472573757171631,1578,3.4910187504056323,0.46929172165942845
4.472573757171631,1579,3.4924036504262683,0.47066722167992503
4.472573757171631,1580,3.493788350446902,0.47204372170043646
4.472573757171631,1581,3.4951728504675335,0.47342122172096285
4.472573757171631,1582,3.4965571504881603,0.47479972174150403
4.472573757171631,1583,3.4979412505087852,0.4761792217620602
4.472573757171631,1584,3.499325150529407,0.4775597217826313
4.472573757171631,1585,3.500708850550026,0.47894122180321724
4.472573757171631,1586,3.5020923505706416,0.4803237218238181
4.472573757171631,1587,3.503475650591254,0.48170722184443393
4.472573757171631,1588,3.5048587506118642,0.48309172186506455
4.472573757171631,1589,3.506241650632471,0.4844772218857101
4.472573757171631,1590,3.507624350653075,0.4858637219063705
4.472573757171631,1591,3.5090068506736762,0.487251221927046
4.472573757171631,1592,3.5103891506942744,0.4886397219477362
4.472573757171631,1593,3.511771250714869,0.49002922196844134
4.472573757171631,1594,3.513153150735461,0.49141972198916145
4.472573757171631,1595,3.51453485075605,0.4928112220098964
4.472573757171631,1596,3.515916350776636,0.49420372203064633
4.472573757171631,1597,3.5172976507972185,0.49559722205141105
4.472573757171631,1598,3.5186787508177986,0.4969917220721908
4.472573757171631,1599,3.520059650838376,0.49838722209298536
4.472573757171631,1600,3.5214403508589496,0.49978372211379474
4.472573757171631,1601,3.522820850879521,0.5011812221346191
4.472573757171631,1602,3.5242011509000895,0.5025797221554584
4.472573757171631,1603,3.5255812509206543,0.5039792221763126
4.472573757171631,1604,3.5269611509412155,0.5053797221971816
4.472573757171631,1605,3.5283408509617753,0.5067812222180657
4.472573757171631,1606,3.529720350982332,0.5081837222389646
4.472573757171631,1607,3.5310996510028847,0.5095872222598783
4.472573757171631,1608,3.5324787510234352,0.5109917222808069
4.472573757171631,1609,3.533857651043982,0.5123972223017506
4.472573757171631,1610,3.5352363510645257,0.513803722322709
4.472573757171631,1611,3.5366148510850675,0.5152112223436824
4.472573757171631,1612,3.5379931511056055,0.5166197223646708
4.472573757171631,1613,3.539371251126141,0.5180292223856738
4.472573757171631,1614,3.5407491511466738,0.519439722406692
4.472573757171631,1615,3.542126851167202,0.520851222427725
4.472573757171631,1616,3.543504351187729,0.5222637224487728
4.472573757171631,1617,3.544881651208252,0.5236772224698356
4.472573757171631,1618,3.5462587512287724,0.5250917224909133
4.472573757171631,1619,3.54763565124929,0.5265072225120059
4.472573757171631,1620,3.5490123512698046,0.5279237225331135
4.472573757171631,1621,3.5503888512903163,0.5293412225542359
4.472573757171631,1622,3.551765151310825,0.5307597225753732
4.472573757171631,1623,3.5531412513313296,0.5321792225965254
4.472573757171631,1624,3.5545171513518317,0.5335997226176924
4.472573757171631,1625,3.5558928513723322,0.5350212226388744
4.472573757171631,1626,3.5572683513928287,0.5364437226600713
4.472573757171631,1627,3.558643651413322,0.5378672226812831
4.472573757171631,1628,3.5600187514338124,0.5392917227025098
4.472573757171631,1629,3.5613936514543,0.5407172227237514
4.472573757171631,1630,3.5627683514747845,0.5421437227450079
4.472573757171631,1631,3.5641428514952667,0.5435712227662793
4.472573757171631,1632,3.5655171515157447,0.5449997227875656
4.472573757171631,1633,3.5668912515362203,0.5464292228088669
4.472573757171631,1634,3.568265151556693,0.5478597228301829
4.472573757171631,1635,3.5696388515771633,0.549291222851514
4.472573757171631,1636,3.5710123515976298,0.5507237228728599
4.472573757171631,1637,3.5723856516180934,0.5521572228942206
4.472573757171631,1638,3.573758751638554,0.5535917229155964
4.472573757171631,1639,3.575131651659012,0.555027222936987
4.472573757171631,1640,3.5765043516794672,0.5564637229583926
4.472573757171631,1641,3.5778768516999184,0.557901222979813
4.472573757171631,1642,3.5792491517203677,0.5593397230012483
4.472573757171631,1643,3.5806212517408134,0.5607792230226986
4.472573757171631,1644,3.5819931517612567,0.5622197230441637
4.472573757171631,1645,3.5833648517816967,0.5636612230656437
4.472573757171631,1646,3.584736351802133,0.5651037230871386
4.472573757171631,1647,3.586107651822567,0.5665472231086485
4.472573757171631,1648,3.587478751842998,0.5679917231301731
4.472573757171631,1649,3.5888496518634256,0.5694372231517126
4.472573757171631,1650,3.590220351883851,0.5708837231732672
4.472573757171631,1651,3.591590851904273,0.5723312231948366
4.472573757171631,1652,3.592961151924692,0.573779723216421
4.472573757171631,1653,3.5943312519451083,0.5752292232380203
4.472573757171631,1654,3.595701151965521,0.5766797232596343
4.472573757171631,1655,3.5970708519859316,0.5781312232812634
4.472573757171631,1656,3.598440352006339,0.5795837233029073
4.472573757171631,1657,3.599809652026743,0.5810372233245662
4.472573757171631,1658,3.6011787520471437,0.5824917233462399
4.472573757171631,1659,3.602547652067542,0.5839472233679286
4.472573757171631,1660,3.6039163520879374,0.5854037233896321
4.472573757171631,1661,3.6052848521083294,0.5868612234113505
4.472573757171631,1662,3.6066531521287186,0.5883197234330839
4.472573757171631,1663,3.608021252149105,0.5897792234548321
4.472573757171631,1664,3.6093891521694883,0.5912397234765953
4.472573757171631,1665,3.6107568521898687,0.5927012234983734
4.472573757171631,1666,3.612124352210246,0.5941637235201662
4.472573757171631,1667,3.6134916522306204,0.5956272235419742
4.472573757171631,1668,3.6148587522509916,0.5970917235637969
4.472573757171631,1669,3.61622565227136,0.5985572235856346
4.472573757171631,1670,3.6175923522917257,0.600023723607487
4.472573757171631,1671,3.618958852312088,0.6014912236293546
4.472573757171631,1672,3.6203251523324473,0.6029597236512368
4.472573757171631,1673,3.621691252352804,0.6044292236731341
4.472573757171631,1674,3.6230571523731574,0.6058997236950463
4.472573757171631,1675,3.624422852393508,0.6073712237169734
4.472573757171631,1676,3.6257883524138554,0.6088437237389153
4.472573757171631,1677,3.6271536524342,0.6103172237608722
4.472573757171631,1678,3.628518752454542,0.611791723782844
4.472573757171631,1679,3.6298836524748808,0.6132672238048307
4.472573757171631,1680,3.631248352495216,0.6147437238268323
4.472573757171631,1681,3.6326128525155488,0.6162212238488487
4.472573757171631,1682,3.6339771525358784,0.61769972387088
4.472573757171631,1683,3.6353412525562048,0.6191792238929263
4.472573757171631,1684,3.636705152576529,0.6206597239149875
4.472573757171631,1685,3.638068852596849,0.6221412239370635
4.472573757171631,1686,3.6394323526171677,0.6236237239591546
4.472573757171631,1687,3.640795652637482,0.6251072239812604
4.472573757171631,1688,3.6421587526577937,0.6265917240033811
4.472573757171631,1689,3.6435216526781025,0.6280772240255168
4.472573757171631,1690,3.6448843526984085,0.6295637240476675
4.472573757171631,1691,3.6462468527187113,0.6310512240698328
4.472573757171631,1692,3.6476091527390113,0.6325397240920132
4.472573757171631,1693,3.648971252759308,0.6340292241142086
4.472573757171631,1694,3.6503331527796017,0.6355197241364188
4.472573757171631,1695,3.651694852799893,0.6370112241586439
4.472573757171631,1696,3.6530563528201805,0.6385037241808837
4.472573757171631,1697,3.6544176528404653,0.6399972242031386
4.472573757171631,1698,3.6557787528607473,0.6414917242254086
4.472573757171631,1699,3.6571396528810265,0.6429872242476932
4.472573757171631,1700,3.6585003529013025,0.6444837242699928
4.472573757171631,1701,3.6598608529215757,0.6459812242923073
4.472573757171631,1702,3.6612211529418457,0.6474797243146366
4.472573757171631,1703,3.662581252962113,0.648979224336981
4.472573757171631,1704,3.663941152982377,0.6504797243593402
4.472573757171631,1705,3.665300853002638,0.6519812243817142
4.472573757171631,1706,3.666660353022896,0.6534837244041032
4.472573757171631,1707,3.6680196530431513,0.6549872244265071
4.472573757171631,1708,3.669378753063403,0.6564917244489259
4.472573757171631,1709,3.6707376530836524,0.6579972244713597
4.472573757171631,1710,3.672096353103899,0.6595037244938082
4.472573757171631,1711,3.6734548531241424,0.6610112245162717
4.472573757171631,1712,3.674813153144383,0.6625197245387502
4.472573757171631,1713,3.6761712531646196,0.6640292245612435
4.472573757171631,1714,3.6775291531848544,0.6655397245837517
4.472573757171631,1715,3.6788868532050856,0.6670512246062748
4.472573757171631,1716,3.680244353225314,0.6685637246288127
4.472573757171631,1717,3.681601653245539,0.6700772246513657
4.472573757171631,1718,3.6829587532657615,0.6715917246739335
4.472573757171631,1719,3.6843156532859807,0.6731072246965162
4.472573757171631,1720,3.6856723533061975,0.6746237247191138
4.472573757171631,1721,3.6870288533264106,0.6761412247417262
4.472573757171631,1722,3.688385153346621,0.6776597247643537
4.472573757171631,1723,3.689741253366829,0.6791792247869961
4.472573757171631,1724,3.6910971533870334,0.6806997248096534
4.472573757171631,1725,3.6924528534072345,0.6822212248323254
4.472573757171631,1726,3.6938083534274333,0.6837437248550124
4.472573757171631,1727,3.6951636534476284,0.6852672248777143
4.472573757171631,1728,3.6965187534678217,0.6867917249004312
4.472573757171631,1729,3.697873653488011,0.6883172249231628
4.472573757171631,1730,3.6992283535081976,0.6898437249459095
4.472573757171631,1731,3.700582853528381,0.691371224968671
4.472573757171631,1732,3.701937153548562,0.6928997249914475
4.472573757171631,1733,3.7032912535687394,0.6944292250142388
4.472573757171631,1734,3.7046451535889138,0.695959725037045
4.472573757171631,1735,3.7059988536090858,0.6974912250598662
4.472573757171631,1736,3.707352353629255,0.699023725082702
4.472573757171631,1737,3.70870565364942,0.7005572251055532
4.472573757171631,1738,3.710058753669583,0.7020917251284189
4.472573757171631,1739,3.711411653689743,0.7036272251512996
4.472573757171631,1740,3.7127643537099,0.7051637251741953
4.472573757171631,1741,3.714116853730054,0.7067012251971059
4.472573757171631,1742,3.7154691537502043,0.7082397252200312
4.472573757171631,1743,3.7168212537703518,0.7097792252429715
4.472573757171631,1744,3.7181731537904965,0.7113197252659268
4.472573757171631,1745,3.719524853810638,0.7128612252888968
4.472573757171631,1746,3.7208763538307776,0.714403725311882
4.472573757171631,1747,3.722227653850913,0.7159472253348819
4.472573757171631,1748,3.7235787538710463,0.7174917253578967
4.472573757171631,1749,3.7249296538911763,0.7190372253809265
4.472573757171631,1750,3.7262803539113034,0.7205837254039711
4.472573757171631,1751,3.7276308539314273,0.7221312254270307
4.472573757171631,1752,3.7289811539515485,0.7236797254501051
4.472573757171631,1753,3.7303312539716664,0.7252292254731945
4.472573757171631,1754,3.7316811539917816,0.7267797254962987
4.472573757171631,1755,3.7330308540118935,0.7283312255194179
4.472573757171631,1756,3.7343803540320026,0.7298837255425519
4.472573757171631,1757,3.7357296540521094,0.7314372255657009
4.472573757171631,1758,3.737078754072212,0.7329917255888647
4.472573757171631,1759,3.7384276540923116,0.7345472256120436
4.472573757171631,1760,3.739776354112409,0.7361037256352372
4.472573757171631,1761,3.7411248541325035,0.7376612256584456
4.472573757171631,1762,3.7424731541525946,0.7392197256816692
4.472573757171631,1763,3.7438212541726834,0.7407792257049075
4.472573757171631,1764,3.7451691541927685,0.7423397257281608
4.472573757171631,1765,3.746516854212851,0.743901225751429
4.472573757171631,1766,3.74786435423293,0.7454637257747121
4.472573757171631,1767,3.7492116542530063,0.74702722579801
4.472573757171631,1768,3.7505587542730794,0.7485917258213228
4.472573757171631,1769,3.75190565429315,0.7501572258446507
4.472573757171631,1770,3.7532523543132177,0.7517237258679933
4.472573757171631,1771,3.754598854333282,0.7532912258913509
4.472573757171631,1772,3.755945154353343,0.7548597259147234
4.472573757171631,1773,3.757291254373402,0.7564292259381107
4.472573757171631,1774,3.7586371543934574,0.757999725961513
4.472573757171631,1775,3.7599828544135097,0.7595712259849302
4.472573757171631,1776,3.7613283544335596,0.7611437260083622
4.472573757171631,1777,3.7626736544536064,0.7627172260318092
4.472573757171631,1778,3.7640187544736494,0.7642917260552711
4.472573757171631,1779,3.7653636544936897,0.7658672260787478
4.472573757171631,1780,3.7667083545137277,0.7674437261022397
4.472573757171631,1781,3.7680528545337624,0.7690212261257461
4.472573757171631,1782,3.7693971545537934,0.7705997261492676
4.472573757171631,1783,3.7707412545738226,0.772179226172804
4.472573757171631,1784,3.7720851545938476,0.7737597261963554
4.472573757171631,1785,3.7734288546138703,0.7753412262199215
4.472573757171631,1786,3.7747723546338907,0.7769237262435026
4.472573757171631,1787,3.776115654653907,0.7785072262670986
4.472573757171631,1788,3.777458754673921,0.7800917262907094
4.472573757171631,1789,3.7788016546939316,0.7816772263143352
4.472573757171631,1790,3.7801443547139395,0.783263726337976
4.472573757171631,1791,3.781486854733944,0.7848512263616316
4.472573757171631,1792,3.7828291547539457,0.786439726385302
4.472573757171631,1793,3.7841712547739452,0.7880292264089874
4.472573757171631,1794,3.7855131547939407,0.7896197264326876
4.472573757171631,1795,3.786854854813934,0.7912112264564028
4.472573757171631,1796,3.7881963548339237,0.792803726480133
4.472573757171631,1797,3.7895376548539104,0.7943972265038779
4.472573757171631,1798,3.7908787548738943,0.7959917265276379
4.472573757171631,1799,3.7922196548938754,0.7975872265514126
4.472573757171631,1800,3.7935603549138537,0.7991837265752024
4.472573757171631,1801,3.7949008549338283,0.800781226599007
4.472573757171631,1802,3.7962411549538,0.8023797266228265
4.472573757171631,1803,3.7975812549737697,0.8039792266466608
4.472573757171631,1804,3.7989211549937356,0.8055797266705101
4.472573757171631,1805,3.8002608550136987,0.8071812266943744
4.472573757171631,1806,3.801600355033659,0.8087837267182535
4.472573757171631,1807,3.802939655053616,0.8103872267421475
4.472573757171631,1808,3.80427875507357,0.8119917267660566
4.472573757171631,1809,3.8056176550935215,0.8135972267899803
4.472573757171631,1810,3.8069563551134697,0.815203726813919
4.472573757171631,1811,3.808294855133415,0.8168112268378727
4.472573757171631,1812,3.8096331551533567,0.8184197268618412
4.472573757171631,1813,3.810971255173296,0.8200292268858247
4.472573757171631,1814,3.8123091551932324,0.8216397269098228
4.472573757171631,1815,3.8136468552131655,0.8232512269338361
4.472573757171631,1816,3.8149843552330958,0.8248637269578643
4.472573757171631,1817,3.816321655253023,0.8264772269819072
4.472573757171631,1818,3.817658755272948,0.8280917270059652
4.472573757171631,1819,3.818995655292869,0.829707227030038
4.472573757171631,1820,3.8203323553127877,0.8313237270541258
4.472573757171631,1821,3.8216688553327027,0.8329412270782284
4.472573757171631,1822,3.823005155352615,0.8345597271023459
4.472573757171631,1823,3.8243412553725245,0.8361792271264783
4.472573757171631,1824,3.825677155392431,0.8377997271506257
4.472573757171631,1825,3.8270128554123346,0.8394212271747878
4.472573757171631,1826,3.828348355432235,0.841043727198965
4.472573757171631,1827,3.8296836554521327,0.842667227223157
4.472573757171631,1828,3.831018755472027,0.844291727247364
4.472573757171631,1829,3.8323536554919184,0.8459172272715858
4.472573757171631,1830,3.833688355511807,0.8475437272958226
4.472573757171631,1831,3.835022855531693,0.8491712273200742
4.472573757171631,1832,3.836357155551575,0.8507997273443407
4.472573757171631,1833,3.837691255571455,0.8524292273686223
4.472573757171631,1834,3.8390251555913317,0.8540597273929185
4.472573757171631,1835,3.840358855611205,0.8556912274172297
4.472573757171631,1836,3.8416923556310762,0.8573237274415559
4.472573757171631,1837,3.843025655650944,0.858957227465897
4.472573757171631,1838,3.844358755670809,0.8605917274902529
4.472573757171631,1839,3.84569165569067,0.8622272275146238
4.472573757171631,1840,3.847024355710529,0.8638637275390095
4.472573757171631,1841,3.848356855730385,0.8655012275634102
4.472573757171631,1842,3.8496891557502373,0.8671397275878256
4.472573757171631,1843,3.8510212557700876,0.8687792276122562
4.472573757171631,1844,3.8523531557899346,0.8704197276367016
4.472573757171631,1845,3.853684855809778,0.8720612276611617
4.472573757171631,1846,3.855016355829619,0.873703727685637
4.472573757171631,1847,3.856347655849457,0.8753472277101271
4.472573757171631,1848,3.857678755869292,0.876991727734632
4.472573757171631,1849,3.859009655889124,0.8786372277591518
4.472573757171631,1850,3.860340355908953,0.8802837277836866
4.472573757171631,1851,3.8616708559287787,0.8819312278082363
4.472573757171631,1852,3.863001155948602,0.8835797278328008
4.472573757171631,1853,3.864331255968422,0.8852292278573803
4.472573757171631,1854,3.8656611559882386,0.8868797278819747
4.472573757171631,1855,3.8669908560080533,0.8885312279065839
4.472573757171631,1856,3.8683203560278643,0.890183727931208
4.472573757171631,1857,3.869649656047672,0.8918372279558471
4.472573757171631,1858,3.870978756067478,0.893491727980501
4.472573757171631,1859,3.87230765608728,0.8951472280051699
4.472573757171631,1860,3.873636356107079,0.8968037280298538
4.472573757171631,1861,3.8749648561268755,0.8984612280545524
4.472573757171631,1862,3.8762931561466685,0.9001197280792659
4.472573757171631,1863,3.8776212561664583,0.9017792281039945
4.472573757171631,1864,3.8789491561862457,0.9034397281287379
4.472573757171631,1865,3.88027685620603,0.9051012281534961
4.472573757171631,1866,3.8816043562258113,0.9067637281782693
4.472573757171631,1867,3.8829316562455896,0.9084272282030574
4.472573757171631,1868,3.8842587562653645,0.9100917282278603
4.472573757171631,1869,3.885585656285137,0.9117572282526782
4.472573757171631,1870,3.886912356304907,0.9134237282775111
4.472573757171631,1871,3.888238856324673,0.9150912283023587
4.472573757171631,1872,3.8895651563444362,0.9167597283272213
4.472573757171631,1873,3.890891256364197,0.9184292283520987
4.472573757171631,1874,3.892217156383954,0.9200997283769912
4.472573757171631,1875,3.893542856403709,0.9217712284018985
4.472573757171631,1876,3.8948683564234603,0.9234437284268207
4.472573757171631,1877,3.8961936564432085,0.9251172284517577
4.472573757171631,1878,3.8975187564629543,0.9267917284767098
4.472573757171631,1879,3.898843656482697,0.9284672285016766
4.472573757171631,1880,3.9001683565024368,0.9301437285266585
4.472573757171631,1881,3.9014928565221734,0.9318212285516552
4.472573757171631,1882,3.9028171565419063,0.9334997285766667
4.472573757171631,1883,3.9041412565616374,0.9351792286016933
4.472573757171631,1884,3.905465156581365,0.9368597286267346
4.472573757171631,1885,3.9067888566010893,0.9385412286517909
4.472573757171631,1886,3.908112356620811,0.9402237286768622
4.472573757171631,1887,3.90943565664053,0.9419072287019483
4.472573757171631,1888,3.910758756660246,0.9435917287270492
4.472573757171631,1889,3.9120816566799586,0.9452772287521651
4.472573757171631,1890,3.913404356699668,0.9469637287772961
4.472573757171631,1891,3.914726856719375,0.9486512288024416
4.472573757171631,1892,3.9160491567390787,0.9503397288276023
4.472573757171631,1893,3.9173712567587797,0.9520292288527779
4.472573757171631,1894,3.9186931567784775,0.9537197288779683
4.472573757171631,1895,3.920014856798173,0.9554112289031736
4.472573757171631,1896,3.9213363568178643,0.9571037289283938
4.472573757171631,1897,3.9226576568375533,0.9587972289536288
4.472573757171631,1898,3.9239787568572395,0.960491728978879
4.472573757171631,1899,3.9252996568769216,0.9621872290041438
4.472573757171631,1900,3.9266203568966023,0.9638837290294238
4.472573757171631,1901,3.927940856916279,0.9655812290547183
4.472573757171631,1902,3.9292611569359526,0.967279729080028
4.472573757171631,1903,3.930581256955624,0.9689792291053525
4.472573757171631,1904,3.931901156975292,0.9706797291306921
4.472573757171631,1905,3.933220856994957,0.9723812291560463
4.472573757171631,1906,3.934540357014619,0.9740837291814156
4.472573757171631,1907,3.9358596570342783,0.9757872292067997
4.472573757171631,1908,3.9371787570539345,0.9774917292321987
4.472573757171631,1909,3.9384976570735875,0.9791972292576125
4.472573757171631,1910,3.939816357093237,0.9809037292830414
4.472573757171631,1911,3.941134857112885,0.9826112293084852
4.472573757171631,1912,3.9424531571325288,0.9843197293339437
4.472573757171631,1913,3.9437712571521706,0.9860292293594173
4.472573757171631,1914,3.9450891571718083,0.9877397293849057
4.472573757171631,1915,3.946406857191444,0.9894512294104092
4.472573757171631,1916,3.947724357211076,0.9911637294359273
4.472573757171631,1917,3.949041657230705,0.9928772294614605
4.472573757171631,1918,3.9503587572503314,0.9945917294870086
4.472573757171631,1919,3.951675657269955,0.9963072295125716
4.472573757171631,1920,3.9529923572895753,0.9980237295381493
4.472573757171631,1921,3.9543088573091927,0.999741229563742
4.472573757171631,1922,3.9556251573288073,1.0014597295893497
4.472573757171631,1923,3.9569412573484186,1.0031792296149722
4.472573757171631,1924,3.9582571573680267,1.0048997296406097
4.472573757171631,1925,3.9595728573876325,1.006621229666262
4.472573757171631,1926,3.960888357407234,1.008343729691929
4.472573757171631,1927,3.9622036574268344,1.0100672297176114
4.472573757171631,1928,3.9635187574464306,1.0117917297433083
4.472573757171631,1929,3.9648336574660243,1.0135172297690205
4.472573757171631,1930,3.966148357485615,1.0152437297947472
4.472573757171631,1931,3.9674628575052027,1.016971229820489
4.472573757171631,1932,3.968777157524787,1.0186997298462455
4.472573757171631,1933,3.9700912575443685,1.0204292298720172
4.472573757171631,1934,3.9714051575639475,1.0221597298978036
4.472573757171631,1935,3.972718857583523,1.0238912299236052
4.472573757171631,1936,3.974032357603096,1.0256237299494213
4.472573757171631,1937,3.9753456576226656,1.0273572299752525
4.472573757171631,1938,3.976658757642232,1.0290917300010987
4.472573757171631,1939,3.977971657661796,1.0308272300269594
4.472573757171631,1940,3.979284357681357,1.0325637300528354
4.472573757171631,1941,3.9805968577009145,1.034301230078726
4.472573757171631,1942,3.9819091577204695,1.0360397301046318
4.472573757171631,1943,3.983221257740021,1.0377792301305524
4.472573757171631,1944,3.98453315775957,1.039519730156488
4.472573757171631,1945,3.985844857779116,1.0412612301824382
4.472573757171631,1946,3.987156357798659,1.0430037302084034
4.472573757171631,1947,3.9884676578181986,1.0447472302343837
4.472573757171631,1948,3.989778757837735,1.0464917302603787
4.472573757171631,1949,3.9910896578572697,1.048237230286389
4.472573757171631,1950,3.9924003578768006,1.0499837303124138
4.472573757171631,1951,3.9937108578963283,1.0517312303384534
4.472573757171631,1952,3.995021157915853,1.053479730364508
4.472573757171631,1953,3.996331257935375,1.0552292303905777
4.472573757171631,1954,3.9976411579548943,1.0569797304166622
4.472573757171631,1955,3.9989508579744104,1.0587312304427616
4.472573757171631,1956,4.000260357993923,1.0604837304688757
4.472573757171631,1957,4.001569658013434,1.062237230495005
4.472573757171631,1958,4.002878758032941,1.063991730521149
4.472573757171631,1959,4.0041876580524445,1.0657472305473081
4.472573757171631,1960,4.005496358071945,1.067503730573482
4.472573757171631,1961,4.006804858091444,1.0692612305996707
4.472573757171631,1962,4.008113158110939,1.0710197306258744
4.472573757171631,1963,4.009421258130431,1.0727792306520931
4.472573757171631,1964,4.010729158149921,1.0745397306783266
4.472573757171631,1965,4.012036858169407,1.076301230704575
4.472573757171631,1966,4.01334435818889,1.0780637307308383
4.472573757171631,1967,4.01465165820837,1.0798272307571164
4.472573757171631,1968,4.015958758227848,1.0815917307834095
4.472573757171631,1969,4.017265658247322,1.0833572308097175
4.472573757171631,1970,4.018572358266794,1.0851237308360404
4.472573757171631,1971,4.019878858286262,1.0868912308623784
4.472573757171631,1972,4.021185158305728,1.0886597308887311
4.472573757171631,1973,4.02249125832519,1.0904292309150985
4.472573757171631,1974,4.0237971583446495,1.092199730941481
4.472573757171631,1975,4.0251028583641055,1.0939712309678786
4.472573757171631,1976,4.026408358383559,1.0957437309942908
4.472573757171631,1977,4.02771365840301,1.0975172310207182
4.472573757171631,1978,4.029018758422457,1.09929173104716
4.472573757171631,1979,4.030323658441902,1.1010672310736171
4.472573757171631,1980,4.031628358461343,1.102843731100089
4.472573757171631,1981,4.032932858480782,1.104621231126576
4.472573757171631,1982,4.0342371585002175,1.1063997311530775
4.472573757171631,1983,4.03554125851965,1.1081792311795942
4.472573757171631,1984,4.036845158539079,1.1099597312061256
4.472573757171631,1985,4.038148858558506,1.111741231232672
4.472573757171631,1986,4.03945235857793,1.1135237312592334
4.472573757171631,1987,4.040755658597351,1.1153072312858097
4.472573757171631,1988,4.042058758616768,1.1170917313124007
4.472573757171631,1989,4.043361658636183,1.1188772313390067
4.472573757171631,1990,4.044664358655594,1.1206637313656276
4.472573757171631,1991,4.045966858675003,1.1224512313922634
4.472573757171631,1992,4.047269158694409,1.124239731418914
4.472573757171631,1993,4.048571258713812,1.1260292314455798
4.472573757171631,1994,4.049873158733211,1.1278197314722602
4.472573757171631,1995,4.051174858752609,1.129611231498956
4.472573757171631,1996,4.052476358772003,1.131403731525666
4.472573757171631,1997,4.053777658791393,1.1331972315523913
4.472573757171631,1998,4.055078758810781,1.1349917315791316
4.472573757171631,1999,4.056379658830166,1.1367872316058865
4.472573757171631,2000,4.057680358849549,1.1385837316326566
4.472573757171631,2001,4.058980858868927,1.1403812316594415
4.472573757171631,2002,4.060281158888303,1.1421797316862412
4.472573757171631,2003,4.061581258907676,1.1439792317130557
4.472573757171631,2004,4.061581258907676,1.1439792317130557
4.472573757171631,2005,4.062880758927041,1.1457777817398562
4.472573757171631,2006,4.064179258946389,1.1475734317666135
4.472573757171631,2007,4.065476758965724,1.1493661817933276
4.472573757171631,2008,4.066773258985043,1.1511560318199983
4.472573757171631,2009,4.068068759004348,1.1529429818466261
4.472573757171631,2010,4.069363259023637,1.1547270318732104
4.472573757171631,2011,4.070656759042912,1.1565081818997514
4.472573757171631,2012,4.071949259062171,1.1582864319262498
4.472573757171631,2013,4.073240759081416,1.1600617819527042
4.472573757171631,2014,4.074531259100645,1.1618342319791157
4.472573757171631,2015,4.0758207591198605,1.163603782005484
4.472573757171631,2016,4.0771092591390605,1.1653704320318092
4.472573757171631,2017,4.078396759158246,1.1671341820580912
4.472573757171631,2018,4.079683259177417,1.16889503208433
4.472573757171631,2019,4.080968759196572,1.1706529821105256
4.472573757171631,2020,4.082253259215713,1.1724080321366779
4.472573757171631,2021,4.083536759234839,1.1741601821627872
4.472573757171631,2022,4.084819259253949,1.1759094321888528
4.472573757171631,2023,4.0861007592730445,1.1776557822148754
4.472573757171631,2024,4.087381259292125,1.1793992322408549
4.472573757171631,2025,4.088660759311192,1.1811397822667908
4.472573757171631,2026,4.089939259330244,1.182877432292684
4.472573757171631,2027,4.091216759349279,1.1846121823185338
4.472573757171631,2028,4.0924932593683,1.1863440323443402
4.472573757171631,2029,4.0937687593873076,1.1880729823701037
4.472573757171631,2030,4.095043259406299,1.189799032395824
4.472573757171631,2031,4.0963167594252745,1.1915221824215008
4.472573757171631,2032,4.097589259444237,1.1932424324471347
4.472573757171631,2033,4.098860759463183,1.1949597824727252
4.472573757171631,2034,4.100131259482115,1.1966742324982724
4.472573757171631,2035,4.101400759501033,1.1983857825237763
4.472573757171631,2036,4.102669259519934,1.200094432549237
4.472573757171631,2037,4.103936759538821,1.201800182574655
4.472573757171631,2038,4.105203259557694,1.203503032600029
4.472573757171631,2039,4.106468759576551,1.2052029826253605
4.472573757171631,2040,4.107733259595394,1.2069000326506485
4.472573757171631,2041,4.1089967596142225,1.2085941826758937
4.472573757171631,2042,4.110259259633035,1.210285432701095
4.472573757171631,2043,4.1115207596518335,1.2119737827262536
4.472573757171631,2044,4.112781259670615,1.2136592327513687
4.472573757171631,2045,4.1140407596893835,1.2153417827764406
4.472573757171631,2046,4.115299259708137,1.2170214328014695
4.472573757171631,2047,4.116556759726875,1.2186981828264547
4.472573757171631,2048,4.117813259745598,1.2203720328513972
4.472573757171631,2049,4.119068759764307,1.2220429828762964
4.472573757171631,2050,4.120323259783,1.2237110329011522
4.472573757171631,2051,4.121576759801679,1.2253761829259646
4.472573757171631,2052,4.122829259820342,1.2270384329507344
4.472573757171631,2053,4.124080759838991,1.2286977829754604
4.472573757171631,2054,4.125331259857625,1.2303542330001438
4.472573757171631,2055,4.126580759876244,1.2320077830247833
4.472573757171631,2056,4.127829259894849,1.23365843304938
4.472573757171631,2057,4.1290767599134375,1.2353061830739334
4.472573757171631,2058,4.1303232599320125,1.2369510330984435
4.472573757171631,2059,4.1315687599505715,1.2385929831229103
4.472573757171631,2060,4.132813259969115,1.2402320331473342
4.472573757171631,2061,4.134056759987645,1.2418681831717147
4.472573757171631,2062,4.13529926000616,1.243501433196052
4.472573757171631,2063,4.136540760024659,1.2451317832203461
4.472573757171631,2064,4.137781260043145,1.246759233244597
4.472573757171631,2065,4.139020760061615,1.248383783268805
4.472573757171631,2066,4.14025926008007,1.250005433292969
4.472573757171631,2067,4.14149676009851,1.2516241833170905
4.472573757171631,2068,4.142733260116935,1.2532400333411684
4.472573757171631,2069,4.143968760135346,1.2548529833652033
4.472573757171631,2070,4.145203260153741,1.2564630333891948
4.472573757171631,2071,4.146436760172121,1.2580701834131431
4.472573757171631,2072,4.147669260190487,1.2596744334370487
4.472573757171631,2073,4.1489007602088375,1.2612757834609105
4.472573757171631,2074,4.150131260227174,1.2628742334847292
4.472573757171631,2075,4.1513607602454945,1.2644697835085048
4.472573757171631,2076,4.1525892602638015,1.2660624335322372
4.472573757171631,2077,4.1538167602820915,1.2676521835559262
4.472573757171631,2078,4.155043260300368,1.2692390335795722
4.472573757171631,2079,4.156268760318629,1.2708229836031748
4.472573757171631,2080,4.157493260336876,1.2724040336267344
4.472573757171631,2081,4.158716760355107,1.2739821836502503
4.472573757171631,2082,4.159939260373324,1.2755574336737237
4.472573757171631,2083,4.161160760391526,1.2771297836971534
4.472573757171631,2084,4.162381260409713,1.27869923372054
4.472573757171631,2085,4.163600760427885,1.2802657837438836
4.472573757171631,2086,4.164819260446042,1.2818294337671836
4.472573757171631,2087,4.166036760464184,1.2833901837904407
4.472573757171631,2088,4.167253260482311,1.2849480338136545
4.472573757171631,2089,4.168468760500423,1.2865029838368252
4.472573757171631,2090,4.1696832605185215,1.2880550338599526
4.472573757171631,2091,4.170896760536603,1.2896041838830365
4.472573757171631,2092,4.172109260554672,1.2911504339060775
4.472573757171631,2093,4.173320760572725,1.292693783929075
4.472573757171631,2094,4.174531260590762,1.2942342339520299
4.472573757171631,2095,4.175740760608786,1.2957717839749412
4.472573757171631,2096,4.176949260626794,1.297306433997809
4.472573757171631,2097,4.178156760644787,1.298838184020634
4.472573757171631,2098,4.1793632606627655,1.3003670340434157
4.472573757171631,2099,4.180568760680729,1.301892984066154
4.472573757171631,2100,4.181773260698677,1.3034160340888492
4.472573757171631,2101,4.18297676071661,1.3049361841115013
4.472573757171631,2102,4.1841792607345285,1.30645343413411
4.472573757171631,2103,4.185380760752434,1.3079677841566757
4.472573757171631,2104,4.186581260770322,1.3094792341791979
4.472573757171631,2105,4.187780760788195,1.310987784201677
4.472573757171631,2106,4.188979260806055,1.3124934342241132
4.472573757171631,2107,4.190176760823899,1.3139961842465058
4.472573757171631,2108,4.191373260841727,1.3154960342688553
4.472573757171631,2109,4.192568760859542,1.3169929842911619
4.472573757171631,2110,4.193763260877342,1.3184870343134245
4.472573757171631,2111,4.194956760895126,1.3199781843356444
4.472573757171631,2112,4.196149260912896,1.321466434357821
4.472573757171631,2113,4.197340760930651,1.3229517843799548
4.472573757171631,2114,4.198531260948391,1.324434234402045
4.472573757171631,2115,4.199720760966115,1.3259137844240918
4.472573757171631,2116,4.200909260983825,1.3273904344460954
4.472573757171631,2117,4.20209676100152,1.3288641844680562
4.472573757171631,2118,4.203283261019201,1.3303350344899736
4.472573757171631,2119,4.204468761036866,1.3318029845118475
4.472573757171631,2120,4.2056532610545165,1.3332680345336785
4.472573757171631,2121,4.206836761072152,1.3347301845554664
4.472573757171631,2122,4.208019261089772,1.3361894345772112
4.472573757171631,2123,4.209200761107378,1.3376457845989123
4.472573757171631,2124,4.210381261124969,1.3390992346205703
4.472573757171631,2125,4.211560761142545,1.3405497846421852
4.472573757171631,2126,4.212739261160106,1.3419974346637569
4.472573757171631,2127,4.213916761177652,1.343442184685285
4.472573757171631,2128,4.215093261195183,1.3448840347067705
4.472573757171631,2129,4.2162687612126994,1.3463229847282125
4.472573757171631,2130,4.2174432612302,1.3477590347496116
4.472573757171631,2131,4.218616761247687,1.349192184770967
4.472573757171631,2132,4.219789261265158,1.3506224347922795
4.472573757171631,2133,4.220960761282615,1.3520497848135484
4.472573757171631,2134,4.222131261300057,1.3534742348347744
4.472573757171631,2135,4.223300761317485,1.3548957848559575
4.472573757171631,2136,4.224469261334896,1.3563144348770968
4.472573757171631,2137,4.225636761352294,1.357730184898193
4.472573757171631,2138,4.2268032613696755,1.3591430349192462
4.472573757171631,2139,4.227968761387043,1.3605529849402558
4.472573757171631,2140,4.229133261404395,1.3619600349612229
4.472573757171631,2141,4.230296761421733,1.3633641849821463
4.472573757171631,2142,4.231459261439055,1.3647654350030265
4.472573757171631,2143,4.232620761456364,1.3661637850238635
4.472573757171631,2144,4.233781261473656,1.3675592350446573
4.472573757171631,2145,4.234940761490934,1.368951785065408
4.472573757171631,2146,4.236099261508197,1.3703414350861154
4.472573757171631,2147,4.237256761525446,1.3717281851067793
4.472573757171631,2148,4.238413261542679,1.3731120351274004
4.472573757171631,2149,4.239568761559896,1.3744929851479781
4.472573757171631,2150,4.2407232615771,1.3758710351685126
4.472573757171631,2151,4.241876761594288,1.377246185189004
4.472573757171631,2152,4.243029261611461,1.3786184352094522
4.472573757171631,2153,4.24418076162862,1.379987785229857
4.472573757171631,2154,4.245331261645764,1.3813542352502186
4.472573757171631,2155,4.246480761662893,1.382717785270537
4.472573757171631,2156,4.247629261680006,1.3840784352908124
4.472573757171631,2157,4.248776761697106,1.3854361853110444
4.472573757171631,2158,4.24992326171419,1.3867910353312336
4.472573757171631,2159,4.2510687617312595,1.388142985351379
4.472573757171631,2160,4.252213261748314,1.3894920353714815
4.472573757171631,2161,4.253356761765353,1.3908381853915406
4.472573757171631,2162,4.254499261782378,1.3921814354115565
4.472573757171631,2163,4.255640761799388,1.3935217854315294
4.472573757171631,2164,4.256781261816383,1.3948592354514588
4.472573757171631,2165,4.257920761833362,1.396193785471345
4.472573757171631,2166,4.259059261850328,1.3975254354911884
4.472573757171631,2167,4.260196761867277,1.3988541855109884
4.472573757171631,2168,4.261333261884213,1.400180035530745
4.472573757171631,2169,4.2624687619011326,1.4015029855504584
4.472573757171631,2170,4.263603261918038,1.4028230355701288
4.472573757171631,2171,4.264736761934929,1.4041401855897557
4.472573757171631,2172,4.265869261951804,1.4054544356093397
4.472573757171631,2173,4.2670007619686645,1.4067657856288804
4.472573757171631,2174,4.268131261985511,1.4080742356483777
4.472573757171631,2175,4.269260762002341,1.409379785667832
4.472573757171631,2176,4.270389262019157,1.4106824356872432
4.472573757171631,2177,4.271516762035958,1.4119821857066108
4.472573757171631,2178,4.272643262052744,1.4132790357259355
4.472573757171631,2179,4.2737687620695155,1.4145729857452165
4.472573757171631,2180,4.274893262086272,1.4158640357644547
4.472573757171631,2181,4.276016762103014,1.41715218578365
4.472573757171631,2182,4.27713926211974,1.4184374358028018
4.472573757171631,2183,4.278260762136452,1.41971978582191
4.472573757171631,2184,4.279381262153149,1.4209992358409755
4.472573757171631,2185,4.280500762169831,1.4222757858599975
4.472573757171631,2186,4.2816192621864975,1.4235494358789764
4.472573757171631,2187,4.28273676220315,1.4248201858979122
4.472573757171631,2188,4.283853262219788,1.4260880359168044
4.472573757171631,2189,4.284968762236409,1.4273529859356535
4.472573757171631,2190,4.286083262253016,1.4286150359544596
4.472573757171631,2191,4.287196762269609,1.4298741859732225
4.472573757171631,2192,4.2883092622861865,1.4311304359919421
4.472573757171631,2193,4.289420762302749,1.4323837860106183
4.472573757171631,2194,4.2905312623192975,1.4336342360292516
4.472573757171631,2195,4.29164076233583,1.4348817860478413
4.472573757171631,2196,4.2927492623523476,1.4361264360663881
4.472573757171631,2197,4.293856762368851,1.4373681860848917
4.472573757171631,2198,4.294963262385339,1.438607036103352
4.472573757171631,2199,4.296068762401812,1.4398429861217692
4.472573757171631,2200,4.297173262418271,1.441076036140143
4.472573757171631,2201,4.298276762434714,1.4423061861584736
4.472573757171631,2202,4.299379262451143,1.443533436176761
4.472573757171631,2203,4.300480762467556,1.4447577861950052
4.472573757171631,2204,4.301581262483955,1.4459792362132065
4.472573757171631,2205,4.302680762500339,1.4471977862313643
4.472573757171631,2206,4.3037792625167075,1.4484134362494787
4.472573757171631,2207,4.304876762533062,1.4496261862675501
4.472573757171631,2208,4.305973262549401,1.4508360362855781
4.472573757171631,2209,4.3070687625657245,1.4520429863035633
4.472573757171631,2210,4.308163262582034,1.453247036321505
4.472573757171631,2211,4.309256762598329,1.4544481863394036
4.472573757171631,2212,4.310349262614608,1.455646436357259
4.472573757171631,2213,4.311440762630873,1.4568417863750711
4.472573757171631,2214,4.312531262647123,1.45803423639284
4.472573757171631,2215,4.313620762663358,1.4592237864105657
4.472573757171631,2216,4.314709262679578,1.4604104364282482
4.472573757171631,2217,4.315796762695783,1.4615941864458875
4.472573757171631,2218,4.316883262711973,1.4627750364634835
4.472573757171631,2219,4.317968762728148,1.4639529864810363
4.472573757171631,2220,4.319053262744308,1.465128036498546
4.472573757171631,2221,4.320136762760454,1.4663001865160123
4.472573757171631,2222,4.321219262776584,1.4674694365334353
4.472573757171631,2223,4.3223007627926995,1.4686357865508153
4.472573757171631,2224,4.323381262808801,1.4697992365681523
4.472573757171631,2225,4.324460762824886,1.4709597865854458
4.472573757171631,2226,4.325539262840957,1.4721174366026961
4.472573757171631,2227,4.326616762857014,1.4732721866199032
4.472573757171631,2228,4.327693262873054,1.4744240366370671
4.472573757171631,2229,4.32876876288908,1.4755729866541878
4.472573757171631,2230,4.329843262905092,1.4767190366712653
4.472573757171631,2231,4.330916762921088,1.4778621866882995
4.472573757171631,2232,4.3319892629370695,1.4790024367052907
4.472573757171631,2233,4.333060762953036,1.4801397867222383
4.472573757171631,2234,4.334131262968988,1.481274236739143
4.472573757171631,2235,4.3352007629849245,1.4824057867560045
4.472573757171631,2236,4.3362692630008475,1.4835344367728227
4.472573757171631,2237,4.337336763016754,1.4846601867895977
4.472573757171631,2238,4.338403263032646,1.4857830368063294
4.472573757171631,2239,4.339468763048523,1.486902986823018
4.472573757171631,2240,4.340533263064385,1.4880200368396634
4.472573757171631,2241,4.341596763080233,1.4891341868562655
4.472573757171631,2242,4.342659263096065,1.4902454368728244
4.472573757171631,2243,4.343720763111882,1.4913537868893398
4.472573757171631,2244,4.344781263127685,1.4924592369058125
4.472573757171631,2245,4.345840763143473,1.4935617869222415
4.472573757171631,2246,4.346899263159245,1.4946614369386275
4.472573757171631,2247,4.347956763175004,1.4957581869549705
4.472573757171631,2248,4.349013263190746,1.4968520369712701
4.472573757171631,2249,4.350068763206474,1.4979429869875267
4.472573757171631,2250,4.351123263222188,1.4990310370037399
4.472573757171631,2251,4.352176763237886,1.5001161870199098
4.472573757171631,2252,4.353229263253571,1.5011984370360365
4.472573757171631,2253,4.354280763269238,1.5022777870521202
4.472573757171631,2254,4.355331263284892,1.5033542370681605
4.472573757171631,2255,4.35638076330053,1.5044277870841576
4.472573757171631,2256,4.357429263316155,1.5054984371001117
4.472573757171631,2257,4.358476763331764,1.5065661871160223
4.472573757171631,2258,4.359523263347358,1.50763103713189
4.472573757171631,2259,4.360568763362937,1.5086929871477142
4.472573757171631,2260,4.3616132633785005,1.5097520371634952
4.472573757171631,2261,4.3626567633940505,1.510808187179233
4.472573757171631,2262,4.363699263409584,1.5118614371949275
4.472573757171631,2263,4.364740763425105,1.512911787210579
4.472573757171631,2264,4.365781263440609,1.5139592372261874
4.472573757171631,2265,4.366820763456099,1.5150037872417523
4.472573757171631,2266,4.367859263471574,1.516045437257274
4.472573757171631,2267,4.368896763487034,1.5170841872727527
4.472573757171631,2268,4.369933263502479,1.5181200372881882
4.472573757171631,2269,4.370968763517909,1.5191529873035803
4.472573757171631,2270,4.372003263533324,1.5201830373189291
4.472573757171631,2271,4.373036763548725,1.5212101873342347
4.472573757171631,2272,4.3740692635641105,1.5222344373494974
4.472573757171631,2273,4.37510076357948,1.5232557873647168
4.472573757171631,2274,4.376131263594836,1.524274237379893
4.472573757171631,2275,4.377160763610177,1.5252897873950255
4.472573757171631,2276,4.378189263625503,1.5263024374101153
4.472573757171631,2277,4.379216763640814,1.5273121874251618
4.472573757171631,2278,4.38024326365611,1.5283190374401652
4.472573757171631,2279,4.3812687636713905,1.5293229874551253
4.472573757171631,2280,4.382293263686657,1.530324037470042
4.472573757171631,2281,4.3833167637019095,1.5313221874849154
4.472573757171631,2282,4.384339263717146,1.5323174374997457
4.472573757171631,2283,4.385360763732367,1.5333097875145332
4.472573757171631,2284,4.386381263747573,1.534299237529277
4.472573757171631,2285,4.387400763762765,1.5352857875439776
4.472573757171631,2286,4.388419263777942,1.5362694375586352
4.472573757171631,2287,4.389436763793103,1.5372501875732496
4.472573757171631,2288,4.390453263808251,1.5382280375878206
4.472573757171631,2289,4.391468763823383,1.5392029876023485
4.472573757171631,2290,4.3924832638385,1.5401750376168333
4.472573757171631,2291,4.393496763853602,1.5411441876312746
4.472573757171631,2292,4.39450926386869,1.542110437645673
4.472573757171631,2293,4.395520763883763,1.543073787660028
4.472573757171631,2294,4.3965312638988205,1.5440342376743397
4.472573757171631,2295,4.397540763913863,1.5449917876886083
4.472573757171631,2296,4.39854926392889,1.5459464377028338
4.472573757171631,2297,4.399556763943903,1.5468981877170158
4.472573757171631,2298,4.400563263958901,1.5478470377311548
4.472573757171631,2299,4.401568763973884,1.5487929877452506
4.472573757171631,2300,4.402573263988852,1.549736037759303
4.472573757171631,2301,4.403576764003806,1.5506761877733126
4.472573757171631,2302,4.404579264018745,1.5516134377872786
4.472573757171631,2303,4.405580764033669,1.5525477878012017
4.472573757171631,2304,4.406581264048577,1.5534792378150812
4.472573757171631,2305,4.4075807640634705,1.5544077878289175
4.472573757171631,2306,4.40857926407835,1.555333437842711
4.472573757171631,2307,4.409576764093213,1.556256187856461
4.472573757171631,2308,4.410573264108062,1.5571760378701678
4.472573757171631,2309,4.4115687641228964,1.5580929878838314
4.472573757171631,2310,4.412563264137715,1.5590070378974519
4.472573757171631,2311,4.41355676415252,1.559918187911029
4.472573757171631,2312,4.414549264167309,1.560826437924563
4.472573757171631,2313,4.415540764182084,1.5617317879380537
4.472573757171631,2314,4.416531264196844,1.5626342379515012
4.472573757171631,2315,4.417520764211588,1.5635337879649058
4.472573757171631,2316,4.4185092642263175,1.5644304379782668
4.472573757171631,2317,4.419496764241032,1.565324187991585
4.472573757171631,2318,4.420483264255733,1.5662150380048594
4.472573757171631,2319,4.421468764270418,1.567102988018091
4.472573757171631,2320,4.422453264285088,1.5679880380312792
4.472573757171631,2321,4.423436764299744,1.5688701880444245
4.472573757171631,2322,4.424419264314383,1.569749438057526
4.472573757171631,2323,4.425400764329009,1.5706257880705847
4.472573757171631,2324,4.426381264343619,1.5714992380836001
4.472573757171631,2325,4.427360764358215,1.5723697880965721
4.472573757171631,2326,4.428339264372797,1.5732374381095013
4.472573757171631,2327,4.429316764387362,1.5741021881223873
4.472573757171631,2328,4.4302932644019135,1.5749640381352297
4.472573757171631,2329,4.4312687644164495,1.575822988148029
4.472573757171631,2330,4.43224326443097,1.5766790381607851
4.472573757171631,2331,4.4332167644454765,1.5775321881734983
4.472573757171631,2332,4.4341892644599685,1.578382438186168
4.472573757171631,2333,4.435160764474444,1.5792297881987944
4.472573757171631,2334,4.436131264488906,1.5800742382113775
4.472573757171631,2335,4.437100764503352,1.5809157882239178
4.472573757171631,2336,4.438069264517784,1.5817544382364148
4.472573757171631,2337,4.439036764532201,1.5825901882488682
4.472573757171631,2338,4.440003264546604,1.5834230382612788
4.472573757171631,2339,4.44096876456099,1.5842529882736458
4.472573757171631,2340,4.441933264575362,1.5850800382859698
4.472573757171631,2341,4.44289676458972,1.5859041882982505
4.472573757171631,2342,4.443859264604062,1.5867254383104883
4.472573757171631,2343,4.44482076461839,1.5875437883226824
4.472573757171631,2344,4.445781264632703,1.5883592383348337
4.472573757171631,2345,4.446740764647,1.5891717883469418
4.472573757171631,2346,4.447699264661282,1.5899814383590063
4.472573757171631,2347,4.448656764675551,1.590788188371028
4.472573757171631,2348,4.449613264689804,1.5915920383830062
4.472573757171631,2349,4.450568764704041,1.5923929883949413
4.472573757171631,2350,4.451523264718265,1.593191038406833
4.472573757171631,2351,4.452476764732473,1.5939861884186817
4.472573757171631,2352,4.453429264746666,1.5947784384304873
4.472573757171631,2353,4.454380764760845,1.5955677884422497
4.472573757171631,2354,4.455331264775008,1.5963542384539684
4.472573757171631,2355,4.456280764789157,1.5971377884656441
4.472573757171631,2356,4.45722926480329,1.5979184384772769
4.472573757171631,2357,4.458176764817409,1.5986961884888664
4.472573757171631,2358,4.459123264831513,1.5994710385004125
4.472573757171631,2359,4.4600687648456026,1.6002429885119154
4.472573757171631,2360,4.461013264859677,1.6010120385233753
4.472573757171631,2361,4.461956764873737,1.6017781885347917
4.472573757171631,2362,4.462899264887781,1.6025414385461652
4.472573757171631,2363,4.463840764901811,1.603301788557495
4.472573757171631,2364,4.464781264915825,1.604059238568782
4.472573757171631,2365,4.465720764929824,1.6048137885800255
4.472573757171631,2366,4.466659264943809,1.605565438591226
4.472573757171631,2367,4.467596764957779,1.6063141886023833
4.472573757171631,2368,4.468533264971734,1.6070600386134974
4.472573757171631,2369,4.469468764985673,1.607802988624568
4.472573757171631,2370,4.470403264999598,1.6085430386355957
4.472573757171631,2371,4.471336765013509,1.6092801886465802
4.472573757171631,2372,4.472269265027404,1.6100144386575213
4.472573757171631,2373,4.473200765041285,1.6107457886684196
4.472573757171631,2374,4.47413126505515,1.611474238679274
4.472573757171631,2375,4.475060765069,1.6121997886900856
4.472573757171631,2376,4.475989265082837,1.612922438700854
4.472573757171631,2377,4.476916765096657,1.613642188711579
4.472573757171631,2378,4.477843265110463,1.6143590387222608
4.472573757171631,2379,4.478768765124254,1.6150729887328996
4.472573757171631,2380,4.47969326513803,1.6157840387434952
4.472573757171631,2381,4.480616765151792,1.6164921887540473
4.472573757171631,2382,4.481539265165538,1.6171974387645565
4.472573757171631,2383,4.482460765179269,1.6178997887750222
4.472573757171631,2384,4.483381265192986,1.6185992387854449
4.472573757171631,2385,4.4843007652066875,1.6192957887958244
4.472573757171631,2386,4.485219265220374,1.6199894388061604
4.472573757171631,2387,4.486136765234046,1.6206801888164533
4.472573757171631,2388,4.487053265247702,1.621368038826703
4.472573757171631,2389,4.4879687652613445,1.6220529888369097
4.472573757171631,2390,4.488883265274972,1.6227350388470732
4.472573757171631,2391,4.489796765288585,1.6234141888571934
4.472573757171631,2392,4.490709265302181,1.6240904388672701
4.472573757171631,2393,4.491620765315764,1.6247637888773039
4.472573757171631,2394,4.4925312653293314,1.6254342388872942
4.472573757171631,2395,4.493440765342884,1.6261017888972418
4.472573757171631,2396,4.494349265356422,1.6267664389071457
4.472573757171631,2397,4.495256765369945,1.6274281889170064
4.472573757171631,2398,4.496163265383452,1.6280870389268243
4.472573757171631,2399,4.4970687653969454,1.6287429889365987
4.472573757171631,2400,4.497973265410423,1.6293960389463296
4.472573757171631,2401,4.498876765423887,1.630046188956018
4.472573757171631,2402,4.499779265437335,1.6306934389656624
4.472573757171631,2403,4.500680765450769,1.631337788975264
4.472573757171631,2404,4.501581265464187,1.6319792389848224
4.472573757171631,2405,4.502480765477591,1.6326177889943376
4.472573757171631,2406,4.503379265490979,1.6332534390038094
4.472573757171631,2407,4.504276765504353,1.6338861890132383
4.472573757171631,2408,4.505173265517712,1.6345160390226239
4.472573757171631,2409,4.506068765531056,1.6351429890319658
4.472573757171631,2410,4.5069632655443845,1.6357670390412649
4.472573757171631,2411,4.507856765557699,1.6363881890505207
4.472573757171631,2412,4.508749265570999,1.6370064390597334
4.472573757171631,2413,4.509640765584282,1.6376217890689029
4.472573757171631,2414,4.510531265597552,1.6382342390780291
4.472573757171631,2415,4.511420765610807,1.6388437890871121
4.472573757171631,2416,4.512309265624046,1.639450439096152
4.472573757171631,2417,4.513196765637272,1.6400541891051486
4.472573757171631,2418,4.5140832656504815,1.640655039114102
4.472573757171631,2419,4.514968765663676,1.6412529891230119
4.472573757171631,2420,4.515853265676856,1.641848039131879
4.472573757171631,2421,4.5167367656900215,1.6424401891407026
4.472573757171631,2422,4.517619265703172,1.6430294391494833
4.472573757171631,2423,4.518500765716308,1.6436157891582206
4.472573757171631,2424,4.519381265729427,1.6441992391669145
4.472573757171631,2425,4.520260765742533,1.6447797891755653
4.472573757171631,2426,4.5211392657556235,1.6453574391841732
4.472573757171631,2427,4.522016765768699,1.6459321891927372
4.472573757171631,2428,4.522893265781761,1.6465040392012587
4.472573757171631,2429,4.523768765794806,1.6470729892097364
4.472573757171631,2430,4.524643265807838,1.6476390392181715
4.472573757171631,2431,4.5255167658208535,1.6482021892265633
4.472573757171631,2432,4.5263892658338545,1.6487624392349114
4.472573757171631,2433,4.527260765846841,1.6493197892432165
4.472573757171631,2434,4.5281312658598125,1.6498742392514787
4.472573757171631,2435,4.529000765872769,1.6504257892596974
4.472573757171631,2436,4.529869265885711,1.650974439267873
4.472573757171631,2437,4.530736765898638,1.6515201892760052
4.472573757171631,2438,4.531603265911549,1.6520630392840943
4.472573757171631,2439,4.532468765924447,1.6526029892921403
4.472573757171631,2440,4.533333265937328,1.6531400393001427
4.472573757171631,2441,4.534196765950195,1.6536741893081024
4.472573757171631,2442,4.5350592659630475,1.6542054393160186
4.472573757171631,2443,4.535920765975885,1.6547337893238916
4.472573757171631,2444,4.536781265988708,1.6552592393317214
4.472573757171631,2445,4.537640766001516,1.6557817893395081
4.472573757171631,2446,4.538499266014308,1.6563014393472515
4.472573757171631,2447,4.539356766027086,1.6568181893549516
4.472573757171631,2448,4.540213266039848,1.6573320393626085
4.472573757171631,2449,4.541068766052597,1.6578429893702222
4.472573757171631,2450,4.5419232660653295,1.6583510393777927
4.472573757171631,2451,4.542776766078048,1.65885618938532
4.472573757171631,2452,4.543629266090751,1.6593584393928043
4.472573757171631,2453,4.544480766103439,1.659857789400245
4.472573757171631,2454,4.545331266116113,1.660354239407643
4.472573757171631,2455,4.546180766128771,1.6608477894149973
4.472573757171631,2456,4.547029266141415,1.6613384394223085
4.472573757171631,2457,4.547876766154044,1.6618261894295765
4.472573757171631,2458,4.5487232661666575,1.6623110394368015
4.472573757171631,2459,4.549568766179257,1.662792989443983
4.472573757171631,2460,4.550413266191841,1.6632720394511213
4.472573757171631,2461,4.55125676620441,1.6637481894582165
4.472573757171631,2462,4.552099266216964,1.6642214394652686
4.472573757171631,2463,4.5529407662295025,1.6646917894722773
4.472573757171631,2464,4.553781266242027,1.665159239479243
4.472573757171631,2465,4.554620766254537,1.6656237894861652
4.472573757171631,2466,4.5554592662670315,1.6660854394930444
4.472573757171631,2467,4.5562967662795115,1.6665441894998803
4.472573757171631,2468,4.557133266291976,1.6670000395066729
4.472573757171631,2469,4.557968766304426,1.6674529895134227
4.472573757171631,2470,4.558803266316861,1.6679030395201286
4.472573757171631,2471,4.559636766329281,1.6683501895267918
4.472573757171631,2472,4.560469266341686,1.6687944395334118
4.472573757171631,2473,4.561300766354076,1.6692357895399883
4.472573757171631,2474,4.562131266366452,1.6696742395465218
4.472573757171631,2475,4.562960766378813,1.670109789553012
4.472573757171631,2476,4.563789266391159,1.6705424395594588
4.472573757171631,2477,4.564616766403489,1.6709721895658627
4.472573757171631,2478,4.565443266415805,1.6713990395722231
4.472573757171631,2479,4.566268766428106,1.6718229895785406
4.472573757171631,2480,4.567093266440391,1.6722440395848146
4.472573757171631,2481,4.5679167664526625,1.6726621895910456
4.472573757171631,2482,4.568739266464919,1.6730774395972334
4.472573757171631,2483,4.56956076647716,1.6734897896033778
4.472573757171631,2484,4.570381266489387,1.673899239609479
4.472573757171631,2485,4.571200766501599,1.674305789615537
4.472573757171631,2486,4.572019266513795,1.674709439621552
4.472573757171631,2487,4.572836766525977,1.6751101896275238
4.472573757171631,2488,4.573653266538143,1.675508039633452
4.472573757171631,2489,4.574468766550295,1.6759029896393374
4.472573757171631,2490,4.575283266562432,1.6762950396451792
4.472573757171631,2491,4.576096766574555,1.6766841896509779
4.472573757171631,2492,4.576909266586662,1.6770704396567337
4.472573757171631,2493,4.577720766598754,1.677453789662446
4.472573757171631,2494,4.578531266610831,1.677834239668115
4.472573757171631,2495,4.579340766622893,1.678211789673741
4.472573757171631,2496,4.580149266634941,1.6785864396793237
4.472573757171631,2497,4.580956766646974,1.678958189684863
4.472573757171631,2498,4.581763266658992,1.6793270396903595
4.472573757171631,2499,4.582568766670994,1.6796929896958126
4.472573757171631,2500,4.583373266682983,1.6800560397012223
4.472573757171631,2501,4.584176766694956,1.6804161897065892
4.472573757171631,2502,4.584979266706915,1.6807734397119127
4.472573757171631,2503,4.585780766718857,1.6811277897171928
4.472573757171631,2504,4.586581266730786,1.6814792397224299
4.472573757171631,2505,4.586581266730786,1.6814792397224299
4.472573757171631,2506,4.587380666742697,1.681829689727652
4.472573757171631,2507,4.588178866754592,1.6821810397328876
4.472573757171631,2508,4.588975866766468,1.6825332897381364
4.472573757171631,2509,4.589771666778327,1.6828864397433987
4.472573757171631,2510,4.590566266790166,1.6832404897486746
4.472573757171631,2511,4.591359666801989,1.6835954397539636
4.472573757171631,2512,4.5921518668137935,1.6839512897592661
4.472573757171631,2513,4.592942866825581,1.6843080397645824
4.472573757171631,2514,4.593732666837349,1.6846656897699115
4.472573757171631,2515,4.5945212668491004,1.6850242397752542
4.472573757171631,2516,4.595308666860833,1.6853836897806105
4.472573757171631,2517,4.59609486687255,1.6857440397859804
4.472573757171631,2518,4.5968798668842465,1.6861052897913633
4.472573757171631,2519,4.597663666895926,1.6864674397967598
4.472573757171631,2520,4.598446266907588,1.6868304898021695
4.472573757171631,2521,4.599227666919232,1.6871944398075929
4.472573757171631,2522,4.6000078669308575,1.6875592898130298
4.472573757171631,2523,4.600786866942466,1.6879250398184797
4.472573757171631,2524,4.601564666954056,1.688291689823943
4.472573757171631,2525,4.602341266965627,1.68865923982942
4.472573757171631,2526,4.603116666977182,1.6890276898349104
4.472573757171631,2527,4.60389086698872,1.6893970398404143
4.472573757171631,2528,4.604663867000236,1.6897672898459313
4.472573757171631,2529,4.605435667011737,1.6901384398514618
4.472573757171631,2530,4.606206267023221,1.690510489857006
4.472573757171631,2531,4.6069756670346855,1.6908834398625634
4.472573757171631,2532,4.607743867046133,1.691257289868134
4.472573757171631,2533,4.6085108670575625,1.6916320398737184
4.472573757171631,2534,4.609276667068973,1.6920076898793157
4.472573757171631,2535,4.610041267080367,1.692384239884927
4.472573757171631,2536,4.610804667091743,1.692761689890551
4.472573757171631,2537,4.611566867103099,1.693140039896189
4.472573757171631,2538,4.612327867114439,1.6935192899018403
4.472573757171631,2539,4.613087667125761,1.693899439907505
4.472573757171631,2540,4.613846267137065,1.6942804899131831
4.472573757171631,2541,4.6146036671483515,1.6946624399188746
4.472573757171631,2542,4.615359867159621,1.69504528992458
4.472573757171631,2543,4.616114867170871,1.6954290399302985
4.472573757171631,2544,4.616868667182103,1.69581368993603
4.472573757171631,2545,4.617621267193318,1.6961992399417751
4.472573757171631,2546,4.618372667204515,1.6965856899475336
4.472573757171631,2547,4.619122867215694,1.6969730399533054
4.472573757171631,2548,4.619871867226855,1.697361289959091
4.472573757171631,2549,4.620619667237998,1.6977504399648895
4.472573757171631,2550,4.621366267249123,1.698140489970702
4.472573757171631,2551,4.62211166726023,1.6985314399765277
4.472573757171631,2552,4.622855867271319,1.6989232899823663
4.472573757171631,2553,4.623598867282391,1.6993160399882188
4.472573757171631,2554,4.624340667293445,1.6997096899940847
4.472573757171631,2555,4.6250812673044805,1.7001042399999642
4.472573757171631,2556,4.625820667315498,1.7004996900058567
4.472573757171631,2557,4.626558867326499,1.700896040011763
4.472573757171631,2558,4.62729586733748,1.7012932900176823
4.472573757171631,2559,4.628031667348445,1.701691440023615
4.472573757171631,2560,4.628766267359391,1.7020904900295615
4.472573757171631,2561,4.62949966737032,1.702490440035521
4.472573757171631,2562,4.63023186738123,1.7028912900414943
4.472573757171631,2563,4.630962867392124,1.7032930400474808
4.472573757171631,2564,4.631692667402999,1.7036956900534808
4.472573757171631,2565,4.6324212674138545,1.704099240059494
4.472573757171631,2566,4.6331486674246944,1.7045036900655208
4.472573757171631,2567,4.633874867435515,1.704909040071561
4.472573757171631,2568,4.634599867446319,1.7053152900776145
4.472573757171631,2569,4.6353236674571034,1.7057224400836815
4.472573757171631,2570,4.636046267467871,1.7061304900897623
4.472573757171631,2571,4.636767667478621,1.7065394400958558
4.472573757171631,2572,4.637487867489353,1.7069492901019632
4.472573757171631,2573,4.638206867500067,1.7073600401080837
4.472573757171631,2574,4.6389246675107625,1.7077716901142177
4.472573757171631,2575,4.639641267521441,1.7081842401203653
4.472573757171631,2576,4.640356667532101,1.708597690126526
4.472573757171631,2577,4.6410708675427434,1.7090120401327005
4.472573757171631,2578,4.641783867553368,1.7094272901388883
4.472573757171631,2579,4.642495667563975,1.7098434401450893
4.472573757171631,2580,4.6432062675745644,1.7102604901513037
4.472573757171631,2581,4.6439156675851345,1.7106784401575317
4.472573757171631,2582,4.644623867595687,1.7110972901637729
4.472573757171631,2583,4.645330867606223,1.711517040170028
4.472573757171631,2584,4.64603666761674,1.711937690176296
4.472573757171631,2585,4.646741267627239,1.7123592401825776
4.472573757171631,2586,4.64744466763772,1.7127816901888728
4.472573757171631,2587,4.648146867648184,1.713205040195181
4.472573757171631,2588,4.64884786765863,1.7136292902015027
4.472573757171631,2589,4.649547667669059,1.7140544402078381
4.472573757171631,2590,4.650246267679468,1.7144804902141868
4.472573757171631,2591,4.650943667689861,1.7149074402205486
4.472573757171631,2592,4.651639867700234,1.715335290226924
4.472573757171631,2593,4.652334867710591,1.7157640402333134
4.472573757171631,2594,4.653028667720929,1.7161936902397155
4.472573757171631,2595,4.65372126773125,1.7166242402461311
4.472573757171631,2596,4.6544126677415525,1.7170556902525604
4.472573757171631,2597,4.655102867751838,1.7174880402590031
4.472573757171631,2598,4.655791867762105,1.717921290265459
4.472573757171631,2599,4.656479667772353,1.718355440271928
4.472573757171631,2600,4.657166267782585,1.718790490278411
4.472573757171631,2601,4.657851667792799,1.7192264402849071
4.472573757171631,2602,4.658535867802994,1.7196632902914168
4.472573757171631,2603,4.659218867813171,1.7201010402979398
4.472573757171631,2604,4.65990066782333,1.7205396903044763
4.472573757171631,2605,4.660581267833472,1.720979240311026
4.472573757171631,2606,4.661260667843596,1.721419690317589
4.472573757171631,2607,4.661938867853703,1.7218610403241659
4.472573757171631,2608,4.6626158678637895,1.722303290330756
4.472573757171631,2609,4.66329166787386,1.7227464403373594
4.472573757171631,2610,4.663966267883912,1.723190490343976
4.472573757171631,2611,4.664639667893947,1.7236354403506062
4.472573757171631,2612,4.665311867903964,1.72408129035725
4.472573757171631,2613,4.6659828679139626,1.7245280403639072
4.472573757171631,2614,4.666652667923943,1.7249756903705775
4.472573757171631,2615,4.6673212679339064,1.7254242403772615
4.472573757171631,2616,4.667988667943851,1.7258736903839589
4.472573757171631,2617,4.668654867953777,1.7263240403906694
4.472573757171631,2618,4.669319867963687,1.7267752903973936
4.472573757171631,2619,4.669983667973579,1.7272274404041312
4.472573757171631,2620,4.670646267983451,1.727680490410882
4.472573757171631,2621,4.671307667993307,1.7281344404176466
4.472573757171631,2622,4.671967868003145,1.7285892904244244
4.472573757171631,2623,4.672626868012965,1.7290450404312154
4.472573757171631,2624,4.6732846680227675,1.7295016904380203
4.472573757171631,2625,4.673941268032552,1.729959240444838
4.472573757171631,2626,4.674596668042318,1.7304176904516697
4.472573757171631,2627,4.675250868052065,1.7308770404585143
4.472573757171631,2628,4.675903868061797,1.7313372904653725
4.472573757171631,2629,4.676555668071509,1.7317984404722444
4.472573757171631,2630,4.677206268081204,1.7322604904791294
4.472573757171631,2631,4.67785566809088,1.7327234404860279
4.472573757171631,2632,4.678503868100539,1.73318729049294
4.472573757171631,2633,4.67915086811018,1.7336520404998652
4.472573757171631,2634,4.679796668119803,1.7341176905068036
4.472573757171631,2635,4.6804412681294085,1.7345842405137561
4.472573757171631,2636,4.681084668138997,1.7350516905207216
4.472573757171631,2637,4.681726868148566,1.7355200405277005
4.472573757171631,2638,4.682367868158118,1.7359892905346928
4.472573757171631,2639,4.683007668167651,1.7364594405416984
4.472573757171631,2640,4.683646268177166,1.7369304905487177
4.472573757171631,2641,4.684283668186665,1.7374024405557507
4.472573757171631,2642,4.684919868196145,1.7378752905627965
4.472573757171631,2643,4.685554868205607,1.7383490405698558
4.472573757171631,2644,4.686188668215052,1.7388236905769288
4.472573757171631,2645,4.686821268224478,1.7392992405840149
4.472573757171631,2646,4.687452668233887,1.7397756905911146
4.472573757171631,2647,4.688082868243278,1.7402530405982277
4.472573757171631,2648,4.688711868252651,1.7407312906053543
4.472573757171631,2649,4.689339668262005,1.7412104406124942
4.472573757171631,2650,4.689966268271341,1.7416904906196473
4.472573757171631,2651,4.6905916682806605,1.7421714406268136
4.472573757171631,2652,4.691215868289961,1.7426532906339942
4.472573757171631,2653,4.691838868299246,1.7431360406411875
4.472573757171631,2654,4.692460668308511,1.7436196906483945
4.472573757171631,2655,4.693081268317759,1.744104240655615
4.472573757171631,2656,4.693700668326988,1.7445896906628486
4.472573757171631,2657,4.6943188683362,1.745076040670096
4.472573757171631,2658,4.694935868345394,1.7455632906773562
4.472573757171631,2659,4.695551668354571,1.7460514406846306
4.472573757171631,2660,4.696166268363729,1.7465404906919177
4.472573757171631,2661,4.696779668372869,1.7470304406992188
4.472573757171631,2662,4.697391868381992,1.747521290706533
4.472573757171631,2663,4.698002868391097,1.7480130407138605
4.472573757171631,2664,4.698612668400184,1.7485056907212015
4.472573757171631,2665,4.699221268409252,1.7489992407285562
4.472573757171631,2666,4.699828668418302,1.7494936907359242
4.472573757171631,2667,4.700434868427337,1.7499890407433052
4.472573757171631,2668,4.701039868436351,1.7504852907507
4.472573757171631,2669,4.701643668445349,1.750982440758108
4.472573757171631,2670,4.702246268454329,1.7514804907655297
4.472573757171631,2671,4.702847668463289,1.7519794407729647
4.472573757171631,2672,4.703447868472233,1.7524792907804128
4.472573757171631,2673,4.704046868481159,1.7529800407878746
4.472573757171631,2674,4.704644668490067,1.7534816907953499
4.472573757171631,2675,4.705241268498957,1.7539842408028383
4.472573757171631,2676,4.705836668507829,1.7544876908103404
4.472573757171631,2677,4.706430868516684,1.7549920408178559
4.472573757171631,2678,4.7070238685255195,1.7554972908253845
4.472573757171631,2679,4.707615668534338,1.7560034408329268
4.472573757171631,2680,4.7082062685431385,1.7565104908404823
4.472573757171631,2681,4.708795668551922,1.7570184408480514
4.472573757171631,2682,4.709383868560687,1.757527290855634
4.472573757171631,2683,4.7099708685694335,1.75803704086323
4.472573757171631,2684,4.710556668578163,1.7585476908708393
4.472573757171631,2685,4.711141268586875,1.759059240878462
4.472573757171631,2686,4.711724668595568,1.7595716908860983
4.472573757171631,2687,4.7123068686042435,1.7600850408937476
4.472573757171631,2688,4.712887868612901,1.7605992909014105
4.472573757171631,2689,4.713467668621541,1.7611144409090866
4.472573757171631,2690,4.714046268630163,1.7616304909167766
4.472573757171631,2691,4.714623668638766,1.7621474409244797
4.472573757171631,2692,4.7151998686473515,1.7626652909321963
4.472573757171631,2693,4.71577486865592,1.7631840409399262
4.472573757171631,2694,4.7163486686644704,1.7637036909476698
4.472573757171631,2695,4.716921268673003,1.7642242409554265
4.472573757171631,2696,4.717492668681517,1.7647456909631964
4.472573757171631,2697,4.718062868690014,1.7652680409709804
4.472573757171631,2698,4.718631868698493,1.7657912909787772
4.472573757171631,2699,4.7191996687069535,1.7663154409865875
4.472573757171631,2700,4.7197662687153965,1.7668404909944115
4.472573757171631,2701,4.720331668723822,1.767366441002249
4.472573757171631,2702,4.720895868732229,1.7678932910100995
4.472573757171631,2703,4.721458868740618,1.7684210410179637
4.472573757171631,2704,4.722020668748989,1.768949691025841
4.472573757171631,2705,4.722581268757343,1.769479241033732
4.472573757171631,2706,4.723140668765679,1.7700096910416363
4.472573757171631,2707,4.723698868773997,1.7705410410495541
4.472573757171631,2708,4.724255868782297,1.7710732910574851
4.472573757171631,2709,4.724811668790579,1.7716064410654297
4.472573757171631,2710,4.725366268798843,1.7721404910733878
4.472573757171631,2711,4.725919668807089,1.772675441081359
4.472573757171631,2712,4.726471868815318,1.773211291089344
4.472573757171631,2713,4.7270228688235285,1.773748041097342
4.472573757171631,2714,4.727572668831722,1.774285691105354
4.472573757171631,2715,4.728121268839897,1.774824241113379
4.472573757171631,2716,4.728668668848053,1.7753636911214175
4.472573757171631,2717,4.729214868856192,1.7759040411294693
4.472573757171631,2718,4.729759868864313,1.7764452911375346
4.472573757171631,2719,4.730303668872417,1.7769874411456132
4.472573757171631,2720,4.730846268880502,1.7775304911537049
4.472573757171631,2721,4.731387668888569,1.7780744411618106
4.472573757171631,2722,4.731927868896619,1.7786192911699297
4.472573757171631,2723,4.73246686890465,1.7791650411780617
4.472573757171631,2724,4.733004668912664,1.7797116911862076
4.472573757171631,2725,4.733541268920661,1.7802592411943667
4.472573757171631,2726,4.7340766689286395,1.7808076912025395
4.472573757171631,2727,4.734610868936599,1.7813570412107254
4.472573757171631,2728,4.735143868944542,1.7819072912189247
4.472573757171631,2729,4.7356756689524655,1.7824584412271376
4.472573757171631,2730,4.736206268960373,1.7830104912353637
4.472573757171631,2731,4.736735668968262,1.7835634412436032
4.472573757171631,2732,4.737263868976132,1.7841172912518561
4.472573757171631,2733,4.737790868983986,1.7846720412601225
4.472573757171631,2734,4.7383166689918195,1.7852276912684024
4.472573757171631,2735,4.738841268999637,1.7857842412766958
4.472573757171631,2736,4.739364669007436,1.7863416912850023
4.472573757171631,2737,4.739886869015217,1.7869000412933225
4.472573757171631,2738,4.740407869022981,1.7874592913016558
4.472573757171631,2739,4.740927669030727,1.7880194413100026
4.472573757171631,2740,4.7414462690384545,1.788580491318363
4.472573757171631,2741,4.741963669046164,1.789142441326737
4.472573757171631,2742,4.742479869053857,1.789705291335124
4.472573757171631,2743,4.742994869061531,1.7902690413435243
4.472573757171631,2744,4.743508669069186,1.7908336913519383
4.472573757171631,2745,4.744021269076825,1.7913992413603657
4.472573757171631,2746,4.744532669084445,1.7919656913688062
4.472573757171631,2747,4.745042869092048,1.7925330413772604
4.472573757171631,2748,4.745551869099632,1.793101291385728
4.472573757171631,2749,4.746059669107199,1.793670441394209
4.472573757171631,2750,4.746566269114748,1.7942404914027035
4.472573757171631,2751,4.747071669122279,1.794811441411211
4.472573757171631,2752,4.747575869129792,1.7953832914197325
4.472573757171631,2753,4.748078869137288,1.7959560414282674
4.472573757171631,2754,4.748580669144765,1.796529691436815
4.472573757171631,2755,4.749081269152224,1.7971042414453766
4.472573757171631,2756,4.749580669159666,1.7976796914539515
4.472573757171631,2757,4.7500788691670905,1.79825604146254
4.472573757171631,2758,4.7505758691744955,1.7988332914711416
4.472573757171631,2759,4.751071669181884,1.7994114414797566
4.472573757171631,2760,4.7515662691892535,1.7999904914883853
4.472573757171631,2761,4.752059669196606,1.800570441497027
4.472573757171631,2762,4.75255186920394,1.8011512915056822
4.472573757171631,2763,4.7530428692112565,1.801733041514351
4.472573757171631,2764,4.753532669218555,1.8023156915230332
4.472573757171631,2765,4.754021269225836,1.8028992415317289
4.472573757171631,2766,4.754508669233099,1.8034836915404377
4.472573757171631,2767,4.754994869240344,1.8040690415491603
4.472573757171631,2768,4.755479869247571,1.804655291557896
4.472573757171631,2769,4.75596366925478,1.8052424415666453
4.472573757171631,2770,4.756446269261971,1.805830491575408
4.472573757171631,2771,4.756927669269145,1.8064194415841839
4.472573757171631,2772,4.7574078692763,1.8070092915929734
4.472573757171631,2773,4.757886869283438,1.8076000416017761
4.472573757171631,2774,4.7583646692905575,1.8081916916105927
4.472573757171631,2775,4.75884126929766,1.8087842416194222
4.472573757171631,2776,4.759316669304743,1.8093776916282653
4.472573757171631,2777,4.75979086931181,1.8099720416371219
4.472573757171631,2778,4.760263869318858,1.8105672916459918
4.472573757171631,2779,4.760735669325888,1.811163441654875
4.472573757171631,2780,4.7612062693329005,1.8117604916637717
4.472573757171631,2781,4.761675669339895,1.812358441672682
4.472573757171631,2782,4.762143869346873,1.8129572916816055
4.472573757171631,2783,4.762610869353831,1.8135570416905424
4.472573757171631,2784,4.763076669360772,1.814157691699493
4.472573757171631,2785,4.763541269367694,1.8147592417084564
4.472573757171631,2786,4.7640046693746,1.8153616917174338
4.472573757171631,2787,4.764466869381488,1.8159650417264244
4.472573757171631,2788,4.764927869388357,1.8165692917354286
4.472573757171631,2789,4.765387669395208,1.817174441744446
4.472573757171631,2790,4.765846269402043,1.8177804917534768
4.472573757171631,2791,4.766303669408858,1.818387441762521
4.472573757171631,2792,4.766759869415656,1.8189952917715786
4.472573757171631,2793,4.767214869422436,1.8196040417806496
4.472573757171631,2794,4.767668669429199,1.8202136917897342
4.472573757171631,2795,4.768121269435943,1.8208242417988323
4.472573757171631,2796,4.768572669442669,1.8214356918079435
4.472573757171631,2797,4.769022869449378,1.8220480418170681
4.472573757171631,2798,4.769471869456067,1.8226612918262064
4.472573757171631,2799,4.76991966946274,1.8232754418353578
4.472573757171631,2800,4.770366269469395,1.823890491844523
4.472573757171631,2801,4.770811669476032,1.8245064418537011
4.472573757171631,2802,4.771255869482652,1.825123291862893
4.472573757171631,2803,4.771698869489253,1.825741041872098
4.472573757171631,2804,4.772140669495837,1.8263596918813167
4.472573757171631,2805,4.7725812695024015,1.8269792418905488
4.472573757171631,2806,4.7730206695089485,1.827599691899794
4.472573757171631,2807,4.773458869515479,1.828221041909053
4.472573757171631,2808,4.773895869521991,1.828843291918325
4.472573757171631,2809,4.774331669528484,1.829466441927611
4.472573757171631,2810,4.774766269534961,1.83009049193691
4.472573757171631,2811,4.7751996695414185,1.8307154419462224
4.472573757171631,2812,4.775631869547859,1.8313412919555483
4.472573757171631,2813,4.7760628695542815,1.8319680419648878
4.472573757171631,2814,4.776492669560686,1.8325956919742405
4.472573757171631,2815,4.776921269567073,1.8332242419836067
4.472573757171631,2816,4.777348669573442,1.833853691992986
4.472573757171631,2817,4.777774869579792,1.8344840420023791
4.472573757171631,2818,4.778199869586126,1.8351152920117855
4.472573757171631,2819,4.778623669592441,1.8357474420212052
4.472573757171631,2820,4.779046269598738,1.8363804920306384
4.472573757171631,2821,4.779467669605017,1.837014442040085
4.472573757171631,2822,4.7798878696112785,1.837649292049545
4.472573757171631,2823,4.780306869617522,1.8382850420590184
4.472573757171631,2824,4.780724669623748,1.8389216920685052
4.472573757171631,2825,4.781141269629956,1.8395592420780054
4.472573757171631,2826,4.781556669636146,1.8401976920875192
4.472573757171631,2827,4.7819708696423175,1.8408370420970461
4.472573757171631,2828,4.782383869648472,1.8414772921065867
4.472573757171631,2829,4.7827956696546075,1.8421184421161403
4.472573757171631,2830,4.7832062696607265,1.8427604921257077
4.472573757171631,2831,4.783615669666827,1.8434034421352887
4.472573757171631,2832,4.78402386967291,1.8440472921448827
4.472573757171631,2833,4.784430869678975,1.8446920421544903
4.472573757171631,2834,4.784836669685021,1.8453376921641111
4.472573757171631,2835,4.785241269691051,1.8459842421737453
4.472573757171631,2836,4.785644669697062,1.8466316921833932
4.472573757171631,2837,4.786046869703055,1.8472800421930544
4.472573757171631,2838,4.78644786970903,1.8479292922027288
4.472573757171631,2839,4.786847669714988,1.8485794422124169
4.472573757171631,2840,4.787246269720928,1.8492304922221183
4.472573757171631,2841,4.787643669726848,1.849882442231833
4.472573757171631,2842,4.788039869732753,1.8505352922415614
4.472573757171631,2843,4.788434869738639,1.851189042251303
4.472573757171631,2844,4.788828669744506,1.851843692261058
4.472573757171631,2845,4.789221269750358,1.8524992422708264
4.472573757171631,2846,4.78961266975619,1.8531556922806085
4.472573757171631,2847,4.790002869762004,1.8538130422904033
4.472573757171631,2848,4.7903918697678005,1.8544712923002122
4.472573757171631,2849,4.790779669773579,1.8551304423100343
4.472573757171631,2850,4.79116626977934,1.85579049231987
4.472573757171631,2851,4.791551669785083,1.856451442329719
4.472573757171631,2852,4.791935869790807,1.857113292339581
4.472573757171631,2853,4.792318869796515,1.8577760423494567
4.472573757171631,2854,4.792700669802205,1.858439692359346
4.472573757171631,2855,4.7930812698078755,1.8591042423692485
4.472573757171631,2856,4.793460669813529,1.8597696923791645
4.472573757171631,2857,4.793838869819165,1.860436042389094
4.472573757171631,2858,4.794215869824782,1.8611032923990367
4.472573757171631,2859,4.794591669830382,1.8617714424089928
4.472573757171631,2860,4.794966269835964,1.8624404924189628
4.472573757171631,2861,4.795339669841528,1.8631104424289457
4.472573757171631,2862,4.795711869847075,1.863781292438942
4.472573757171631,2863,4.796082869852603,1.864453042448952
4.472573757171631,2864,4.796452669858113,1.8651256924589752
4.472573757171631,2865,4.796821269863606,1.865799242469012
4.472573757171631,2866,4.79718866986908,1.8664736924790621
4.472573757171631,2867,4.797554869874537,1.8671490424891255
4.472573757171631,2868,4.797919869879976,1.8678252924992025
4.472573757171631,2869,4.7982836698853975,1.8685024425092929
4.472573757171631,2870,4.7986462698908,1.8691804925193964
4.472573757171631,2871,4.799007669896186,1.8698594425295136
4.472573757171631,2872,4.799367869901554,1.8705392925396442
4.472573757171631,2873,4.799726869906903,1.8712200425497882
4.472573757171631,2874,4.800084669912234,1.8719016925599457
4.472573757171631,2875,4.800441269917548,1.8725842425701162
4.472573757171631,2876,4.8007966699228435,1.8732676925803002
4.472573757171631,2877,4.801150869928122,1.8739520425904983
4.472573757171631,2878,4.8015038699333825,1.874637292600709
4.472573757171631,2879,4.801855669938624,1.8753234426109335
4.472573757171631,2880,4.802206269943849,1.8760104926211714
4.472573757171631,2881,4.802555669949054,1.8766984426314226
4.472573757171631,2882,4.802903869954244,1.8773872926416875
4.472573757171631,2883,4.803250869959415,1.8780770426519655
4.472573757171631,2884,4.803596669964567,1.8787676926622567
4.472573757171631,2885,4.803941269969702,1.8794592426725618
4.472573757171631,2886,4.80428466997482,1.88015169268288
4.472573757171631,2887,4.804626869979918,1.8808450426932117
4.472573757171631,2888,4.804967869984999,1.881539292703557
4.472573757171631,2889,4.8053076699900625,1.8822344427139153
4.472573757171631,2890,4.805646269995108,1.8829304927242874
4.472573757171631,2891,4.805983670000137,1.8836274427346729
4.472573757171631,2892,4.8063198700051455,1.8843252927450715
4.472573757171631,2893,4.806654870010139,1.8850240427554836
4.472573757171631,2894,4.806988670015112,1.8857236927659093
4.472573757171631,2895,4.8073212700200685,1.8864242427763482
4.472573757171631,2896,4.807652670025007,1.887125692786801
4.472573757171631,2897,4.807982870029926,1.887828042797267
4.472573757171631,2898,4.808311870034829,1.8885312928077458
4.472573757171631,2899,4.808639670039714,1.8892354428182385
4.472573757171631,2900,4.80896627004458,1.8899404928287447
4.472573757171631,2901,4.809291670049429,1.890646442839264
4.472573757171631,2902,4.809615870054261,1.891353292849797
4.472573757171631,2903,4.809938870059073,1.8920610428603433
4.472573757171631,2904,4.810260670063868,1.8927696928709028
4.472573757171631,2905,4.810581270068646,1.8934792428814762
4.472573757171631,2906,4.810900670073405,1.8941896928920627
4.472573757171631,2907,4.811218870078147,1.8949010429026625
4.472573757171631,2908,4.811535870082871,1.8956132929132758
4.472573757171631,2909,4.811851670087576,1.8963264429239026
4.472573757171631,2910,4.8121662700922645,1.8970404929345428
4.472573757171631,2911,4.812479670096934,1.8977554429451962
4.472573757171631,2912,4.812791870101586,1.8984712929558634
4.472573757171631,2913,4.813102870106221,1.8991880429665438
4.472573757171631,2914,4.813412670110837,1.8999056929772375
4.472573757171631,2915,4.813721270115435,1.900624242987945
4.472573757171631,2916,4.814028670120016,1.9013436929986653
4.472573757171631,2917,4.814334870124579,1.9020640430093994
4.472573757171631,2918,4.814639870129124,1.902785293020147
4.472573757171631,2919,4.81494367013365,1.9035074430309078
4.472573757171631,2920,4.815246270138159,1.904230493041682
4.472573757171631,2921,4.815547670142651,1.9049544430524699
4.472573757171631,2922,4.815847870147124,1.9056792930632709
4.472573757171631,2923,4.81614687015158,1.9064050430740855
4.472573757171631,2924,4.8164446701560175,1.9071316930849134
4.472573757171631,2925,4.816741270160437,1.9078592430957546
4.472573757171631,2926,4.817036670164839,1.9085876931066093
4.472573757171631,2927,4.817330870169223,1.9093170431174777
4.472573757171631,2928,4.8176238701735885,1.910047293128359
4.472573757171631,2929,4.817915670177937,1.9107784431392543
4.472573757171631,2930,4.818206270182267,1.9115104931501625
4.472573757171631,2931,4.8184956701865795,1.9122434431610844
4.472573757171631,2932,4.818783870190874,1.9129772931720195
4.472573757171631,2933,4.819070870195151,1.9137120431829682
4.472573757171631,2934,4.81935667019941,1.91444769319393
4.472573757171631,2935,4.81964127020365,1.9151842432049055
4.472573757171631,2936,4.8199246702078735,1.9159216932158945
4.472573757171631,2937,4.820206870212078,1.9166600432268968
4.472573757171631,2938,4.820487870216265,1.9173992932379125
4.472573757171631,2939,4.820767670220436,1.9181394432489418
4.472573757171631,2940,4.821046270224587,1.918880493259984
4.472573757171631,2941,4.82132367022872,1.91962244327104
4.472573757171631,2942,4.821599870232836,1.9203652932821094
4.472573757171631,2943,4.821874870236933,1.921109043293192
4.472573757171631,2944,4.822148670241013,1.9218536933042882
4.472573757171631,2945,4.8224212702450755,1.9225992433153976
4.472573757171631,2946,4.82269267024912,1.923345693326521
4.472573757171631,2947,4.822962870253146,1.9240930433376573
4.472573757171631,2948,4.823231870257155,1.924841293348807
4.472573757171631,2949,4.823499670261145,1.9255904433599702
4.472573757171631,2950,4.823766270265118,1.9263404933711468
4.472573757171631,2951,4.824031670269072,1.927091443382337
4.472573757171631,2952,4.824295870273009,1.9278432933935403
4.472573757171631,2953,4.824558870276928,1.9285960434047573
4.472573757171631,2954,4.824820670280829,1.9293496934159873
4.472573757171631,2955,4.825081270284713,1.930104243427231
4.472573757171631,2956,4.825340670288577,1.930859693438488
4.472573757171631,2957,4.825598870292426,1.9316160434497585
4.472573757171631,2958,4.825855870296255,1.9323732934610425
4.472573757171631,2959,4.826111670300067,1.93313144347234
4.472573757171631,2960,4.82636627030386,1.9338904934836505
4.472573757171631,2961,4.826619670307636,1.9346504434949747
4.472573757171631,2962,4.826871870311395,1.9354112935063121
4.472573757171631,2963,4.827122870315135,1.9361730435176632
4.472573757171631,2964,4.827372670318857,1.9369356935290276
4.472573757171631,2965,4.827621270322561,1.9376992435404052
4.472573757171631,2966,4.827868670326248,1.9384636935517965
4.472573757171631,2967,4.828114870329917,1.9392290435632011
4.472573757171631,2968,4.828359870333568,1.9399952935746194
4.472573757171631,2969,4.8286036703372,1.9407624435860507
4.472573757171631,2970,4.828846270340816,1.9415304935974955
4.472573757171631,2971,4.829087670344412,1.9422994436089536
4.472573757171631,2972,4.829327870347992,1.9430692936204255
4.472573757171631,2973,4.829566870351553,1.9438400436319103
4.472573757171631,2974,4.829804670355097,1.944611693643409
4.472573757171631,2975,4.830041270358623,1.945384243654921
4.472573757171631,2976,4.830276670362131,1.9461576936664462
4.472573757171631,2977,4.83051087036562,1.9469320436779851
4.472573757171631,2978,4.830743870369092,1.947707293689537
4.472573757171631,2979,4.8309756703725455,1.9484834437011025
4.472573757171631,2980,4.831206270375982,1.9492604937126814
4.472573757171631,2981,4.831435670379401,1.9500384437242737
4.472573757171631,2982,4.831663870382801,1.9508172937358796
4.472573757171631,2983,4.831890870386184,1.951597043747499
4.472573757171631,2984,4.832116670389548,1.9523776937591315
4.472573757171631,2985,4.832341270392895,1.9531592437707772
4.472573757171631,2986,4.8325646703962235,1.9539416937824368
4.472573757171631,2987,4.832786870399534,1.9547250437941095
4.472573757171631,2988,4.833007870402828,1.9555092938057959
4.472573757171631,2989,4.833227670406104,1.9562944438174956
4.472573757171631,2990,4.833446270409361,1.9570804938292086
4.472573757171631,2991,4.8336636704126,1.9578674438409351
4.472573757171631,2992,4.833879870415823,1.958655293852675
4.472573757171631,2993,4.834094870419025,1.959444043864428
4.472573757171631,2994,4.834308670422212,1.9602336938761948
4.472573757171631,2995,4.8345212704253795,1.9610242438879748
4.472573757171631,2996,4.834732670428529,1.9618156938997684
4.472573757171631,2997,4.834942870431662,1.9626080439115754
4.472573757171631,2998,4.835151870434776,1.9634012939233956
4.472573757171631,2999,4.835359670437873,1.9641954439352296
4.472573757171631,3000,4.835566270440951,1.9649904939470766
4.472573757171631,3001,4.835771670444012,1.9657864439589372
4.472573757171631,3002,4.835975870447055,1.9665832939708112
4.472573757171631,3003,4.836178870450079,1.9673810439826986
4.472573757171631,3004,4.836380670453087,1.9681796939945997
4.472573757171631,3005,4.836581270456076,1.9689792440065137
4.472573757171631,3006,4.836581270456076,1.9689792440065137
4.472573757171631,3007,4.83678307943651,1.9697805829999289
4.472573757171631,3008,4.8369885063718545,1.970584599956332
4.472573757171631,3009,4.837197551262108,1.9713912948757235
4.472573757171631,3010,4.83741021410727,1.972200667758103
4.472573757171631,3011,4.837626494907343,1.973012718603471
4.472573757171631,3012,4.837846393662323,1.973827447411827
4.472573757171631,3013,4.838069910372213,1.9746448541831711
4.472573757171631,3014,4.838297045037013,1.9754649389175039
4.472573757171631,3015,4.838527797656722,1.9762877016148244
4.472573757171631,3016,4.83876216823134,1.9771131422751334
4.472573757171631,3017,4.839000156760867,1.9779412608984306
4.472573757171631,3018,4.839241763245304,1.9787720574847159
4.472573757171631,3019,4.83948698768465,1.9796055320339896
4.472573757171631,3020,4.8397358300789035,1.9804416845462514
4.472573757171631,3021,4.839988290428067,1.9812805150215012
4.472573757171631,3022,4.840244368732142,1.9821220234597394
4.472573757171631,3023,4.840504064991125,1.982966209860966
4.472573757171631,3024,4.840767379205015,1.9838130742251805
4.472573757171631,3025,4.841034311373816,1.9846626165523833
4.472573757171631,3026,4.841304861497528,1.9855148368425746
4.472573757171631,3027,4.841579029576147,1.9863697350957537
4.472573757171631,3028,4.841856815609676,1.9872273113119212
4.472573757171631,3029,4.842138219598114,1.9880875654910768
4.472573757171631,3030,4.842423241541461,1.9889504976332206
4.472573757171631,3031,4.842711881439717,1.989816107738353
4.472573757171631,3032,4.8430041392928835,1.990684395806473
4.472573757171631,3033,4.843300015100958,1.9915553618375816
4.472573757171631,3034,4.843599508863942,1.9924290058316785
4.472573757171631,3035,4.843902620581836,1.9933053277887631
4.472573757171631,3036,4.844209350254638,1.9941843277088365
4.472573757171631,3037,4.844519697882351,1.9950660055918976
4.472573757171631,3038,4.844833663464971,1.9959503614379472
4.472573757171631,3039,4.8451512470025015,1.9968373952469851
4.472573757171631,3040,4.845472448494941,1.997727107019011
4.472573757171631,3041,4.845797267942291,1.9986194967540252
4.472573757171631,3042,4.846125705344548,1.9995145644520276
4.472573757171631,3043,4.846457760701717,2.000412310113019
4.472573757171631,3044,4.846793434013792,2.0013127337369974
4.472573757171631,3045,4.847132725280779,2.0022158353239643
4.472573757171631,3046,4.847475634502673,2.00312161487392
4.472573757171631,3047,4.847822161679478,2.0040300723868634
4.472573757171631,3048,4.8481723068111915,2.004941207862795
4.472573757171631,3049,4.848526069897814,2.005855021301715
4.472573757171631,3050,4.848883450939345,2.0067715127036228
4.472573757171631,3051,4.849244449935787,2.007690682068519
4.472573757171631,3052,4.849609066887138,2.008612529396404
4.472573757171631,3053,4.849977301793397,2.0095370546872764
4.472573757171631,3054,4.850349154654566,2.0104642579411376
4.472573757171631,3055,4.850724625470644,2.0113941391579866
4.472573757171631,3056,4.851103714241631,2.0123266983378243
4.472573757171631,3057,4.851486420967528,2.01326193548065
4.472573757171631,3058,4.851872745648334,2.014199850586464
4.472573757171631,3059,4.852262688284049,2.0151404436552656
4.472573757171631,3060,4.852656248874673,2.016083714687056
4.472573757171631,3061,4.853053427420207,2.0170296636818343
4.472573757171631,3062,4.85345422392065,2.017978290639601
4.472573757171631,3063,4.853858638376002,2.0189295955603557
4.472573757171631,3064,4.854266670786264,2.019883578444099
4.472573757171631,3065,4.854678321151433,2.0208402392908305
4.472573757171631,3066,4.855093589471513,2.0217995781005493
4.472573757171631,3067,4.855512475746502,2.0227615948732574
4.472573757171631,3068,4.8559349799764,2.023726289608953
4.472573757171631,3069,4.856361102161208,2.0246936623076373
4.472573757171631,3070,4.856790842300924,2.0256637129693096
4.472573757171631,3071,4.85722420039555,2.02663644159397
4.472573757171631,3072,4.857661176445085,2.027611848181619
4.472573757171631,3073,4.8581017704495295,2.0285899327322556
4.472573757171631,3074,4.858545982408883,2.029570695245881
4.472573757171631,3075,4.858993812323146,2.0305541357224945
4.472573757171631,3076,4.8594452601923175,2.0315402541620955
4.472573757171631,3077,4.859900326016398,2.0325290505646856
4.472573757171631,3078,4.86035900979539,2.033520524930264
4.472573757171631,3079,4.860821311529289,2.03451467725883
4.472573757171631,3080,4.861287231218099,2.0355115075503845
4.472573757171631,3081,4.861756768861817,2.036511015804927
4.472573757171631,3082,4.862229924460444,2.037513202022458
4.472573757171631,3083,4.86270669801398,2.038518066202977
4.472573757171631,3084,4.863187089522427,2.0395256083464846
4.472573757171631,3085,4.863671098985781,2.0405358284529798
4.472573757171631,3086,4.864158726404046,2.041548726522463
4.472573757171631,3087,4.86464997177722,2.0425643025549354
4.472573757171631,3088,4.865144835105302,2.043582556550396
4.472573757171631,3089,4.8656433163882955,2.044603488508844
4.472573757171631,3090,4.866145415626197,2.0456270984302805
4.472573757171631,3091,4.8666511328190065,2.046653386314705
4.472573757171631,3092,4.867160467966727,2.047682352162118
4.472573757171631,3093,4.867673421069355,2.0487139959725194
4.472573757171631,3094,4.868189992126895,2.0497483177459093
4.472573757171631,3095,4.868710181139342,2.0507853174822865
4.472573757171631,3096,4.8692339881067,2.0518249951816525
4.472573757171631,3097,4.869761413028964,2.0528673508440067
4.472573757171631,3098,4.8702924559061405,2.0539123844693488
4.472573757171631,3099,4.870827116738225,2.0549600960576795
4.472573757171631,3100,4.871365395525218,2.056010485608998
4.472573757171631,3101,4.871907292267122,2.057063553123305
4.472573757171631,3102,4.872452806963934,2.0581192986006003
4.472573757171631,3103,4.873001939615655,2.0591777220408836
4.472573757171631,3104,4.873554690222286,2.060238823444155
4.472573757171631,3105,4.874111058783825,2.061302602810415
4.472573757171631,3106,4.874671045300276,2.062369060139663
4.472573757171631,3107,4.875234649771632,2.0634381954318983
4.472573757171631,3108,4.875801872197901,2.0645100086871233
4.472573757171631,3109,4.8763727125790775,2.0655844999053357
4.472573757171631,3110,4.876947170915163,2.0666616690865363
4.472573757171631,3111,4.877525247206158,2.0677415162307256
4.472573757171631,3112,4.878106941452064,2.0688240413379027
4.472573757171631,3113,4.8786922536528765,2.069909244408068
4.472573757171631,3114,4.879281183808599,2.0709971254412216
4.472573757171631,3115,4.879873731919232,2.072087684437364
4.472573757171631,3116,4.880469897984773,2.0731809213964936
4.472573757171631,3117,4.881069682005224,2.074276836318612
4.472573757171631,3118,4.881673083980584,2.075375429203718
4.472573757171631,3119,4.882280103910853,2.076476700051813
4.472573757171631,3120,4.882890741796032,2.077580648862896
4.472573757171631,3121,4.883504997636119,2.078687275636967
4.472573757171631,3122,4.884122871431115,2.079796580374026
4.472573757171631,3123,4.884744363181023,2.080908563074074
4.472573757171631,3124,4.885369472885838,2.0820232237371092
4.472573757171631,3125,4.885998200545562,2.0831405623631336
4.472573757171631,3126,4.8866305461601955,2.0842605789521453
4.472573757171631,3127,4.887266509729739,2.0853832735041458
4.472573757171631,3128,4.887906091254191,2.0865086460191344
4.472573757171631,3129,4.888549290733553,2.0876366964971114
4.472573757171631,3130,4.889196108167823,2.088767424938076
4.472573757171631,3131,4.889846543557004,2.0899008313420295
4.472573757171631,3132,4.890500596901092,2.0910369157089708
4.472573757171631,3133,4.891158268200091,2.0921756780389003
4.472573757171631,3134,4.891819557453998,2.0933171183318184
4.472573757171631,3135,4.8924844646628145,2.0944612365877244
4.472573757171631,3136,4.893152989826541,2.0956080328066187
4.472573757171631,3137,4.893825132945177,2.096757506988501
4.472573757171631,3138,4.894500894018722,2.097909659133372
4.472573757171631,3139,4.895180273047176,2.099064489241231
4.472573757171631,3140,4.895863270030539,2.100221997312078
4.472573757171631,3141,4.896549884968811,2.101382183345913
4.472573757171631,3142,4.897240117861993,2.102545047342737
4.472573757171631,3143,4.897933968710084,2.1037105893025485
4.472573757171631,3144,4.898631437513084,2.1048788092253483
4.472573757171631,3145,4.899332524270993,2.106049707111137
4.472573757171631,3146,4.900037228983812,2.107223282959913
4.472573757171631,3147,4.900745551651539,2.1083995367716777
4.472573757171631,3148,4.901457492274177,2.1095784685464305
4.472573757171631,3149,4.902173050851722,2.1107600782841716
4.472573757171631,3150,4.902892227384178,2.111944365984901
4.472573757171631,3151,4.903615021871542,2.113131331648618
4.472573757171631,3152,4.9043414343138165,2.1143209752753234
4.472573757171631,3153,4.905071464710999,2.1155132968650174
4.472573757171631,3154,4.905805113063092,2.1167082964176998
4.472573757171631,3155,4.906542379370093,2.11790597393337
4.472573757171631,3156,4.907283263632005,2.1191063294120283
4.472573757171631,3157,4.908027765848824,2.120309362853675
4.472573757171631,3158,4.908775886020553,2.1215150742583098
4.472573757171631,3159,4.909527624147192,2.122723463625933
4.472573757171631,3160,4.91028298022874,2.1239345309565447
4.472573757171631,3161,4.911041954265196,2.125148276250144
4.472573757171631,3162,4.911804546256564,2.1263646995067313
4.472573757171631,3163,4.912570756202838,2.127583800726308
4.472573757171631,3164,4.913340584104024,2.128805579908872
4.472573757171631,3165,4.914114029960118,2.130030037054424
4.472573757171631,3166,4.9148910937711205,2.131257172162965
4.472573757171631,3167,4.915671775537033,2.1324869852344936
4.472573757171631,3168,4.916456075257855,2.133719476269011
4.472573757171631,3169,4.917243992933586,2.134954645266516
4.472573757171631,3170,4.918035528564227,2.1361924922270097
4.472573757171631,3171,4.918830682149775,2.1374330171504914
4.472573757171631,3172,4.919629453690234,2.1386762200369613
4.472573757171631,3173,4.920431843185602,2.139922100886419
4.472573757171631,3174,4.921237850635879,2.1411706596988656
4.472573757171631,3175,4.922047476041065,2.1424218964743
4.472573757171631,3176,4.922860719401161,2.1436758112127228
4.472573757171631,3177,4.9236775807161655,2.1449324039141335
4.472573757171631,3178,4.924498059986079,2.146191674578533
4.472573757171631,3179,4.9253221572109025,2.14745362320592
4.472573757171631,3180,4.926149872390635,2.1487182497962958
4.472573757171631,3181,4.926981205525276,2.1499855543496595
4.472573757171631,3182,4.927816156614829,2.1512555368660116
4.472573757171631,3183,4.928654725659289,2.152528197345352
4.472573757171631,3184,4.929496912658657,2.1538035357876804
4.472573757171631,3185,4.930342717612937,2.1550815521929967
4.472573757171631,3186,4.931192140522124,2.1563622465613017
4.472573757171631,3187,4.932045181386222,2.1576456188925945
4.472573757171631,3188,4.932901840205228,2.1589316691868756
4.472573757171631,3189,4.9337621169791435,2.1602203974441454
4.472573757171631,3190,4.9346260117079686,2.161511803664403
4.472573757171631,3191,4.935493524391703,2.1628058878476493
4.472573757171631,3192,4.936364655030346,2.164102649993883
4.472573757171631,3193,4.937239403623899,2.1654020901031052
4.472573757171631,3194,4.938117770172361,2.1667042081753163
4.472573757171631,3195,4.938999754675732,2.1680090042105147
4.472573757171631,3196,4.939885357134012,2.1693164782087013
4.472573757171631,3197,4.940774577547201,2.1706266301698767
4.472573757171631,3198,4.9416674159153,2.1719394600940403
4.472573757171631,3199,4.942563872238308,2.1732549679811917
4.472573757171631,3200,4.943463946516225,2.1745731538313313
4.472573757171631,3201,4.944367638749052,2.175894017644459
4.472573757171631,3202,4.945274948936788,2.177217559420576
4.472573757171631,3203,4.946185877079432,2.1785437791596802
4.472573757171631,3204,4.947100423176987,2.179872676861773
4.472573757171631,3205,4.948018587229449,2.1812042525268533
4.472573757171631,3206,4.948940369236823,2.1825385061549225
4.472573757171631,3207,4.949865769199104,2.18387543774598
4.472573757171631,3208,4.950794787116296,2.1852150473000256
4.472573757171631,3209,4.951727422988396,2.186557334817059
4.472573757171631,3210,4.952663676815405,2.1879023002970808
4.472573757171631,3211,4.953603548597324,2.189249943740091
4.472573757171631,3212,4.954547038334152,2.1906002651460894
4.472573757171631,3213,4.955494146025889,2.191953264515076
4.472573757171631,3214,4.956444871672536,2.193308941847051
4.472573757171631,3215,4.9573992152740916,2.194667297142014
4.472573757171631,3216,4.958357176830557,2.196028330399965
4.472573757171631,3217,4.959318756341931,2.1973920416209047
4.472573757171631,3218,4.960283953808214,2.198758430804832
4.472573757171631,3219,4.961252769229407,2.2001274979517476
4.472573757171631,3220,4.962225202605509,2.201499243061652
4.472573757171631,3221,4.9632012539365205,2.202873666134544
4.472573757171631,3222,4.9641809232224405,2.2042507671704246
4.472573757171631,3223,4.9651642104632705,2.205630546169293
4.472573757171631,3224,4.9661511156590095,2.20701300313115
4.472573757171631,3225,4.967141638809657,2.208398138055995
4.472573757171631,3226,4.968135779915214,2.2097859509438282
4.472573757171631,3227,4.969133538975681,2.21117644179465
4.472573757171631,3228,4.970134915991057,2.2125696106084596
4.472573757171631,3229,4.971139910961342,2.2139654573852576
4.472573757171631,3230,4.972148523886537,2.2153639821250435
4.472573757171631,3231,4.973160754766639,2.2167651848278176
4.472573757171631,3232,4.974176603601652,2.218169065493581
4.472573757171631,3233,4.975196070391575,2.219575624122331
4.472573757171631,3234,4.9762191551364054,2.2209848607140703
4.472573757171631,3235,4.977245857836146,2.222396775268797
4.472573757171631,3236,4.978276178490796,2.223811367786513
4.472573757171631,3237,4.979310117100354,2.2252286382672164
4.472573757171631,3238,4.980347673664823,2.2266485867109083
4.472573757171631,3239,4.9813888481842,2.2280712131175884
4.472573757171631,3240,4.982433640658487,2.2294965174872567
4.472573757171631,3241,4.983482051087682,2.230924499819913
4.472573757171631,3242,4.984534079471787,2.2323551601155573
4.472573757171631,3243,4.985589725810802,2.2337884983741905
4.472573757171631,3244,4.986648990104726,2.2352245145958114
4.472573757171631,3245,4.987711872353558,2.2366632087804206
4.472573757171631,3246,4.9887783725573,2.238104580928018
4.472573757171631,3247,4.989848490715952,2.2395486310386037
4.472573757171631,3248,4.990922226829511,2.2409953591121776
4.472573757171631,3249,4.991999580897981,2.2424447651487394
4.472573757171631,3250,4.99308055292136,2.24389684914829
4.472573757171631,3251,4.994165142899648,2.2453516111108285
4.472573757171631,3252,4.995253350832845,2.2468090510363554
4.472573757171631,3253,4.996345176720952,2.2482691689248706
4.472573757171631,3254,4.997440620563968,2.2497319647763736
4.472573757171631,3255,4.998539682361893,2.251197438590865
4.472573757171631,3256,4.999642362114727,2.252665590368345
4.472573757171631,3257,5.000748659822472,2.2541364201088125
4.472573757171631,3258,5.001858575485125,2.2556099278122685
4.472573757171631,3259,5.002972109102686,2.257086113478713
4.472573757171631,3260,5.004089260675158,2.2585649771081453
4.472573757171631,3261,5.005210030202538,2.2600465187005656
4.472573757171631,3262,5.006334417684828,2.2615307382559746
4.472573757171631,3263,5.007462423122027,2.263017635774372
4.472573757171631,3264,5.008594046514135,2.264507211255757
4.472573757171631,3265,5.009729287861153,2.2659994647001307
4.472573757171631,3266,5.010868147163079,2.2674943961074923
4.472573757171631,3267,5.012010624419915,2.268992005477842
4.472573757171631,3268,5.01315671963166,2.2704922928111806
4.472573757171631,3269,5.014306432798315,2.271995258107507
4.472573757171631,3270,5.015459763919878,2.2735009013668215
4.472573757171631,3271,5.016616712996351,2.2750092225891243
4.472573757171631,3272,5.017777280027734,2.2765202217744154
4.472573757171631,3273,5.0189414650140245,2.2780338989226943
4.472573757171631,3274,5.020109267955226,2.2795502540339614
4.472573757171631,3275,5.021280688851335,2.2810692871082177
4.472573757171631,3276,5.022455727702354,2.2825909981454613
4.472573757171631,3277,5.0236343845082825,2.284115387145693
4.472573757171631,3278,5.02481665926912,2.2856424541089133
4.472573757171631,3279,5.026002551984867,2.287172199035122
4.472573757171631,3280,5.027192062655523,2.288704621924319
4.472573757171631,3281,5.028385191281088,2.2902397227765037
4.472573757171631,3282,5.029581937861562,2.2917775015916764
4.472573757171631,3283,5.030782302396947,2.293317958369838
4.472573757171631,3284,5.03198628488724,2.294861093110988
4.472573757171631,3285,5.033193885332441,2.2964069058151253
4.472573757171631,3286,5.034405103732553,2.297955396482251
4.472573757171631,3287,5.0356199400875745,2.2995065651123654
4.472573757171631,3288,5.036838394397503,2.3010604117054676
4.472573757171631,3289,5.038060466662342,2.3026169362615585
4.472573757171631,3290,5.039286156882091,2.3041761387806368
4.472573757171631,3291,5.040515465056749,2.305738019262704
4.472573757171631,3292,5.0417483911863155,2.3073025777077594
4.472573757171631,3293,5.042984935270791,2.308869814115803
4.472573757171631,3294,5.044225097310177,2.310439728486834
4.472573757171631,3295,5.045468877304471,2.312012320820854
4.472573757171631,3296,5.046716275253675,2.3135875911178623
4.472573757171631,3297,5.0479672911577875,2.3151655393778587
4.472573757171631,3298,5.049221925016811,2.316746165600843
4.472573757171631,3299,5.0504801768307415,2.3183294697868155
4.472573757171631,3300,5.051742046599582,2.3199154519357763
4.472573757171631,3301,5.053007534323332,2.3215041120477258
4.472573757171631,3302,5.054276640001991,2.323095450122663
4.472573757171631,3303,5.05554936363556,2.3246894661605886
4.472573757171631,3304,5.056825705224037,2.3262861601615024
4.472573757171631,3305,5.0581056647674245,2.3278855321254044
4.472573757171631,3306,5.059389242265721,2.3294875820522947
4.472573757171631,3307,5.060676437718926,2.3310923099421728
4.472573757171631,3308,5.06196725112704,2.3326997157950395
4.472573757171631,3309,5.063261682490064,2.334309799610894
4.472573757171631,3310,5.064559731807997,2.335922561389737
4.472573757171631,3311,5.065861399080839,2.337538001131568
4.472573757171631,3312,5.0671666843085905,2.339156118836388
4.472573757171631,3313,5.0684755874912515,2.3407769145041954
4.472573757171631,3314,5.069788108628822,2.3424003881349913
4.472573757171631,3315,5.071104247721301,2.3440265397287754
4.472573757171631,3316,5.07242400476869,2.3456553692855477
4.472573757171631,3317,5.073747379770987,2.347286876805308
4.472573757171631,3318,5.075074372728194,2.348921062288057
4.472573757171631,3319,5.076404983640311,2.350557925733794
4.472573757171631,3320,5.0777392125073355,2.3521974671425188
4.472573757171631,3321,5.07907705932927,2.3538396865142324
4.472573757171631,3322,5.080418524106114,2.3554845838489338
4.472573757171631,3323,5.0817636068378675,2.357132159146624
4.472573757171631,3324,5.08311230752453,2.358782412407302
4.472573757171631,3325,5.084464626166101,2.3604353436309675
4.472573757171631,3326,5.085820562762581,2.3620909528176224
4.472573757171631,3327,5.087180117313972,2.363749239967265
4.472573757171631,3328,5.088543289820272,2.365410205079896
4.472573757171631,3329,5.089910080281481,2.3670738481555147
4.472573757171631,3330,5.091280488697597,2.3687401691941217
4.472573757171631,3331,5.092654515068625,2.3704091681957173
4.472573757171631,3332,5.094032159394561,2.3720808451603013
4.472573757171631,3333,5.095413421675406,2.3737552000878726
4.472573757171631,3334,5.096798301911162,2.375432232978433
4.472573757171631,3335,5.098186800101825,2.377111943831981
4.472573757171631,3336,5.099578916247398,2.3787943326485177
4.472573757171631,3337,5.10097465034788,2.3804793994280424
4.472573757171631,3338,5.102374002403272,2.3821671441705554
4.472573757171631,3339,5.1037769724135735,2.3838575668760567
4.472573757171631,3340,5.105183560378784,2.385550667544546
4.472573757171631,3341,5.106593766298902,2.3872464461760234
4.472573757171631,3342,5.108007590173932,2.388944902770489
4.472573757171631,3343,5.109425032003869,2.3906460373279432
4.472573757171631,3344,5.110846091788716,2.3923498498483853
4.472573757171631,3345,5.112270769528472,2.394056340331816
4.472573757171631,3346,5.113699065223138,2.3957655087782346
4.472573757171631,3347,5.115130978872712,2.3974773551876414
4.472573757171631,3348,5.116566510477196,2.3991918795600364
4.472573757171631,3349,5.118005660036589,2.4009090818954197
4.472573757171631,3350,5.119448427550893,2.4026289621937913
4.472573757171631,3351,5.1208948130201035,2.4043515204551507
4.472573757171631,3352,5.122344816444224,2.4060767566794983
4.472573757171631,3353,5.123798437823255,2.4078046708668346
4.472573757171631,3354,5.1252556771571935,2.409535263017159
4.472573757171631,3355,5.126716534446043,2.4112685331304715
4.472573757171631,3356,5.128181009689801,2.413004481206772
4.472573757171631,3357,5.129649102888468,2.4147431072460614
4.472573757171631,3358,5.131120814042044,2.416484411248338
4.472573757171631,3359,5.132596143150529,2.4182283932136035
4.472573757171631,3360,5.1340750902139245,2.419975053141857
4.472573757171631,3361,5.135557655232229,2.421724391033099
4.472573757171631,3362,5.137043838205442,2.423476406887329
4.472573757171631,3363,5.1385336391335645,2.425231100704547
4.472573757171631,3364,5.140027058016596,2.426988472484754
4.472573757171631,3365,5.141524094854537,2.428748522227948
4.472573757171631,3366,5.143024749647386,2.4305112499341313
4.472573757171631,3367,5.144529022395147,2.432276655603302
4.472573757171631,3368,5.146036913097815,2.4340447392354614
4.472573757171631,3369,5.147548421755394,2.435815500830609
4.472573757171631,3370,5.149063548367881,2.4375889403887445
4.472573757171631,3371,5.150582292935277,2.4393650579098685
4.472573757171631,3372,5.152104655457583,2.4411438533939807
4.472573757171631,3373,5.153630635934798,2.4429253268410807
4.472573757171631,3374,5.155160234366921,2.4447094782511694
4.472573757171631,3375,5.156693450753955,2.446496307624246
4.472573757171631,3376,5.158230285095898,2.448285814960311
4.472573757171631,3377,5.1597707373927495,2.4500780002593636
4.472573757171631,3378,5.16131480764451,2.4518728635214053
4.472573757171631,3379,5.162862495851181,2.4536704047464353
4.472573757171631,3380,5.16441380201276,2.455470623934453
4.472573757171631,3381,5.165968726129249,2.457273521085459
4.472573757171631,3382,5.167527268200647,2.459079096199453
4.472573757171631,3383,5.169089428226954,2.460887349276436
4.472573757171631,3384,5.1706552062081705,2.462698280316406
4.472573757171631,3385,5.172224602144295,2.4645118893193647
4.472573757171631,3386,5.173797616035331,2.4663281762853124
4.472573757171631,3387,5.175374247881276,2.4681471412142475
4.472573757171631,3388,5.176954497682129,2.469968784106171
4.472573757171631,3389,5.178538365437891,2.4717931049610824
4.472573757171631,3390,5.1801258511485635,2.4736201037789827
4.472573757171631,3391,5.181716954814144,2.4754497805598707
4.472573757171631,3392,5.183311676434634,2.477282135303747
4.472573757171631,3393,5.1849100160100345,2.4791171680106117
4.472573757171631,3394,5.186511973540343,2.480954878680464
4.472573757171631,3395,5.188117549025561,2.482795267313305
4.472573757171631,3396,5.189726742465687,2.4846383339091345
4.472573757171631,3397,5.1913395538607245,2.486484078467952
4.472573757171631,3398,5.192955983210671,2.4883325009897574
4.472573757171631,3399,5.194576030515526,2.490183601474551
4.472573757171631,3400,5.19619969577529,2.4920373799223334
4.472573757171631,3401,5.197826978989964,2.4938938363331036
4.472573757171631,3402,5.199457880159545,2.495752970706862
4.472573757171631,3403,5.201092399284038,2.4976147830436086
4.472573757171631,3404,5.202730536363439,2.4994792733433435
4.472573757171631,3405,5.204372291397749,2.5013464416060662
4.472573757171631,3406,5.20601766438697,2.503216287831778
4.472573757171631,3407,5.2076666553310975,2.5050888120204773
4.472573757171631,3408,5.209319264230135,2.506964014172165
4.472573757171631,3409,5.210975491084083,2.508841894286841
4.472573757171631,3410,5.21263533589294,2.5107224523645053
4.472573757171631,3411,5.2142987986567055,2.5126056884051575
4.472573757171631,3412,5.21596587937538,2.514491602408798
4.472573757171631,3413,5.217636578048964,2.5163801943754267
4.472573757171631,3414,5.2193108946774585,2.5182714643050437
4.472573757171631,3415,5.22098882926086,2.520165412197649
4.472573757171631,3416,5.222670381799173,2.5220620380532424
4.472573757171631,3417,5.224355552292393,2.523961341871824
4.472573757171631,3418,5.226044340740525,2.525863323653394
4.472573757171631,3419,5.227736747143564,2.527767983397952
4.472573757171631,3420,5.2294327715015125,2.529675321105498
4.472573757171631,3421,5.231132413814371,2.5315853367760326
4.472573757171631,3422,5.232835674082139,2.5334980304095556
4.472573757171631,3423,5.234542552304815,2.535413402006066
4.472573757171631,3424,5.236253048482401,2.5373314515655654
4.472573757171631,3425,5.237967162614896,2.5392521790880522
4.472573757171631,3426,5.2396848947023,2.5411755845735278
4.472573757171631,3427,5.2414062447446135,2.5431016680219916
4.472573757171631,3428,5.243131212741837,2.5450304294334436
4.472573757171631,3429,5.244859798693968,2.5469618688078834
4.472573757171631,3430,5.24659200260101,2.548895986145312
4.472573757171631,3431,5.24832782446296,2.5508327814457283
4.472573757171631,3432,5.250067264279821,2.5527722547091334
4.472573757171631,3433,5.251810322051589,2.5547144059355262
4.472573757171631,3434,5.253556997778267,2.556659235124908
4.472573757171631,3435,5.255307291459854,2.5586067422772767
4.472573757171631,3436,5.257061203096351,2.5605569273926343
4.472573757171631,3437,5.2588187326877565,2.56250979047098
4.472573757171631,3438,5.260579880234072,2.5644653315123143
4.472573757171631,3439,5.262344645735297,2.5664235505166366
4.472573757171631,3440,5.26411302919143,2.5683844474839472
4.472573757171631,3441,5.265885030602473,2.570348022414246
4.472573757171631,3442,5.267660649968425,2.5723142753075328
4.472573757171631,3443,5.269439887289287,2.5742832061638077
4.472573757171631,3444,5.271222742565056,2.576254814983071
4.472573757171631,3445,5.273009215795737,2.5782291017653227
4.472573757171631,3446,5.274799306981326,2.5802060665105624
4.472573757171631,3447,5.276593016121824,2.5821857092187903
4.472573757171631,3448,5.278390343217231,2.5841680298900065
4.472573757171631,3449,5.280191288267549,2.586153028524211
4.472573757171631,3450,5.281995851272774,2.5881407051214036
4.472573757171631,3451,5.28380403223291,2.590131059681584
4.472573757171631,3452,5.285615831147954,2.5921240922047533
4.472573757171631,3453,5.287431248017907,2.5941198026909102
4.472573757171631,3454,5.2892502828427705,2.596118191140056
4.472573757171631,3455,5.291072935622543,2.5981192575521894
4.472573757171631,3456,5.292899206357224,2.600123001927311
4.472573757171631,3457,5.294729095046814,2.602129424265421
4.472573757171631,3458,5.296562601691313,2.6041385245665194
4.472573757171631,3459,5.2983997262907225,2.6061503028306063
4.472573757171631,3460,5.300240468845042,2.6081647590576806
4.472573757171631,3461,5.302084829354269,2.6101818932477436
4.472573757171631,3462,5.303932807818406,2.6122017054007944
4.472573757171631,3463,5.3057844042374525,2.614224195516834
4.472573757171631,3464,5.3076396186114065,2.6162493635958617
4.472573757171631,3465,5.309498450940271,2.6182772096378772
4.472573757171631,3466,5.311360901224045,2.620307733642881
4.472573757171631,3467,5.313226969462729,2.6223409356108736
4.472573757171631,3468,5.315096655656321,2.6243768155418543
4.472573757171631,3469,5.316969959804822,2.626415373435823
4.472573757171631,3470,5.318846881908232,2.6284566092927797
4.472573757171631,3471,5.320727421966552,2.6305005231127248
4.472573757171631,3472,5.322611579979782,2.6325471148956576
4.472573757171631,3473,5.32449935594792,2.634596384641579
4.472573757171631,3474,5.326390749870968,2.6366483323504886
4.472573757171631,3475,5.3282857617489245,2.6387029580223866
4.472573757171631,3476,5.330184391581791,2.640760261657273
4.472573757171631,3477,5.332086639369566,2.6428202432551466
4.472573757171631,3478,5.333992505112251,2.6448829028160095
4.472573757171631,3479,5.3359019888098445,2.64694824033986
4.472573757171631,3480,5.337815090462347,2.649016255826699
4.472573757171631,3481,5.339731810069759,2.651086949276526
4.472573757171631,3482,5.341652147632081,2.6531603206893415
4.472573757171631,3483,5.343576103149312,2.6552363700651447
4.472573757171631,3484,5.345503676621451,2.657315097403937
4.472573757171631,3485,5.347434868048501,2.6593965027057167
4.472573757171631,3486,5.349369677430459,2.6614805859704846
4.472573757171631,3487,5.351308104767326,2.6635673471982413
4.472573757171631,3488,5.353250150059104,2.6656567863889857
4.472573757171631,3489,5.35519581330579,2.667748903542719
4.472573757171631,3490,5.357145094507385,2.66984369865944
4.472573757171631,3491,5.35909799366389,2.671941171739149
4.472573757171631,3492,5.361054510775303,2.674041322781846
4.472573757171631,3493,5.363014645841626,2.6761441517875317
4.472573757171631,3494,5.364978398862859,2.6782496587562057
4.472573757171631,3495,5.366945769839001,2.680357843687868
4.472573757171631,3496,5.368916758770051,2.682468706582518
4.472573757171631,3497,5.370891365656011,2.6845822474401566
4.472573757171631,3498,5.37286959049688,2.6866984662607836
4.472573757171631,3499,5.374851433292658,2.6888173630443983
4.472573757171631,3500,5.376836894043347,2.6909389377910014
4.472573757171631,3501,5.378825972748944,2.693063190500593
4.472573757171631,3502,5.380818669409449,2.695190121173172
4.472573757171631,3503,5.382814984024865,2.6973197298087404
4.472573757171631,3504,5.3848149165951895,2.699452016407296
4.472573757171631,3505,5.386818467120423,2.70158698096884
4.472573757171631,3506,5.388825635600567,2.7037246234933727
4.472573757171631,3507,5.388825635600567,2.7037246234933727
4.472573757171631,3508,5.389830124329365,2.7047941142463863
4.472573757171631,3509,5.390834613058165,2.7058636049993994
4.472573757171631,3510,5.391839101786963,2.7069330957524125
4.472573757171631,3511,5.392843590515762,2.7080025865054256
4.472573757171631,3512,5.393848079244561,2.709072077258439
4.472573757171631,3513,5.39485256797336,2.7101415680114522
4.472573757171631,3514,5.395857056702158,2.7112110587644658
4.472573757171631,3515,5.396861545430958,2.7122805495174784
4.472573757171631,3516,5.397866034159756,2.713350040270492
4.472573757171631,3517,5.398870522888555,2.714419531023505
4.472573757171631,3518,5.399875011617354,2.7154890217765186
4.472573757171631,3519,5.400879500346153,2.7165585125295317
4.472573757171631,3520,5.4018839890749515,2.717628003282545
4.472573757171631,3521,5.402888477803751,2.718697494035558
4.472573757171631,3522,5.403892966532549,2.7197669847885715
4.472573757171631,3523,5.404897455261349,2.720836475541585
4.472573757171631,3524,5.4059019439901475,2.721905966294598
4.472573757171631,3525,5.406906432718946,2.7229754570476112
4.472573757171631,3526,5.407910921447745,2.7240449478006243
4.472573757171631,3527,5.408915410176544,2.725114438553638
4.472573757171631,3528,5.4099198989053425,2.726183929306651
4.472573757171631,3529,5.410924387634142,2.7272534200596645
4.472573757171631,3530,5.41192887636294,2.728322910812677
4.472573757171631,3531,5.412933365091739,2.7293924015656907
4.472573757171631,3532,5.4139378538205385,2.730461892318704
4.472573757171631,3533,5.414942342549337,2.7315313830717174
4.472573757171631,3534,5.415946831278135,2.7326008738247305
4.472573757171631,3535,5.416951320006935,2.7336703645777436
4.472573757171631,3536,5.417955808735734,2.7347398553307567
4.472573757171631,3537,5.418960297464532,2.7358093460837702
4.472573757171631,3538,5.419964786193331,2.7368788368367833
4.472573757171631,3539,5.42096927492213,2.737948327589797
4.472573757171631,3540,5.421973763650929,2.73901781834281
4.472573757171631,3541,5.422978252379728,2.740087309095823
4.472573757171631,3542,5.423982741108526,2.7411567998488366
4.472573757171631,3543,5.424987229837325,2.7422262906018497
4.472573757171631,3544,5.425991718566125,2.7432957813548633
4.472573757171631,3545,5.426996207294924,2.7443652721078764
4.472573757171631,3546,5.428000696023722,2.74543476286089
4.472573757171631,3547,5.429005184752521,2.746504253613903
4.472573757171631,3548,5.430009673481321,2.7475737443669166
4.472573757171631,3549,5.431014162210119,2.7486432351199293
4.472573757171631,3550,5.432018650938918,2.749712725872943
4.472573757171631,3551,5.433023139667717,2.750782216625956
4.472573757171631,3552,5.434027628396516,2.7518517073789694
4.472573757171631,3553,5.435032117125315,2.7529211981319825
4.472573757171631,3554,5.436036605854113,2.7539906888849957
4.472573757171631,3555,5.437041094582912,2.7550601796380088
4.472573757171631,3556,5.438045583311712,2.7561296703910223
4.472573757171631,3557,5.43905007204051,2.757199161144036
4.472573757171631,3558,5.440054560769308,2.758268651897049
4.472573757171631,3559,5.441059049498108,2.759338142650062
4.472573757171631,3560,5.442063538226907,2.760407633403075
4.472573757171631,3561,5.4430680269557055,2.7614771241560887
4.472573757171631,3562,5.444072515684505,2.762546614909102
4.472573757171631,3563,5.445077004413303,2.7636161056621154
4.472573757171631,3564,5.446081493142102,2.764685596415128
4.472573757171631,3565,5.447085981870901,2.7657550871681416
4.472573757171631,3566,5.4480904705997,2.7668245779211547
4.472573757171631,3567,5.449094959328498,2.767894068674168
4.472573757171631,3568,5.450099448057298,2.7689635594271813
4.472573757171631,3569,5.4511039367860965,2.7700330501801944
4.472573757171631,3570,5.452108425514895,2.7711025409332075
4.472573757171631,3571,5.453112914243694,2.772172031686221
4.472573757171631,3572,5.454117402972493,2.7732415224392346
4.472573757171631,3573,5.455121891701292,2.7743110131922477
4.472573757171631,3574,5.456126380430091,2.775380503945261
4.472573757171631,3575,5.457130869158889,2.776449994698274
4.472573757171631,3576,5.458135357887688,2.7775194854512875
4.472573757171631,3577,5.4591398466164875,2.7785889762043006
4.472573757171631,3578,5.460144335345286,2.779658466957314
4.472573757171631,3579,5.461148824074085,2.7807279577103268
4.472573757171631,3580,5.462153312802884,2.7817974484633403
4.472573757171631,3581,5.463157801531683,2.7828669392163534
4.472573757171631,3582,5.464162290260482,2.783936429969367
4.472573757171631,3583,5.46516677898928,2.78500592072238
4.472573757171631,3584,5.466171267718079,2.786075411475393
4.472573757171631,3585,5.467175756446879,2.7871449022284063
4.472573757171631,3586,5.468180245175677,2.78821439298142
4.472573757171631,3587,5.469184733904475,2.7892838837344334
4.472573757171631,3588,5.470189222633275,2.7903533744874465
4.472573757171631,3589,5.471193711362074,2.7914228652404596
4.472573757171631,3590,5.472198200090872,2.7924923559934727
4.472573757171631,3591,5.473202688819671,2.7935618467464858
4.472573757171631,3592,5.47420717754847,2.7946313374994993
4.472573757171631,3593,5.475211666277269,2.795700828252513
4.472573757171631,3594,5.476216155006068,2.7967703190055255
4.472573757171631,3595,5.477220643734867,2.797839809758539
4.472573757171631,3596,5.478225132463666,2.7989093005115526
4.472573757171631,3597,5.479229621192465,2.7999787912645657
4.472573757171631,3598,5.480234109921264,2.801048282017579
4.472573757171631,3599,5.481238598650062,2.8021177727705924
4.472573757171631,3600,5.482243087378861,2.8031872635236055
4.472573757171631,3601,5.483247576107661,2.804256754276619
4.472573757171631,3602,5.484252064836459,2.8053262450296317
4.472573757171631,3603,5.485256553565257,2.8063957357826452
4.472573757171631,3604,5.486261042294057,2.8074652265356583
4.472573757171631,3605,5.487265531022856,2.808534717288672
4.472573757171631,3606,5.488270019751655,2.8096042080416854
4.472573757171631,3607,5.489274508480454,2.810673698794698
4.472573757171631,3608,5.490278997209252,2.8117431895477116
4.472573757171631,3609,5.491283485938052,2.8128126803007247
4.472573757171631,3610,5.4922879746668505,2.8138821710537383
4.472573757171631,3611,5.493292463395649,2.8149516618067514
4.472573757171631,3612,5.494296952124448,2.816021152559764
4.472573757171631,3613,5.495301440853247,2.8170906433127776
4.472573757171631,3614,5.496305929582046,2.818160134065791
4.472573757171631,3615,5.497310418310844,2.8192296248188042
4.472573757171631,3616,5.498314907039643,2.820299115571818
4.472573757171631,3617,5.499319395768442,2.8213686063248304
4.472573757171631,3618,5.5003238844972415,2.822438097077844
4.472573757171631,3619,5.501328373226039,2.823507587830857
4.472573757171631,3620,5.502332861954838,2.8245770785838706
4.472573757171631,3621,5.503337350683638,2.825646569336884
4.472573757171631,3622,5.504341839412437,2.826716060089897
4.472573757171631,3623,5.5053463281412345,2.8277855508429104
4.472573757171631,3624,5.506350816870034,2.8288550415959235
4.472573757171631,3625,5.507355305598833,2.829924532348937
4.472573757171631,3626,5.508359794327632,2.83099402310195
4.472573757171631,3627,5.509364283056431,2.832063513854963
4.472573757171631,3628,5.510368771785229,2.8331330046079763
4.472573757171631,3629,5.511373260514028,2.83420249536099
4.472573757171631,3630,5.512377749242828,2.835271986114003
4.472573757171631,3631,5.513382237971626,2.8363414768670165
4.472573757171631,3632,5.514386726700424,2.8374109676200296
4.472573757171631,3633,5.515391215429224,2.8384804583730427
4.472573757171631,3634,5.516395704158023,2.839549949126056
4.472573757171631,3635,5.5174001928868215,2.8406194398790694
4.472573757171631,3636,5.51840468161562,2.841688930632083
4.472573757171631,3637,5.519409170344419,2.842758421385096
4.472573757171631,3638,5.520413659073218,2.843827912138109
4.472573757171631,3639,5.521418147802017,2.8448974028911223
4.472573757171631,3640,5.522422636530816,2.8459668936441354
4.472573757171631,3641,5.523427125259615,2.847036384397149
4.472573757171631,3642,5.524431613988414,2.848105875150162
4.472573757171631,3643,5.5254361027172125,2.8491753659031755
4.472573757171631,3644,5.526440591446011,2.8502448566561887
4.472573757171631,3645,5.52744508017481,2.8513143474092018
4.472573757171631,3646,5.528449568903609,2.852383838162215
4.472573757171631,3647,5.529454057632408,2.8534533289152284
4.472573757171631,3648,5.530458546361206,2.854522819668242
4.472573757171631,3649,5.531463035090006,2.8555923104212546
4.472573757171631,3650,5.532467523818804,2.856661801174268
4.472573757171631,3651,5.533472012547604,2.8577312919272813
4.472573757171631,3652,5.534476501276402,2.8588007826802944
4.472573757171631,3653,5.535480990005201,2.859870273433308
4.472573757171631,3654,5.536485478734,2.860939764186321
4.472573757171631,3655,5.537489967462799,2.862009254939334
4.472573757171631,3656,5.538494456191597,2.8630787456923477
4.472573757171631,3657,5.539498944920396,2.8641482364453608
4.472573757171631,3658,5.540503433649195,2.865217727198374
4.472573757171631,3659,5.541507922377994,2.8662872179513874
4.472573757171631,3660,5.5425124111067925,2.8673567087044005
4.472573757171631,3661,5.543516899835591,2.8684261994574136
4.472573757171631,3662,5.544521388564391,2.869495690210427
4.472573757171631,3663,5.545525877293189,2.8705651809634403
4.472573757171631,3664,5.5465303660219885,2.8716346717164534
4.472573757171631,3665,5.547534854750787,2.872704162469467
4.472573757171631,3666,5.548539343479586,2.87377365322248
4.472573757171631,3667,5.549543832208385,2.874843143975493
4.472573757171631,3668,5.5505483209371835,2.8759126347285067
4.472573757171631,3669,5.551552809665983,2.8769821254815198
4.472573757171631,3670,5.552557298394781,2.878051616234533
4.472573757171631,3671,5.553561787123581,2.8791211069875464
4.472573757171631,3672,5.5545662758523795,2.8801905977405595
4.472573757171631,3673,5.555570764581178,2.8812600884935726
4.472573757171631,3674,5.556575253309977,2.882329579246586
4.472573757171631,3675,5.557579742038776,2.8833990699995993
4.472573757171631,3676,5.558584230767575,2.8844685607526124
4.472573757171631,3677,5.559588719496373,2.885538051505626
4.472573757171631,3678,5.560593208225173,2.8866075422586395
4.472573757171631,3679,5.561597696953971,2.887677033011652
4.472573757171631,3680,5.5626021856827705,2.8887465237646657
4.472573757171631,3681,5.563606674411569,2.889816014517679
4.472573757171631,3682,5.564611163140368,2.890885505270692
4.472573757171631,3683,5.565615651869168,2.8919549960237054
4.472573757171631,3684,5.566620140597966,2.893024486776719
4.472573757171631,3685,5.567624629326765,2.8940939775297316
4.472573757171631,3686,5.568629118055564,2.895163468282745
4.472573757171631,3687,5.569633606784363,2.8962329590357587
4.472573757171631,3688,5.570638095513162,2.897302449788772
4.472573757171631,3689,5.57164258424196,2.898371940541785
4.472573757171631,3690,5.572647072970759,2.8994414312947985
4.472573757171631,3691,5.573651561699558,2.9005109220478116
4.472573757171631,3692,5.5746560504283575,2.9015804128008247
4.472573757171631,3693,5.575660539157155,2.9026499035538382
4.472573757171631,3694,5.576665027885955,2.9037193943068513
4.472573757171631,3695,5.577669516614754,2.9047888850598644
4.472573757171631,3696,5.578674005343553,2.905858375812878
4.472573757171631,3697,5.579678494072351,2.906927866565891
4.472573757171631,3698,5.58068298280115,2.907997357318904
4.472573757171631,3699,5.58168747152995,2.9090668480719177
4.472573757171631,3700,5.582691960258748,2.910136338824931
4.472573757171631,3701,5.583696448987547,2.911205829577944
4.472573757171631,3702,5.584700937716345,2.9122753203309575
4.472573757171631,3703,5.585705426445145,2.9133448110839706
4.472573757171631,3704,5.586709915173943,2.9144143018369837
4.472573757171631,3705,5.587714403902742,2.9154837925899972
4.472573757171631,3706,5.58871889263154,2.9165532833430103
4.472573757171631,3707,5.58972338136034,2.9176227740960234
4.472573757171631,3708,5.590727870089139,2.918692264849037
4.472573757171631,3709,5.5917323588179375,2.91976175560205
4.472573757171631,3710,5.592736847546736,2.920831246355063
4.472573757171631,3711,5.593741336275535,2.9219007371080767
4.472573757171631,3712,5.594745825004335,2.9229702278610903
4.472573757171631,3713,5.595750313733133,2.924039718614103
4.472573757171631,3714,5.596754802461932,2.9251092093671165
4.472573757171631,3715,5.597759291190731,2.9261787001201296
4.472573757171631,3716,5.59876377991953,2.9272481908731427
4.472573757171631,3717,5.5997682686483286,2.9283176816261562
4.472573757171631,3718,5.600772757377127,2.92938717237917
4.472573757171631,3719,5.601777246105927,2.930456663132183
4.472573757171631,3720,5.602781734834725,2.931526153885196
4.472573757171631,3721,5.6037862235635245,2.9325956446382095
4.472573757171631,3722,5.604790712292323,2.9336651353912226
4.472573757171631,3723,5.605795201021122,2.9347346261442357
4.472573757171631,3724,5.606799689749921,2.9358041168972493
4.472573757171631,3725,5.60780417847872,2.9368736076502624
4.472573757171631,3726,5.608808667207519,2.9379430984032755
4.472573757171631,3727,5.609813155936317,2.939012589156289
4.472573757171631,3728,5.610817644665117,2.940082079909302
4.472573757171631,3729,5.611822133393916,2.9411515706623153
4.472573757171631,3730,5.612826622122714,2.942221061415329
4.472573757171631,3731,5.613831110851513,2.943290552168342
4.472573757171631,3732,5.614835599580312,2.944360042921355
4.472573757171631,3733,5.615840088309111,2.9454295336743685
4.472573757171631,3734,5.616844577037909,2.9464990244273817
4.472573757171631,3735,5.617849065766709,2.9475685151803948
4.472573757171631,3736,5.618853554495508,2.9486380059334083
4.472573757171631,3737,5.619858043224307,2.9497074966864214
4.472573757171631,3738,5.620862531953105,2.9507769874394345
4.472573757171631,3739,5.621867020681904,2.951846478192448
4.472573757171631,3740,5.622871509410703,2.952915968945461
4.472573757171631,3741,5.623875998139502,2.9539854596984743
4.472573757171631,3742,5.624880486868301,2.955054950451488
4.472573757171631,3743,5.625884975597099,2.9561244412045014
4.472573757171631,3744,5.626889464325899,2.957193931957514
4.472573757171631,3745,5.627893953054697,2.9582634227105276
4.472573757171631,3746,5.628898441783496,2.9593329134635407
4.472573757171631,3747,5.629902930512294,2.9604024042165538
4.472573757171631,3748,5.630907419241094,2.9614718949695673
4.472573757171631,3749,5.631911907969892,2.96254138572258
4.472573757171631,3750,5.6329163966986915,2.9636108764755935
4.472573757171631,3751,5.63392088542749,2.9646803672286066
4.472573757171631,3752,5.634925374156289,2.96574985798162
4.472573757171631,3753,5.635929862885088,2.9668193487346333
4.472573757171631,3754,5.636934351613887,2.967888839487647
4.472573757171631,3755,5.637938840342686,2.96895833024066
4.472573757171631,3756,5.638943329071484,2.970027820993673
4.472573757171631,3757,5.639947817800284,2.9710973117466866
4.472573757171631,3758,5.6409523065290825,2.9721668024996997
4.472573757171631,3759,5.641956795257881,2.9732362932527128
4.472573757171631,3760,5.64296128398668,2.9743057840057263
4.472573757171631,3761,5.643965772715479,2.975375274758739
4.472573757171631,3762,5.644970261444278,2.9764447655117525
4.472573757171631,3763,5.645974750173076,2.977514256264766
4.472573757171631,3764,5.646979238901876,2.978583747017779
4.472573757171631,3765,5.647983727630674,2.9796532377707923
4.472573757171631,3766,5.648988216359474,2.980722728523806
4.472573757171631,3767,5.6499927050882714,2.981792219276819
4.472573757171631,3768,5.650997193817071,2.982861710029832
4.472573757171631,3769,5.652001682545869,2.9839312007828456
4.472573757171631,3770,5.653006171274669,2.9850006915358587
4.472573757171631,3771,5.654010660003467,2.9860701822888718
4.472573757171631,3772,5.655015148732266,2.9871396730418853
4.472573757171631,3773,5.656019637461066,2.9882091637948984
4.472573757171631,3774,5.657024126189864,2.9892786545479115
4.472573757171631,3775,5.658028614918663,2.990348145300925
4.472573757171631,3776,5.659033103647461,2.991417636053938
4.472573757171631,3777,5.660037592376261,2.9924871268069513
4.472573757171631,3778,5.661042081105059,2.993556617559965
4.472573757171631,3779,5.6620465698338585,2.994626108312978
4.472573757171631,3780,5.663051058562657,2.995695599065991
4.472573757171631,3781,5.664055547291456,2.9967650898190046
4.472573757171631,3782,5.665060036020255,2.9978345805720177
4.472573757171631,3783,5.6660645247490535,2.998904071325031
4.472573757171631,3784,5.667069013477853,2.9999735620780443
4.472573757171631,3785,5.668073502206651,3.0010430528310574
4.472573757171631,3786,5.669077990935451,3.0021125435840705
4.472573757171631,3787,5.6700824796642495,3.003182034337084
4.472573757171631,3788,5.671086968393048,3.0042515250900976
4.472573757171631,3789,5.672091457121847,3.0053210158431103
4.472573757171631,3790,5.673095945850646,3.006390506596124
4.472573757171631,3791,5.674100434579445,3.007459997349137
4.472573757171631,3792,5.675104923308243,3.00852948810215
4.472573757171631,3793,5.676109412037043,3.0095989788551636
4.472573757171631,3794,5.677113900765842,3.0106684696081767
4.472573757171631,3795,5.6781183894946405,3.01173796036119
4.472573757171631,3796,5.679122878223438,3.0128074511142033
4.472573757171631,3797,5.680127366952238,3.0138769418672164
4.472573757171631,3798,5.681131855681037,3.0149464326202295
4.472573757171631,3799,5.682136344409836,3.016015923373243
4.472573757171631,3800,5.683140833138634,3.017085414126256
4.472573757171631,3801,5.684145321867433,3.0181549048792693
4.472573757171631,3802,5.685149810596232,3.019224395632283
4.472573757171631,3803,5.686154299325031,3.020293886385296
4.472573757171631,3804,5.68715878805383,3.021363377138309
4.472573757171631,3805,5.688163276782628,3.0224328678913226
4.472573757171631,3806,5.689167765511428,3.023502358644336
4.472573757171631,3807,5.690172254240227,3.024571849397349
4.472573757171631,3808,5.691176742969025,3.0256413401503623
4.472573757171631,3809,5.692181231697824,3.026710830903376
4.472573757171631,3810,5.693185720426623,3.0277803216563886
4.472573757171631,3811,5.694190209155423,3.028849812409402
4.472573757171631,3812,5.6951946978842205,3.029919303162415
4.472573757171631,3813,5.69619918661302,3.0309887939154283
4.472573757171631,3814,5.697203675341819,3.032058284668442
4.472573757171631,3815,5.698208164070618,3.033127775421455
4.472573757171631,3816,5.6992126527994165,3.0341972661744685
4.472573757171631,3817,5.700217141528215,3.0352667569274816
4.472573757171631,3818,5.701221630257014,3.036336247680495
4.472573757171631,3819,5.702226118985813,3.037405738433508
4.472573757171631,3820,5.703230607714612,3.0384752291865214
4.472573757171631,3821,5.704235096443411,3.0395447199395345
4.472573757171631,3822,5.70523958517221,3.040614210692548
4.472573757171631,3823,5.706244073901009,3.041683701445561
4.472573757171631,3824,5.7072485626298075,3.042753192198574
4.472573757171631,3825,5.708253051358606,3.0438226829515878
4.472573757171631,3826,5.709257540087405,3.044892173704601
4.472573757171631,3827,5.710262028816204,3.0459616644576144
4.472573757171631,3828,5.711266517545003,3.047031155210627
4.472573757171631,3829,5.712271006273802,3.0481006459636406
4.472573757171631,3830,5.7132754950026,3.0491701367166537
4.472573757171631,3831,5.7142799837314,3.0502396274696673
4.472573757171631,3832,5.715284472460198,3.0513091182226804
4.472573757171631,3833,5.716288961188997,3.052378608975694
4.472573757171631,3834,5.717293449917796,3.0534480997287066
4.472573757171631,3835,5.718297938646595,3.05451759048172
4.472573757171631,3836,5.7193024273753945,3.0555870812347337
4.472573757171631,3837,5.720306916104192,3.0566565719877468
4.472573757171631,3838,5.721311404832992,3.05772606274076
4.472573757171631,3839,5.72231589356179,3.058795553493773
4.472573757171631,3840,5.72332038229059,3.0598650442467865
4.472573757171631,3841,5.724324871019388,3.0609345349997996
4.472573757171631,3842,5.725329359748187,3.062004025752813
4.472573757171631,3843,5.726333848476986,3.063073516505826
4.472573757171631,3844,5.727338337205785,3.0641430072588394
4.472573757171631,3845,5.728342825934583,3.0652124980118525
4.472573757171631,3846,5.729347314663382,3.066281988764866
4.472573757171631,3847,5.730351803392182,3.0673514795178796
4.472573757171631,3848,5.73135629212098,3.0684209702708927
4.472573757171631,3849,5.732360780849779,3.069490461023906
4.472573757171631,3850,5.733365269578578,3.070559951776919
4.472573757171631,3851,5.734369758307377,3.0716294425299324
4.472573757171631,3852,5.735374247036177,3.0726989332829455
4.472573757171631,3853,5.7363787357649745,3.0737684240359586
4.472573757171631,3854,5.737383224493773,3.074837914788972
4.472573757171631,3855,5.738387713222572,3.0759074055419853
4.472573757171631,3856,5.739392201951372,3.0769768962949984
4.472573757171631,3857,5.7403966906801696,3.078046387048012
4.472573757171631,3858,5.741401179408969,3.0791158778010255
4.472573757171631,3859,5.742405668137767,3.080185368554038
4.472573757171631,3860,5.743410156866567,3.0812548593070517
4.472573757171631,3861,5.7444146455953655,3.0823243500600648
4.472573757171631,3862,5.745419134324164,3.083393840813078
4.472573757171631,3863,5.746423623052963,3.084463331566091
4.472573757171631,3864,5.747428111781762,3.0855328223191045
4.472573757171631,3865,5.7484326005105615,3.086602313072118
4.472573757171631,3866,5.749437089239359,3.087671803825131
4.472573757171631,3867,5.750441577968158,3.0887412945781447
4.472573757171631,3868,5.751446066696958,3.0898107853311574
4.472573757171631,3869,5.752450555425757,3.090880276084171
4.472573757171631,3870,5.753455044154555,3.091949766837184
4.472573757171631,3871,5.754459532883354,3.0930192575901976
4.472573757171631,3872,5.755464021612153,3.0940887483432107
4.472573757171631,3873,5.756468510340952,3.095158239096224
4.472573757171631,3874,5.757472999069751,3.096227729849237
4.472573757171631,3875,5.758477487798549,3.0972972206022504
4.472573757171631,3876,5.759481976527349,3.0983667113552635
4.472573757171631,3877,5.760486465256148,3.0994362021082766
4.472573757171631,3878,5.761490953984946,3.10050569286129
4.472573757171631,3879,5.762495442713744,3.1015751836143033
4.472573757171631,3880,5.763499931442544,3.102644674367317
4.472573757171631,3881,5.764504420171343,3.10371416512033
4.472573757171631,3882,5.7655089089001414,3.1047836558733435
4.472573757171631,3883,5.766513397628941,3.105853146626356
4.472573757171631,3884,5.767517886357739,3.1069226373793697
4.472573757171631,3885,5.768522375086539,3.107992128132383
4.472573757171631,3886,5.769526863815337,3.1090616188853963
4.472573757171631,3887,5.770531352544136,3.1101311096384094
4.472573757171631,3888,5.771535841272934,3.1112006003914225
4.472573757171631,3889,5.772540330001734,3.112270091144436
4.472573757171631,3890,5.7735448187305325,3.113339581897449
4.472573757171631,3891,5.774549307459331,3.1144090726504627
4.472573757171631,3892,5.77555379618813,3.1154785634034754
4.472573757171631,3893,5.776558284916929,3.116548054156489
4.472573757171631,3894,5.7775627736457285,3.117617544909502
4.472573757171631,3895,5.778567262374527,3.1186870356625156
4.472573757171631,3896,5.779571751103325,3.1197565264155287
4.472573757171631,3897,5.780576239832125,3.1208260171685422
4.472573757171631,3898,5.7815807285609235,3.121895507921555
4.472573757171631,3899,5.782585217289722,3.1229649986745684
4.472573757171631,3900,5.783589706018522,3.124034489427582
4.472573757171631,3901,5.78459419474732,3.125103980180595
4.472573757171631,3902,5.785598683476119,3.126173470933608
4.472573757171631,3903,5.786603172204918,3.1272429616866213
4.472573757171631,3904,5.787607660933717,3.128312452439635
4.472573757171631,3905,5.788612149662516,3.129381943192648
4.472573757171631,3906,5.789616638391315,3.1304514339456615
4.472573757171631,3907,5.790621127120113,3.131520924698674
4.472573757171631,3908,5.791625615848913,3.1325904154516877
4.472573757171631,3909,5.792630104577711,3.133659906204701
4.472573757171631,3910,5.79363459330651,3.1347293969577144
4.472573757171631,3911,5.794639082035308,3.1357988877107275
4.472573757171631,3912,5.795643570764108,3.136868378463741
4.472573757171631,3913,5.796648059492906,3.137937869216754
4.472573757171631,3914,5.797652548221706,3.139007359969767
4.472573757171631,3915,5.798657036950504,3.1400768507227808
4.472573757171631,3916,5.799661525679303,3.141146341475794
4.472573757171631,3917,5.800666014408103,3.142215832228807
4.472573757171631,3918,5.801670503136901,3.14328532298182
4.472573757171631,3919,5.8026749918656995,3.1443548137348336
4.472573757171631,3920,5.803679480594499,3.1454243044878467
4.472573757171631,3921,5.804683969323298,3.1464937952408603
4.472573757171631,3922,5.805688458052096,3.147563285993873
4.472573757171631,3923,5.806692946780895,3.1486327767468865
4.472573757171631,3924,5.807697435509694,3.1497022674999
4.472573757171631,3925,5.808701924238493,3.150771758252913
4.472573757171631,3926,5.809706412967292,3.151841249005926
4.472573757171631,3927,5.8107109016960905,3.1529107397589393
4.472573757171631,3928,5.811715390424889,3.153980230511953
4.472573757171631,3929,5.812719879153688,3.155049721264966
4.472573757171631,3930,5.813724367882488,3.1561192120179795
4.472573757171631,3931,5.8147288566112865,3.1571887027709926
4.472573757171631,3932,5.815733345340084,3.1582581935240057
4.472573757171631,3933,5.816737834068884,3.1593276842770193
4.472573757171631,3934,5.817742322797683,3.1603971750300324
4.472573757171631,3935,5.818746811526482,3.161466665783046
4.472573757171631,3936,5.81975130025528,3.162536156536059
4.472573757171631,3937,5.820755788984079,3.163605647289072
4.472573757171631,3938,5.821760277712878,3.1646751380420852
4.472573757171631,3939,5.8227647664416775,3.1657446287950988
4.472573757171631,3940,5.823769255170475,3.166814119548112
4.472573757171631,3941,5.824773743899275,3.167883610301125
4.472573757171631,3942,5.825778232628074,3.1689531010541385
4.472573757171631,3943,5.826782721356873,3.1700225918071516
4.472573757171631,3944,5.827787210085671,3.171092082560165
4.472573757171631,3945,5.82879169881447,3.1721615733131783
4.472573757171631,3946,5.829796187543269,3.173231064066192
4.472573757171631,3947,5.8308006762720686,3.1743005548192045
4.472573757171631,3948,5.831805165000867,3.175370045572218
4.472573757171631,3949,5.832809653729665,3.176439536325231
4.472573757171631,3950,5.833814142458465,3.1775090270782447
4.472573757171631,3951,5.834818631187264,3.1785785178312578
4.472573757171631,3952,5.835823119916062,3.179648008584271
4.472573757171631,3953,5.836827608644861,3.180717499337284
4.472573757171631,3954,5.83783209737366,3.1817869900902975
4.472573757171631,3955,5.838836586102459,3.182856480843311
4.472573757171631,3956,5.839841074831258,3.1839259715963237
4.472573757171631,3957,5.840845563560056,3.1849954623493373
4.472573757171631,3958,5.841850052288855,3.1860649531023504
4.472573757171631,3959,5.842854541017655,3.187134443855364
4.472573757171631,3960,5.843859029746453,3.188203934608377
4.472573757171631,3961,5.844863518475252,3.1892734253613906
4.472573757171631,3962,5.845868007204051,3.1903429161144032
4.472573757171631,3963,5.84687249593285,3.191412406867417
4.472573757171631,3964,5.847876984661649,3.19248189762043
4.472573757171631,3965,5.848881473390448,3.1935513883734434
4.472573757171631,3966,5.849885962119246,3.1946208791264565
4.472573757171631,3967,5.850890450848045,3.1956903698794696
4.472573757171631,3968,5.8518949395768445,3.196759860632483
4.472573757171631,3969,5.852899428305643,3.1978293513854963
4.472573757171631,3970,5.853903917034442,3.19889884213851
4.472573757171631,3971,5.854908405763241,3.1999683328915225
4.472573757171631,3972,5.8559128944920396,3.201037823644536
4.472573757171631,3973,5.856917383220839,3.202107314397549
4.472573757171631,3974,5.857921871949637,3.2031768051505627
4.472573757171631,3975,5.858926360678436,3.204246295903576
4.472573757171631,3976,5.8599308494072355,3.2053157866565893
4.472573757171631,3977,5.860935338136034,3.2063852774096024
4.472573757171631,3978,5.861939826864833,3.2074547681626155
4.472573757171631,3979,5.862944315593632,3.208524258915629
4.472573757171631,3980,5.863948804322431,3.209593749668642
4.472573757171631,3981,5.864953293051229,3.2106632404216553
4.472573757171631,3982,5.865957781780029,3.2117327311746684
4.472573757171631,3983,5.866962270508827,3.212802221927682
4.472573757171631,3984,5.867966759237626,3.213871712680695
4.472573757171631,3985,5.868971247966425,3.2149412034337086
4.472573757171631,3986,5.869975736695224,3.2160106941867213
4.472573757171631,3987,5.870980225424023,3.217080184939735
4.472573757171631,3988,5.871984714152821,3.2181496756927483
4.472573757171631,3989,5.87298920288162,3.2192191664457614
4.472573757171631,3990,5.873993691610419,3.2202886571987746
4.472573757171631,3991,5.874998180339218,3.2213581479517877
4.472573757171631,3992,5.876002669068018,3.222427638704801
4.472573757171631,3993,5.8770071577968155,3.2234971294578143
4.472573757171631,3994,5.878011646525614,3.224566620210828
4.472573757171631,3995,5.879016135254414,3.2256361109638405
4.472573757171631,3996,5.880020623983213,3.226705601716854
4.472573757171631,3997,5.8810251127120114,3.2277750924698676
4.472573757171631,3998,5.88202960144081,3.2288445832228807
4.472573757171631,3999,5.883034090169609,3.2299140739758943
4.472573757171631,4000,5.884038578898409,3.230983564728907
4.472573757171631,4001,5.8850430676272065,3.2320530554819205
4.472573757171631,4002,5.886047556356005,3.2331225462349336
4.472573757171631,4003,5.887052045084805,3.234192036987947
4.472573757171631,4004,5.888056533813604,3.23526152774096
4.472573757171631,4005,5.889061022542402,3.2363310184939733
4.472573757171631,4006,5.890065511271201,3.2374005092469864
4.472573757171631,4007,5.89107,3.23847
