Time_sec,Waypoint_Index,X,Y
16.880781412124634,0,1.5794586255112377,-1.3472266375570796
16.880781412124634,1,1.5802157481189296,-1.3463104317112788
16.880781412124634,2,1.5809728707266215,-1.3453942258654779
16.880781412124634,3,1.5817299933343136,-1.344478020019677
16.880781412124634,4,1.5824871159420055,-1.3435618141738765
16.880781412124634,5,1.5832442385496974,-1.3426456083280756
16.880781412124634,6,1.5840013611573893,-1.3417294024822748
16.880781412124634,7,1.5847584837650814,-1.340813196636474
16.880781412124634,8,1.5855156063727731,-1.339896990790673
16.880781412124634,9,1.586272728980465,-1.3389807849448723
16.880781412124634,10,1.587029851588157,-1.3380645790990715
16.880781412124634,11,1.587786974195849,-1.3371483732532707
16.880781412124634,12,1.588544096803541,-1.33623216740747
16.880781412124634,13,1.5893012194112328,-1.335315961561669
16.880781412124634,14,1.5900583420189247,-1.3343997557158682
16.880781412124634,15,1.5908154646266166,-1.3334835498700675
16.880781412124634,16,1.5915725872343087,-1.3325673440242667
16.880781412124634,17,1.5923297098420006,-1.331651138178466
16.880781412124634,18,1.5930868324496925,-1.3307349323326652
16.880781412124634,19,1.5938439550573844,-1.3298187264868642
16.880781412124634,20,1.5946010776650765,-1.3289025206410634
16.880781412124634,21,1.5953582002727684,-1.3279863147952626
16.880781412124634,22,1.5961153228804603,-1.3270701089494616
16.880781412124634,23,1.5968724454881522,-1.326153903103661
16.880781412124634,24,1.597629568095844,-1.3252376972578603
16.880781412124634,25,1.598386690703536,-1.3243214914120593
16.880781412124634,26,1.599143813311228,-1.3234052855662586
16.880781412124634,27,1.5999009359189198,-1.3224890797204578
16.880781412124634,28,1.6006580585266117,-1.3215728738746568
16.880781412124634,29,1.6014151811343038,-1.3206566680288563
16.880781412124634,30,1.6021723037419957,-1.3197404621830553
16.880781412124634,31,1.6029294263496876,-1.3188242563372545
16.880781412124634,32,1.6036865489573795,-1.3179080504914538
16.880781412124634,33,1.6044436715650716,-1.3169918446456528
16.880781412124634,34,1.6052007941727635,-1.316075638799852
16.880781412124634,35,1.6059579167804554,-1.3151594329540515
16.880781412124634,36,1.6067150393881473,-1.3142432271082505
16.880781412124634,37,1.6074721619958394,-1.31332702126245
16.880781412124634,38,1.6082292846035313,-1.312410815416649
16.880781412124634,39,1.6089864072112232,-1.3114946095708482
16.880781412124634,40,1.609743529818915,-1.3105784037250474
16.880781412124634,41,1.610500652426607,-1.3096621978792466
16.880781412124634,42,1.6112577750342991,-1.3087459920334459
16.880781412124634,43,1.612014897641991,-1.3078297861876451
16.880781412124634,44,1.612772020249683,-1.3069135803418441
16.880781412124634,45,1.6135291428573748,-1.3059973744960434
16.880781412124634,46,1.614286265465067,-1.3050811686502426
16.880781412124634,47,1.6150433880727588,-1.3041649628044416
16.880781412124634,48,1.6158005106804507,-1.303248756958641
16.880781412124634,49,1.6165576332881426,-1.30233255111284
16.880781412124634,50,1.6173147558958347,-1.3014163452670393
16.880781412124634,51,1.6180718785035264,-1.3005001394212385
16.880781412124634,52,1.6188290011112183,-1.2995839335754376
16.880781412124634,53,1.6195861237189102,-1.2986677277296368
16.880781412124634,54,1.620343246326602,-1.297751521883836
16.880781412124634,55,1.6211003689342942,-1.2968353160380353
16.880781412124634,56,1.621857491541986,-1.2959191101922345
16.880781412124634,57,1.622614614149678,-1.2950029043464337
16.880781412124634,58,1.62337173675737,-1.2940866985006327
16.880781412124634,59,1.624128859365062,-1.293170492654832
16.880781412124634,60,1.624885981972754,-1.2922542868090312
16.880781412124634,61,1.6256431045804458,-1.2913380809632304
16.880781412124634,62,1.6264002271881377,-1.2904218751174297
16.880781412124634,63,1.6271573497958296,-1.289505669271629
16.880781412124634,64,1.6279144724035217,-1.288589463425828
16.880781412124634,65,1.6286715950112136,-1.2876732575800272
16.880781412124634,66,1.6294287176189055,-1.2867570517342264
16.880781412124634,67,1.6301858402265972,-1.2858408458884256
16.880781412124634,68,1.6309429628342893,-1.2849246400426249
16.880781412124634,69,1.6317000854419812,-1.2840084341968239
16.880781412124634,70,1.632457208049673,-1.283092228351023
16.880781412124634,71,1.6332143306573652,-1.2821760225052223
16.880781412124634,72,1.633971453265057,-1.2812598166594213
16.880781412124634,73,1.634728575872749,-1.2803436108136208
16.880781412124634,74,1.635485698480441,-1.27942740496782
16.880781412124634,75,1.6362428210881328,-1.278511199122019
16.880781412124634,76,1.636999943695825,-1.2775949932762183
16.880781412124634,77,1.6377570663035168,-1.2766787874304175
16.880781412124634,78,1.6385141889112087,-1.2757625815846165
16.880781412124634,79,1.6392713115189006,-1.2748463757388158
16.880781412124634,80,1.6400284341265925,-1.2739301698930152
16.880781412124634,81,1.6407855567342846,-1.2730139640472142
16.880781412124634,82,1.6415426793419763,-1.2720977582014135
16.880781412124634,83,1.6422998019496682,-1.2711815523556127
16.880781412124634,84,1.64305692455736,-1.2702653465098117
16.880781412124634,85,1.6438140471650522,-1.2693491406640112
16.880781412124634,86,1.644571169772744,-1.2684329348182104
16.880781412124634,87,1.645328292380436,-1.2675167289724094
16.880781412124634,88,1.646085414988128,-1.2666005231266086
16.880781412124634,89,1.6468425375958202,-1.2656843172808079
16.880781412124634,90,1.6475996602035121,-1.2647681114350071
16.880781412124634,91,1.648356782811204,-1.2638519055892061
16.880781412124634,92,1.649113905418896,-1.2629356997434056
16.880781412124634,93,1.6498710280265878,-1.2620194938976048
16.880781412124634,94,1.65062815063428,-1.2611032880518038
16.880781412124634,95,1.6513852732419716,-1.260187082206003
16.880781412124634,96,1.6521423958496635,-1.2592708763602023
16.880781412124634,97,1.6528995184573554,-1.2583546705144013
16.880781412124634,98,1.6536566410650475,-1.2574384646686005
16.880781412124634,99,1.6544137636727394,-1.2565222588228
16.880781412124634,100,1.6551708862804313,-1.255606052976999
16.880781412124634,101,1.6559280088881232,-1.2546898471311982
16.880781412124634,102,1.656685131495815,-1.2537736412853975
16.880781412124634,103,1.6574422541035072,-1.2528574354395965
16.880781412124634,104,1.658199376711199,-1.251941229593796
16.880781412124634,105,1.658956499318891,-1.251025023747995
16.880781412124634,106,1.659713621926583,-1.2501088179021942
16.880781412124634,107,1.6604707445342748,-1.2491926120563934
16.880781412124634,108,1.661227867141967,-1.2482764062105924
16.880781412124634,109,1.6619849897496588,-1.2473602003647917
16.880781412124634,110,1.6627421123573505,-1.246443994518991
16.880781412124634,111,1.6634992349650424,-1.24552778867319
16.880781412124634,112,1.6642563575727345,-1.2446115828273894
16.880781412124634,113,1.6650134801804264,-1.2436953769815886
16.880781412124634,114,1.6657706027881183,-1.2427791711357876
16.880781412124634,115,1.6665277253958104,-1.2418629652899869
16.880781412124634,116,1.6672848480035023,-1.240946759444186
16.880781412124634,117,1.6680419706111942,-1.2400305535983853
16.880781412124634,118,1.668799093218886,-1.2391143477525846
16.880781412124634,119,1.669556215826578,-1.2381981419067838
16.880781412124634,120,1.67031333843427,-1.2372819360609828
16.880781412124634,121,1.671070461041962,-1.236365730215182
16.880781412124634,122,1.671827583649654,-1.2354495243693813
16.880781412124634,123,1.6725847062573458,-1.2345333185235803
16.880781412124634,124,1.6733418288650377,-1.2336171126777797
16.880781412124634,125,1.6740989514727296,-1.2327009068319787
16.880781412124634,126,1.6748560740804215,-1.231784700986178
16.880781412124634,127,1.6756131966881134,-1.2308684951403772
16.880781412124634,128,1.6763703192958053,-1.2299522892945762
16.880781412124634,129,1.6771274419034974,-1.2290360834487755
16.880781412124634,130,1.6778845645111893,-1.2281198776029747
16.880781412124634,131,1.6786416871188812,-1.227203671757174
16.880781412124634,132,1.6793988097265733,-1.2262874659113732
16.880781412124634,133,1.680155932334265,-1.2253712600655724
16.880781412124634,134,1.680913054941957,-1.2244550542197716
16.880781412124634,135,1.681670177549649,-1.2235388483739706
16.880781412124634,136,1.6824273001573409,-1.2226226425281699
16.880781412124634,137,1.683184422765033,-1.2217064366823691
16.880781412124634,138,1.683941545372725,-1.2207902308365683
16.880781412124634,139,1.6846986679804168,-1.2198740249907676
16.880781412124634,140,1.685455790588109,-1.2189578191449666
16.880781412124634,141,1.6862129131958006,-1.218041613299166
16.880781412124634,142,1.6869700358034925,-1.217125407453365
16.880781412124634,143,1.6877271584111844,-1.2162092016075643
16.880781412124634,144,1.6884842810188765,-1.2152929957617635
16.880781412124634,145,1.6892414036265682,-1.2143767899159625
16.880781412124634,146,1.6899985262342603,-1.2134605840701618
16.880781412124634,147,1.690755648841952,-1.212544378224361
16.880781412124634,148,1.691512771449644,-1.2116281723785602
16.880781412124634,149,1.692269894057336,-1.2107119665327595
16.880781412124634,150,1.6930270166650279,-1.2097957606869585
16.880781412124634,151,1.69378413927272,-1.2088795548411577
16.880781412124634,152,1.6945412618804119,-1.207963348995357
16.880781412124634,153,1.6952983844881038,-1.2070471431495562
16.880781412124634,154,1.6960555070957959,-1.2061309373037554
16.880781412124634,155,1.6968126297034876,-1.2052147314579544
16.880781412124634,156,1.6975697523111795,-1.2042985256121537
16.880781412124634,157,1.6983268749188714,-1.203382319766353
16.880781412124634,158,1.6990839975265635,-1.2024661139205521
16.880781412124634,159,1.6998411201342551,-1.2015499080747514
16.880781412124634,160,1.7005982427419473,-1.2006337022289504
16.880781412124634,161,1.7013553653496392,-1.1997174963831498
16.880781412124634,162,1.702112487957331,-1.1988012905373489
16.880781412124634,163,1.7028696105650232,-1.197885084691548
16.880781412124634,164,1.703626733172715,-1.1969688788457473
16.880781412124634,165,1.704383855780407,-1.1960526729999466
16.880781412124634,166,1.705140978388099,-1.1951364671541456
16.880781412124634,167,1.7058981009957908,-1.1942202613083448
16.880781412124634,168,1.7066552236034829,-1.193304055462544
16.880781412124634,169,1.7074123462111748,-1.1923878496167433
16.880781412124634,170,1.7081694688188667,-1.1914716437709423
16.880781412124634,171,1.7089265914265588,-1.1905554379251417
16.880781412124634,172,1.7096837140342505,-1.1896392320793407
16.880781412124634,173,1.7104408366419424,-1.18872302623354
16.880781412124634,174,1.7111979592496342,-1.1878068203877392
16.880781412124634,175,1.7119550818573264,-1.1868906145419384
16.880781412124634,176,1.7127122044650185,-1.1859744086961377
16.880781412124634,177,1.7134693270727102,-1.185058202850337
16.880781412124634,178,1.7142264496804023,-1.1841419970045362
16.880781412124634,179,1.7149835722880942,-1.1832257911587352
16.880781412124634,180,1.715740694895786,-1.1823095853129346
16.880781412124634,181,1.7164978175034782,-1.1813933794671336
16.880781412124634,182,1.71725494011117,-1.1804771736213329
16.880781412124634,183,1.718012062718862,-1.179560967775532
16.880781412124634,184,1.7187691853265539,-1.178644761929731
16.880781412124634,185,1.7195263079342458,-1.1777285560839303
16.880781412124634,186,1.7202834305419379,-1.1768123502381296
16.880781412124634,187,1.7210405531496296,-1.1758961443923288
16.880781412124634,188,1.7217976757573215,-1.174979938546528
16.880781412124634,189,1.7225547983650134,-1.174063732700727
16.880781412124634,190,1.7233119209727055,-1.1731475268549265
16.880781412124634,191,1.7240690435803974,-1.1722313210091255
16.880781412124634,192,1.7248261661880893,-1.1713151151633248
16.880781412124634,193,1.7255832887957814,-1.170398909317524
16.880781412124634,194,1.726340411403473,-1.1694827034717232
16.880781412124634,195,1.7270975340111652,-1.1685664976259222
16.880781412124634,196,1.7278546566188568,-1.1676502917801215
16.880781412124634,197,1.728611779226549,-1.1667340859343207
16.880781412124634,198,1.7293689018342409,-1.16581788008852
16.880781412124634,199,1.7301260244419328,-1.164901674242719
16.880781412124634,200,1.7308831470496249,-1.1639854683969184
16.880781412124634,201,1.7316402696573168,-1.1630692625511174
16.880781412124634,202,1.7323973922650087,-1.1621530567053167
16.880781412124634,203,1.7331545148727006,-1.161236850859516
16.880781412124634,204,1.7339116374803925,-1.1603206450137151
16.880781412124634,205,1.7346687600880846,-1.1594044391679144
16.880781412124634,206,1.7354258826957762,-1.1584882333221136
16.880781412124634,207,1.7361830053034684,-1.1575720274763126
16.880781412124634,208,1.7369401279111603,-1.1566558216305118
16.880781412124634,209,1.7376972505188522,-1.1557396157847113
16.880781412124634,210,1.7384543731265443,-1.1548234099389103
16.880781412124634,211,1.7392114957342362,-1.1539072040931095
16.880781412124634,212,1.739968618341928,-1.1529909982473088
16.880781412124634,213,1.7407257409496202,-1.1520747924015078
16.880781412124634,214,1.7414828635573119,-1.151158586555707
16.880781412124634,215,1.742239986165004,-1.1502423807099063
16.880781412124634,216,1.7429971087726956,-1.1493261748641055
16.880781412124634,217,1.7437542313803878,-1.1484099690183047
16.880781412124634,218,1.7445113539880797,-1.1474937631725037
16.880781412124634,219,1.7452684765957716,-1.1465775573267032
16.880781412124634,220,1.7460255992034637,-1.1456613514809022
16.880781412124634,221,1.7467827218111556,-1.1447451456351014
16.880781412124634,222,1.7475398444188475,-1.1438289397893007
16.880781412124634,223,1.7482969670265394,-1.1429127339435
16.880781412124634,224,1.7490540896342313,-1.1419965280976991
16.880781412124634,225,1.7498112122419234,-1.1410803222518981
16.880781412124634,226,1.750568334849615,-1.1401641164060974
16.880781412124634,227,1.7513254574573072,-1.1392479105602966
16.880781412124634,228,1.752082580064999,-1.1383317047144956
16.880781412124634,229,1.752839702672691,-1.137415498868695
16.880781412124634,230,1.753596825280383,-1.136499293022894
16.880781412124634,231,1.7543539478880747,-1.1355830871770933
16.880781412124634,232,1.7551110704957669,-1.1346668813312926
16.880781412124634,233,1.7558681931034588,-1.1337506754854918
16.880781412124634,234,1.7566253157111507,-1.132834469639691
16.880781412124634,235,1.7573824383188428,-1.1319182637938903
16.880781412124634,236,1.7581395609265345,-1.1310020579480895
16.880781412124634,237,1.7588966835342266,-1.1300858521022885
16.880781412124634,238,1.7596538061419185,-1.1291696462564877
16.880781412124634,239,1.7604109287496104,-1.128253440410687
16.880781412124634,240,1.761168051357302,-1.127337234564886
16.880781412124634,241,1.7619251739649942,-1.1264210287190852
16.880781412124634,242,1.762682296572686,-1.1255048228732845
16.880781412124634,243,1.763439419180378,-1.1245886170274837
16.880781412124634,244,1.76419654178807,-1.123672411181683
16.880781412124634,245,1.764953664395762,-1.1227562053358822
16.880781412124634,246,1.7657107870034539,-1.1218399994900812
16.880781412124634,247,1.7664679096111457,-1.1209237936442804
16.880781412124634,248,1.7672250322188376,-1.1200075877984796
16.880781412124634,249,1.7679821548265298,-1.1190913819526789
16.880781412124634,250,1.7687392774342214,-1.1181751761068779
16.880781412124634,251,1.7694964000419136,-1.1172589702610771
16.880781412124634,252,1.7702535226496054,-1.1163427644152764
16.880781412124634,253,1.7710106452572973,-1.1154265585694756
16.880781412124634,254,1.7717677678649892,-1.1145103527236748
16.880781412124634,255,1.7725248904726811,-1.1135941468778738
16.880781412124634,256,1.7732820130803733,-1.1126779410320733
16.880781412124634,257,1.774039135688065,-1.1117617351862723
16.880781412124634,258,1.774796258295757,-1.1108455293404715
16.880781412124634,259,1.7755533809034492,-1.1099293234946708
16.880781412124634,260,1.7763105035111408,-1.10901311764887
16.880781412124634,261,1.777067626118833,-1.108096911803069
16.880781412124634,262,1.7778247487265246,-1.1071807059572683
16.880781412124634,263,1.7785818713342167,-1.1062645001114675
16.880781412124634,264,1.7793389939419086,-1.1053482942656667
16.880781412124634,265,1.7800961165496005,-1.1044320884198657
16.880781412124634,266,1.7808532391572924,-1.1035158825740652
16.880781412124634,267,1.7816103617649846,-1.1025996767282642
16.880781412124634,268,1.7823674843726764,-1.1016834708824634
16.880781412124634,269,1.7831246069803683,-1.1007672650366627
16.880781412124634,270,1.7838817295880602,-1.099851059190862
16.880781412124634,271,1.7846388521957524,-1.0989348533450611
16.880781412124634,272,1.785395974803444,-1.0980186474992604
16.880781412124634,273,1.7861530974111361,-1.0971024416534594
16.880781412124634,274,1.7869102200188278,-1.0961862358076586
16.880781412124634,275,1.78766734262652,-1.0952700299618578
16.880781412124634,276,1.788424465234212,-1.094353824116057
16.880781412124634,277,1.7891815878419037,-1.093437618270256
16.880781412124634,278,1.7899387104495956,-1.0925214124244553
16.880781412124634,279,1.7906958330572877,-1.0916052065786546
16.880781412124634,280,1.7914529556649796,-1.0906890007328538
16.880781412124634,281,1.7922100782726715,-1.089772794887053
16.880781412124634,282,1.7929672008803634,-1.0888565890412523
16.880781412124634,283,1.7937243234880555,-1.0879403831954515
16.880781412124634,284,1.7944814460957474,-1.0870241773496505
16.880781412124634,285,1.7952385687034393,-1.0861079715038497
16.880781412124634,286,1.795995691311131,-1.085191765658049
16.880781412124634,287,1.7967528139188231,-1.084275559812248
16.880781412124634,288,1.7975099365265153,-1.0833593539664474
16.880781412124634,289,1.798267059134207,-1.0824431481206465
16.880781412124634,290,1.7990241817418988,-1.0815269422748457
16.880781412124634,291,1.799781304349591,-1.080610736429045
16.880781412124634,292,1.8005384269572828,-1.0796945305832442
16.880781412124634,293,1.8012955495649747,-1.0787783247374434
16.880781412124634,294,1.8020526721726666,-1.0778621188916424
16.880781412124634,295,1.8028097947803587,-1.0769459130458419
16.880781412124634,296,1.8035669173880506,-1.0760297072000409
16.880781412124634,297,1.8043240399957425,-1.07511350135424
16.880781412124634,298,1.8050811626034342,-1.0741972955084393
16.880781412124634,299,1.8058382852111263,-1.0732810896626384
16.880781412124634,300,1.8065954078188184,-1.0723648838168378
16.880781412124634,301,1.8073525304265101,-1.0714486779710368
16.880781412124634,302,1.8081096530342022,-1.070532472125236
16.880781412124634,303,1.8088667756418944,-1.0696162662794353
16.880781412124634,304,1.809623898249586,-1.0687000604336343
16.880781412124634,305,1.810381020857278,-1.0677838545878338
16.880781412124634,306,1.8111381434649698,-1.0668676487420328
16.880781412124634,307,1.811895266072662,-1.065951442896232
16.880781412124634,308,1.8126523886803538,-1.0650352370504312
16.880781412124634,309,1.8134095112880457,-1.0641190312046305
16.880781412124634,310,1.8141666338957376,-1.0632028253588297
16.880781412124634,311,1.8149237565034297,-1.0622866195130287
16.880781412124634,312,1.8156808791111216,-1.0613704136672282
16.880781412124634,313,1.8164380017188133,-1.0604542078214272
16.880781412124634,314,1.8171951243265054,-1.0595380019756262
16.880781412124634,315,1.817952246934197,-1.0586217961298257
16.880781412124634,316,1.8187093695418892,-1.0577055902840247
16.880781412124634,317,1.8194664921495813,-1.056789384438224
16.880781412124634,318,1.820223614757273,-1.0558731785924231
16.880781412124634,319,1.8209807373649651,-1.0549569727466224
16.880781412124634,320,1.8217378599726572,-1.0540407669008216
16.880781412124634,321,1.822494982580349,-1.0531245610550208
16.880781412124634,322,1.8232521051880408,-1.05220835520922
16.880781412124634,323,1.8240092277957327,-1.051292149363419
16.880781412124634,324,1.8247663504034248,-1.0503759435176183
16.880781412124634,325,1.8255234730111167,-1.0494597376718175
16.880781412124634,326,1.8262805956188086,-1.0485435318260166
16.880781412124634,327,1.8270377182265005,-1.047627325980216
16.880781412124634,328,1.8277948408341924,-1.046711120134415
16.880781412124634,329,1.8285519634418845,-1.0457949142886143
16.880781412124634,330,1.8293090860495762,-1.0448787084428135
16.880781412124634,331,1.8300662086572683,-1.0439625025970127
16.880781412124634,332,1.8308233312649604,-1.043046296751212
16.880781412124634,333,1.8315804538726521,-1.042130090905411
16.880781412124634,334,1.8323375764803442,-1.0412138850596102
16.880781412124634,335,1.833094699088036,-1.0402976792138094
16.880781412124634,336,1.833851821695728,-1.0393814733680087
16.880781412124634,337,1.83460894430342,-1.038465267522208
16.880781412124634,338,1.8353660669111118,-1.037549061676407
16.880781412124634,339,1.8361231895188037,-1.0366328558306064
16.880781412124634,340,1.8368803121264958,-1.0357166499848054
16.880781412124634,341,1.8376374347341877,-1.0348004441390046
16.880781412124634,342,1.8383945573418796,-1.0338842382932039
16.880781412124634,343,1.8391516799495715,-1.0329680324474029
16.880781412124634,344,1.8399088025572636,-1.032051826601602
16.880781412124634,345,1.8406659251649555,-1.0311356207558013
16.880781412124634,346,1.8414230477726474,-1.0302194149100006
16.880781412124634,347,1.842180170380339,-1.0293032090641998
16.880781412124634,348,1.8429372929880312,-1.0283870032183988
16.880781412124634,349,1.8436944155957233,-1.0274707973725983
16.880781412124634,350,1.844451538203415,-1.0265545915267973
16.880781412124634,351,1.845208660811107,-1.0256383856809965
16.880781412124634,352,1.845965783418799,-1.0247221798351958
16.880781412124634,353,1.846722906026491,-1.023805973989395
16.880781412124634,354,1.8474800286341828,-1.0228897681435942
16.880781412124634,355,1.8482371512418747,-1.0219735622977932
16.880781412124634,356,1.8489942738495668,-1.0210573564519925
16.880781412124634,357,1.8497513964572587,-1.0201411506061917
16.880781412124634,358,1.8505085190649506,-1.019224944760391
16.880781412124634,359,1.8512656416726423,-1.0183087389145902
16.880781412124634,360,1.8520227642803344,-1.0173925330687894
16.880781412124634,361,1.8527798868880265,-1.0164763272229886
16.880781412124634,362,1.8535370094957182,-1.0155601213771877
16.880781412124634,363,1.85429413210341,-1.0146439155313869
16.880781412124634,364,1.8550512547111022,-1.0137277096855861
16.880781412124634,365,1.8558083773187941,-1.0128115038397851
16.880781412124634,366,1.856565499926486,-1.0118952979939846
16.880781412124634,367,1.857322622534178,-1.0109790921481836
16.880781412124634,368,1.85807974514187,-1.0100628863023828
16.880781412124634,369,1.858836867749562,-1.009146680456582
16.880781412124634,370,1.8595939903572538,-1.0082304746107813
16.880781412124634,371,1.8603511129649457,-1.0073142687649805
16.880781412124634,372,1.8611082355726378,-1.0063980629191795
16.880781412124634,373,1.8618653581803297,-1.0054818570733788
16.880781412124634,374,1.8626224807880214,-1.004565651227578
16.880781412124634,375,1.8633796033957135,-1.003649445381777
16.880781412124634,376,1.8641367260034052,-1.0027332395359765
16.880781412124634,377,1.8648938486110973,-1.0018170336901755
16.880781412124634,378,1.8656509712187892,-1.0009008278443747
16.880781412124634,379,1.866408093826481,-0.999984621998574
16.880781412124634,380,1.867165216434173,-0.9990684161527732
16.880781412124634,381,1.867922339041865,-0.9981522103069723
16.880781412124634,382,1.868679461649557,-0.9972360044611716
16.880781412124634,383,1.869436584257249,-0.9963197986153707
16.880781412124634,384,1.8701937068649408,-0.9954035927695699
16.880781412124634,385,1.870950829472633,-0.9944873869237691
16.880781412124634,386,1.8717079520803248,-0.9935711810779684
16.880781412124634,387,1.8724650746880167,-0.9926549752321674
16.880781412124634,388,1.8732221972957086,-0.9917387693863667
16.880781412124634,389,1.8739793199034005,-0.9908225635405659
16.880781412124634,390,1.8747364425110926,-0.9899063576947651
16.880781412124634,391,1.8754935651187843,-0.9889901518489643
16.880781412124634,392,1.8762506877264764,-0.9880739460031635
16.880781412124634,393,1.8770078103341683,-0.9871577401573626
16.880781412124634,394,1.8777649329418602,-0.9862415343115618
16.880781412124634,395,1.878522055549552,-0.985325328465761
16.880781412124634,396,1.879279178157244,-0.9844091226199603
16.880781412124634,397,1.880036300764936,-0.9834929167741595
16.880781412124634,398,1.880793423372628,-0.9825767109283586
16.880781412124634,399,1.88155054598032,-0.9816605050825578
16.880781412124634,400,1.8823076685880118,-0.980744299236757
16.880781412124634,401,1.883064791195704,-0.9798280933909562
16.880781412124634,402,1.8838219138033958,-0.9789118875451553
16.880781412124634,403,1.8845790364110877,-0.9779956816993547
16.880781412124634,404,1.8853361590187796,-0.9770794758535537
16.880781412124634,405,1.8860932816264717,-0.9761632700077529
16.880781412124634,406,1.8868504042341634,-0.9752470641619522
16.880781412124634,407,1.8876075268418555,-0.9743308583161514
16.880781412124634,408,1.8883646494495472,-0.9734146524703505
16.880781412124634,409,1.8891217720572393,-0.9724984466245498
16.880781412124634,410,1.8898788946649312,-0.9715822407787489
16.880781412124634,411,1.890636017272623,-0.9706660349329481
16.880781412124634,412,1.891393139880315,-0.9697498290871474
16.880781412124634,413,1.892150262488007,-0.9688336232413465
16.880781412124634,414,1.892907385095699,-0.9679174173955457
16.880781412124634,415,1.893664507703391,-0.9670012115497449
16.880781412124634,416,1.8944216303110828,-0.9660850057039441
16.880781412124634,417,1.895178752918775,-0.9651687998581433
16.880781412124634,418,1.8959358755264666,-0.9642525940123425
16.880781412124634,419,1.8966929981341587,-0.9633363881665418
16.880781412124634,420,1.8974501207418504,-0.9624201823207409
16.880781412124634,421,1.8982072433495425,-0.9615039764749401
16.880781412124634,422,1.8989643659572344,-0.9605877706291392
16.880781412124634,423,1.8997214885649263,-0.9596715647833385
16.880781412124634,424,1.9004786111726182,-0.9587553589375377
16.880781412124634,425,1.9012357337803103,-0.9578391530917368
16.880781412124634,426,1.9019928563880022,-0.956922947245936
16.880781412124634,427,1.902749978995694,-0.9560067414001353
16.880781412124634,428,1.903507101603386,-0.9550905355543344
16.880781412124634,429,1.904264224211078,-0.9541743297085337
16.880781412124634,430,1.90502134681877,-0.9532581238627329
16.880781412124634,431,1.905778469426462,-0.952341918016932
16.880781412124634,432,1.9065355920341538,-0.9514257121711311
16.880781412124634,433,1.9072927146418457,-0.9505095063253305
16.880781412124634,434,1.9080498372495378,-0.9495933004795296
16.880781412124634,435,1.9088069598572295,-0.9486770946337287
16.880781412124634,436,1.9095640824649214,-0.9477608887879281
16.880781412124634,437,1.9103212050726135,-0.9468446829421272
16.880781412124634,438,1.9110783276803054,-0.9459284770963263
16.880781412124634,439,1.9118354502879973,-0.9450122712505256
16.880781412124634,440,1.9125925728956892,-0.9440960654047248
16.880781412124634,441,1.913349695503381,-0.9431798595589239
16.880781412124634,442,1.9141068181110732,-0.9422636537131232
16.880781412124634,443,1.914863940718765,-0.9413474478673224
16.880781412124634,444,1.915621063326457,-0.9404312420215215
16.880781412124634,445,1.9163781859341489,-0.9395150361757207
16.880781412124634,446,1.917135308541841,-0.93859883032992
16.880781412124634,447,1.917892431149533,-0.9376826244841191
16.880781412124634,448,1.9186495537572248,-0.9367664186383183
16.880781412124634,449,1.9194066763649165,-0.9358502127925175
16.880781412124634,450,1.9201637989726086,-0.9349340069467167
16.880781412124634,451,1.9209209215803005,-0.9340178011009159
16.880781412124634,452,1.9216780441879924,-0.933101595255115
16.880781412124634,453,1.9224351667956843,-0.9321853894093143
16.880781412124634,454,1.9231922894033764,-0.9312691835635135
16.880781412124634,455,1.9239494120110683,-0.9303529777177126
16.880781412124634,456,1.9247065346187602,-0.9294367718719119
16.880781412124634,457,1.925463657226452,-0.9285205660261111
16.880781412124634,458,1.9262207798341442,-0.9276043601803102
16.880781412124634,459,1.926977902441836,-0.9266881543345094
16.880781412124634,460,1.927735025049528,-0.9257719484887087
16.880781412124634,461,1.9284921476572199,-0.9248557426429078
16.880781412124634,462,1.929249270264912,-0.9239395367971069
16.880781412124634,463,1.930006392872604,-0.9230233309513063
16.880781412124634,464,1.9307635154802958,-0.9221071251055054
16.880781412124634,465,1.9315206380879877,-0.9211909192597045
16.880781412124634,466,1.9322777606956796,-0.9202747134139038
16.880781412124634,467,1.9330348833033715,-0.919358507568103
16.880781412124634,468,1.9337920059110634,-0.9184423017223021
16.880781412124634,469,1.9345491285187553,-0.9175260958765014
16.880781412124634,470,1.9353062511264474,-0.9166098900307006
16.880781412124634,471,1.9360633737341393,-0.9156936841848997
16.880781412124634,472,1.9368204963418312,-0.914777478339099
16.880781412124634,473,1.937577618949523,-0.9138612724932982
16.880781412124634,474,1.9383347415572152,-0.9129450666474973
16.880781412124634,475,1.939091864164907,-0.9120288608016965
16.880781412124634,476,1.939848986772599,-0.9111126549558957
16.880781412124634,477,1.9406061093802909,-0.9101964491100949
16.880781412124634,478,1.941363231987983,-0.9092802432642941
16.880781412124634,479,1.942120354595675,-0.9083640374184933
16.880781412124634,480,1.9428774772033666,-0.9074478315726925
16.880781412124634,481,1.9436345998110585,-0.9065316257268917
16.880781412124634,482,1.9443917224187506,-0.905615419881091
16.880781412124634,483,1.9451488450264425,-0.9046992140352901
16.880781412124634,484,1.9459059676341344,-0.9037830081894893
16.880781412124634,485,1.9466630902418263,-0.9028668023436885
16.880781412124634,486,1.9474202128495184,-0.9019505964978877
16.880781412124634,487,1.9481773354572103,-0.9010343906520869
16.880781412124634,488,1.9489344580649022,-0.900118184806286
16.880781412124634,489,1.949691580672594,-0.8992019789604853
16.880781412124634,490,1.9504487032802862,-0.8982857731146845
16.880781412124634,491,1.951205825887978,-0.8973695672688836
16.880781412124634,492,1.95196294849567,-0.8964533614230829
16.880781412124634,493,1.9527200711033617,-0.8955371555772821
16.880781412124634,494,1.9534771937110538,-0.8946209497314812
16.880781412124634,495,1.9542343163187457,-0.8937047438856804
16.880781412124634,496,1.9549914389264376,-0.8927885380398797
16.880781412124634,497,1.9557485615341295,-0.8918723321940788
16.880781412124634,498,1.9565056841418216,-0.8909561263482779
16.880781412124634,499,1.9572628067495135,-0.8900399205024773
16.880781412124634,500,1.9580199293572054,-0.8891237146566764
16.880781412124634,501,1.9580199293572054,-0.8891237146566764
16.880781412124634,502,1.9595340603273945,-0.8872921853767523
16.880781412124634,503,1.961047962807195,-0.885462420920183
16.880781412124634,504,1.9625616367966063,-0.8836344212869686
16.880781412124634,505,1.9640750822956285,-0.881808186477109
16.880781412124634,506,1.9655882993042615,-0.8799837164906045
16.880781412124634,507,1.9671012878225058,-0.8781610113274547
16.880781412124634,508,1.9686140478503609,-0.87634007098766
16.880781412124634,509,1.9701265793878269,-0.8745208954712199
16.880781412124634,510,1.9716388824349038,-0.8727034847781349
16.880781412124634,511,1.9731509569915917,-0.8708878389084047
16.880781412124634,512,1.9746628030578908,-0.8690739578620296
16.880781412124634,513,1.9761744206338008,-0.8672618416390092
16.880781412124634,514,1.9776858097193213,-0.8654514902393436
16.880781412124634,515,1.9791969703144532,-0.8636429036630331
16.880781412124634,516,1.9807079024191958,-0.8618360819100775
16.880781412124634,517,1.9822186060335494,-0.8600310249804766
16.880781412124634,518,1.9837290811575141,-0.8582277328742308
16.880781412124634,519,1.9852393277910896,-0.8564262055913396
16.880781412124634,520,1.9867493459342762,-0.8546264431318035
16.880781412124634,521,1.9882591355870738,-0.8528284454956223
16.880781412124634,522,1.9897686967494823,-0.8510322126827959
16.880781412124634,523,1.9912780294215018,-0.8492377446933244
16.880781412124634,524,1.9927871336031318,-0.8474450415272079
16.880781412124634,525,1.9942960092943733,-0.8456541031844462
16.880781412124634,526,1.9958046564952256,-0.8438649296650395
16.880781412124634,527,1.997313075205689,-0.8420775209689875
16.880781412124634,528,1.9988212654257629,-0.8402918770962906
16.880781412124634,529,2.000329227155448,-0.8385079980469484
16.880781412124634,530,2.001836960394744,-0.8367258838209612
16.880781412124634,531,2.003344465143651,-0.8349455344183289
16.880781412124634,532,2.0048517414021694,-0.8331669498390514
16.880781412124634,533,2.006358789170298,-0.8313901300831288
16.880781412124634,534,2.0078656084480384,-0.8296150751505612
16.880781412124634,535,2.009372199235389,-0.8278417850413483
16.880781412124634,536,2.010878561532351,-0.8260702597554906
16.880781412124634,537,2.0123846953389237,-0.8243004992929875
16.880781412124634,538,2.013890600655108,-0.8225325036538397
16.880781412124634,539,2.0153962774809027,-0.8207662728380464
16.880781412124634,540,2.016901725816308,-0.8190018068456082
16.880781412124634,541,2.0184069456613245,-0.8172391056765248
16.880781412124634,542,2.0199119370159524,-0.8154781693307963
16.880781412124634,543,2.0214166998801906,-0.8137189978084225
16.880781412124634,544,2.0229212342540404,-0.8119615911094038
16.880781412124634,545,2.0244255401375004,-0.81020594923374
16.880781412124634,546,2.025929617530572,-0.808452072181431
16.880781412124634,547,2.0274334664332545,-0.806699959952477
16.880781412124634,548,2.0289370868455476,-0.8049496125468777
16.880781412124634,549,2.030440478767452,-0.8032010299646335
16.880781412124634,550,2.031943642198967,-0.801454212205744
16.880781412124634,551,2.0334465771400936,-0.7997091592702096
16.880781412124634,552,2.0349492835908305,-0.7979658711580299
16.880781412124634,553,2.0364517615511786,-0.7962243478692052
16.880781412124634,554,2.0379540110211374,-0.7944845894037353
16.880781412124634,555,2.0394560320007074,-0.7927465957616205
16.880781412124634,556,2.0409578244898885,-0.7910103669428603
16.880781412124634,557,2.0424593884886804,-0.7892759029474552
16.880781412124634,558,2.0439607239970834,-0.787543203775405
16.880781412124634,559,2.0454618310150967,-0.7858122694267096
16.880781412124634,560,2.046962709542722,-0.784083099901369
16.880781412124634,561,2.0484633595799577,-0.7823556951993834
16.880781412124634,562,2.0499637811268046,-0.7806300553207528
16.880781412124634,563,2.0514639741832617,-0.7789061802654769
16.880781412124634,564,2.0529639387493304,-0.7771840700335559
16.880781412124634,565,2.05446367482501,-0.7754637246249899
16.880781412124634,566,2.0559631824103004,-0.7737451440397789
16.880781412124634,567,2.057462461505202,-0.7720283282779226
16.880781412124634,568,2.0589615121097142,-0.7703132773394212
16.880781412124634,569,2.0604603342238375,-0.7685999912242747
16.880781412124634,570,2.061958927847572,-0.766888469932483
16.880781412124634,571,2.0634572929809174,-0.7651787134640464
16.880781412124634,572,2.0649554296238737,-0.7634707218189646
16.880781412124634,573,2.0664533377764407,-0.7617644949972378
16.880781412124634,574,2.0679510174386184,-0.7600600329988658
16.880781412124634,575,2.069448468610408,-0.7583573358238486
16.880781412124634,576,2.070945691291808,-0.7566564034721864
16.880781412124634,577,2.072442685482819,-0.754957235943879
16.880781412124634,578,2.0739394511834406,-0.7532598332389265
16.880781412124634,579,2.075435988393674,-0.7515641953573291
16.880781412124634,580,2.0769322971135176,-0.7498703222990862
16.880781412124634,581,2.0784283773429726,-0.7481782140641984
16.880781412124634,582,2.0799242290820383,-0.7464878706526658
16.880781412124634,583,2.0814198523307152,-0.7447992920644877
16.880781412124634,584,2.082915247089003,-0.7431124782996646
16.880781412124634,585,2.0844104133569017,-0.7414274293581964
16.880781412124634,586,2.0859053511344112,-0.739744145240083
16.880781412124634,587,2.087400060421532,-0.7380626259453246
16.880781412124634,588,2.0888945412182633,-0.7363828714739211
16.880781412124634,589,2.090388793524606,-0.7347048818258727
16.880781412124634,590,2.0918828173405593,-0.7330286570011787
16.880781412124634,591,2.0933766126661237,-0.73135419699984
16.880781412124634,592,2.094870179501299,-0.729681501821856
16.880781412124634,593,2.0963635178460853,-0.7280105714672269
16.880781412124634,594,2.0978566277004824,-0.7263414059359526
16.880781412124634,595,2.0993495090644907,-0.7246740052280334
16.880781412124634,596,2.10084216193811,-0.723008369343469
16.880781412124634,597,2.1023345863213403,-0.7213444982822594
16.880781412124634,598,2.103826782214181,-0.7196823920444048
16.880781412124634,599,2.1053187496166332,-0.7180220506299051
16.880781412124634,600,2.1068104885286965,-0.7163634740387602
16.880781412124634,601,2.1083019989503704,-0.7147066622709702
16.880781412124634,602,2.109793280881655,-0.7130516153265352
16.880781412124634,603,2.111284334322551,-0.711398333205455
16.880781412124634,604,2.112775159273058,-0.7097468159077298
16.880781412124634,605,2.114265755733175,-0.7080970634333594
16.880781412124634,606,2.115756123702904,-0.7064490757823438
16.880781412124634,607,2.1172462631822437,-0.7048028529546833
16.880781412124634,608,2.118736174171194,-0.7031583949503775
16.880781412124634,609,2.120225856669756,-0.7015157017694267
16.880781412124634,610,2.1217153106779287,-0.6998747734118308
16.880781412124634,611,2.123204536195712,-0.6982356098775897
16.880781412124634,612,2.1246935332231063,-0.6965982111667035
16.880781412124634,613,2.1261823017601116,-0.6949625772791723
16.880781412124634,614,2.1276708418067285,-0.6933287082149958
16.880781412124634,615,2.1291591533629557,-0.6916966039741744
16.880781412124634,616,2.130647236428794,-0.6900662645567078
16.880781412124634,617,2.132135091004243,-0.688437689962596
16.880781412124634,618,2.1336227170893034,-0.6868108801918392
16.880781412124634,619,2.1351101146839744,-0.6851858352444374
16.880781412124634,620,2.136597283788257,-0.6835625551203903
16.880781412124634,621,2.1380842244021494,-0.6819410398196981
16.880781412124634,622,2.1395709365256534,-0.6803212893423609
16.880781412124634,623,2.1410574201587687,-0.6787033036883787
16.880781412124634,624,2.1425436753014946,-0.6770870828577511
16.880781412124634,625,2.1440297019538312,-0.6754726268504786
16.880781412124634,626,2.145515500115779,-0.6738599356665609
16.880781412124634,627,2.147001069787338,-0.6722490093059981
16.880781412124634,628,2.148486410968508,-0.6706398477687903
16.880781412124634,629,2.1499715236592887,-0.6690324510549372
16.880781412124634,630,2.15145640785968,-0.667426819164439
16.880781412124634,631,2.1529410635696826,-0.6658229520972958
16.880781412124634,632,2.154425490789296,-0.6642208498535075
16.880781412124634,633,2.155909689518521,-0.662620512433074
16.880781412124634,634,2.157393659757356,-0.6610219398359956
16.880781412124634,635,2.1588774015058028,-0.6594251320622717
16.880781412124634,636,2.1603609147638596,-0.657830089111903
16.880781412124634,637,2.1618441995315285,-0.6562368109848892
16.880781412124634,638,2.1633272558088077,-0.6546452976812303
16.880781412124634,639,2.164810083595698,-0.6530555492009261
16.880781412124634,640,2.166292682892199,-0.6514675655439768
16.880781412124634,641,2.167775053698311,-0.6498813467103826
16.880781412124634,642,2.1692571960140343,-0.6482968927001432
16.880781412124634,643,2.1707391098393685,-0.6467142035132587
16.880781412124634,644,2.1722207951743133,-0.645133279149729
16.880781412124634,645,2.1737022520188694,-0.6435541196095541
16.880781412124634,646,2.175183480373036,-0.6419767248927344
16.880781412124634,647,2.176664480236814,-0.6404010949992693
16.880781412124634,648,2.1781452516102027,-0.6388272299291593
16.880781412124634,649,2.1796257944932025,-0.637255129682404
16.880781412124634,650,2.1811061088858135,-0.6356847942590038
16.880781412124634,651,2.1825861947880356,-0.6341162236589584
16.880781412124634,652,2.184066052199868,-0.6325494178822679
16.880781412124634,653,2.1855456811213116,-0.6309843769289322
16.880781412124634,654,2.187025081552366,-0.6294211007989514
16.880781412124634,655,2.188504253493032,-0.6278595894923257
16.880781412124634,656,2.189983196943308,-0.6262998430090547
16.880781412124634,657,2.1914619119031955,-0.6247418613491387
16.880781412124634,658,2.192940398372694,-0.6231856445125774
16.880781412124634,659,2.1944186563518033,-0.6216311924993712
16.880781412124634,660,2.1958966858405238,-0.6200785053095198
16.880781412124634,661,2.197374486838855,-0.6185275829430232
16.880781412124634,662,2.1988520593467973,-0.6169784253998816
16.880781412124634,663,2.2003294033643503,-0.615431032680095
16.880781412124634,664,2.2018065188915146,-0.613885404783663
16.880781412124634,665,2.20328340592829,-0.6123415417105862
16.880781412124634,666,2.2047600644746757,-0.6107994434608642
16.880781412124634,667,2.206236494530673,-0.6092591100344971
16.880781412124634,668,2.2077126960962805,-0.6077205414314848
16.880781412124634,669,2.2091886691714997,-0.6061837376518273
16.880781412124634,670,2.2106644137563296,-0.604648698695525
16.880781412124634,671,2.2121399298507702,-0.6031154245625774
16.880781412124634,672,2.213615217454822,-0.6015839152529846
16.880781412124634,673,2.215090276568485,-0.6000541707667468
16.880781412124634,674,2.2165651071917587,-0.598526191103864
16.880781412124634,675,2.218039709324643,-0.5969999762643359
16.880781412124634,676,2.2195140829671387,-0.5954755262481628
16.880781412124634,677,2.2209882281192455,-0.5939528410553446
16.880781412124634,678,2.222462144780963,-0.5924319206858814
16.880781412124634,679,2.2239358329522916,-0.5909127651397729
16.880781412124634,680,2.225409292633231,-0.5893953744170193
16.880781412124634,681,2.2268825238237815,-0.5878797485176205
16.880781412124634,682,2.2283555265239428,-0.5863658874415768
16.880781412124634,683,2.229828300733715,-0.5848537911888879
16.880781412124634,684,2.2313008464530983,-0.5833434597595539
16.880781412124634,685,2.2327731636820927,-0.5818348931535747
16.880781412124634,686,2.2342452524206977,-0.5803280913709506
16.880781412124634,687,2.235717112668914,-0.5788230544116812
16.880781412124634,688,2.237188744426741,-0.5773197822757669
16.880781412124634,689,2.2386601476941785,-0.5758182749632073
16.880781412124634,690,2.240131322471228,-0.5743185324740027
16.880781412124634,691,2.241602268757888,-0.5728205548081529
16.880781412124634,692,2.2430729865541585,-0.571324341965658
16.880781412124634,693,2.2445434758600404,-0.5698298939465181
16.880781412124634,694,2.246013736675533,-0.5683372107507328
16.880781412124634,695,2.2474837690006373,-0.5668462923783028
16.880781412124634,696,2.248953572835352,-0.5653571388292273
16.880781412124634,697,2.2504231481796775,-0.5638697501035069
16.880781412124634,698,2.251892495033614,-0.5623841262011414
16.880781412124634,699,2.2533616133971615,-0.5609002671221308
16.880781412124634,700,2.25483050327032,-0.559418172866475
16.880781412124634,701,2.25629916465309,-0.5579378434341743
16.880781412124634,702,2.2577675975454703,-0.5564592788252282
16.880781412124634,703,2.2592358019474617,-0.5549824790396372
16.880781412124634,704,2.260703777859064,-0.5535074440774009
16.880781412124634,705,2.2621715252802774,-0.5520341739385197
16.880781412124634,706,2.263639044211102,-0.5505626686229933
16.880781412124634,707,2.2651063346515365,-0.5490929281308217
16.880781412124634,708,2.266573396601583,-0.5476249524620052
16.880781412124634,709,2.26804023006124,-0.5461587416165433
16.880781412124634,710,2.2695068350305085,-0.5446942955944367
16.880781412124634,711,2.2709732115093875,-0.5432316143956848
16.880781412124634,712,2.2724393594978776,-0.5417706980202877
16.880781412124634,713,2.2739052789959784,-0.5403115464682455
16.880781412124634,714,2.2753709700036904,-0.5388541597395583
16.880781412124634,715,2.276836432521013,-0.5373985378342259
16.880781412124634,716,2.278301666547947,-0.5359446807522483
16.880781412124634,717,2.2797666720844916,-0.5344925884936258
16.880781412124634,718,2.281231449130648,-0.5330422610583582
16.880781412124634,719,2.282695997686414,-0.5315936984464452
16.880781412124634,720,2.284160317751792,-0.5301469006578873
16.880781412124634,721,2.2856244093267803,-0.5287018676926842
16.880781412124634,722,2.2870882724113804,-0.5272585995508362
16.880781412124634,723,2.2885519070055906,-0.525817096232343
16.880781412124634,724,2.290015313109412,-0.5243773577372046
16.880781412124634,725,2.2914784907228443,-0.5229393840654211
16.880781412124634,726,2.2929414398458876,-0.5215031752169924
16.880781412124634,727,2.2944041604785426,-0.5200687311919188
16.880781412124634,728,2.2958666526208074,-0.5186360519902
16.880781412124634,729,2.2973289162726838,-0.5172051376118361
16.880781412124634,730,2.298790951434171,-0.5157759880568271
16.880781412124634,731,2.300252758105269,-0.5143486033251728
16.880781412124634,732,2.301714336285978,-0.5129229834168738
16.880781412124634,733,2.3031756859762984,-0.5114991283319293
16.880781412124634,734,2.3046368071762293,-0.5100770380703399
16.880781412124634,735,2.306097699885771,-0.5086567126321054
16.880781412124634,736,2.307558364104924,-0.5072381520172257
16.880781412124634,737,2.309018799833688,-0.5058213562257009
16.880781412124634,738,2.310479007072063,-0.504406325257531
16.880781412124634,739,2.3119389858200488,-0.5029930591127161
16.880781412124634,740,2.3133987360776453,-0.5015815577912559
16.880781412124634,741,2.314858257844853,-0.5001718212931506
16.880781412124634,742,2.3163175511216716,-0.49876384961840037
16.880781412124634,743,2.3177766159081012,-0.4973576427670049
16.880781412124634,744,2.3192354522041416,-0.4959532007389643
16.880781412124634,745,2.320694060009793,-0.49455052353427864
16.880781412124634,746,2.3221524393250554,-0.493149611152948
16.880781412124634,747,2.3236105901499293,-0.4917504635949721
16.880781412124634,748,2.325068512484414,-0.4903530808603511
16.880781412124634,749,2.3265262063285093,-0.4889574629490851
16.880781412124634,750,2.3279836716822153,-0.48756360986117386
16.880781412124634,751,2.329440908545533,-0.48617152159661753
16.880781412124634,752,2.330897916918461,-0.4847811981554161
16.880781412124634,753,2.3323546968010005,-0.48339263953756956
16.880781412124634,754,2.3338112481931503,-0.482005845743078
16.880781412124634,755,2.3352675710949113,-0.48062081677194124
16.880781412124634,756,2.336723665506283,-0.47923755262415935
16.880781412124634,757,2.3381795314272664,-0.4778560532997324
16.880781412124634,758,2.33963516885786,-0.47647631879866037
16.880781412124634,759,2.3410905777980653,-0.4750983491209432
16.880781412124634,760,2.3425457582478812,-0.4737221442665809
16.880781412124634,761,2.344000710207308,-0.4723477042355735
16.880781412124634,762,2.345455433676346,-0.470975029027921
16.880781412124634,763,2.3469099286549944,-0.4696041186436234
16.880781412124634,764,2.3483641951432546,-0.46823497308268064
16.880781412124634,765,2.349818233141125,-0.4668675923450928
16.880781412124634,766,2.3512720426486062,-0.4655019764308599
16.880781412124634,767,2.352725623665699,-0.46413812533998183
16.880781412124634,768,2.3541789761924026,-0.4627760390724587
16.880781412124634,769,2.355632100228717,-0.4614157176282904
16.880781412124634,770,2.3570849957746427,-0.46005716100747707
16.880781412124634,771,2.358537662830179,-0.45870036921001855
16.880781412124634,772,2.3599901013953257,-0.45734534223591494
16.880781412124634,773,2.3614423114700847,-0.4559920800851663
16.880781412124634,774,2.362894293054454,-0.4546405827577724
16.880781412124634,775,2.364346046148434,-0.4532908502537335
16.880781412124634,776,2.365797570752025,-0.45194288257304954
16.880781412124634,777,2.367248866865227,-0.45059667971572037
16.880781412124634,778,2.36869993448804,-0.44925224168174616
16.880781412124634,779,2.3701507736204643,-0.44790956847112673
16.880781412124634,780,2.3716013842624992,-0.4465686600838623
16.880781412124634,781,2.3730517664141453,-0.4452295165199527
16.880781412124634,782,2.374501920075402,-0.443892137779398
16.880781412124634,783,2.3759518452462696,-0.44255652386219824
16.880781412124634,784,2.3774015419267487,-0.4412226747683533
16.880781412124634,785,2.3788510101168385,-0.43989059049786333
16.880781412124634,786,2.380300249816539,-0.4385602710507282
16.880781412124634,787,2.381749261025851,-0.43723171642694797
16.880781412124634,788,2.3831980437447733,-0.43590492662652264
16.880781412124634,789,2.3846465979733074,-0.4345799016494522
16.880781412124634,790,2.3860949237114513,-0.43325664149573667
16.880781412124634,791,2.387543020959207,-0.4319351461653761
16.880781412124634,792,2.3889908897165735,-0.4306154156583703
16.880781412124634,793,2.390438529983551,-0.4292974499747194
16.880781412124634,794,2.3918859417601395,-0.42798124911442337
16.880781412124634,795,2.3933331250463383,-0.4266668130774823
16.880781412124634,796,2.394780079842149,-0.4253541418638961
16.880781412124634,797,2.39622680614757,-0.4240432354736648
16.880781412124634,798,2.3976733039626024,-0.42273409390678834
16.880781412124634,799,2.3991195732872455,-0.4214267171632668
16.880781412124634,800,2.4005656141214993,-0.4201211052431002
16.880781412124634,801,2.4020114264653647,-0.41881725814628845
16.880781412124634,802,2.4034570103188404,-0.4175151758728316
16.880781412124634,803,2.4049023656819273,-0.41621485842272954
16.880781412124634,804,2.4063474925546253,-0.4149163057959825
16.880781412124634,805,2.407792390936934,-0.41361951799259034
16.880781412124634,806,2.409237060828854,-0.412324495012553
16.880781412124634,807,2.4106815022303847,-0.4110312368558706
16.880781412124634,808,2.4121257151415265,-0.40973974352254305
16.880781412124634,809,2.413569699562279,-0.4084500150125705
16.880781412124634,810,2.415013455492643,-0.40716205132595273
16.880781412124634,811,2.4164569829326177,-0.4058758524626899
16.880781412124634,812,2.4179002818822033,-0.4045914184227819
16.880781412124634,813,2.4193433523413996,-0.4033087492062289
16.880781412124634,814,2.420786194310207,-0.40202784481303067
16.880781412124634,815,2.4222288077886254,-0.4007487052431874
16.880781412124634,816,2.4236711927766548,-0.39947133049669903
16.880781412124634,817,2.4251133492742953,-0.39819572057356556
16.880781412124634,818,2.4265552772815466,-0.396921875473787
16.880781412124634,819,2.4279969767984086,-0.3956497951973632
16.880781412124634,820,2.429438447824882,-0.3943794797442944
16.880781412124634,821,2.4308796903609657,-0.39311092911458045
16.880781412124634,822,2.4323207044066613,-0.39184414330822137
16.880781412124634,823,2.4337614899619675,-0.3905791223252173
16.880781412124634,824,2.435202047026884,-0.389315866165568
16.880781412124634,825,2.436642375601412,-0.38805437482927363
16.880781412124634,826,2.438082475685551,-0.38679464831633414
16.880781412124634,827,2.439522347279301,-0.3855366866267496
16.880781412124634,828,2.440961990382662,-0.38428048976051987
16.880781412124634,829,2.4424014049956337,-0.38302605771764514
16.880781412124634,830,2.4438405911182164,-0.38177339049812514
16.880781412124634,831,2.44527954875041,-0.3805224881019601
16.880781412124634,832,2.4467182778922147,-0.37927335052915
16.880781412124634,833,2.4481567785436305,-0.3780259777796947
16.880781412124634,834,2.449595050704657,-0.37678036985359437
16.880781412124634,835,2.451033094375295,-0.3755365267508489
16.880781412124634,836,2.4524709095555433,-0.3742944484714584
16.880781412124634,837,2.4539084962454023,-0.3730541350154227
16.880781412124634,838,2.455345854444873,-0.37181558638274187
16.880781412124634,839,2.4567829841539544,-0.370578802573416
16.880781412124634,840,2.458219885372647,-0.369343783587445
16.880781412124634,841,2.45965655810095,-0.3681105294248289
16.880781412124634,842,2.461093002338864,-0.3668790400855677
16.880781412124634,843,2.462529218086389,-0.36564931556966135
16.880781412124634,844,2.4639652053435253,-0.36442135587710994
16.880781412124634,845,2.4654009641102723,-0.3631951610079134
16.880781412124634,846,2.4668364943866306,-0.36197073096207166
16.880781412124634,847,2.4682717961725995,-0.36074806573958496
16.880781412124634,848,2.4697068694681796,-0.3595271653404531
16.880781412124634,849,2.4711417142733705,-0.3583080297646761
16.880781412124634,850,2.472576330588172,-0.357090659012254
16.880781412124634,851,2.4740107184125852,-0.3558750530831868
16.880781412124634,852,2.4754448777466087,-0.35466121197747447
16.880781412124634,853,2.476878808590244,-0.3534491356951171
16.880781412124634,854,2.478312510943489,-0.35223882423611463
16.880781412124634,855,2.479745984806346,-0.3510302776004669
16.880781412124634,856,2.481179230178814,-0.34982349578817423
16.880781412124634,857,2.4826122470608922,-0.34861847879923635
16.880781412124634,858,2.4840450354525814,-0.3474152266336534
16.880781412124634,859,2.485477595353882,-0.3462137392914253
16.880781412124634,860,2.4869099267647936,-0.3450140167725521
16.880781412124634,861,2.488342029685316,-0.34381605907703383
16.880781412124634,862,2.489773904115449,-0.34261986620487045
16.880781412124634,863,2.4912055500551933,-0.3414254381560619
16.880781412124634,864,2.4926369675045486,-0.34023277493060833
16.880781412124634,865,2.494068156463515,-0.33904187652850953
16.880781412124634,866,2.495499116932092,-0.3378527429497657
16.880781412124634,867,2.4969298489102805,-0.3366653741943768
16.880781412124634,868,2.4983603523980795,-0.33547977026234277
16.880781412124634,869,2.4997906273954893,-0.3342959311536636
16.880781412124634,870,2.5012206739025102,-0.33311385686833933
16.880781412124634,871,2.5026504919191424,-0.33193354740636993
16.880781412124634,872,2.5040800814453847,-0.3307550027677554
16.880781412124634,873,2.505509442481239,-0.32957822295249584
16.880781412124634,874,2.5069385750267035,-0.32840320796059114
16.880781412124634,875,2.5083674790817794,-0.32722995779204134
16.880781412124634,876,2.509796154646466,-0.3260584724468464
16.880781412124634,877,2.511224601720764,-0.3248887519250063
16.880781412124634,878,2.5126528203046723,-0.32372079622652117
16.880781412124634,879,2.514080810398192,-0.3225546053513909
16.880781412124634,880,2.5155085720013224,-0.32139017929961555
16.880781412124634,881,2.516936105114064,-0.3202275180711951
16.880781412124634,882,2.5183634097364163,-0.31906662166612954
16.880781412124634,883,2.5197904858683797,-0.3179074900844188
16.880781412124634,884,2.5212173335099544,-0.316750123326063
16.880781412124634,885,2.5226439526611397,-0.31559452139106214
16.880781412124634,886,2.5240703433219354,-0.31444068427941607
16.880781412124634,887,2.525496505492343,-0.313288611991125
16.880781412124634,888,2.5269224391723615,-0.31213830452618874
16.880781412124634,889,2.52834814436199,-0.3109897618846074
16.880781412124634,890,2.5297736210612305,-0.30984298406638094
16.880781412124634,891,2.5311988692700815,-0.30869797107150937
16.880781412124634,892,2.5326238889885433,-0.3075547228999927
16.880781412124634,893,2.5340486802166167,-0.306413239551831
16.880781412124634,894,2.5354732429543003,-0.3052735210270241
16.880781412124634,895,2.536897577201595,-0.304135567325572
16.880781412124634,896,2.538321682958501,-0.302999378447475
16.880781412124634,897,2.539745560225018,-0.3018649543927327
16.880781412124634,898,2.5411692090011457,-0.3007322951613454
16.880781412124634,899,2.542592629286884,-0.299601400753313
16.880781412124634,900,2.5440158210822337,-0.2984722711686354
16.880781412124634,901,2.5454387843871946,-0.2973449064073128
16.880781412124634,902,2.546861519201766,-0.296219306469345
16.880781412124634,903,2.5482840255259487,-0.29509547135473213
16.880781412124634,904,2.5497063033597422,-0.2939734010634742
16.880781412124634,905,2.5511283527031465,-0.29285309559557104
16.880781412124634,906,2.552550173556162,-0.29173455495102285
16.880781412124634,907,2.5539717659187877,-0.29061777912982956
16.880781412124634,908,2.5553931297910255,-0.28950276813199116
16.880781412124634,909,2.5568142651728736,-0.28838952195750767
16.880781412124634,910,2.558235172064333,-0.28727804060637896
16.880781412124634,911,2.5596558504654032,-0.28616832407860526
16.880781412124634,912,2.561076300376084,-0.2850603723741864
16.880781412124634,913,2.562496521796376,-0.28395418549312246
16.880781412124634,914,2.5639165147262792,-0.28284976343541335
16.880781412124634,915,2.565336279165793,-0.2817471062010592
16.880781412124634,916,2.566755815114918,-0.28064621379005994
16.880781412124634,917,2.5681751225736544,-0.27954708620241553
16.880781412124634,918,2.569594201542001,-0.2784497234381261
16.880781412124634,919,2.5710130520199588,-0.2773541254971915
16.880781412124634,920,2.5724316740075275,-0.27626029237961175
16.880781412124634,921,2.573850067504707,-0.2751682240853869
16.880781412124634,922,2.5752682325114975,-0.27407792061451697
16.880781412124634,923,2.5766861690278993,-0.27298938196700195
16.880781412124634,924,2.5781038770539118,-0.27190260814284173
16.880781412124634,925,2.5795213565895354,-0.2708175991420365
16.880781412124634,926,2.58093860763477,-0.2697343549645861
16.880781412124634,927,2.5823556301896153,-0.26865287561049067
16.880781412124634,928,2.5837724242540716,-0.26757316107975004
16.880781412124634,929,2.585188989828139,-0.2664952113723643
16.880781412124634,930,2.586605326911817,-0.2654190264883335
16.880781412124634,931,2.5880214355051065,-0.2643446064276576
16.880781412124634,932,2.5894373156080066,-0.26327195119033653
16.880781412124634,933,2.590852967220518,-0.2622010607763704
16.880781412124634,934,2.59226839034264,-0.26113193518575917
16.880781412124634,935,2.5936835849743733,-0.26006457441850284
16.880781412124634,936,2.5950985511157176,-0.2589989784746014
16.880781412124634,937,2.596513288766672,-0.25793514735405476
16.880781412124634,938,2.597927797927238,-0.25687308105686313
16.880781412124634,939,2.599342078597415,-0.2558127795830263
16.880781412124634,940,2.600756130777203,-0.25475424293254445
16.880781412124634,941,2.6021699544666017,-0.2536974711054174
16.880781412124634,942,2.6035835496656117,-0.2526424641016453
16.880781412124634,943,2.6049969163742324,-0.25158922192122807
16.880781412124634,944,2.606410054592464,-0.2505377445641657
16.880781412124634,945,2.6078229643203064,-0.24948803203045827
16.880781412124634,946,2.60923564555776,-0.24844008432010573
16.880781412124634,947,2.610648098304825,-0.24739390143310805
16.880781412124634,948,2.6120603225615007,-0.2463494833694653
16.880781412124634,949,2.613472318327787,-0.24530683012917742
16.880781412124634,950,2.614884085603684,-0.24426594171224442
16.880781412124634,951,2.616295624389193,-0.2432268181186663
16.880781412124634,952,2.6177069346843114,-0.2421894593484431
16.880781412124634,953,2.6191180164890424,-0.24115386540157477
16.880781412124634,954,2.6205288698033833,-0.24012003627806133
16.880781412124634,955,2.6219394946273358,-0.2390879719779028
16.880781412124634,956,2.6233498909608985,-0.23805767250109916
16.880781412124634,957,2.624760058804073,-0.2370291378476504
16.880781412124634,958,2.626169998156858,-0.23600236801755656
16.880781412124634,959,2.627579709019254,-0.23497736301081756
16.880781412124634,960,2.628989191391261,-0.2339541228274335
16.880781412124634,961,2.630398445272879,-0.23293264746740427
16.880781412124634,962,2.631807470664108,-0.23191293693073
16.880781412124634,963,2.6332162675649475,-0.23089499121741058
16.880781412124634,964,2.6346248359753983,-0.2298788103274461
16.880781412124634,965,2.63603317589546,-0.22886439426083646
16.880781412124634,966,2.637441287325133,-0.22785174301758174
16.880781412124634,967,2.6388491702644163,-0.22684085659768186
16.880781412124634,968,2.640256824713311,-0.22583173500113696
16.880781412124634,969,2.6416642506718166,-0.22482437822794685
16.880781412124634,970,2.643071448139933,-0.2238187862781117
16.880781412124634,971,2.6444784171176607,-0.22281495915163144
16.880781412124634,972,2.645885157604999,-0.22181289684850605
16.880781412124634,973,2.6472916696019486,-0.22081259936873554
16.880781412124634,974,2.6486979531085093,-0.21981406671231993
16.880781412124634,975,2.6501040081246803,-0.21881729887925921
16.880781412124634,976,2.6515098346504624,-0.21782229586955337
16.880781412124634,977,2.6529154326858557,-0.21682905768320243
16.880781412124634,978,2.6543208022308598,-0.2158375843202064
16.880781412124634,979,2.6557259432854754,-0.21484787578056525
16.880781412124634,980,2.6571308558497013,-0.213859932064279
16.880781412124634,981,2.6585355399235384,-0.21287375317134768
16.880781412124634,982,2.659939995506986,-0.2118893391017712
16.880781412124634,983,2.6613442226000448,-0.21090668985554958
16.880781412124634,984,2.662748221202715,-0.2099258054326829
16.880781412124634,985,2.664151991314996,-0.2089466858331711
16.880781412124634,986,2.6655555329368874,-0.2079693310570142
16.880781412124634,987,2.66695884606839,-0.20699374110421215
16.880781412124634,988,2.668361930709504,-0.20601991597476504
16.880781412124634,989,2.6697647868602288,-0.20504785566867278
16.880781412124634,990,2.671167414520564,-0.20407756018593542
16.880781412124634,991,2.6725698136905107,-0.20310902952655296
16.880781412124634,992,2.6739719843700684,-0.2021422636905254
16.880781412124634,993,2.675373926559237,-0.20117726267785274
16.880781412124634,994,2.6767756402580165,-0.20021402648853495
16.880781412124634,995,2.678177125466407,-0.19925255512257206
16.880781412124634,996,2.6795783821844084,-0.19829284857996404
16.880781412124634,997,2.6809794104120206,-0.19733490686071092
16.880781412124634,998,2.682380210149244,-0.1963787299648127
16.880781412124634,999,2.683780781396078,-0.19542431789226938
16.880781412124634,1000,2.6851811241525234,-0.19447167064308093
16.880781412124634,1001,2.6865812384185794,-0.19352078821724739
16.880781412124634,1002,2.6865812384185794,-0.19352078821724739
16.880781412124634,1003,2.6879812384394413,-0.19257043820308606
16.880781412124634,1004,2.6893812384603026,-0.19161938818891433
16.880781412124634,1005,2.6907812384811645,-0.19066763817473215
16.880781412124634,1006,2.692181238502026,-0.1897151881605395
16.880781412124634,1007,2.6935812385228877,-0.18876203814633646
16.880781412124634,1008,2.694981238543749,-0.18780818813212302
16.880781412124634,1009,2.696381238564611,-0.18685363811789912
16.880781412124634,1010,2.6977812385854723,-0.18589838810366477
16.880781412124634,1011,2.6991812386063336,-0.18494243808941999
16.880781412124634,1012,2.7005812386271955,-0.1839857880751648
16.880781412124634,1013,2.701981238648057,-0.18302843806089916
16.880781412124634,1014,2.7033812386689187,-0.18207038804662312
16.880781412124634,1015,2.7047812386897805,-0.18111163803233662
16.880781412124634,1016,2.706181238710642,-0.1801521880180397
16.880781412124634,1017,2.7075812387315032,-0.17919203800373237
16.880781412124634,1018,2.708981238752366,-0.17823118798941456
16.880781412124634,1019,2.7103812387732273,-0.17726963797508638
16.880781412124634,1020,2.7117812387940883,-0.1763073879607477
16.880781412124634,1021,2.71318123881495,-0.17534443794639867
16.880781412124634,1022,2.714581238835812,-0.17438078793203915
16.880781412124634,1023,2.715981238856673,-0.17341643791766922
16.880781412124634,1024,2.717381238877535,-0.17245138790328884
16.880781412124634,1025,2.7187812388983965,-0.17148563788889806
16.880781412124634,1026,2.7201812389192583,-0.1705191878744968
16.880781412124634,1027,2.72158123894012,-0.1695520378600852
16.880781412124634,1028,2.7229812389609815,-0.16858418784566306
16.880781412124634,1029,2.724381238981843,-0.16761563783123054
16.880781412124634,1030,2.7257812390027047,-0.1666463878167876
16.880781412124634,1031,2.7271812390235666,-0.16567643780233424
16.880781412124634,1032,2.7285812390444275,-0.1647057877878704
16.880781412124634,1033,2.7299812390652893,-0.16373443777339614
16.880781412124634,1034,2.7313812390861507,-0.1627623877589115
16.880781412124634,1035,2.7327812391070125,-0.16178963774441638
16.880781412124634,1036,2.7341812391278744,-0.16081618772991085
16.880781412124634,1037,2.735581239148736,-0.15984203771539487
16.880781412124634,1038,2.7369812391695976,-0.15886718770086847
16.880781412124634,1039,2.73838123919046,-0.15789163768633172
16.880781412124634,1040,2.739781239211321,-0.15691538767178442
16.880781412124634,1041,2.7411812392321835,-0.15593843765722673
16.880781412124634,1042,2.742581239253045,-0.1549607876426586
16.880781412124634,1043,2.7439812392739062,-0.1539824376280801
16.880781412124634,1044,2.745381239294768,-0.15300338761349105
16.880781412124634,1045,2.74678123931563,-0.15202363759889168
16.880781412124634,1046,2.7481812393364913,-0.1510431875842818
16.880781412124634,1047,2.7495812393573527,-0.15006203756966155
16.880781412124634,1048,2.7509812393782145,-0.14908018755503086
16.880781412124634,1049,2.752381239399076,-0.1480976375403897
16.880781412124634,1050,2.7537812394199377,-0.14711438752573813
16.880781412124634,1051,2.7551812394407986,-0.14613043751107616
16.880781412124634,1052,2.756581239461661,-0.14514578749640372
16.880781412124634,1053,2.7579812394825223,-0.14416043748172086
16.880781412124634,1054,2.759381239503384,-0.14317438746702757
16.880781412124634,1055,2.760781239524246,-0.14218763745232385
16.880781412124634,1056,2.7621812395451077,-0.14120018743760968
16.880781412124634,1057,2.7635812395659687,-0.1402120374228851
16.880781412124634,1058,2.7649812395868305,-0.1392231874081501
16.880781412124634,1059,2.766381239607692,-0.13823363739340466
16.880781412124634,1060,2.7677812396285537,-0.13724338737864877
16.880781412124634,1061,2.7691812396494155,-0.13625243736388248
16.880781412124634,1062,2.770581239670277,-0.13526078734910574
16.880781412124634,1063,2.7719812396911387,-0.13426843733431856
16.880781412124634,1064,2.7733812397119997,-0.13327538731952093
16.880781412124634,1065,2.774781239732862,-0.13228163730471293
16.880781412124634,1066,2.7761812397537238,-0.13128718728989444
16.880781412124634,1067,2.777581239774585,-0.1302920372750656
16.880781412124634,1068,2.7789812397954465,-0.12929618726022626
16.880781412124634,1069,2.7803812398163084,-0.1282996372453765
16.880781412124634,1070,2.78178123983717,-0.12730238723051632
16.880781412124634,1071,2.7831812398580316,-0.12630443721564572
16.880781412124634,1072,2.7845812398788934,-0.12530578720076466
16.880781412124634,1073,2.7859812398997543,-0.12430643718587318
16.880781412124634,1074,2.787381239920616,-0.12330638717097127
16.880781412124634,1075,2.788781239941478,-0.12230563715605894
16.880781412124634,1076,2.7901812399623394,-0.1213041871411362
16.880781412124634,1077,2.791581239983201,-0.12030203712620299
16.880781412124634,1078,2.7929812400040626,-0.11929918711125934
16.880781412124634,1079,2.7943812400249244,-0.1182956370963053
16.880781412124634,1080,2.795781240045786,-0.1172913870813408
16.880781412124634,1081,2.797181240066648,-0.11628643706636588
16.880781412124634,1082,2.7985812400875094,-0.1152807870513805
16.880781412124634,1083,2.7999812401083712,-0.11427443703638475
16.880781412124634,1084,2.801381240129233,-0.11326738702137852
16.880781412124634,1085,2.8027812401500944,-0.11225963700636189
16.880781412124634,1086,2.8041812401709563,-0.11125118699133481
16.880781412124634,1087,2.8055812401918176,-0.11024203697629728
16.880781412124634,1088,2.8069812402126795,-0.10923218696124935
16.880781412124634,1089,2.808381240233541,-0.10822163694619098
16.880781412124634,1090,2.809781240254403,-0.10721038693112221
16.880781412124634,1091,2.8111812402752645,-0.106198436916043
16.880781412124634,1092,2.812581240296126,-0.10518578690095334
16.880781412124634,1093,2.8139812403169877,-0.10417243688585325
16.880781412124634,1094,2.815381240337849,-0.10315838687074272
16.880781412124634,1095,2.816781240358711,-0.10214363685562176
16.880781412124634,1096,2.8181812403795727,-0.10112818684049038
16.880781412124634,1097,2.819581240400434,-0.10011203682534858
16.880781412124634,1098,2.820981240421296,-0.09909518681019633
16.880781412124634,1099,2.8223812404421578,-0.09807763679503365
16.880781412124634,1100,2.823781240463019,-0.09705938677986053
16.880781412124634,1101,2.8251812404838805,-0.096040436764677
16.880781412124634,1102,2.826581240504743,-0.09502078674948303
16.880781412124634,1103,2.8279812405256037,-0.09400043673427862
16.880781412124634,1104,2.8293812405464656,-0.09297938671906378
16.880781412124634,1105,2.8307812405673274,-0.09195763670383852
16.880781412124634,1106,2.8321812405881888,-0.09093518668860283
16.880781412124634,1107,2.8335812406090506,-0.08991203667335673
16.880781412124634,1108,2.834981240629912,-0.08888818665810015
16.880781412124634,1109,2.8363812406507733,-0.08786363664283317
16.880781412124634,1110,2.8377812406716356,-0.08683838662755576
16.880781412124634,1111,2.839181240692497,-0.08581243661226792
16.880781412124634,1112,2.840581240713358,-0.08478578659696964
16.880781412124634,1113,2.8419812407342206,-0.08375843658166092
16.880781412124634,1114,2.8433812407550816,-0.0827303865663418
16.880781412124634,1115,2.8447812407759434,-0.08170163655101222
16.880781412124634,1116,2.8461812407968052,-0.08067218653567222
16.880781412124634,1117,2.8475812408176666,-0.07964203652032176
16.880781412124634,1118,2.848981240838528,-0.0786111865049609
16.880781412124634,1119,2.85038124085939,-0.07757963648958963
16.880781412124634,1120,2.8517812408802516,-0.0765473864742079
16.880781412124634,1121,2.853181240901113,-0.07551443645881575
16.880781412124634,1122,2.8545812409219744,-0.07448078644341316
16.880781412124634,1123,2.8559812409428362,-0.07344643642800014
16.880781412124634,1124,2.8573812409636976,-0.0724113864125767
16.880781412124634,1125,2.858781240984559,-0.07137563639714282
16.880781412124634,1126,2.860181241005421,-0.07033918638169852
16.880781412124634,1127,2.8615812410262826,-0.06930203636624377
16.880781412124634,1128,2.862981241047144,-0.0682641863507786
16.880781412124634,1129,2.864381241068006,-0.067225636335303
16.880781412124634,1130,2.8657812410888677,-0.06618638631981698
16.880781412124634,1131,2.867181241109729,-0.06514643630432049
16.880781412124634,1132,2.868581241130591,-0.0641057862888136
16.880781412124634,1133,2.8699812411514523,-0.06306443627329629
16.880781412124634,1134,2.871381241172314,-0.06202238625776853
16.880781412124634,1135,2.8727812411931755,-0.06097963624223034
16.880781412124634,1136,2.8741812412140373,-0.059936186226681724
16.880781412124634,1137,2.8755812412348987,-0.05889203621112266
16.880781412124634,1138,2.8769812412557605,-0.05784718619555321
16.880781412124634,1139,2.8783812412766223,-0.056801636179973275
16.880781412124634,1140,2.8797812412974837,-0.05575538616438294
16.880781412124634,1141,2.8811812413183455,-0.05470843614878217
16.880781412124634,1142,2.882581241339207,-0.05366078613317096
16.880781412124634,1143,2.8839812413600687,-0.052612436117549344
16.880781412124634,1144,2.8853812413809306,-0.05156338610191728
16.880781412124634,1145,2.886781241401792,-0.05051363608627478
16.880781412124634,1146,2.8881812414226538,-0.04946318607062186
16.880781412124634,1147,2.8895812414435147,-0.04841203605495852
16.880781412124634,1148,2.8909812414643765,-0.047360186039284706
16.880781412124634,1149,2.8923812414852383,-0.046307636023600496
16.880781412124634,1150,2.8937812415060997,-0.04525438600790585
16.880781412124634,1151,2.8951812415269615,-0.044200435992200776
16.880781412124634,1152,2.8965812415478225,-0.04314578597648526
16.880781412124634,1153,2.8979812415686843,-0.042090435960759315
16.880781412124634,1154,2.899381241589546,-0.041034385945022955
16.880781412124634,1155,2.900781241610408,-0.03997763592927615
16.880781412124634,1156,2.90218124163127,-0.038920185913518916
16.880781412124634,1157,2.903581241652131,-0.03786203589775126
16.880781412124634,1158,2.904981241672993,-0.03680318588197314
16.880781412124634,1159,2.906381241693854,-0.03574363586618461
16.880781412124634,1160,2.9077812417147157,-0.03468338585038566
16.880781412124634,1161,2.9091812417355776,-0.03362243583457629
16.880781412124634,1162,2.910581241756439,-0.03256078581875647
16.880781412124634,1163,2.9119812417773008,-0.031498435802926224
16.880781412124634,1164,2.9133812417981626,-0.030435385787085552
16.880781412124634,1165,2.914781241819024,-0.029371635771234424
16.880781412124634,1166,2.9161812418398854,-0.028307185755372888
16.880781412124634,1167,2.9175812418607476,-0.027242035739500924
16.880781412124634,1168,2.918981241881609,-0.02617618572361849
16.880781412124634,1169,2.9203812419024704,-0.025109635707725668
16.880781412124634,1170,2.921781241923332,-0.02404238569182241
16.880781412124634,1171,2.923181241944194,-0.02297443567590872
16.880781412124634,1172,2.9245812419650554,-0.021905785659984578
16.880781412124634,1173,2.925981241985917,-0.020836435644050015
16.880781412124634,1174,2.9273812420067786,-0.01976638562810503
16.880781412124634,1175,2.9287812420276405,-0.018695635612149618
16.880781412124634,1176,2.930181242048502,-0.017624185596183763
16.880781412124634,1177,2.9315812420693637,-0.016552035580207493
16.880781412124634,1178,2.9329812420902255,-0.015479185564220808
16.880781412124634,1179,2.9343812421110873,-0.014405635548223675
16.880781412124634,1180,2.935781242131949,-0.013331385532216106
16.880781412124634,1181,2.9371812421528105,-0.012256435516198101
16.880781412124634,1182,2.938581242173672,-0.011180785500169654
16.880781412124634,1183,2.9399812421945337,-0.010104435484130793
16.880781412124634,1184,2.941381242215395,-0.009027385468081489
16.880781412124634,1185,2.942781242236257,-0.007949635452021785
16.880781412124634,1186,2.9441812422571183,-0.00687118543595161
16.880781412124634,1187,2.94558124227798,-0.005792035419871035
16.880781412124634,1188,2.946981242298842,-0.00471218540378001
16.880781412124634,1189,2.9483812423197038,-0.00363163538767855
16.880781412124634,1190,2.949781242340565,-0.0025503853715666686
16.880781412124634,1191,2.951181242361427,-0.0014684353554443585
16.880781412124634,1192,2.952581242382289,-0.000385785339311627
16.880781412124634,1193,2.9539812424031497,0.0006975646768315538
16.880781412124634,1194,2.955381242424012,0.0017816146929851492
16.880781412124634,1195,2.9567812424448734,0.002866364709149201
16.880781412124634,1196,2.9581812424657348,0.003951814725323674
16.880781412124634,1197,2.959581242486596,0.005037964741508562
16.880781412124634,1198,2.960981242507458,0.006124814757703892
16.880781412124634,1199,2.96238124252832,0.007212364773909644
16.880781412124634,1200,2.9637812425491816,0.008300614790125838
16.880781412124634,1201,2.965181242570043,0.009389564806352474
16.880781412124634,1202,2.966581242590905,0.010479214822589518
16.880781412124634,1203,2.967981242611766,0.011569564838836997
16.880781412124634,1204,2.969381242632628,0.012660614855094898
16.880781412124634,1205,2.97078124265349,0.013752364871363242
16.880781412124634,1206,2.972181242674351,0.014844814887642027
16.880781412124634,1207,2.9735812426952126,0.015937964903931227
16.880781412124634,1208,2.9749812427160744,0.017031814920230877
16.880781412124634,1209,2.9763812427369363,0.018126364936540934
16.880781412124634,1210,2.9777812427577977,0.019221614952861427
16.880781412124634,1211,2.97918124277866,0.02031756496919232
16.880781412124634,1212,2.980581242799521,0.021414214985533676
16.880781412124634,1213,2.981981242820383,0.02251156500188546
16.880781412124634,1214,2.9833812428412445,0.02360961501824768
16.880781412124634,1215,2.9847812428621063,0.024708365034620344
16.880781412124634,1216,2.9861812428829673,0.02580781505100342
16.880781412124634,1217,2.987581242903829,0.026907965067396934
16.880781412124634,1218,2.988981242924691,0.028008815083800875
16.880781412124634,1219,2.9903812429455527,0.029110365100215252
16.880781412124634,1220,2.991781242966414,0.030212615116640064
16.880781412124634,1221,2.9931812429872755,0.03131556513307529
16.880781412124634,1222,2.9945812430081373,0.032419215149520966
16.880781412124634,1223,2.995981243028999,0.033523565165977064
16.880781412124634,1224,2.997381243049861,0.03462861518244359
16.880781412124634,1225,2.998781243070722,0.03573436519892056
16.880781412124634,1226,3.0001812430915837,0.036840815215407954
16.880781412124634,1227,3.0015812431124456,0.03794796523190576
16.880781412124634,1228,3.0029812431333074,0.039055815248414005
16.880781412124634,1229,3.004381243154169,0.04016436526493271
16.880781412124634,1230,3.0057812431750306,0.04127361528146182
16.880781412124634,1231,3.0071812431958924,0.04238356529800136
16.880781412124634,1232,3.008581243216754,0.04349421531455134
16.880781412124634,1233,3.0099812432376156,0.044605565331111735
16.880781412124634,1234,3.0113812432584766,0.04571761534768258
16.880781412124634,1235,3.0127812432793384,0.04683036536426385
16.880781412124634,1236,3.0141812433002,0.04794381538085554
16.880781412124634,1237,3.015581243321062,0.04905796539745767
16.880781412124634,1238,3.0169812433419234,0.050172815414070246
16.880781412124634,1239,3.0183812433627852,0.05128836543069323
16.880781412124634,1240,3.019781243383647,0.05240461544732665
16.880781412124634,1241,3.0211812434045084,0.05352156546397051
16.880781412124634,1242,3.0225812434253694,0.05463921548062477
16.880781412124634,1243,3.023981243446231,0.055757565497289475
16.880781412124634,1244,3.0253812434670926,0.056876615513964626
16.880781412124634,1245,3.0267812434879544,0.05799636553065021
16.880781412124634,1246,3.0281812435088162,0.05911681554734621
16.880781412124634,1247,3.0295812435296776,0.06023796556405265
16.880781412124634,1248,3.0309812435505394,0.06135981558076953
16.880781412124634,1249,3.032381243571401,0.06248236559749682
16.880781412124634,1250,3.0337812435922626,0.06360561561423453
16.880781412124634,1251,3.0351812436131245,0.0647295656309827
16.880781412124634,1252,3.036581243633986,0.0658542156477413
16.880781412124634,1253,3.0379812436548472,0.06697956566451031
16.880781412124634,1254,3.039381243675709,0.06810561568128978
16.880781412124634,1255,3.040781243696571,0.06923236569807965
16.880781412124634,1256,3.0421812437174323,0.07035981571487998
16.880781412124634,1257,3.0435812437382936,0.07148796573169072
16.880781412124634,1258,3.0449812437591555,0.07261681574851189
16.880781412124634,1259,3.046381243780017,0.0737463657653435
16.880781412124634,1260,3.0477812438008787,0.07487661578218553
16.880781412124634,1261,3.0491812438217405,0.076007565799038
16.880781412124634,1262,3.050581243842602,0.07713921581590091
16.880781412124634,1263,3.0519812438634637,0.07827156583277423
16.880781412124634,1264,3.053381243884326,0.07940461584965801
16.880781412124634,1265,3.054781243905187,0.0805383658665522
16.880781412124634,1266,3.0561812439260487,0.08167281588345682
16.880781412124634,1267,3.05758124394691,0.08280796590037187
16.880781412124634,1268,3.0589812439677724,0.08394381591729737
16.880781412124634,1269,3.0603812439886333,0.08508036593423327
16.880781412124634,1270,3.061781244009495,0.08621761595117963
16.880781412124634,1271,3.063181244030357,0.0873555659681364
16.880781412124634,1272,3.0645812440512183,0.0884942159851036
16.880781412124634,1273,3.0659812440720797,0.08963356600208124
16.880781412124634,1274,3.067381244092942,0.0907736160190693
16.880781412124634,1275,3.0687812441138034,0.09191436603606781
16.880781412124634,1276,3.0701812441346648,0.09305581605307675
16.880781412124634,1277,3.071581244155526,0.0941979660700961
16.880781412124634,1278,3.072981244176388,0.09534081608712588
16.880781412124634,1279,3.07438124419725,0.09648436610416614
16.880781412124634,1280,3.0757812442181116,0.0976286161212168
16.880781412124634,1281,3.0771812442389734,0.09877356613827788
16.880781412124634,1282,3.078581244259835,0.09991921615534938
16.880781412124634,1283,3.079981244280696,0.10106556617243134
16.880781412124634,1284,3.081381244301558,0.10221261618952371
16.880781412124634,1285,3.08278124432242,0.10336036620662653
16.880781412124634,1286,3.084181244343281,0.10450881622373977
16.880781412124634,1287,3.0855812443641426,0.10565796624086342
16.880781412124634,1288,3.0869812443850044,0.10680781625799754
16.880781412124634,1289,3.0883812444058663,0.10795836627514208
16.880781412124634,1290,3.0897812444267276,0.10910961629229701
16.880781412124634,1291,3.091181244447589,0.11026156630946235
16.880781412124634,1292,3.092581244468451,0.1114142163266382
16.880781412124634,1293,3.0939812444893127,0.11256756634382445
16.880781412124634,1294,3.095381244510174,0.11372161636102111
16.880781412124634,1295,3.0967812445310354,0.11487636637822826
16.880781412124634,1296,3.0981812445518973,0.11603181639544577
16.880781412124634,1297,3.099581244572759,0.11718796641267376
16.880781412124634,1298,3.1009812445936205,0.11834481642991215
16.880781412124634,1299,3.1023812446144827,0.11950236644716102
16.880781412124634,1300,3.1037812446353437,0.12066061646442029
16.880781412124634,1301,3.1051812446562055,0.12181956648169
16.880781412124634,1302,3.1065812446770673,0.12297921649897013
16.880781412124634,1303,3.1079812446979287,0.12413956651626068
16.880781412124634,1304,3.1093812447187905,0.12530061653356167
16.880781412124634,1305,3.110781244739652,0.12646236655087312
16.880781412124634,1306,3.1121812447605137,0.12762481656819494
16.880781412124634,1307,3.113581244781375,0.12878796658552727
16.880781412124634,1308,3.1149812448022365,0.12995181660286997
16.880781412124634,1309,3.1163812448230988,0.1311163666202231
16.880781412124634,1310,3.11778124484396,0.1322816166375867
16.880781412124634,1311,3.119181244864822,0.13344756665496071
16.880781412124634,1312,3.120581244885684,0.13461421667234513
16.880781412124634,1313,3.121981244906545,0.13578156668974
16.880781412124634,1314,3.1233812449274065,0.13694961670714534
16.880781412124634,1315,3.1247812449482684,0.13811836672456107
16.880781412124634,1316,3.1261812449691297,0.1392878167419872
16.880781412124634,1317,3.127581244989991,0.14045796675942382
16.880781412124634,1318,3.128981245010853,0.14162881677687084
16.880781412124634,1319,3.1303812450317148,0.14280036679432828
16.880781412124634,1320,3.1317812450525766,0.14397261681179618
16.880781412124634,1321,3.133181245073438,0.14514556682927449
16.880781412124634,1322,3.1345812450942994,0.14631921684676324
16.880781412124634,1323,3.135981245115161,0.14749356686426243
16.880781412124634,1324,3.137381245136023,0.14866861688177202
16.880781412124634,1325,3.138781245156885,0.14984436689929206
16.880781412124634,1326,3.1401812451777458,0.15102081691682254
16.880781412124634,1327,3.1415812451986076,0.15219796693436347
16.880781412124634,1328,3.1429812452194694,0.15337581695191477
16.880781412124634,1329,3.1443812452403312,0.15455436696947655
16.880781412124634,1330,3.145781245261193,0.15573361698704874
16.880781412124634,1331,3.147181245282054,0.15691356700463135
16.880781412124634,1332,3.148581245302916,0.15809421702222443
16.880781412124634,1333,3.1499812453237777,0.1592755670398279
16.880781412124634,1334,3.1513812453446395,0.16045761705744183
16.880781412124634,1335,3.1527812453655004,0.16164036707506618
16.880781412124634,1336,3.1541812453863627,0.16282381709270097
16.880781412124634,1337,3.155581245407224,0.16400796711034618
16.880781412124634,1338,3.1569812454280854,0.16519281712800182
16.880781412124634,1339,3.1583812454489473,0.1663783671456679
16.880781412124634,1340,3.1597812454698087,0.1675646171633444
16.880781412124634,1341,3.1611812454906705,0.16875156718103132
16.880781412124634,1342,3.1625812455115323,0.16993921719872868
16.880781412124634,1343,3.163981245532394,0.17112756721643652
16.880781412124634,1344,3.165381245553255,0.1723166172341547
16.880781412124634,1345,3.166781245574117,0.17350636725188337
16.880781412124634,1346,3.1681812455949787,0.17469681726962247
16.880781412124634,1347,3.1695812456158405,0.175887967287372
16.880781412124634,1348,3.1709812456367015,0.17707981730513192
16.880781412124634,1349,3.1723812456575633,0.1782723673229023
16.880781412124634,1350,3.173781245678425,0.17946561734068311
16.880781412124634,1351,3.175181245699287,0.18065956735847435
16.880781412124634,1352,3.1765812457201488,0.18185421737627602
16.880781412124634,1353,3.17798124574101,0.18304956739408815
16.880781412124634,1354,3.1793812457618715,0.18424561741191062
16.880781412124634,1355,3.1807812457827334,0.18544236742974357
16.880781412124634,1356,3.1821812458035947,0.18663981744758695
16.880781412124634,1357,3.183581245824457,0.18783796746544082
16.880781412124634,1358,3.184981245845318,0.18903681748330506
16.880781412124634,1359,3.1863812458661798,0.19023636750117973
16.880781412124634,1360,3.1877812458870416,0.19143661751906488
16.880781412124634,1361,3.189181245907903,0.1926375675369604
16.880781412124634,1362,3.1905812459287644,0.1938392175548664
16.880781412124634,1363,3.191981245949626,0.19504156757278282
16.880781412124634,1364,3.193381245970488,0.19624461759070966
16.880781412124634,1365,3.19478124599135,0.19744836760864692
16.880781412124634,1366,3.196181246012211,0.19865281762659465
16.880781412124634,1367,3.1975812460330726,0.19985796764455274
16.880781412124634,1368,3.1989812460539344,0.20106381766252135
16.880781412124634,1369,3.2003812460747962,0.20227036768050033
16.880781412124634,1370,3.2017812460956576,0.20347761769848977
16.880781412124634,1371,3.2031812461165194,0.20468556771648963
16.880781412124634,1372,3.204581246137381,0.2058942177344999
16.880781412124634,1373,3.205981246158242,0.20710356775252062
16.880781412124634,1374,3.2073812461791045,0.2083136177705518
16.880781412124634,1375,3.208781246199966,0.20952436778859337
16.880781412124634,1376,3.2101812462208272,0.21073581780664538
16.880781412124634,1377,3.211581246241689,0.21194796782470782
16.880781412124634,1378,3.212981246262551,0.21316081784278068
16.880781412124634,1379,3.2143812462834127,0.214374367860864
16.880781412124634,1380,3.215781246304274,0.21558861787895775
16.880781412124634,1381,3.2171812463251355,0.21680356789706187
16.880781412124634,1382,3.2185812463459973,0.2180192179151765
16.880781412124634,1383,3.219981246366859,0.21923556793330154
16.880781412124634,1384,3.2213812463877205,0.22045261795143697
16.880781412124634,1385,3.222781246408582,0.2216703679695829
16.880781412124634,1386,3.2241812464294437,0.22288881798773919
16.880781412124634,1387,3.2255812464503046,0.22410796800590593
16.880781412124634,1388,3.226981246471167,0.22532781802408314
16.880781412124634,1389,3.2283812464920283,0.22654836804227074
16.880781412124634,1390,3.22978124651289,0.2277696180604688
16.880781412124634,1391,3.231181246533752,0.22899156807867727
16.880781412124634,1392,3.2325812465546138,0.23021421809689618
16.880781412124634,1393,3.233981246575475,0.23143756811512553
16.880781412124634,1394,3.2353812465963374,0.2326616181333653
16.880781412124634,1395,3.236781246617198,0.23388636815161545
16.880781412124634,1396,3.23818124663806,0.23511181816987609
16.880781412124634,1397,3.239581246658922,0.23633796818814717
16.880781412124634,1398,3.240981246679783,0.23756481820642864
16.880781412124634,1399,3.2423812467006448,0.2387923682247206
16.880781412124634,1400,3.2437812467215066,0.24002061824302293
16.880781412124634,1401,3.245181246742368,0.2412495682613357
16.880781412124634,1402,3.24658124676323,0.24247921827965896
16.880781412124634,1403,3.2479812467840916,0.24370956829799256
16.880781412124634,1404,3.249381246804953,0.24494061831633665
16.880781412124634,1405,3.250781246825815,0.24617236833469114
16.880781412124634,1406,3.2521812468466766,0.2474048183530561
16.880781412124634,1407,3.2535812468675376,0.24863796837143146
16.880781412124634,1408,3.2549812468883994,0.24987181838981723
16.880781412124634,1409,3.2563812469092612,0.2511063684082135
16.880781412124634,1410,3.257781246930123,0.2523416184266201
16.880781412124634,1411,3.2591812469509844,0.2535775684450372
16.880781412124634,1412,3.260581246971846,0.25481421846346475
16.880781412124634,1413,3.2619812469927076,0.2560515684819027
16.880781412124634,1414,3.2633812470135695,0.25728961850035115
16.880781412124634,1415,3.264781247034431,0.25852836851880995
16.880781412124634,1416,3.2661812470552922,0.25976781853727915
16.880781412124634,1417,3.267581247076154,0.2610079685557588
16.880781412124634,1418,3.268981247097016,0.2622488185742489
16.880781412124634,1419,3.2703812471178773,0.2634903685927494
16.880781412124634,1420,3.271781247138739,0.26473261861126035
16.880781412124634,1421,3.2731812471596005,0.2659755686297818
16.880781412124634,1422,3.2745812471804623,0.2672192186483136
16.880781412124634,1423,3.2759812472013237,0.26846356866685583
16.880781412124634,1424,3.277381247222186,0.2697086186854085
16.880781412124634,1425,3.278781247243047,0.27095436870397166
16.880781412124634,1426,3.2801812472639087,0.2722008187225452
16.880781412124634,1427,3.28158124728477,0.2734479687411292
16.880781412124634,1428,3.282981247305632,0.27469581875972365
16.880781412124634,1429,3.2843812473264933,0.27594436877832845
16.880781412124634,1430,3.285781247347355,0.27719361879694376
16.880781412124634,1431,3.2871812473682165,0.2784435688155695
16.880781412124634,1432,3.2885812473890783,0.2796942188342056
16.880781412124634,1433,3.28998124740994,0.28094556885285216
16.880781412124634,1434,3.2913812474308015,0.2821976188715092
16.880781412124634,1435,3.2927812474516633,0.2834503688901766
16.880781412124634,1436,3.294181247472525,0.2847038189088545
16.880781412124634,1437,3.2955812474933865,0.28595796892754277
16.880781412124634,1438,3.296981247514248,0.28721281894624145
16.880781412124634,1439,3.2983812475351098,0.2884683689649506
16.880781412124634,1440,3.2997812475559716,0.2897246189836702
16.880781412124634,1441,3.3011812475768334,0.2909815690024002
16.880781412124634,1442,3.302581247597695,0.29223921902114064
16.880781412124634,1443,3.303981247618557,0.29349756903989155
16.880781412124634,1444,3.305381247639418,0.2947566190586529
16.880781412124634,1445,3.30678124766028,0.2960163690774246
16.880781412124634,1446,3.3081812476811416,0.2972768190962068
16.880781412124634,1447,3.309581247702003,0.2985379691149994
16.880781412124634,1448,3.310981247722865,0.29979981913380244
16.880781412124634,1449,3.312381247743726,0.3010623691526159
16.880781412124634,1450,3.313781247764588,0.3023256191714398
16.880781412124634,1451,3.315181247785449,0.3035895691902741
16.880781412124634,1452,3.316581247806311,0.3048542192091188
16.880781412124634,1453,3.317981247827172,0.306119569227974
16.880781412124634,1454,3.319381247848034,0.3073856192468396
16.880781412124634,1455,3.3207812478688954,0.3086523692657157
16.880781412124634,1456,3.322181247889758,0.30991981928460216
16.880781412124634,1457,3.3235812479106195,0.31118796930349907
16.880781412124634,1458,3.3249812479314804,0.31245681932240643
16.880781412124634,1459,3.326381247952342,0.3137263693413242
16.880781412124634,1460,3.3277812479732036,0.31499661936025236
16.880781412124634,1461,3.3291812479940655,0.316267569379191
16.880781412124634,1462,3.330581248014927,0.31753921939814006
16.880781412124634,1463,3.331981248035789,0.3188115694170996
16.880781412124634,1464,3.3333812480566505,0.3200846194360695
16.880781412124634,1465,3.3347812480775123,0.3213583694550499
16.880781412124634,1466,3.3361812480983737,0.32263281947404066
16.880781412124634,1467,3.3375812481192355,0.32390796949304185
16.880781412124634,1468,3.338981248140097,0.3251838195120535
16.880781412124634,1469,3.3403812481609587,0.3264603695310756
16.880781412124634,1470,3.34178124818182,0.3277376195501081
16.880781412124634,1471,3.343181248202682,0.329015569569151
16.880781412124634,1472,3.3445812482235437,0.3302942195882044
16.880781412124634,1473,3.345981248244405,0.3315735696072682
16.880781412124634,1474,3.347381248265267,0.33285361962634247
16.880781412124634,1475,3.3487812482861288,0.33413436964542714
16.880781412124634,1476,3.35018124830699,0.3354158196645222
16.880781412124634,1477,3.3515812483278515,0.33669796968362775
16.880781412124634,1478,3.3529812483487134,0.3379808197027437
16.880781412124634,1479,3.354381248369575,0.3392643697218701
16.880781412124634,1480,3.3557812483904366,0.34054861974100686
16.880781412124634,1481,3.357181248411298,0.34183356976015417
16.880781412124634,1482,3.3585812484321598,0.34311921977931176
16.880781412124634,1483,3.359981248453021,0.34440556979847986
16.880781412124634,1484,3.361381248473883,0.34569261981765836
16.880781412124634,1485,3.362781248494745,0.3469803698368474
16.880781412124634,1486,3.364181248515606,0.34826881985604674
16.880781412124634,1487,3.365581248536468,0.34955796987525656
16.880781412124634,1488,3.3669812485573294,0.3508478198944769
16.880781412124634,1489,3.368381248578191,0.35213836991370756
16.880781412124634,1490,3.369781248599053,0.3534296199329487
16.880781412124634,1491,3.3711812486199144,0.3547215699522003
16.880781412124634,1492,3.372581248640776,0.3560142199714622
16.880781412124634,1493,3.3739812486616376,0.3573075699907346
16.880781412124634,1494,3.3753812486824994,0.3586016200100175
16.880781412124634,1495,3.376781248703361,0.35989637002931074
16.880781412124634,1496,3.3781812487242227,0.3611918200486145
16.880781412124634,1497,3.379581248745084,0.3624879700679286
16.880781412124634,1498,3.3809812487659454,0.36378482008725316
16.880781412124634,1499,3.3823812487868077,0.3650823701065882
16.880781412124634,1500,3.383781248807669,0.36638062012593364
16.880781412124634,1501,3.385181248828531,0.3676795701452895
16.880781412124634,1502,3.3865812488493923,0.3689792201646558
16.880781412124634,1503,3.3865812488493923,0.3689792201646558
16.880781412124634,1504,3.3879811488702525,0.37027972018403477
16.880781412124634,1505,3.3893808488911095,0.3715812202034286
16.880781412124634,1506,3.390780348911964,0.3728837202228374
16.880781412124634,1507,3.3921796489328147,0.37418722024226103
16.880781412124634,1508,3.3935787489536633,0.3754917202616996
16.880781412124634,1509,3.3949776489745083,0.3767972202811531
16.880781412124634,1510,3.3963763489953505,0.3781037203006214
16.880781412124634,1511,3.39777484901619,0.3794112203201047
16.880781412124634,1512,3.399173149037026,0.3807197203396029
16.880781412124634,1513,3.400571249057859,0.3820292203591159
16.880781412124634,1514,3.40196914907869,0.38333972037864394
16.880781412124634,1515,3.4033668490995175,0.3846512203981868
16.880781412124634,1516,3.4047643491203416,0.3859637204177445
16.880781412124634,1517,3.4061616491411626,0.38727722043731727
16.880781412124634,1518,3.407558749161981,0.38859172045690477
16.880781412124634,1519,3.4089556491827966,0.3899072204765073
16.880781412124634,1520,3.410352349203609,0.39122372049612464
16.880781412124634,1521,3.411748849224418,0.39254122051575685
16.880781412124634,1522,3.4131451492452247,0.39385972053540413
16.880781412124634,1523,3.4145412492660285,0.39517922055506616
16.880781412124634,1524,3.4159371492868287,0.3964997205747432
16.880781412124634,1525,3.4173328493076265,0.39782122059443503
16.880781412124634,1526,3.418728349328421,0.3991437206141418
16.880781412124634,1527,3.420123649349213,0.40046722063386353
16.880781412124634,1528,3.421518749370002,0.40179172065360014
16.880781412124634,1529,3.4229136493907872,0.40311722067335165
16.880781412124634,1530,3.42430834941157,0.40444372069311796
16.880781412124634,1531,3.425702849432349,0.4057712207128992
16.880781412124634,1532,3.4270971494531257,0.4070997207326955
16.880781412124634,1533,3.4284912494738995,0.40842922075250654
16.880781412124634,1534,3.4298851494946696,0.4097597207723326
16.880781412124634,1535,3.431278849515438,0.4110912207921734
16.880781412124634,1536,3.432672349536203,0.4124237208120292
16.880781412124634,1537,3.434065649556964,0.4137572208319
16.880781412124634,1538,3.435458749577723,0.41509172085178553
16.880781412124634,1539,3.436851649598479,0.41642722087168604
16.880781412124634,1540,3.4382443496192328,0.4177637208916015
16.880781412124634,1541,3.4396368496399825,0.4191012209115318
16.880781412124634,1542,3.4410291496607295,0.4204397209314771
16.880781412124634,1543,3.442421249681473,0.4217792209514371
16.880781412124634,1544,3.4438131497022146,0.4231197209714121
16.880781412124634,1545,3.4452048497229524,0.4244612209914021
16.880781412124634,1546,3.4465963497436873,0.4258037210114069
16.880781412124634,1547,3.447987649764419,0.42714722103142655
16.880781412124634,1548,3.4493787497851485,0.42849172105146116
16.880781412124634,1549,3.4507696498058746,0.4298372210715107
16.880781412124634,1550,3.452160349826597,0.4311837210915751
16.880781412124634,1551,3.4535508498473173,0.4325312211116544
16.880781412124634,1552,3.4549411498680342,0.4338797211317486
16.880781412124634,1553,3.4563312498887484,0.4352292211518577
16.880781412124634,1554,3.45772114990946,0.4365797211719818
16.880781412124634,1555,3.459110849930168,0.43793122119212075
16.880781412124634,1556,3.4605003499508733,0.43928372121227455
16.880781412124634,1557,3.4618896499715754,0.44063722123244325
16.880781412124634,1558,3.463278749992274,0.4419917212526268
16.880781412124634,1559,3.4646676500129705,0.4433472212728254
16.880781412124634,1560,3.466056350033664,0.4447037212930388
16.880781412124634,1561,3.467444850054354,0.44606122131326714
16.880781412124634,1562,3.4688331500750413,0.4474197213335103
16.880781412124634,1563,3.4702212500957255,0.4487792213537684
16.880781412124634,1564,3.471609150116407,0.45013972137404146
16.880781412124634,1565,3.472996850137085,0.4515012213943294
16.880781412124634,1566,3.4743843501577603,0.45286372141463227
16.880781412124634,1567,3.475771650178433,0.45422722143495
16.880781412124634,1568,3.477158750199102,0.45559172145528265
16.880781412124634,1569,3.4785456502197687,0.45695722147563017
16.880781412124634,1570,3.4799323502404316,0.4583237214959926
16.880781412124634,1571,3.4813188502610926,0.45969122151636993
16.880781412124634,1572,3.4827051502817503,0.46105972153676217
16.880781412124634,1573,3.484091250302405,0.46242922155716926
16.880781412124634,1574,3.4854771503230557,0.46379972157759136
16.880781412124634,1575,3.4868628503437042,0.4651712215980283
16.880781412124634,1576,3.48824835036435,0.4665437216184801
16.880781412124634,1577,3.489633650384992,0.4679172216389469
16.880781412124634,1578,3.4910187504056323,0.46929172165942845
16.880781412124634,1579,3.4924036504262683,0.47066722167992503
16.880781412124634,1580,3.493788350446902,0.47204372170043646
16.880781412124634,1581,3.4951728504675335,0.47342122172096285
16.880781412124634,1582,3.4965571504881603,0.47479972174150403
16.880781412124634,1583,3.4979412505087852,0.4761792217620602
16.880781412124634,1584,3.499325150529407,0.4775597217826313
16.880781412124634,1585,3.500708850550026,0.47894122180321724
16.880781412124634,1586,3.5020923505706416,0.4803237218238181
16.880781412124634,1587,3.503475650591254,0.48170722184443393
16.880781412124634,1588,3.5048587506118642,0.48309172186506455
16.880781412124634,1589,3.506241650632471,0.4844772218857101
16.880781412124634,1590,3.507624350653075,0.4858637219063705
16.880781412124634,1591,3.5090068506736762,0.487251221927046
16.880781412124634,1592,3.5103891506942744,0.4886397219477362
16.880781412124634,1593,3.511771250714869,0.49002922196844134
16.880781412124634,1594,3.513153150735461,0.49141972198916145
16.880781412124634,1595,3.51453485075605,0.4928112220098964
16.880781412124634,1596,3.515916350776636,0.49420372203064633
16.880781412124634,1597,3.5172976507972185,0.49559722205141105
16.880781412124634,1598,3.5186787508177986,0.4969917220721908
16.880781412124634,1599,3.520059650838376,0.49838722209298536
16.880781412124634,1600,3.5214403508589496,0.49978372211379474
16.880781412124634,1601,3.522820850879521,0.5011812221346191
16.880781412124634,1602,3.5242011509000895,0.5025797221554584
16.880781412124634,1603,3.5255812509206543,0.5039792221763126
16.880781412124634,1604,3.5269611509412155,0.5053797221971816
16.880781412124634,1605,3.5283408509617753,0.5067812222180657
16.880781412124634,1606,3.529720350982332,0.5081837222389646
16.880781412124634,1607,3.5310996510028847,0.5095872222598783
16.880781412124634,1608,3.5324787510234352,0.5109917222808069
16.880781412124634,1609,3.533857651043982,0.5123972223017506
16.880781412124634,1610,3.5352363510645257,0.513803722322709
16.880781412124634,1611,3.5366148510850675,0.5152112223436824
16.880781412124634,1612,3.5379931511056055,0.5166197223646708
16.880781412124634,1613,3.539371251126141,0.5180292223856738
16.880781412124634,1614,3.5407491511466738,0.519439722406692
16.880781412124634,1615,3.542126851167202,0.520851222427725
16.880781412124634,1616,3.543504351187729,0.5222637224487728
16.880781412124634,1617,3.544881651208252,0.5236772224698356
16.880781412124634,1618,3.5462587512287724,0.5250917224909133
16.880781412124634,1619,3.54763565124929,0.5265072225120059
16.880781412124634,1620,3.5490123512698046,0.5279237225331135
16.880781412124634,1621,3.5503888512903163,0.5293412225542359
16.880781412124634,1622,3.551765151310825,0.5307597225753732
16.880781412124634,1623,3.5531412513313296,0.5321792225965254
16.880781412124634,1624,3.5545171513518317,0.5335997226176924
16.880781412124634,1625,3.5558928513723322,0.5350212226388744
16.880781412124634,1626,3.5572683513928287,0.5364437226600713
16.880781412124634,1627,3.558643651413322,0.5378672226812831
16.880781412124634,1628,3.5600187514338124,0.5392917227025098
16.880781412124634,1629,3.5613936514543,0.5407172227237514
16.880781412124634,1630,3.5627683514747845,0.5421437227450079
16.880781412124634,1631,3.5641428514952667,0.5435712227662793
16.880781412124634,1632,3.5655171515157447,0.5449997227875656
16.880781412124634,1633,3.5668912515362203,0.5464292228088669
16.880781412124634,1634,3.568265151556693,0.5478597228301829
16.880781412124634,1635,3.5696388515771633,0.549291222851514
16.880781412124634,1636,3.5710123515976298,0.5507237228728599
16.880781412124634,1637,3.5723856516180934,0.5521572228942206
16.880781412124634,1638,3.573758751638554,0.5535917229155964
16.880781412124634,1639,3.575131651659012,0.555027222936987
16.880781412124634,1640,3.5765043516794672,0.5564637229583926
16.880781412124634,1641,3.5778768516999184,0.557901222979813
16.880781412124634,1642,3.5792491517203677,0.5593397230012483
16.880781412124634,1643,3.5806212517408134,0.5607792230226986
16.880781412124634,1644,3.5819931517612567,0.5622197230441637
16.880781412124634,1645,3.5833648517816967,0.5636612230656437
16.880781412124634,1646,3.584736351802133,0.5651037230871386
16.880781412124634,1647,3.586107651822567,0.5665472231086485
16.880781412124634,1648,3.587478751842998,0.5679917231301731
16.880781412124634,1649,3.5888496518634256,0.5694372231517126
16.880781412124634,1650,3.590220351883851,0.5708837231732672
16.880781412124634,1651,3.591590851904273,0.5723312231948366
16.880781412124634,1652,3.592961151924692,0.573779723216421
16.880781412124634,1653,3.5943312519451083,0.5752292232380203
16.880781412124634,1654,3.595701151965521,0.5766797232596343
16.880781412124634,1655,3.5970708519859316,0.5781312232812634
16.880781412124634,1656,3.598440352006339,0.5795837233029073
16.880781412124634,1657,3.599809652026743,0.5810372233245662
16.880781412124634,1658,3.6011787520471437,0.5824917233462399
16.880781412124634,1659,3.602547652067542,0.5839472233679286
16.880781412124634,1660,3.6039163520879374,0.5854037233896321
16.880781412124634,1661,3.6052848521083294,0.5868612234113505
16.880781412124634,1662,3.6066531521287186,0.5883197234330839
16.880781412124634,1663,3.608021252149105,0.5897792234548321
16.880781412124634,1664,3.6093891521694883,0.5912397234765953
16.880781412124634,1665,3.6107568521898687,0.5927012234983734
16.880781412124634,1666,3.612124352210246,0.5941637235201662
16.880781412124634,1667,3.6134916522306204,0.5956272235419742
16.880781412124634,1668,3.6148587522509916,0.5970917235637969
16.880781412124634,1669,3.61622565227136,0.5985572235856346
16.880781412124634,1670,3.6175923522917257,0.600023723607487
16.880781412124634,1671,3.618958852312088,0.6014912236293546
16.880781412124634,1672,3.6203251523324473,0.6029597236512368
16.880781412124634,1673,3.621691252352804,0.6044292236731341
16.880781412124634,1674,3.6230571523731574,0.6058997236950463
16.880781412124634,1675,3.624422852393508,0.6073712237169734
16.880781412124634,1676,3.6257883524138554,0.6088437237389153
16.880781412124634,1677,3.6271536524342,0.6103172237608722
16.880781412124634,1678,3.628518752454542,0.611791723782844
16.880781412124634,1679,3.6298836524748808,0.6132672238048307
16.880781412124634,1680,3.631248352495216,0.6147437238268323
16.880781412124634,1681,3.6326128525155488,0.6162212238488487
16.880781412124634,1682,3.6339771525358784,0.61769972387088
16.880781412124634,1683,3.6353412525562048,0.6191792238929263
16.880781412124634,1684,3.636705152576529,0.6206597239149875
16.880781412124634,1685,3.638068852596849,0.6221412239370635
16.880781412124634,1686,3.6394323526171677,0.6236237239591546
16.880781412124634,1687,3.640795652637482,0.6251072239812604
16.880781412124634,1688,3.6421587526577937,0.6265917240033811
16.880781412124634,1689,3.6435216526781025,0.6280772240255168
16.880781412124634,1690,3.6448843526984085,0.6295637240476675
16.880781412124634,1691,3.6462468527187113,0.6310512240698328
16.880781412124634,1692,3.6476091527390113,0.6325397240920132
16.880781412124634,1693,3.648971252759308,0.6340292241142086
16.880781412124634,1694,3.6503331527796017,0.6355197241364188
16.880781412124634,1695,3.651694852799893,0.6370112241586439
16.880781412124634,1696,3.6530563528201805,0.6385037241808837
16.880781412124634,1697,3.6544176528404653,0.6399972242031386
16.880781412124634,1698,3.6557787528607473,0.6414917242254086
16.880781412124634,1699,3.6571396528810265,0.6429872242476932
16.880781412124634,1700,3.6585003529013025,0.6444837242699928
16.880781412124634,1701,3.6598608529215757,0.6459812242923073
16.880781412124634,1702,3.6612211529418457,0.6474797243146366
16.880781412124634,1703,3.662581252962113,0.648979224336981
16.880781412124634,1704,3.663941152982377,0.6504797243593402
16.880781412124634,1705,3.665300853002638,0.6519812243817142
16.880781412124634,1706,3.666660353022896,0.6534837244041032
16.880781412124634,1707,3.6680196530431513,0.6549872244265071
16.880781412124634,1708,3.669378753063403,0.6564917244489259
16.880781412124634,1709,3.6707376530836524,0.6579972244713597
16.880781412124634,1710,3.672096353103899,0.6595037244938082
16.880781412124634,1711,3.6734548531241424,0.6610112245162717
16.880781412124634,1712,3.674813153144383,0.6625197245387502
16.880781412124634,1713,3.6761712531646196,0.6640292245612435
16.880781412124634,1714,3.6775291531848544,0.6655397245837517
16.880781412124634,1715,3.6788868532050856,0.6670512246062748
16.880781412124634,1716,3.680244353225314,0.6685637246288127
16.880781412124634,1717,3.681601653245539,0.6700772246513657
16.880781412124634,1718,3.6829587532657615,0.6715917246739335
16.880781412124634,1719,3.6843156532859807,0.6731072246965162
16.880781412124634,1720,3.6856723533061975,0.6746237247191138
16.880781412124634,1721,3.6870288533264106,0.6761412247417262
16.880781412124634,1722,3.688385153346621,0.6776597247643537
16.880781412124634,1723,3.689741253366829,0.6791792247869961
16.880781412124634,1724,3.6910971533870334,0.6806997248096534
16.880781412124634,1725,3.6924528534072345,0.6822212248323254
16.880781412124634,1726,3.6938083534274333,0.6837437248550124
16.880781412124634,1727,3.6951636534476284,0.6852672248777143
16.880781412124634,1728,3.6965187534678217,0.6867917249004312
16.880781412124634,1729,3.697873653488011,0.6883172249231628
16.880781412124634,1730,3.6992283535081976,0.6898437249459095
16.880781412124634,1731,3.700582853528381,0.691371224968671
16.880781412124634,1732,3.701937153548562,0.6928997249914475
16.880781412124634,1733,3.7032912535687394,0.6944292250142388
16.880781412124634,1734,3.7046451535889138,0.695959725037045
16.880781412124634,1735,3.7059988536090858,0.6974912250598662
16.880781412124634,1736,3.707352353629255,0.699023725082702
16.880781412124634,1737,3.70870565364942,0.7005572251055532
16.880781412124634,1738,3.710058753669583,0.7020917251284189
16.880781412124634,1739,3.711411653689743,0.7036272251512996
16.880781412124634,1740,3.7127643537099,0.7051637251741953
16.880781412124634,1741,3.714116853730054,0.7067012251971059
16.880781412124634,1742,3.7154691537502043,0.7082397252200312
16.880781412124634,1743,3.7168212537703518,0.7097792252429715
16.880781412124634,1744,3.7181731537904965,0.7113197252659268
16.880781412124634,1745,3.719524853810638,0.7128612252888968
16.880781412124634,1746,3.7208763538307776,0.714403725311882
16.880781412124634,1747,3.722227653850913,0.7159472253348819
16.880781412124634,1748,3.7235787538710463,0.7174917253578967
16.880781412124634,1749,3.7249296538911763,0.7190372253809265
16.880781412124634,1750,3.7262803539113034,0.7205837254039711
16.880781412124634,1751,3.7276308539314273,0.7221312254270307
16.880781412124634,1752,3.7289811539515485,0.7236797254501051
16.880781412124634,1753,3.7303312539716664,0.7252292254731945
16.880781412124634,1754,3.7316811539917816,0.7267797254962987
16.880781412124634,1755,3.7330308540118935,0.7283312255194179
16.880781412124634,1756,3.7343803540320026,0.7298837255425519
16.880781412124634,1757,3.7357296540521094,0.7314372255657009
16.880781412124634,1758,3.737078754072212,0.7329917255888647
16.880781412124634,1759,3.7384276540923116,0.7345472256120436
16.880781412124634,1760,3.739776354112409,0.7361037256352372
16.880781412124634,1761,3.7411248541325035,0.7376612256584456
16.880781412124634,1762,3.7424731541525946,0.7392197256816692
16.880781412124634,1763,3.7438212541726834,0.7407792257049075
16.880781412124634,1764,3.7451691541927685,0.7423397257281608
16.880781412124634,1765,3.746516854212851,0.743901225751429
16.880781412124634,1766,3.74786435423293,0.7454637257747121
16.880781412124634,1767,3.7492116542530063,0.74702722579801
16.880781412124634,1768,3.7505587542730794,0.7485917258213228
16.880781412124634,1769,3.75190565429315,0.7501572258446507
16.880781412124634,1770,3.7532523543132177,0.7517237258679933
16.880781412124634,1771,3.754598854333282,0.7532912258913509
16.880781412124634,1772,3.755945154353343,0.7548597259147234
16.880781412124634,1773,3.757291254373402,0.7564292259381107
16.880781412124634,1774,3.7586371543934574,0.757999725961513
16.880781412124634,1775,3.7599828544135097,0.7595712259849302
16.880781412124634,1776,3.7613283544335596,0.7611437260083622
16.880781412124634,1777,3.7626736544536064,0.7627172260318092
16.880781412124634,1778,3.7640187544736494,0.7642917260552711
16.880781412124634,1779,3.7653636544936897,0.7658672260787478
16.880781412124634,1780,3.7667083545137277,0.7674437261022397
16.880781412124634,1781,3.7680528545337624,0.7690212261257461
16.880781412124634,1782,3.7693971545537934,0.7705997261492676
16.880781412124634,1783,3.7707412545738226,0.772179226172804
16.880781412124634,1784,3.7720851545938476,0.7737597261963554
16.880781412124634,1785,3.7734288546138703,0.7753412262199215
16.880781412124634,1786,3.7747723546338907,0.7769237262435026
16.880781412124634,1787,3.776115654653907,0.7785072262670986
16.880781412124634,1788,3.777458754673921,0.7800917262907094
16.880781412124634,1789,3.7788016546939316,0.7816772263143352
16.880781412124634,1790,3.7801443547139395,0.783263726337976
16.880781412124634,1791,3.781486854733944,0.7848512263616316
16.880781412124634,1792,3.7828291547539457,0.786439726385302
16.880781412124634,1793,3.7841712547739452,0.7880292264089874
16.880781412124634,1794,3.7855131547939407,0.7896197264326876
16.880781412124634,1795,3.786854854813934,0.7912112264564028
16.880781412124634,1796,3.7881963548339237,0.792803726480133
16.880781412124634,1797,3.7895376548539104,0.7943972265038779
16.880781412124634,1798,3.7908787548738943,0.7959917265276379
16.880781412124634,1799,3.7922196548938754,0.7975872265514126
16.880781412124634,1800,3.7935603549138537,0.7991837265752024
16.880781412124634,1801,3.7949008549338283,0.800781226599007
16.880781412124634,1802,3.7962411549538,0.8023797266228265
16.880781412124634,1803,3.7975812549737697,0.8039792266466608
16.880781412124634,1804,3.7989211549937356,0.8055797266705101
16.880781412124634,1805,3.8002608550136987,0.8071812266943744
16.880781412124634,1806,3.801600355033659,0.8087837267182535
16.880781412124634,1807,3.802939655053616,0.8103872267421475
16.880781412124634,1808,3.80427875507357,0.8119917267660566
16.880781412124634,1809,3.8056176550935215,0.8135972267899803
16.880781412124634,1810,3.8069563551134697,0.815203726813919
16.880781412124634,1811,3.808294855133415,0.8168112268378727
16.880781412124634,1812,3.8096331551533567,0.8184197268618412
16.880781412124634,1813,3.810971255173296,0.8200292268858247
16.880781412124634,1814,3.8123091551932324,0.8216397269098228
16.880781412124634,1815,3.8136468552131655,0.8232512269338361
16.880781412124634,1816,3.8149843552330958,0.8248637269578643
16.880781412124634,1817,3.816321655253023,0.8264772269819072
16.880781412124634,1818,3.817658755272948,0.8280917270059652
16.880781412124634,1819,3.818995655292869,0.829707227030038
16.880781412124634,1820,3.8203323553127877,0.8313237270541258
16.880781412124634,1821,3.8216688553327027,0.8329412270782284
16.880781412124634,1822,3.823005155352615,0.8345597271023459
16.880781412124634,1823,3.8243412553725245,0.8361792271264783
16.880781412124634,1824,3.825677155392431,0.8377997271506257
16.880781412124634,1825,3.8270128554123346,0.8394212271747878
16.880781412124634,1826,3.828348355432235,0.841043727198965
16.880781412124634,1827,3.8296836554521327,0.842667227223157
16.880781412124634,1828,3.831018755472027,0.844291727247364
16.880781412124634,1829,3.8323536554919184,0.8459172272715858
16.880781412124634,1830,3.833688355511807,0.8475437272958226
16.880781412124634,1831,3.835022855531693,0.8491712273200742
16.880781412124634,1832,3.836357155551575,0.8507997273443407
16.880781412124634,1833,3.837691255571455,0.8524292273686223
16.880781412124634,1834,3.8390251555913317,0.8540597273929185
16.880781412124634,1835,3.840358855611205,0.8556912274172297
16.880781412124634,1836,3.8416923556310762,0.8573237274415559
16.880781412124634,1837,3.843025655650944,0.858957227465897
16.880781412124634,1838,3.844358755670809,0.8605917274902529
16.880781412124634,1839,3.84569165569067,0.8622272275146238
16.880781412124634,1840,3.847024355710529,0.8638637275390095
16.880781412124634,1841,3.848356855730385,0.8655012275634102
16.880781412124634,1842,3.8496891557502373,0.8671397275878256
16.880781412124634,1843,3.8510212557700876,0.8687792276122562
16.880781412124634,1844,3.8523531557899346,0.8704197276367016
16.880781412124634,1845,3.853684855809778,0.8720612276611617
16.880781412124634,1846,3.855016355829619,0.873703727685637
16.880781412124634,1847,3.856347655849457,0.8753472277101271
16.880781412124634,1848,3.857678755869292,0.876991727734632
16.880781412124634,1849,3.859009655889124,0.8786372277591518
16.880781412124634,1850,3.860340355908953,0.8802837277836866
16.880781412124634,1851,3.8616708559287787,0.8819312278082363
16.880781412124634,1852,3.863001155948602,0.8835797278328008
16.880781412124634,1853,3.864331255968422,0.8852292278573803
16.880781412124634,1854,3.8656611559882386,0.8868797278819747
16.880781412124634,1855,3.8669908560080533,0.8885312279065839
16.880781412124634,1856,3.8683203560278643,0.890183727931208
16.880781412124634,1857,3.869649656047672,0.8918372279558471
16.880781412124634,1858,3.870978756067478,0.893491727980501
16.880781412124634,1859,3.87230765608728,0.8951472280051699
16.880781412124634,1860,3.873636356107079,0.8968037280298538
16.880781412124634,1861,3.8749648561268755,0.8984612280545524
16.880781412124634,1862,3.8762931561466685,0.9001197280792659
16.880781412124634,1863,3.8776212561664583,0.9017792281039945
16.880781412124634,1864,3.8789491561862457,0.9034397281287379
16.880781412124634,1865,3.88027685620603,0.9051012281534961
16.880781412124634,1866,3.8816043562258113,0.9067637281782693
16.880781412124634,1867,3.8829316562455896,0.9084272282030574
16.880781412124634,1868,3.8842587562653645,0.9100917282278603
16.880781412124634,1869,3.885585656285137,0.9117572282526782
16.880781412124634,1870,3.886912356304907,0.9134237282775111
16.880781412124634,1871,3.888238856324673,0.9150912283023587
16.880781412124634,1872,3.8895651563444362,0.9167597283272213
16.880781412124634,1873,3.890891256364197,0.9184292283520987
16.880781412124634,1874,3.892217156383954,0.9200997283769912
16.880781412124634,1875,3.893542856403709,0.9217712284018985
16.880781412124634,1876,3.8948683564234603,0.9234437284268207
16.880781412124634,1877,3.8961936564432085,0.9251172284517577
16.880781412124634,1878,3.8975187564629543,0.9267917284767098
16.880781412124634,1879,3.898843656482697,0.9284672285016766
16.880781412124634,1880,3.9001683565024368,0.9301437285266585
16.880781412124634,1881,3.9014928565221734,0.9318212285516552
16.880781412124634,1882,3.9028171565419063,0.9334997285766667
16.880781412124634,1883,3.9041412565616374,0.9351792286016933
16.880781412124634,1884,3.905465156581365,0.9368597286267346
16.880781412124634,1885,3.9067888566010893,0.9385412286517909
16.880781412124634,1886,3.908112356620811,0.9402237286768622
16.880781412124634,1887,3.90943565664053,0.9419072287019483
16.880781412124634,1888,3.910758756660246,0.9435917287270492
16.880781412124634,1889,3.9120816566799586,0.9452772287521651
16.880781412124634,1890,3.913404356699668,0.9469637287772961
16.880781412124634,1891,3.914726856719375,0.9486512288024416
16.880781412124634,1892,3.9160491567390787,0.9503397288276023
16.880781412124634,1893,3.9173712567587797,0.9520292288527779
16.880781412124634,1894,3.9186931567784775,0.9537197288779683
16.880781412124634,1895,3.920014856798173,0.9554112289031736
16.880781412124634,1896,3.9213363568178643,0.9571037289283938
16.880781412124634,1897,3.9226576568375533,0.9587972289536288
16.880781412124634,1898,3.9239787568572395,0.960491728978879
16.880781412124634,1899,3.9252996568769216,0.9621872290041438
16.880781412124634,1900,3.9266203568966023,0.9638837290294238
16.880781412124634,1901,3.927940856916279,0.9655812290547183
16.880781412124634,1902,3.9292611569359526,0.967279729080028
16.880781412124634,1903,3.930581256955624,0.9689792291053525
16.880781412124634,1904,3.931901156975292,0.9706797291306921
16.880781412124634,1905,3.933220856994957,0.9723812291560463
16.880781412124634,1906,3.934540357014619,0.9740837291814156
16.880781412124634,1907,3.9358596570342783,0.9757872292067997
16.880781412124634,1908,3.9371787570539345,0.9774917292321987
16.880781412124634,1909,3.9384976570735875,0.9791972292576125
16.880781412124634,1910,3.939816357093237,0.9809037292830414
16.880781412124634,1911,3.941134857112885,0.9826112293084852
16.880781412124634,1912,3.9424531571325288,0.9843197293339437
16.880781412124634,1913,3.9437712571521706,0.9860292293594173
16.880781412124634,1914,3.9450891571718083,0.9877397293849057
16.880781412124634,1915,3.946406857191444,0.9894512294104092
16.880781412124634,1916,3.947724357211076,0.9911637294359273
16.880781412124634,1917,3.949041657230705,0.9928772294614605
16.880781412124634,1918,3.9503587572503314,0.9945917294870086
16.880781412124634,1919,3.951675657269955,0.9963072295125716
16.880781412124634,1920,3.9529923572895753,0.9980237295381493
16.880781412124634,1921,3.9543088573091927,0.999741229563742
16.880781412124634,1922,3.9556251573288073,1.0014597295893497
16.880781412124634,1923,3.9569412573484186,1.0031792296149722
16.880781412124634,1924,3.9582571573680267,1.0048997296406097
16.880781412124634,1925,3.9595728573876325,1.006621229666262
16.880781412124634,1926,3.960888357407234,1.008343729691929
16.880781412124634,1927,3.9622036574268344,1.0100672297176114
16.880781412124634,1928,3.9635187574464306,1.0117917297433083
16.880781412124634,1929,3.9648336574660243,1.0135172297690205
16.880781412124634,1930,3.966148357485615,1.0152437297947472
16.880781412124634,1931,3.9674628575052027,1.016971229820489
16.880781412124634,1932,3.968777157524787,1.0186997298462455
16.880781412124634,1933,3.9700912575443685,1.0204292298720172
16.880781412124634,1934,3.9714051575639475,1.0221597298978036
16.880781412124634,1935,3.972718857583523,1.0238912299236052
16.880781412124634,1936,3.974032357603096,1.0256237299494213
16.880781412124634,1937,3.9753456576226656,1.0273572299752525
16.880781412124634,1938,3.976658757642232,1.0290917300010987
16.880781412124634,1939,3.977971657661796,1.0308272300269594
16.880781412124634,1940,3.979284357681357,1.0325637300528354
16.880781412124634,1941,3.9805968577009145,1.034301230078726
16.880781412124634,1942,3.9819091577204695,1.0360397301046318
16.880781412124634,1943,3.983221257740021,1.0377792301305524
16.880781412124634,1944,3.98453315775957,1.039519730156488
16.880781412124634,1945,3.985844857779116,1.0412612301824382
16.880781412124634,1946,3.987156357798659,1.0430037302084034
16.880781412124634,1947,3.9884676578181986,1.0447472302343837
16.880781412124634,1948,3.989778757837735,1.0464917302603787
16.880781412124634,1949,3.9910896578572697,1.048237230286389
16.880781412124634,1950,3.9924003578768006,1.0499837303124138
16.880781412124634,1951,3.9937108578963283,1.0517312303384534
16.880781412124634,1952,3.995021157915853,1.053479730364508
16.880781412124634,1953,3.996331257935375,1.0552292303905777
16.880781412124634,1954,3.9976411579548943,1.0569797304166622
16.880781412124634,1955,3.9989508579744104,1.0587312304427616
16.880781412124634,1956,4.000260357993923,1.0604837304688757
16.880781412124634,1957,4.001569658013434,1.062237230495005
16.880781412124634,1958,4.002878758032941,1.063991730521149
16.880781412124634,1959,4.0041876580524445,1.0657472305473081
16.880781412124634,1960,4.005496358071945,1.067503730573482
16.880781412124634,1961,4.006804858091444,1.0692612305996707
16.880781412124634,1962,4.008113158110939,1.0710197306258744
16.880781412124634,1963,4.009421258130431,1.0727792306520931
16.880781412124634,1964,4.010729158149921,1.0745397306783266
16.880781412124634,1965,4.012036858169407,1.076301230704575
16.880781412124634,1966,4.01334435818889,1.0780637307308383
16.880781412124634,1967,4.01465165820837,1.0798272307571164
16.880781412124634,1968,4.015958758227848,1.0815917307834095
16.880781412124634,1969,4.017265658247322,1.0833572308097175
16.880781412124634,1970,4.018572358266794,1.0851237308360404
16.880781412124634,1971,4.019878858286262,1.0868912308623784
16.880781412124634,1972,4.021185158305728,1.0886597308887311
16.880781412124634,1973,4.02249125832519,1.0904292309150985
16.880781412124634,1974,4.0237971583446495,1.092199730941481
16.880781412124634,1975,4.0251028583641055,1.0939712309678786
16.880781412124634,1976,4.026408358383559,1.0957437309942908
16.880781412124634,1977,4.02771365840301,1.0975172310207182
16.880781412124634,1978,4.029018758422457,1.09929173104716
16.880781412124634,1979,4.030323658441902,1.1010672310736171
16.880781412124634,1980,4.031628358461343,1.102843731100089
16.880781412124634,1981,4.032932858480782,1.104621231126576
16.880781412124634,1982,4.0342371585002175,1.1063997311530775
16.880781412124634,1983,4.03554125851965,1.1081792311795942
16.880781412124634,1984,4.036845158539079,1.1099597312061256
16.880781412124634,1985,4.038148858558506,1.111741231232672
16.880781412124634,1986,4.03945235857793,1.1135237312592334
16.880781412124634,1987,4.040755658597351,1.1153072312858097
16.880781412124634,1988,4.042058758616768,1.1170917313124007
16.880781412124634,1989,4.043361658636183,1.1188772313390067
16.880781412124634,1990,4.044664358655594,1.1206637313656276
16.880781412124634,1991,4.045966858675003,1.1224512313922634
16.880781412124634,1992,4.047269158694409,1.124239731418914
16.880781412124634,1993,4.048571258713812,1.1260292314455798
16.880781412124634,1994,4.049873158733211,1.1278197314722602
16.880781412124634,1995,4.051174858752609,1.129611231498956
16.880781412124634,1996,4.052476358772003,1.131403731525666
16.880781412124634,1997,4.053777658791393,1.1331972315523913
16.880781412124634,1998,4.055078758810781,1.1349917315791316
16.880781412124634,1999,4.056379658830166,1.1367872316058865
16.880781412124634,2000,4.057680358849549,1.1385837316326566
16.880781412124634,2001,4.058980858868927,1.1403812316594415
16.880781412124634,2002,4.060281158888303,1.1421797316862412
16.880781412124634,2003,4.061581258907676,1.1439792317130557
16.880781412124634,2004,4.061581258907676,1.1439792317130557
16.880781412124634,2005,4.062880758927041,1.1457777817398562
16.880781412124634,2006,4.064179258946389,1.1475734317666135
16.880781412124634,2007,4.065476758965724,1.1493661817933276
16.880781412124634,2008,4.066773258985043,1.1511560318199983
16.880781412124634,2009,4.068068759004348,1.1529429818466261
16.880781412124634,2010,4.069363259023637,1.1547270318732104
16.880781412124634,2011,4.070656759042912,1.1565081818997514
16.880781412124634,2012,4.071949259062171,1.1582864319262498
16.880781412124634,2013,4.073240759081416,1.1600617819527042
16.880781412124634,2014,4.074531259100645,1.1618342319791157
16.880781412124634,2015,4.0758207591198605,1.163603782005484
16.880781412124634,2016,4.0771092591390605,1.1653704320318092
16.880781412124634,2017,4.078396759158246,1.1671341820580912
16.880781412124634,2018,4.079683259177417,1.16889503208433
16.880781412124634,2019,4.080968759196572,1.1706529821105256
16.880781412124634,2020,4.082253259215713,1.1724080321366779
16.880781412124634,2021,4.083536759234839,1.1741601821627872
16.880781412124634,2022,4.084819259253949,1.1759094321888528
16.880781412124634,2023,4.0861007592730445,1.1776557822148754
16.880781412124634,2024,4.087381259292125,1.1793992322408549
16.880781412124634,2025,4.088660759311192,1.1811397822667908
16.880781412124634,2026,4.089939259330244,1.182877432292684
16.880781412124634,2027,4.091216759349279,1.1846121823185338
16.880781412124634,2028,4.0924932593683,1.1863440323443402
16.880781412124634,2029,4.0937687593873076,1.1880729823701037
16.880781412124634,2030,4.095043259406299,1.189799032395824
16.880781412124634,2031,4.0963167594252745,1.1915221824215008
16.880781412124634,2032,4.097589259444237,1.1932424324471347
16.880781412124634,2033,4.098860759463183,1.1949597824727252
16.880781412124634,2034,4.100131259482115,1.1966742324982724
16.880781412124634,2035,4.101400759501033,1.1983857825237763
16.880781412124634,2036,4.102669259519934,1.200094432549237
16.880781412124634,2037,4.103936759538821,1.201800182574655
16.880781412124634,2038,4.105203259557694,1.203503032600029
16.880781412124634,2039,4.106468759576551,1.2052029826253605
16.880781412124634,2040,4.107733259595394,1.2069000326506485
16.880781412124634,2041,4.1089967596142225,1.2085941826758937
16.880781412124634,2042,4.110259259633035,1.210285432701095
16.880781412124634,2043,4.1115207596518335,1.2119737827262536
16.880781412124634,2044,4.112781259670615,1.2136592327513687
16.880781412124634,2045,4.1140407596893835,1.2153417827764406
16.880781412124634,2046,4.115299259708137,1.2170214328014695
16.880781412124634,2047,4.116556759726875,1.2186981828264547
16.880781412124634,2048,4.117813259745598,1.2203720328513972
16.880781412124634,2049,4.119068759764307,1.2220429828762964
16.880781412124634,2050,4.120323259783,1.2237110329011522
16.880781412124634,2051,4.121576759801679,1.2253761829259646
16.880781412124634,2052,4.122829259820342,1.2270384329507344
16.880781412124634,2053,4.124080759838991,1.2286977829754604
16.880781412124634,2054,4.125331259857625,1.2303542330001438
16.880781412124634,2055,4.126580759876244,1.2320077830247833
16.880781412124634,2056,4.127829259894849,1.23365843304938
16.880781412124634,2057,4.1290767599134375,1.2353061830739334
16.880781412124634,2058,4.1303232599320125,1.2369510330984435
16.880781412124634,2059,4.1315687599505715,1.2385929831229103
16.880781412124634,2060,4.132813259969115,1.2402320331473342
16.880781412124634,2061,4.134056759987645,1.2418681831717147
16.880781412124634,2062,4.13529926000616,1.243501433196052
16.880781412124634,2063,4.136540760024659,1.2451317832203461
16.880781412124634,2064,4.137781260043145,1.246759233244597
16.880781412124634,2065,4.139020760061615,1.248383783268805
16.880781412124634,2066,4.14025926008007,1.250005433292969
16.880781412124634,2067,4.14149676009851,1.2516241833170905
16.880781412124634,2068,4.142733260116935,1.2532400333411684
16.880781412124634,2069,4.143968760135346,1.2548529833652033
16.880781412124634,2070,4.145203260153741,1.2564630333891948
16.880781412124634,2071,4.146436760172121,1.2580701834131431
16.880781412124634,2072,4.147669260190487,1.2596744334370487
16.880781412124634,2073,4.1489007602088375,1.2612757834609105
16.880781412124634,2074,4.150131260227174,1.2628742334847292
16.880781412124634,2075,4.1513607602454945,1.2644697835085048
16.880781412124634,2076,4.1525892602638015,1.2660624335322372
16.880781412124634,2077,4.1538167602820915,1.2676521835559262
16.880781412124634,2078,4.155043260300368,1.2692390335795722
16.880781412124634,2079,4.156268760318629,1.2708229836031748
16.880781412124634,2080,4.157493260336876,1.2724040336267344
16.880781412124634,2081,4.158716760355107,1.2739821836502503
16.880781412124634,2082,4.159939260373324,1.2755574336737237
16.880781412124634,2083,4.161160760391526,1.2771297836971534
16.880781412124634,2084,4.162381260409713,1.27869923372054
16.880781412124634,2085,4.163600760427885,1.2802657837438836
16.880781412124634,2086,4.164819260446042,1.2818294337671836
16.880781412124634,2087,4.166036760464184,1.2833901837904407
16.880781412124634,2088,4.167253260482311,1.2849480338136545
16.880781412124634,2089,4.168468760500423,1.2865029838368252
16.880781412124634,2090,4.1696832605185215,1.2880550338599526
16.880781412124634,2091,4.170896760536603,1.2896041838830365
16.880781412124634,2092,4.172109260554672,1.2911504339060775
16.880781412124634,2093,4.173320760572725,1.292693783929075
16.880781412124634,2094,4.174531260590762,1.2942342339520299
16.880781412124634,2095,4.175740760608786,1.2957717839749412
16.880781412124634,2096,4.176949260626794,1.297306433997809
16.880781412124634,2097,4.178156760644787,1.298838184020634
16.880781412124634,2098,4.1793632606627655,1.3003670340434157
16.880781412124634,2099,4.180568760680729,1.301892984066154
16.880781412124634,2100,4.181773260698677,1.3034160340888492
16.880781412124634,2101,4.18297676071661,1.3049361841115013
16.880781412124634,2102,4.1841792607345285,1.30645343413411
16.880781412124634,2103,4.185380760752434,1.3079677841566757
16.880781412124634,2104,4.186581260770322,1.3094792341791979
16.880781412124634,2105,4.187780760788195,1.310987784201677
16.880781412124634,2106,4.188979260806055,1.3124934342241132
16.880781412124634,2107,4.190176760823899,1.3139961842465058
16.880781412124634,2108,4.191373260841727,1.3154960342688553
16.880781412124634,2109,4.192568760859542,1.3169929842911619
16.880781412124634,2110,4.193763260877342,1.3184870343134245
16.880781412124634,2111,4.194956760895126,1.3199781843356444
16.880781412124634,2112,4.196149260912896,1.321466434357821
16.880781412124634,2113,4.197340760930651,1.3229517843799548
16.880781412124634,2114,4.198531260948391,1.324434234402045
16.880781412124634,2115,4.199720760966115,1.3259137844240918
16.880781412124634,2116,4.200909260983825,1.3273904344460954
16.880781412124634,2117,4.20209676100152,1.3288641844680562
16.880781412124634,2118,4.203283261019201,1.3303350344899736
16.880781412124634,2119,4.204468761036866,1.3318029845118475
16.880781412124634,2120,4.2056532610545165,1.3332680345336785
16.880781412124634,2121,4.206836761072152,1.3347301845554664
16.880781412124634,2122,4.208019261089772,1.3361894345772112
16.880781412124634,2123,4.209200761107378,1.3376457845989123
16.880781412124634,2124,4.210381261124969,1.3390992346205703
16.880781412124634,2125,4.211560761142545,1.3405497846421852
16.880781412124634,2126,4.212739261160106,1.3419974346637569
16.880781412124634,2127,4.213916761177652,1.343442184685285
16.880781412124634,2128,4.215093261195183,1.3448840347067705
16.880781412124634,2129,4.2162687612126994,1.3463229847282125
16.880781412124634,2130,4.2174432612302,1.3477590347496116
16.880781412124634,2131,4.218616761247687,1.349192184770967
16.880781412124634,2132,4.219789261265158,1.3506224347922795
16.880781412124634,2133,4.220960761282615,1.3520497848135484
16.880781412124634,2134,4.222131261300057,1.3534742348347744
16.880781412124634,2135,4.223300761317485,1.3548957848559575
16.880781412124634,2136,4.224469261334896,1.3563144348770968
16.880781412124634,2137,4.225636761352294,1.357730184898193
16.880781412124634,2138,4.2268032613696755,1.3591430349192462
16.880781412124634,2139,4.227968761387043,1.3605529849402558
16.880781412124634,2140,4.229133261404395,1.3619600349612229
16.880781412124634,2141,4.230296761421733,1.3633641849821463
16.880781412124634,2142,4.231459261439055,1.3647654350030265
16.880781412124634,2143,4.232620761456364,1.3661637850238635
16.880781412124634,2144,4.233781261473656,1.3675592350446573
16.880781412124634,2145,4.234940761490934,1.368951785065408
16.880781412124634,2146,4.236099261508197,1.3703414350861154
16.880781412124634,2147,4.237256761525446,1.3717281851067793
16.880781412124634,2148,4.238413261542679,1.3731120351274004
16.880781412124634,2149,4.239568761559896,1.3744929851479781
16.880781412124634,2150,4.2407232615771,1.3758710351685126
16.880781412124634,2151,4.241876761594288,1.377246185189004
16.880781412124634,2152,4.243029261611461,1.3786184352094522
16.880781412124634,2153,4.24418076162862,1.379987785229857
16.880781412124634,2154,4.245331261645764,1.3813542352502186
16.880781412124634,2155,4.246480761662893,1.382717785270537
16.880781412124634,2156,4.247629261680006,1.3840784352908124
16.880781412124634,2157,4.248776761697106,1.3854361853110444
16.880781412124634,2158,4.24992326171419,1.3867910353312336
16.880781412124634,2159,4.2510687617312595,1.388142985351379
16.880781412124634,2160,4.252213261748314,1.3894920353714815
16.880781412124634,2161,4.253356761765353,1.3908381853915406
16.880781412124634,2162,4.254499261782378,1.3921814354115565
16.880781412124634,2163,4.255640761799388,1.3935217854315294
16.880781412124634,2164,4.256781261816383,1.3948592354514588
16.880781412124634,2165,4.257920761833362,1.396193785471345
16.880781412124634,2166,4.259059261850328,1.3975254354911884
16.880781412124634,2167,4.260196761867277,1.3988541855109884
16.880781412124634,2168,4.261333261884213,1.400180035530745
16.880781412124634,2169,4.2624687619011326,1.4015029855504584
16.880781412124634,2170,4.263603261918038,1.4028230355701288
16.880781412124634,2171,4.264736761934929,1.4041401855897557
16.880781412124634,2172,4.265869261951804,1.4054544356093397
16.880781412124634,2173,4.2670007619686645,1.4067657856288804
16.880781412124634,2174,4.268131261985511,1.4080742356483777
16.880781412124634,2175,4.269260762002341,1.409379785667832
16.880781412124634,2176,4.270389262019157,1.4106824356872432
16.880781412124634,2177,4.271516762035958,1.4119821857066108
16.880781412124634,2178,4.272643262052744,1.4132790357259355
16.880781412124634,2179,4.2737687620695155,1.4145729857452165
16.880781412124634,2180,4.274893262086272,1.4158640357644547
16.880781412124634,2181,4.276016762103014,1.41715218578365
16.880781412124634,2182,4.27713926211974,1.4184374358028018
16.880781412124634,2183,4.278260762136452,1.41971978582191
16.880781412124634,2184,4.279381262153149,1.4209992358409755
16.880781412124634,2185,4.280500762169831,1.4222757858599975
16.880781412124634,2186,4.2816192621864975,1.4235494358789764
16.880781412124634,2187,4.28273676220315,1.4248201858979122
16.880781412124634,2188,4.283853262219788,1.4260880359168044
16.880781412124634,2189,4.284968762236409,1.4273529859356535
16.880781412124634,2190,4.286083262253016,1.4286150359544596
16.880781412124634,2191,4.287196762269609,1.4298741859732225
16.880781412124634,2192,4.2883092622861865,1.4311304359919421
16.880781412124634,2193,4.289420762302749,1.4323837860106183
16.880781412124634,2194,4.2905312623192975,1.4336342360292516
16.880781412124634,2195,4.29164076233583,1.4348817860478413
16.880781412124634,2196,4.2927492623523476,1.4361264360663881
16.880781412124634,2197,4.293856762368851,1.4373681860848917
16.880781412124634,2198,4.294963262385339,1.438607036103352
16.880781412124634,2199,4.296068762401812,1.4398429861217692
16.880781412124634,2200,4.297173262418271,1.441076036140143
16.880781412124634,2201,4.298276762434714,1.4423061861584736
16.880781412124634,2202,4.299379262451143,1.443533436176761
16.880781412124634,2203,4.300480762467556,1.4447577861950052
16.880781412124634,2204,4.301581262483955,1.4459792362132065
16.880781412124634,2205,4.302680762500339,1.4471977862313643
16.880781412124634,2206,4.3037792625167075,1.4484134362494787
16.880781412124634,2207,4.304876762533062,1.4496261862675501
16.880781412124634,2208,4.305973262549401,1.4508360362855781
16.880781412124634,2209,4.3070687625657245,1.4520429863035633
16.880781412124634,2210,4.308163262582034,1.453247036321505
16.880781412124634,2211,4.309256762598329,1.4544481863394036
16.880781412124634,2212,4.310349262614608,1.455646436357259
16.880781412124634,2213,4.311440762630873,1.4568417863750711
16.880781412124634,2214,4.312531262647123,1.45803423639284
16.880781412124634,2215,4.313620762663358,1.4592237864105657
16.880781412124634,2216,4.314709262679578,1.4604104364282482
16.880781412124634,2217,4.315796762695783,1.4615941864458875
16.880781412124634,2218,4.316883262711973,1.4627750364634835
16.880781412124634,2219,4.317968762728148,1.4639529864810363
16.880781412124634,2220,4.319053262744308,1.465128036498546
16.880781412124634,2221,4.320136762760454,1.4663001865160123
16.880781412124634,2222,4.321219262776584,1.4674694365334353
16.880781412124634,2223,4.3223007627926995,1.4686357865508153
16.880781412124634,2224,4.323381262808801,1.4697992365681523
16.880781412124634,2225,4.324460762824886,1.4709597865854458
16.880781412124634,2226,4.325539262840957,1.4721174366026961
16.880781412124634,2227,4.326616762857014,1.4732721866199032
16.880781412124634,2228,4.327693262873054,1.4744240366370671
16.880781412124634,2229,4.32876876288908,1.4755729866541878
16.880781412124634,2230,4.329843262905092,1.4767190366712653
16.880781412124634,2231,4.330916762921088,1.4778621866882995
16.880781412124634,2232,4.3319892629370695,1.4790024367052907
16.880781412124634,2233,4.333060762953036,1.4801397867222383
16.880781412124634,2234,4.334131262968988,1.481274236739143
16.880781412124634,2235,4.3352007629849245,1.4824057867560045
16.880781412124634,2236,4.3362692630008475,1.4835344367728227
16.880781412124634,2237,4.337336763016754,1.4846601867895977
16.880781412124634,2238,4.338403263032646,1.4857830368063294
16.880781412124634,2239,4.339468763048523,1.486902986823018
16.880781412124634,2240,4.340533263064385,1.4880200368396634
16.880781412124634,2241,4.341596763080233,1.4891341868562655
16.880781412124634,2242,4.342659263096065,1.4902454368728244
16.880781412124634,2243,4.343720763111882,1.4913537868893398
16.880781412124634,2244,4.344781263127685,1.4924592369058125
16.880781412124634,2245,4.345840763143473,1.4935617869222415
16.880781412124634,2246,4.346899263159245,1.4946614369386275
16.880781412124634,2247,4.347956763175004,1.4957581869549705
16.880781412124634,2248,4.349013263190746,1.4968520369712701
16.880781412124634,2249,4.350068763206474,1.4979429869875267
16.880781412124634,2250,4.351123263222188,1.4990310370037399
16.880781412124634,2251,4.352176763237886,1.5001161870199098
16.880781412124634,2252,4.353229263253571,1.5011984370360365
16.880781412124634,2253,4.354280763269238,1.5022777870521202
16.880781412124634,2254,4.355331263284892,1.5033542370681605
16.880781412124634,2255,4.35638076330053,1.5044277870841576
16.880781412124634,2256,4.357429263316155,1.5054984371001117
16.880781412124634,2257,4.358476763331764,1.5065661871160223
16.880781412124634,2258,4.359523263347358,1.50763103713189
16.880781412124634,2259,4.360568763362937,1.5086929871477142
16.880781412124634,2260,4.3616132633785005,1.5097520371634952
16.880781412124634,2261,4.3626567633940505,1.510808187179233
16.880781412124634,2262,4.363699263409584,1.5118614371949275
16.880781412124634,2263,4.364740763425105,1.512911787210579
16.880781412124634,2264,4.365781263440609,1.5139592372261874
16.880781412124634,2265,4.366820763456099,1.5150037872417523
16.880781412124634,2266,4.367859263471574,1.516045437257274
16.880781412124634,2267,4.368896763487034,1.5170841872727527
16.880781412124634,2268,4.369933263502479,1.5181200372881882
16.880781412124634,2269,4.370968763517909,1.5191529873035803
16.880781412124634,2270,4.372003263533324,1.5201830373189291
16.880781412124634,2271,4.373036763548725,1.5212101873342347
16.880781412124634,2272,4.3740692635641105,1.5222344373494974
16.880781412124634,2273,4.37510076357948,1.5232557873647168
16.880781412124634,2274,4.376131263594836,1.524274237379893
16.880781412124634,2275,4.377160763610177,1.5252897873950255
16.880781412124634,2276,4.378189263625503,1.5263024374101153
16.880781412124634,2277,4.379216763640814,1.5273121874251618
16.880781412124634,2278,4.38024326365611,1.5283190374401652
16.880781412124634,2279,4.3812687636713905,1.5293229874551253
16.880781412124634,2280,4.382293263686657,1.530324037470042
16.880781412124634,2281,4.3833167637019095,1.5313221874849154
16.880781412124634,2282,4.384339263717146,1.5323174374997457
16.880781412124634,2283,4.385360763732367,1.5333097875145332
16.880781412124634,2284,4.386381263747573,1.534299237529277
16.880781412124634,2285,4.387400763762765,1.5352857875439776
16.880781412124634,2286,4.388419263777942,1.5362694375586352
16.880781412124634,2287,4.389436763793103,1.5372501875732496
16.880781412124634,2288,4.390453263808251,1.5382280375878206
16.880781412124634,2289,4.391468763823383,1.5392029876023485
16.880781412124634,2290,4.3924832638385,1.5401750376168333
16.880781412124634,2291,4.393496763853602,1.5411441876312746
16.880781412124634,2292,4.39450926386869,1.542110437645673
16.880781412124634,2293,4.395520763883763,1.543073787660028
16.880781412124634,2294,4.3965312638988205,1.5440342376743397
16.880781412124634,2295,4.397540763913863,1.5449917876886083
16.880781412124634,2296,4.39854926392889,1.5459464377028338
16.880781412124634,2297,4.399556763943903,1.5468981877170158
16.880781412124634,2298,4.400563263958901,1.5478470377311548
16.880781412124634,2299,4.401568763973884,1.5487929877452506
16.880781412124634,2300,4.402573263988852,1.549736037759303
16.880781412124634,2301,4.403576764003806,1.5506761877733126
16.880781412124634,2302,4.404579264018745,1.5516134377872786
16.880781412124634,2303,4.405580764033669,1.5525477878012017
16.880781412124634,2304,4.406581264048577,1.5534792378150812
16.880781412124634,2305,4.4075807640634705,1.5544077878289175
16.880781412124634,2306,4.40857926407835,1.555333437842711
16.880781412124634,2307,4.409576764093213,1.556256187856461
16.880781412124634,2308,4.410573264108062,1.5571760378701678
16.880781412124634,2309,4.4115687641228964,1.5580929878838314
16.880781412124634,2310,4.412563264137715,1.5590070378974519
16.880781412124634,2311,4.41355676415252,1.559918187911029
16.880781412124634,2312,4.414549264167309,1.560826437924563
16.880781412124634,2313,4.415540764182084,1.5617317879380537
16.880781412124634,2314,4.416531264196844,1.5626342379515012
16.880781412124634,2315,4.417520764211588,1.5635337879649058
16.880781412124634,2316,4.4185092642263175,1.5644304379782668
16.880781412124634,2317,4.419496764241032,1.565324187991585
16.880781412124634,2318,4.420483264255733,1.5662150380048594
16.880781412124634,2319,4.421468764270418,1.567102988018091
16.880781412124634,2320,4.422453264285088,1.5679880380312792
16.880781412124634,2321,4.423436764299744,1.5688701880444245
16.880781412124634,2322,4.424419264314383,1.569749438057526
16.880781412124634,2323,4.425400764329009,1.5706257880705847
16.880781412124634,2324,4.426381264343619,1.5714992380836001
16.880781412124634,2325,4.427360764358215,1.5723697880965721
16.880781412124634,2326,4.428339264372797,1.5732374381095013
16.880781412124634,2327,4.429316764387362,1.5741021881223873
16.880781412124634,2328,4.4302932644019135,1.5749640381352297
16.880781412124634,2329,4.4312687644164495,1.575822988148029
16.880781412124634,2330,4.43224326443097,1.5766790381607851
16.880781412124634,2331,4.4332167644454765,1.5775321881734983
16.880781412124634,2332,4.4341892644599685,1.578382438186168
16.880781412124634,2333,4.435160764474444,1.5792297881987944
16.880781412124634,2334,4.436131264488906,1.5800742382113775
16.880781412124634,2335,4.437100764503352,1.5809157882239178
16.880781412124634,2336,4.438069264517784,1.5817544382364148
16.880781412124634,2337,4.439036764532201,1.5825901882488682
16.880781412124634,2338,4.440003264546604,1.5834230382612788
16.880781412124634,2339,4.44096876456099,1.5842529882736458
16.880781412124634,2340,4.441933264575362,1.5850800382859698
16.880781412124634,2341,4.44289676458972,1.5859041882982505
16.880781412124634,2342,4.443859264604062,1.5867254383104883
16.880781412124634,2343,4.44482076461839,1.5875437883226824
16.880781412124634,2344,4.445781264632703,1.5883592383348337
16.880781412124634,2345,4.446740764647,1.5891717883469418
16.880781412124634,2346,4.447699264661282,1.5899814383590063
16.880781412124634,2347,4.448656764675551,1.590788188371028
16.880781412124634,2348,4.449613264689804,1.5915920383830062
16.880781412124634,2349,4.450568764704041,1.5923929883949413
16.880781412124634,2350,4.451523264718265,1.593191038406833
16.880781412124634,2351,4.452476764732473,1.5939861884186817
16.880781412124634,2352,4.453429264746666,1.5947784384304873
16.880781412124634,2353,4.454380764760845,1.5955677884422497
16.880781412124634,2354,4.455331264775008,1.5963542384539684
16.880781412124634,2355,4.456280764789157,1.5971377884656441
16.880781412124634,2356,4.45722926480329,1.5979184384772769
16.880781412124634,2357,4.458176764817409,1.5986961884888664
16.880781412124634,2358,4.459123264831513,1.5994710385004125
16.880781412124634,2359,4.4600687648456026,1.6002429885119154
16.880781412124634,2360,4.461013264859677,1.6010120385233753
16.880781412124634,2361,4.461956764873737,1.6017781885347917
16.880781412124634,2362,4.462899264887781,1.6025414385461652
16.880781412124634,2363,4.463840764901811,1.603301788557495
16.880781412124634,2364,4.464781264915825,1.604059238568782
16.880781412124634,2365,4.465720764929824,1.6048137885800255
16.880781412124634,2366,4.466659264943809,1.605565438591226
16.880781412124634,2367,4.467596764957779,1.6063141886023833
16.880781412124634,2368,4.468533264971734,1.6070600386134974
16.880781412124634,2369,4.469468764985673,1.607802988624568
16.880781412124634,2370,4.470403264999598,1.6085430386355957
16.880781412124634,2371,4.471336765013509,1.6092801886465802
16.880781412124634,2372,4.472269265027404,1.6100144386575213
16.880781412124634,2373,4.473200765041285,1.6107457886684196
16.880781412124634,2374,4.47413126505515,1.611474238679274
16.880781412124634,2375,4.475060765069,1.6121997886900856
16.880781412124634,2376,4.475989265082837,1.612922438700854
16.880781412124634,2377,4.476916765096657,1.613642188711579
16.880781412124634,2378,4.477843265110463,1.6143590387222608
16.880781412124634,2379,4.478768765124254,1.6150729887328996
16.880781412124634,2380,4.47969326513803,1.6157840387434952
16.880781412124634,2381,4.480616765151792,1.6164921887540473
16.880781412124634,2382,4.481539265165538,1.6171974387645565
16.880781412124634,2383,4.482460765179269,1.6178997887750222
16.880781412124634,2384,4.483381265192986,1.6185992387854449
16.880781412124634,2385,4.4843007652066875,1.6192957887958244
16.880781412124634,2386,4.485219265220374,1.6199894388061604
16.880781412124634,2387,4.486136765234046,1.6206801888164533
16.880781412124634,2388,4.487053265247702,1.621368038826703
16.880781412124634,2389,4.4879687652613445,1.6220529888369097
16.880781412124634,2390,4.488883265274972,1.6227350388470732
16.880781412124634,2391,4.489796765288585,1.6234141888571934
16.880781412124634,2392,4.490709265302181,1.6240904388672701
16.880781412124634,2393,4.491620765315764,1.6247637888773039
16.880781412124634,2394,4.4925312653293314,1.6254342388872942
16.880781412124634,2395,4.493440765342884,1.6261017888972418
16.880781412124634,2396,4.494349265356422,1.6267664389071457
16.880781412124634,2397,4.495256765369945,1.6274281889170064
16.880781412124634,2398,4.496163265383452,1.6280870389268243
16.880781412124634,2399,4.4970687653969454,1.6287429889365987
16.880781412124634,2400,4.497973265410423,1.6293960389463296
16.880781412124634,2401,4.498876765423887,1.630046188956018
16.880781412124634,2402,4.499779265437335,1.6306934389656624
16.880781412124634,2403,4.500680765450769,1.631337788975264
16.880781412124634,2404,4.501581265464187,1.6319792389848224
16.880781412124634,2405,4.502480765477591,1.6326177889943376
16.880781412124634,2406,4.503379265490979,1.6332534390038094
16.880781412124634,2407,4.504276765504353,1.6338861890132383
16.880781412124634,2408,4.505173265517712,1.6345160390226239
16.880781412124634,2409,4.506068765531056,1.6351429890319658
16.880781412124634,2410,4.5069632655443845,1.6357670390412649
16.880781412124634,2411,4.507856765557699,1.6363881890505207
16.880781412124634,2412,4.508749265570999,1.6370064390597334
16.880781412124634,2413,4.509640765584282,1.6376217890689029
16.880781412124634,2414,4.510531265597552,1.6382342390780291
16.880781412124634,2415,4.511420765610807,1.6388437890871121
16.880781412124634,2416,4.512309265624046,1.639450439096152
16.880781412124634,2417,4.513196765637272,1.6400541891051486
16.880781412124634,2418,4.5140832656504815,1.640655039114102
16.880781412124634,2419,4.514968765663676,1.6412529891230119
16.880781412124634,2420,4.515853265676856,1.641848039131879
16.880781412124634,2421,4.5167367656900215,1.6424401891407026
16.880781412124634,2422,4.517619265703172,1.6430294391494833
16.880781412124634,2423,4.518500765716308,1.6436157891582206
16.880781412124634,2424,4.519381265729427,1.6441992391669145
16.880781412124634,2425,4.520260765742533,1.6447797891755653
16.880781412124634,2426,4.5211392657556235,1.6453574391841732
16.880781412124634,2427,4.522016765768699,1.6459321891927372
16.880781412124634,2428,4.522893265781761,1.6465040392012587
16.880781412124634,2429,4.523768765794806,1.6470729892097364
16.880781412124634,2430,4.524643265807838,1.6476390392181715
16.880781412124634,2431,4.5255167658208535,1.6482021892265633
16.880781412124634,2432,4.5263892658338545,1.6487624392349114
16.880781412124634,2433,4.527260765846841,1.6493197892432165
16.880781412124634,2434,4.5281312658598125,1.6498742392514787
16.880781412124634,2435,4.529000765872769,1.6504257892596974
16.880781412124634,2436,4.529869265885711,1.650974439267873
16.880781412124634,2437,4.530736765898638,1.6515201892760052
16.880781412124634,2438,4.531603265911549,1.6520630392840943
16.880781412124634,2439,4.532468765924447,1.6526029892921403
16.880781412124634,2440,4.533333265937328,1.6531400393001427
16.880781412124634,2441,4.534196765950195,1.6536741893081024
16.880781412124634,2442,4.5350592659630475,1.6542054393160186
16.880781412124634,2443,4.535920765975885,1.6547337893238916
16.880781412124634,2444,4.536781265988708,1.6552592393317214
16.880781412124634,2445,4.537640766001516,1.6557817893395081
16.880781412124634,2446,4.538499266014308,1.6563014393472515
16.880781412124634,2447,4.539356766027086,1.6568181893549516
16.880781412124634,2448,4.540213266039848,1.6573320393626085
16.880781412124634,2449,4.541068766052597,1.6578429893702222
16.880781412124634,2450,4.5419232660653295,1.6583510393777927
16.880781412124634,2451,4.542776766078048,1.65885618938532
16.880781412124634,2452,4.543629266090751,1.6593584393928043
16.880781412124634,2453,4.544480766103439,1.659857789400245
16.880781412124634,2454,4.545331266116113,1.660354239407643
16.880781412124634,2455,4.546180766128771,1.6608477894149973
16.880781412124634,2456,4.547029266141415,1.6613384394223085
16.880781412124634,2457,4.547876766154044,1.6618261894295765
16.880781412124634,2458,4.5487232661666575,1.6623110394368015
16.880781412124634,2459,4.549568766179257,1.662792989443983
16.880781412124634,2460,4.550413266191841,1.6632720394511213
16.880781412124634,2461,4.55125676620441,1.6637481894582165
16.880781412124634,2462,4.552099266216964,1.6642214394652686
16.880781412124634,2463,4.5529407662295025,1.6646917894722773
16.880781412124634,2464,4.553781266242027,1.665159239479243
16.880781412124634,2465,4.554620766254537,1.6656237894861652
16.880781412124634,2466,4.5554592662670315,1.6660854394930444
16.880781412124634,2467,4.5562967662795115,1.6665441894998803
16.880781412124634,2468,4.557133266291976,1.6670000395066729
16.880781412124634,2469,4.557968766304426,1.6674529895134227
16.880781412124634,2470,4.558803266316861,1.6679030395201286
16.880781412124634,2471,4.559636766329281,1.6683501895267918
16.880781412124634,2472,4.560469266341686,1.6687944395334118
16.880781412124634,2473,4.561300766354076,1.6692357895399883
16.880781412124634,2474,4.562131266366452,1.6696742395465218
16.880781412124634,2475,4.562960766378813,1.670109789553012
16.880781412124634,2476,4.563789266391159,1.6705424395594588
16.880781412124634,2477,4.564616766403489,1.6709721895658627
16.880781412124634,2478,4.565443266415805,1.6713990395722231
16.880781412124634,2479,4.566268766428106,1.6718229895785406
16.880781412124634,2480,4.567093266440391,1.6722440395848146
16.880781412124634,2481,4.5679167664526625,1.6726621895910456
16.880781412124634,2482,4.568739266464919,1.6730774395972334
16.880781412124634,2483,4.56956076647716,1.6734897896033778
16.880781412124634,2484,4.570381266489387,1.673899239609479
16.880781412124634,2485,4.571200766501599,1.674305789615537
16.880781412124634,2486,4.572019266513795,1.674709439621552
16.880781412124634,2487,4.572836766525977,1.6751101896275238
16.880781412124634,2488,4.573653266538143,1.675508039633452
16.880781412124634,2489,4.574468766550295,1.6759029896393374
16.880781412124634,2490,4.575283266562432,1.6762950396451792
16.880781412124634,2491,4.576096766574555,1.6766841896509779
16.880781412124634,2492,4.576909266586662,1.6770704396567337
16.880781412124634,2493,4.577720766598754,1.677453789662446
16.880781412124634,2494,4.578531266610831,1.677834239668115
16.880781412124634,2495,4.579340766622893,1.678211789673741
16.880781412124634,2496,4.580149266634941,1.6785864396793237
16.880781412124634,2497,4.580956766646974,1.678958189684863
16.880781412124634,2498,4.581763266658992,1.6793270396903595
16.880781412124634,2499,4.582568766670994,1.6796929896958126
16.880781412124634,2500,4.583373266682983,1.6800560397012223
16.880781412124634,2501,4.584176766694956,1.6804161897065892
16.880781412124634,2502,4.584979266706915,1.6807734397119127
16.880781412124634,2503,4.585780766718857,1.6811277897171928
16.880781412124634,2504,4.586581266730786,1.6814792397224299
16.880781412124634,2505,4.586581266730786,1.6814792397224299
16.880781412124634,2506,4.587380666742697,1.681829689727652
16.880781412124634,2507,4.588178866754592,1.6821810397328876
16.880781412124634,2508,4.588975866766468,1.6825332897381364
16.880781412124634,2509,4.589771666778327,1.6828864397433987
16.880781412124634,2510,4.590566266790166,1.6832404897486746
16.880781412124634,2511,4.591359666801989,1.6835954397539636
16.880781412124634,2512,4.5921518668137935,1.6839512897592661
16.880781412124634,2513,4.592942866825581,1.6843080397645824
16.880781412124634,2514,4.593732666837349,1.6846656897699115
16.880781412124634,2515,4.5945212668491004,1.6850242397752542
16.880781412124634,2516,4.595308666860833,1.6853836897806105
16.880781412124634,2517,4.59609486687255,1.6857440397859804
16.880781412124634,2518,4.5968798668842465,1.6861052897913633
16.880781412124634,2519,4.597663666895926,1.6864674397967598
16.880781412124634,2520,4.598446266907588,1.6868304898021695
16.880781412124634,2521,4.599227666919232,1.6871944398075929
16.880781412124634,2522,4.6000078669308575,1.6875592898130298
16.880781412124634,2523,4.600786866942466,1.6879250398184797
16.880781412124634,2524,4.601564666954056,1.688291689823943
16.880781412124634,2525,4.602341266965627,1.68865923982942
16.880781412124634,2526,4.603116666977182,1.6890276898349104
16.880781412124634,2527,4.60389086698872,1.6893970398404143
16.880781412124634,2528,4.604663867000236,1.6897672898459313
16.880781412124634,2529,4.605435667011737,1.6901384398514618
16.880781412124634,2530,4.606206267023221,1.690510489857006
16.880781412124634,2531,4.6069756670346855,1.6908834398625634
16.880781412124634,2532,4.607743867046133,1.691257289868134
16.880781412124634,2533,4.6085108670575625,1.6916320398737184
16.880781412124634,2534,4.609276667068973,1.6920076898793157
16.880781412124634,2535,4.610041267080367,1.692384239884927
16.880781412124634,2536,4.610804667091743,1.692761689890551
16.880781412124634,2537,4.611566867103099,1.693140039896189
16.880781412124634,2538,4.612327867114439,1.6935192899018403
16.880781412124634,2539,4.613087667125761,1.693899439907505
16.880781412124634,2540,4.613846267137065,1.6942804899131831
16.880781412124634,2541,4.6146036671483515,1.6946624399188746
16.880781412124634,2542,4.615359867159621,1.69504528992458
16.880781412124634,2543,4.616114867170871,1.6954290399302985
16.880781412124634,2544,4.616868667182103,1.69581368993603
16.880781412124634,2545,4.617621267193318,1.6961992399417751
16.880781412124634,2546,4.618372667204515,1.6965856899475336
16.880781412124634,2547,4.619122867215694,1.6969730399533054
16.880781412124634,2548,4.619871867226855,1.697361289959091
16.880781412124634,2549,4.620619667237998,1.6977504399648895
16.880781412124634,2550,4.621366267249123,1.698140489970702
16.880781412124634,2551,4.62211166726023,1.6985314399765277
16.880781412124634,2552,4.622855867271319,1.6989232899823663
16.880781412124634,2553,4.623598867282391,1.6993160399882188
16.880781412124634,2554,4.624340667293445,1.6997096899940847
16.880781412124634,2555,4.6250812673044805,1.7001042399999642
16.880781412124634,2556,4.625820667315498,1.7004996900058567
16.880781412124634,2557,4.626558867326499,1.700896040011763
16.880781412124634,2558,4.62729586733748,1.7012932900176823
16.880781412124634,2559,4.628031667348445,1.701691440023615
16.880781412124634,2560,4.628766267359391,1.7020904900295615
16.880781412124634,2561,4.62949966737032,1.702490440035521
16.880781412124634,2562,4.63023186738123,1.7028912900414943
16.880781412124634,2563,4.630962867392124,1.7032930400474808
16.880781412124634,2564,4.631692667402999,1.7036956900534808
16.880781412124634,2565,4.6324212674138545,1.704099240059494
16.880781412124634,2566,4.6331486674246944,1.7045036900655208
16.880781412124634,2567,4.633874867435515,1.704909040071561
16.880781412124634,2568,4.634599867446319,1.7053152900776145
16.880781412124634,2569,4.6353236674571034,1.7057224400836815
16.880781412124634,2570,4.636046267467871,1.7061304900897623
16.880781412124634,2571,4.636767667478621,1.7065394400958558
16.880781412124634,2572,4.637487867489353,1.7069492901019632
16.880781412124634,2573,4.638206867500067,1.7073600401080837
16.880781412124634,2574,4.6389246675107625,1.7077716901142177
16.880781412124634,2575,4.639641267521441,1.7081842401203653
16.880781412124634,2576,4.640356667532101,1.708597690126526
16.880781412124634,2577,4.6410708675427434,1.7090120401327005
16.880781412124634,2578,4.641783867553368,1.7094272901388883
16.880781412124634,2579,4.642495667563975,1.7098434401450893
16.880781412124634,2580,4.6432062675745644,1.7102604901513037
16.880781412124634,2581,4.6439156675851345,1.7106784401575317
16.880781412124634,2582,4.644623867595687,1.7110972901637729
16.880781412124634,2583,4.645330867606223,1.711517040170028
16.880781412124634,2584,4.64603666761674,1.711937690176296
16.880781412124634,2585,4.646741267627239,1.7123592401825776
16.880781412124634,2586,4.64744466763772,1.7127816901888728
16.880781412124634,2587,4.648146867648184,1.713205040195181
16.880781412124634,2588,4.64884786765863,1.7136292902015027
16.880781412124634,2589,4.649547667669059,1.7140544402078381
16.880781412124634,2590,4.650246267679468,1.7144804902141868
16.880781412124634,2591,4.650943667689861,1.7149074402205486
16.880781412124634,2592,4.651639867700234,1.715335290226924
16.880781412124634,2593,4.652334867710591,1.7157640402333134
16.880781412124634,2594,4.653028667720929,1.7161936902397155
16.880781412124634,2595,4.65372126773125,1.7166242402461311
16.880781412124634,2596,4.6544126677415525,1.7170556902525604
16.880781412124634,2597,4.655102867751838,1.7174880402590031
16.880781412124634,2598,4.655791867762105,1.717921290265459
16.880781412124634,2599,4.656479667772353,1.718355440271928
16.880781412124634,2600,4.657166267782585,1.718790490278411
16.880781412124634,2601,4.657851667792799,1.7192264402849071
16.880781412124634,2602,4.658535867802994,1.7196632902914168
16.880781412124634,2603,4.659218867813171,1.7201010402979398
16.880781412124634,2604,4.65990066782333,1.7205396903044763
16.880781412124634,2605,4.660581267833472,1.720979240311026
16.880781412124634,2606,4.661260667843596,1.721419690317589
16.880781412124634,2607,4.661938867853703,1.7218610403241659
16.880781412124634,2608,4.6626158678637895,1.722303290330756
16.880781412124634,2609,4.66329166787386,1.7227464403373594
16.880781412124634,2610,4.663966267883912,1.723190490343976
16.880781412124634,2611,4.664639667893947,1.7236354403506062
16.880781412124634,2612,4.665311867903964,1.72408129035725
16.880781412124634,2613,4.6659828679139626,1.7245280403639072
16.880781412124634,2614,4.666652667923943,1.7249756903705775
16.880781412124634,2615,4.6673212679339064,1.7254242403772615
16.880781412124634,2616,4.667988667943851,1.7258736903839589
16.880781412124634,2617,4.668654867953777,1.7263240403906694
16.880781412124634,2618,4.669319867963687,1.7267752903973936
16.880781412124634,2619,4.669983667973579,1.7272274404041312
16.880781412124634,2620,4.670646267983451,1.727680490410882
16.880781412124634,2621,4.671307667993307,1.7281344404176466
16.880781412124634,2622,4.671967868003145,1.7285892904244244
16.880781412124634,2623,4.672626868012965,1.7290450404312154
16.880781412124634,2624,4.6732846680227675,1.7295016904380203
16.880781412124634,2625,4.673941268032552,1.729959240444838
16.880781412124634,2626,4.674596668042318,1.7304176904516697
16.880781412124634,2627,4.675250868052065,1.7308770404585143
16.880781412124634,2628,4.675903868061797,1.7313372904653725
16.880781412124634,2629,4.676555668071509,1.7317984404722444
16.880781412124634,2630,4.677206268081204,1.7322604904791294
16.880781412124634,2631,4.67785566809088,1.7327234404860279
16.880781412124634,2632,4.678503868100539,1.73318729049294
16.880781412124634,2633,4.67915086811018,1.7336520404998652
16.880781412124634,2634,4.679796668119803,1.7341176905068036
16.880781412124634,2635,4.6804412681294085,1.7345842405137561
16.880781412124634,2636,4.681084668138997,1.7350516905207216
16.880781412124634,2637,4.681726868148566,1.7355200405277005
16.880781412124634,2638,4.682367868158118,1.7359892905346928
16.880781412124634,2639,4.683007668167651,1.7364594405416984
16.880781412124634,2640,4.683646268177166,1.7369304905487177
16.880781412124634,2641,4.684283668186665,1.7374024405557507
16.880781412124634,2642,4.684919868196145,1.7378752905627965
16.880781412124634,2643,4.685554868205607,1.7383490405698558
16.880781412124634,2644,4.686188668215052,1.7388236905769288
16.880781412124634,2645,4.686821268224478,1.7392992405840149
16.880781412124634,2646,4.687452668233887,1.7397756905911146
16.880781412124634,2647,4.688082868243278,1.7402530405982277
16.880781412124634,2648,4.688711868252651,1.7407312906053543
16.880781412124634,2649,4.689339668262005,1.7412104406124942
16.880781412124634,2650,4.689966268271341,1.7416904906196473
16.880781412124634,2651,4.6905916682806605,1.7421714406268136
16.880781412124634,2652,4.691215868289961,1.7426532906339942
16.880781412124634,2653,4.691838868299246,1.7431360406411875
16.880781412124634,2654,4.692460668308511,1.7436196906483945
16.880781412124634,2655,4.693081268317759,1.744104240655615
16.880781412124634,2656,4.693700668326988,1.7445896906628486
16.880781412124634,2657,4.6943188683362,1.745076040670096
16.880781412124634,2658,4.694935868345394,1.7455632906773562
16.880781412124634,2659,4.695551668354571,1.7460514406846306
16.880781412124634,2660,4.696166268363729,1.7465404906919177
16.880781412124634,2661,4.696779668372869,1.7470304406992188
16.880781412124634,2662,4.697391868381992,1.747521290706533
16.880781412124634,2663,4.698002868391097,1.7480130407138605
16.880781412124634,2664,4.698612668400184,1.7485056907212015
16.880781412124634,2665,4.699221268409252,1.7489992407285562
16.880781412124634,2666,4.699828668418302,1.7494936907359242
16.880781412124634,2667,4.700434868427337,1.7499890407433052
16.880781412124634,2668,4.701039868436351,1.7504852907507
16.880781412124634,2669,4.701643668445349,1.750982440758108
16.880781412124634,2670,4.702246268454329,1.7514804907655297
16.880781412124634,2671,4.702847668463289,1.7519794407729647
16.880781412124634,2672,4.703447868472233,1.7524792907804128
16.880781412124634,2673,4.704046868481159,1.7529800407878746
16.880781412124634,2674,4.704644668490067,1.7534816907953499
16.880781412124634,2675,4.705241268498957,1.7539842408028383
16.880781412124634,2676,4.705836668507829,1.7544876908103404
16.880781412124634,2677,4.706430868516684,1.7549920408178559
16.880781412124634,2678,4.7070238685255195,1.7554972908253845
16.880781412124634,2679,4.707615668534338,1.7560034408329268
16.880781412124634,2680,4.7082062685431385,1.7565104908404823
16.880781412124634,2681,4.708795668551922,1.7570184408480514
16.880781412124634,2682,4.709383868560687,1.757527290855634
16.880781412124634,2683,4.7099708685694335,1.75803704086323
16.880781412124634,2684,4.710556668578163,1.7585476908708393
16.880781412124634,2685,4.711141268586875,1.759059240878462
16.880781412124634,2686,4.711724668595568,1.7595716908860983
16.880781412124634,2687,4.7123068686042435,1.7600850408937476
16.880781412124634,2688,4.712887868612901,1.7605992909014105
16.880781412124634,2689,4.713467668621541,1.7611144409090866
16.880781412124634,2690,4.714046268630163,1.7616304909167766
16.880781412124634,2691,4.714623668638766,1.7621474409244797
16.880781412124634,2692,4.7151998686473515,1.7626652909321963
16.880781412124634,2693,4.71577486865592,1.7631840409399262
16.880781412124634,2694,4.7163486686644704,1.7637036909476698
16.880781412124634,2695,4.716921268673003,1.7642242409554265
16.880781412124634,2696,4.717492668681517,1.7647456909631964
16.880781412124634,2697,4.718062868690014,1.7652680409709804
16.880781412124634,2698,4.718631868698493,1.7657912909787772
16.880781412124634,2699,4.7191996687069535,1.7663154409865875
16.880781412124634,2700,4.7197662687153965,1.7668404909944115
16.880781412124634,2701,4.720331668723822,1.767366441002249
16.880781412124634,2702,4.720895868732229,1.7678932910100995
16.880781412124634,2703,4.721458868740618,1.7684210410179637
16.880781412124634,2704,4.722020668748989,1.768949691025841
16.880781412124634,2705,4.722581268757343,1.769479241033732
16.880781412124634,2706,4.723140668765679,1.7700096910416363
16.880781412124634,2707,4.723698868773997,1.7705410410495541
16.880781412124634,2708,4.724255868782297,1.7710732910574851
16.880781412124634,2709,4.724811668790579,1.7716064410654297
16.880781412124634,2710,4.725366268798843,1.7721404910733878
16.880781412124634,2711,4.725919668807089,1.772675441081359
16.880781412124634,2712,4.726471868815318,1.773211291089344
16.880781412124634,2713,4.7270228688235285,1.773748041097342
16.880781412124634,2714,4.727572668831722,1.774285691105354
16.880781412124634,2715,4.728121268839897,1.774824241113379
16.880781412124634,2716,4.728668668848053,1.7753636911214175
16.880781412124634,2717,4.729214868856192,1.7759040411294693
16.880781412124634,2718,4.729759868864313,1.7764452911375346
16.880781412124634,2719,4.730303668872417,1.7769874411456132
16.880781412124634,2720,4.730846268880502,1.7775304911537049
16.880781412124634,2721,4.731387668888569,1.7780744411618106
16.880781412124634,2722,4.731927868896619,1.7786192911699297
16.880781412124634,2723,4.73246686890465,1.7791650411780617
16.880781412124634,2724,4.733004668912664,1.7797116911862076
16.880781412124634,2725,4.733541268920661,1.7802592411943667
16.880781412124634,2726,4.7340766689286395,1.7808076912025395
16.880781412124634,2727,4.734610868936599,1.7813570412107254
16.880781412124634,2728,4.735143868944542,1.7819072912189247
16.880781412124634,2729,4.7356756689524655,1.7824584412271376
16.880781412124634,2730,4.736206268960373,1.7830104912353637
16.880781412124634,2731,4.736735668968262,1.7835634412436032
16.880781412124634,2732,4.737263868976132,1.7841172912518561
16.880781412124634,2733,4.737790868983986,1.7846720412601225
16.880781412124634,2734,4.7383166689918195,1.7852276912684024
16.880781412124634,2735,4.738841268999637,1.7857842412766958
16.880781412124634,2736,4.739364669007436,1.7863416912850023
16.880781412124634,2737,4.739886869015217,1.7869000412933225
16.880781412124634,2738,4.740407869022981,1.7874592913016558
16.880781412124634,2739,4.740927669030727,1.7880194413100026
16.880781412124634,2740,4.7414462690384545,1.788580491318363
16.880781412124634,2741,4.741963669046164,1.789142441326737
16.880781412124634,2742,4.742479869053857,1.789705291335124
16.880781412124634,2743,4.742994869061531,1.7902690413435243
16.880781412124634,2744,4.743508669069186,1.7908336913519383
16.880781412124634,2745,4.744021269076825,1.7913992413603657
16.880781412124634,2746,4.744532669084445,1.7919656913688062
16.880781412124634,2747,4.745042869092048,1.7925330413772604
16.880781412124634,2748,4.745551869099632,1.793101291385728
16.880781412124634,2749,4.746059669107199,1.793670441394209
16.880781412124634,2750,4.746566269114748,1.7942404914027035
16.880781412124634,2751,4.747071669122279,1.794811441411211
16.880781412124634,2752,4.747575869129792,1.7953832914197325
16.880781412124634,2753,4.748078869137288,1.7959560414282674
16.880781412124634,2754,4.748580669144765,1.796529691436815
16.880781412124634,2755,4.749081269152224,1.7971042414453766
16.880781412124634,2756,4.749580669159666,1.7976796914539515
16.880781412124634,2757,4.7500788691670905,1.79825604146254
16.880781412124634,2758,4.7505758691744955,1.7988332914711416
16.880781412124634,2759,4.751071669181884,1.7994114414797566
16.880781412124634,2760,4.7515662691892535,1.7999904914883853
16.880781412124634,2761,4.752059669196606,1.800570441497027
16.880781412124634,2762,4.75255186920394,1.8011512915056822
16.880781412124634,2763,4.7530428692112565,1.801733041514351
16.880781412124634,2764,4.753532669218555,1.8023156915230332
16.880781412124634,2765,4.754021269225836,1.8028992415317289
16.880781412124634,2766,4.754508669233099,1.8034836915404377
16.880781412124634,2767,4.754994869240344,1.8040690415491603
16.880781412124634,2768,4.755479869247571,1.804655291557896
16.880781412124634,2769,4.75596366925478,1.8052424415666453
16.880781412124634,2770,4.756446269261971,1.805830491575408
16.880781412124634,2771,4.756927669269145,1.8064194415841839
16.880781412124634,2772,4.7574078692763,1.8070092915929734
16.880781412124634,2773,4.757886869283438,1.8076000416017761
16.880781412124634,2774,4.7583646692905575,1.8081916916105927
16.880781412124634,2775,4.75884126929766,1.8087842416194222
16.880781412124634,2776,4.759316669304743,1.8093776916282653
16.880781412124634,2777,4.75979086931181,1.8099720416371219
16.880781412124634,2778,4.760263869318858,1.8105672916459918
16.880781412124634,2779,4.760735669325888,1.811163441654875
16.880781412124634,2780,4.7612062693329005,1.8117604916637717
16.880781412124634,2781,4.761675669339895,1.812358441672682
16.880781412124634,2782,4.762143869346873,1.8129572916816055
16.880781412124634,2783,4.762610869353831,1.8135570416905424
16.880781412124634,2784,4.763076669360772,1.814157691699493
16.880781412124634,2785,4.763541269367694,1.8147592417084564
16.880781412124634,2786,4.7640046693746,1.8153616917174338
16.880781412124634,2787,4.764466869381488,1.8159650417264244
16.880781412124634,2788,4.764927869388357,1.8165692917354286
16.880781412124634,2789,4.765387669395208,1.817174441744446
16.880781412124634,2790,4.765846269402043,1.8177804917534768
16.880781412124634,2791,4.766303669408858,1.818387441762521
16.880781412124634,2792,4.766759869415656,1.8189952917715786
16.880781412124634,2793,4.767214869422436,1.8196040417806496
16.880781412124634,2794,4.767668669429199,1.8202136917897342
16.880781412124634,2795,4.768121269435943,1.8208242417988323
16.880781412124634,2796,4.768572669442669,1.8214356918079435
16.880781412124634,2797,4.769022869449378,1.8220480418170681
16.880781412124634,2798,4.769471869456067,1.8226612918262064
16.880781412124634,2799,4.76991966946274,1.8232754418353578
16.880781412124634,2800,4.770366269469395,1.823890491844523
16.880781412124634,2801,4.770811669476032,1.8245064418537011
16.880781412124634,2802,4.771255869482652,1.825123291862893
16.880781412124634,2803,4.771698869489253,1.825741041872098
16.880781412124634,2804,4.772140669495837,1.8263596918813167
16.880781412124634,2805,4.7725812695024015,1.8269792418905488
16.880781412124634,2806,4.7730206695089485,1.827599691899794
16.880781412124634,2807,4.773458869515479,1.828221041909053
16.880781412124634,2808,4.773895869521991,1.828843291918325
16.880781412124634,2809,4.774331669528484,1.829466441927611
16.880781412124634,2810,4.774766269534961,1.83009049193691
16.880781412124634,2811,4.7751996695414185,1.8307154419462224
16.880781412124634,2812,4.775631869547859,1.8313412919555483
16.880781412124634,2813,4.7760628695542815,1.8319680419648878
16.880781412124634,2814,4.776492669560686,1.8325956919742405
16.880781412124634,2815,4.776921269567073,1.8332242419836067
16.880781412124634,2816,4.777348669573442,1.833853691992986
16.880781412124634,2817,4.777774869579792,1.8344840420023791
16.880781412124634,2818,4.778199869586126,1.8351152920117855
16.880781412124634,2819,4.778623669592441,1.8357474420212052
16.880781412124634,2820,4.779046269598738,1.8363804920306384
16.880781412124634,2821,4.779467669605017,1.837014442040085
16.880781412124634,2822,4.7798878696112785,1.837649292049545
16.880781412124634,2823,4.780306869617522,1.8382850420590184
16.880781412124634,2824,4.780724669623748,1.8389216920685052
16.880781412124634,2825,4.781141269629956,1.8395592420780054
16.880781412124634,2826,4.781556669636146,1.8401976920875192
16.880781412124634,2827,4.7819708696423175,1.8408370420970461
16.880781412124634,2828,4.782383869648472,1.8414772921065867
16.880781412124634,2829,4.7827956696546075,1.8421184421161403
16.880781412124634,2830,4.7832062696607265,1.8427604921257077
16.880781412124634,2831,4.783615669666827,1.8434034421352887
16.880781412124634,2832,4.78402386967291,1.8440472921448827
16.880781412124634,2833,4.784430869678975,1.8446920421544903
16.880781412124634,2834,4.784836669685021,1.8453376921641111
16.880781412124634,2835,4.785241269691051,1.8459842421737453
16.880781412124634,2836,4.785644669697062,1.8466316921833932
16.880781412124634,2837,4.786046869703055,1.8472800421930544
16.880781412124634,2838,4.78644786970903,1.8479292922027288
16.880781412124634,2839,4.786847669714988,1.8485794422124169
16.880781412124634,2840,4.787246269720928,1.8492304922221183
16.880781412124634,2841,4.787643669726848,1.849882442231833
16.880781412124634,2842,4.788039869732753,1.8505352922415614
16.880781412124634,2843,4.788434869738639,1.851189042251303
16.880781412124634,2844,4.788828669744506,1.851843692261058
16.880781412124634,2845,4.789221269750358,1.8524992422708264
16.880781412124634,2846,4.78961266975619,1.8531556922806085
16.880781412124634,2847,4.790002869762004,1.8538130422904033
16.880781412124634,2848,4.7903918697678005,1.8544712923002122
16.880781412124634,2849,4.790779669773579,1.8551304423100343
16.880781412124634,2850,4.79116626977934,1.85579049231987
16.880781412124634,2851,4.791551669785083,1.856451442329719
16.880781412124634,2852,4.791935869790807,1.857113292339581
16.880781412124634,2853,4.792318869796515,1.8577760423494567
16.880781412124634,2854,4.792700669802205,1.858439692359346
16.880781412124634,2855,4.7930812698078755,1.8591042423692485
16.880781412124634,2856,4.793460669813529,1.8597696923791645
16.880781412124634,2857,4.793838869819165,1.860436042389094
16.880781412124634,2858,4.794215869824782,1.8611032923990367
16.880781412124634,2859,4.794591669830382,1.8617714424089928
16.880781412124634,2860,4.794966269835964,1.8624404924189628
16.880781412124634,2861,4.795339669841528,1.8631104424289457
16.880781412124634,2862,4.795711869847075,1.863781292438942
16.880781412124634,2863,4.796082869852603,1.864453042448952
16.880781412124634,2864,4.796452669858113,1.8651256924589752
16.880781412124634,2865,4.796821269863606,1.865799242469012
16.880781412124634,2866,4.79718866986908,1.8664736924790621
16.880781412124634,2867,4.797554869874537,1.8671490424891255
16.880781412124634,2868,4.797919869879976,1.8678252924992025
16.880781412124634,2869,4.7982836698853975,1.8685024425092929
16.880781412124634,2870,4.7986462698908,1.8691804925193964
16.880781412124634,2871,4.799007669896186,1.8698594425295136
16.880781412124634,2872,4.799367869901554,1.8705392925396442
16.880781412124634,2873,4.799726869906903,1.8712200425497882
16.880781412124634,2874,4.800084669912234,1.8719016925599457
16.880781412124634,2875,4.800441269917548,1.8725842425701162
16.880781412124634,2876,4.8007966699228435,1.8732676925803002
16.880781412124634,2877,4.801150869928122,1.8739520425904983
16.880781412124634,2878,4.8015038699333825,1.874637292600709
16.880781412124634,2879,4.801855669938624,1.8753234426109335
16.880781412124634,2880,4.802206269943849,1.8760104926211714
16.880781412124634,2881,4.802555669949054,1.8766984426314226
16.880781412124634,2882,4.802903869954244,1.8773872926416875
16.880781412124634,2883,4.803250869959415,1.8780770426519655
16.880781412124634,2884,4.803596669964567,1.8787676926622567
16.880781412124634,2885,4.803941269969702,1.8794592426725618
16.880781412124634,2886,4.80428466997482,1.88015169268288
16.880781412124634,2887,4.804626869979918,1.8808450426932117
16.880781412124634,2888,4.804967869984999,1.881539292703557
16.880781412124634,2889,4.8053076699900625,1.8822344427139153
16.880781412124634,2890,4.805646269995108,1.8829304927242874
16.880781412124634,2891,4.805983670000137,1.8836274427346729
16.880781412124634,2892,4.8063198700051455,1.8843252927450715
16.880781412124634,2893,4.806654870010139,1.8850240427554836
16.880781412124634,2894,4.806988670015112,1.8857236927659093
16.880781412124634,2895,4.8073212700200685,1.8864242427763482
16.880781412124634,2896,4.807652670025007,1.887125692786801
16.880781412124634,2897,4.807982870029926,1.887828042797267
16.880781412124634,2898,4.808311870034829,1.8885312928077458
16.880781412124634,2899,4.808639670039714,1.8892354428182385
16.880781412124634,2900,4.80896627004458,1.8899404928287447
16.880781412124634,2901,4.809291670049429,1.890646442839264
16.880781412124634,2902,4.809615870054261,1.891353292849797
16.880781412124634,2903,4.809938870059073,1.8920610428603433
16.880781412124634,2904,4.810260670063868,1.8927696928709028
16.880781412124634,2905,4.810581270068646,1.8934792428814762
16.880781412124634,2906,4.810900670073405,1.8941896928920627
16.880781412124634,2907,4.811218870078147,1.8949010429026625
16.880781412124634,2908,4.811535870082871,1.8956132929132758
16.880781412124634,2909,4.811851670087576,1.8963264429239026
16.880781412124634,2910,4.8121662700922645,1.8970404929345428
16.880781412124634,2911,4.812479670096934,1.8977554429451962
16.880781412124634,2912,4.812791870101586,1.8984712929558634
16.880781412124634,2913,4.813102870106221,1.8991880429665438
16.880781412124634,2914,4.813412670110837,1.8999056929772375
16.880781412124634,2915,4.813721270115435,1.900624242987945
16.880781412124634,2916,4.814028670120016,1.9013436929986653
16.880781412124634,2917,4.814334870124579,1.9020640430093994
16.880781412124634,2918,4.814639870129124,1.902785293020147
16.880781412124634,2919,4.81494367013365,1.9035074430309078
16.880781412124634,2920,4.815246270138159,1.904230493041682
16.880781412124634,2921,4.815547670142651,1.9049544430524699
16.880781412124634,2922,4.815847870147124,1.9056792930632709
16.880781412124634,2923,4.81614687015158,1.9064050430740855
16.880781412124634,2924,4.8164446701560175,1.9071316930849134
16.880781412124634,2925,4.816741270160437,1.9078592430957546
16.880781412124634,2926,4.817036670164839,1.9085876931066093
16.880781412124634,2927,4.817330870169223,1.9093170431174777
16.880781412124634,2928,4.8176238701735885,1.910047293128359
16.880781412124634,2929,4.817915670177937,1.9107784431392543
16.880781412124634,2930,4.818206270182267,1.9115104931501625
16.880781412124634,2931,4.8184956701865795,1.9122434431610844
16.880781412124634,2932,4.818783870190874,1.9129772931720195
16.880781412124634,2933,4.819070870195151,1.9137120431829682
16.880781412124634,2934,4.81935667019941,1.91444769319393
16.880781412124634,2935,4.81964127020365,1.9151842432049055
16.880781412124634,2936,4.8199246702078735,1.9159216932158945
16.880781412124634,2937,4.820206870212078,1.9166600432268968
16.880781412124634,2938,4.820487870216265,1.9173992932379125
16.880781412124634,2939,4.820767670220436,1.9181394432489418
16.880781412124634,2940,4.821046270224587,1.918880493259984
16.880781412124634,2941,4.82132367022872,1.91962244327104
16.880781412124634,2942,4.821599870232836,1.9203652932821094
16.880781412124634,2943,4.821874870236933,1.921109043293192
16.880781412124634,2944,4.822148670241013,1.9218536933042882
16.880781412124634,2945,4.8224212702450755,1.9225992433153976
16.880781412124634,2946,4.82269267024912,1.923345693326521
16.880781412124634,2947,4.822962870253146,1.9240930433376573
16.880781412124634,2948,4.823231870257155,1.924841293348807
16.880781412124634,2949,4.823499670261145,1.9255904433599702
16.880781412124634,2950,4.823766270265118,1.9263404933711468
16.880781412124634,2951,4.824031670269072,1.927091443382337
16.880781412124634,2952,4.824295870273009,1.9278432933935403
16.880781412124634,2953,4.824558870276928,1.9285960434047573
16.880781412124634,2954,4.824820670280829,1.9293496934159873
16.880781412124634,2955,4.825081270284713,1.930104243427231
16.880781412124634,2956,4.825340670288577,1.930859693438488
16.880781412124634,2957,4.825598870292426,1.9316160434497585
16.880781412124634,2958,4.825855870296255,1.9323732934610425
16.880781412124634,2959,4.826111670300067,1.93313144347234
16.880781412124634,2960,4.82636627030386,1.9338904934836505
16.880781412124634,2961,4.826619670307636,1.9346504434949747
16.880781412124634,2962,4.826871870311395,1.9354112935063121
16.880781412124634,2963,4.827122870315135,1.9361730435176632
16.880781412124634,2964,4.827372670318857,1.9369356935290276
16.880781412124634,2965,4.827621270322561,1.9376992435404052
16.880781412124634,2966,4.827868670326248,1.9384636935517965
16.880781412124634,2967,4.828114870329917,1.9392290435632011
16.880781412124634,2968,4.828359870333568,1.9399952935746194
16.880781412124634,2969,4.8286036703372,1.9407624435860507
16.880781412124634,2970,4.828846270340816,1.9415304935974955
16.880781412124634,2971,4.829087670344412,1.9422994436089536
16.880781412124634,2972,4.829327870347992,1.9430692936204255
16.880781412124634,2973,4.829566870351553,1.9438400436319103
16.880781412124634,2974,4.829804670355097,1.944611693643409
16.880781412124634,2975,4.830041270358623,1.945384243654921
16.880781412124634,2976,4.830276670362131,1.9461576936664462
16.880781412124634,2977,4.83051087036562,1.9469320436779851
16.880781412124634,2978,4.830743870369092,1.947707293689537
16.880781412124634,2979,4.8309756703725455,1.9484834437011025
16.880781412124634,2980,4.831206270375982,1.9492604937126814
16.880781412124634,2981,4.831435670379401,1.9500384437242737
16.880781412124634,2982,4.831663870382801,1.9508172937358796
16.880781412124634,2983,4.831890870386184,1.951597043747499
16.880781412124634,2984,4.832116670389548,1.9523776937591315
16.880781412124634,2985,4.832341270392895,1.9531592437707772
16.880781412124634,2986,4.8325646703962235,1.9539416937824368
16.880781412124634,2987,4.832786870399534,1.9547250437941095
16.880781412124634,2988,4.833007870402828,1.9555092938057959
16.880781412124634,2989,4.833227670406104,1.9562944438174956
16.880781412124634,2990,4.833446270409361,1.9570804938292086
16.880781412124634,2991,4.8336636704126,1.9578674438409351
16.880781412124634,2992,4.833879870415823,1.958655293852675
16.880781412124634,2993,4.834094870419025,1.959444043864428
16.880781412124634,2994,4.834308670422212,1.9602336938761948
16.880781412124634,2995,4.8345212704253795,1.9610242438879748
16.880781412124634,2996,4.834732670428529,1.9618156938997684
16.880781412124634,2997,4.834942870431662,1.9626080439115754
16.880781412124634,2998,4.835151870434776,1.9634012939233956
16.880781412124634,2999,4.835359670437873,1.9641954439352296
16.880781412124634,3000,4.835566270440951,1.9649904939470766
16.880781412124634,3001,4.835771670444012,1.9657864439589372
16.880781412124634,3002,4.835975870447055,1.9665832939708112
16.880781412124634,3003,4.836178870450079,1.9673810439826986
16.880781412124634,3004,4.836380670453087,1.9681796939945997
16.880781412124634,3005,4.836581270456076,1.9689792440065137
16.880781412124634,3006,4.836581270456076,1.9689792440065137
16.880781412124634,3007,4.83678307943651,1.9697805829999289
16.880781412124634,3008,4.8369885063718545,1.970584599956332
16.880781412124634,3009,4.837197551262108,1.9713912948757235
16.880781412124634,3010,4.83741021410727,1.972200667758103
16.880781412124634,3011,4.837626494907343,1.973012718603471
16.880781412124634,3012,4.837846393662323,1.973827447411827
16.880781412124634,3013,4.838069910372213,1.9746448541831711
16.880781412124634,3014,4.838297045037013,1.9754649389175039
16.880781412124634,3015,4.838527797656722,1.9762877016148244
16.880781412124634,3016,4.83876216823134,1.9771131422751334
16.880781412124634,3017,4.839000156760867,1.9779412608984306
16.880781412124634,3018,4.839241763245304,1.9787720574847159
16.880781412124634,3019,4.83948698768465,1.9796055320339896
16.880781412124634,3020,4.8397358300789035,1.9804416845462514
16.880781412124634,3021,4.839988290428067,1.9812805150215012
16.880781412124634,3022,4.840244368732142,1.9821220234597394
16.880781412124634,3023,4.840504064991125,1.982966209860966
16.880781412124634,3024,4.840767379205015,1.9838130742251805
16.880781412124634,3025,4.841034311373816,1.9846626165523833
16.880781412124634,3026,4.841304861497528,1.9855148368425746
16.880781412124634,3027,4.841579029576147,1.9863697350957537
16.880781412124634,3028,4.841856815609676,1.9872273113119212
16.880781412124634,3029,4.842138219598114,1.9880875654910768
16.880781412124634,3030,4.842423241541461,1.9889504976332206
16.880781412124634,3031,4.842711881439717,1.989816107738353
16.880781412124634,3032,4.8430041392928835,1.990684395806473
16.880781412124634,3033,4.843300015100958,1.9915553618375816
16.880781412124634,3034,4.843599508863942,1.9924290058316785
16.880781412124634,3035,4.843902620581836,1.9933053277887631
16.880781412124634,3036,4.844209350254638,1.9941843277088365
16.880781412124634,3037,4.844519697882351,1.9950660055918976
16.880781412124634,3038,4.844833663464971,1.9959503614379472
16.880781412124634,3039,4.8451512470025015,1.9968373952469851
16.880781412124634,3040,4.845472448494941,1.997727107019011
16.880781412124634,3041,4.845797267942291,1.9986194967540252
16.880781412124634,3042,4.846125705344548,1.9995145644520276
16.880781412124634,3043,4.846457760701717,2.000412310113019
16.880781412124634,3044,4.846793434013792,2.0013127337369974
16.880781412124634,3045,4.847132725280779,2.0022158353239643
16.880781412124634,3046,4.847475634502673,2.00312161487392
16.880781412124634,3047,4.847822161679478,2.0040300723868634
16.880781412124634,3048,4.8481723068111915,2.004941207862795
16.880781412124634,3049,4.848526069897814,2.005855021301715
16.880781412124634,3050,4.848883450939345,2.0067715127036228
16.880781412124634,3051,4.849244449935787,2.007690682068519
16.880781412124634,3052,4.849609066887138,2.008612529396404
16.880781412124634,3053,4.849977301793397,2.0095370546872764
16.880781412124634,3054,4.850349154654566,2.0104642579411376
16.880781412124634,3055,4.850724625470644,2.0113941391579866
16.880781412124634,3056,4.851103714241631,2.0123266983378243
16.880781412124634,3057,4.851486420967528,2.01326193548065
16.880781412124634,3058,4.851872745648334,2.014199850586464
16.880781412124634,3059,4.852262688284049,2.0151404436552656
16.880781412124634,3060,4.852656248874673,2.016083714687056
16.880781412124634,3061,4.853053427420207,2.0170296636818343
16.880781412124634,3062,4.85345422392065,2.017978290639601
16.880781412124634,3063,4.853858638376002,2.0189295955603557
16.880781412124634,3064,4.854266670786264,2.019883578444099
16.880781412124634,3065,4.854678321151433,2.0208402392908305
16.880781412124634,3066,4.855093589471513,2.0217995781005493
16.880781412124634,3067,4.855512475746502,2.0227615948732574
16.880781412124634,3068,4.8559349799764,2.023726289608953
16.880781412124634,3069,4.856361102161208,2.0246936623076373
16.880781412124634,3070,4.856790842300924,2.0256637129693096
16.880781412124634,3071,4.85722420039555,2.02663644159397
16.880781412124634,3072,4.857661176445085,2.027611848181619
16.880781412124634,3073,4.8581017704495295,2.0285899327322556
16.880781412124634,3074,4.858545982408883,2.029570695245881
16.880781412124634,3075,4.858993812323146,2.0305541357224945
16.880781412124634,3076,4.8594452601923175,2.0315402541620955
16.880781412124634,3077,4.859900326016398,2.0325290505646856
16.880781412124634,3078,4.86035900979539,2.033520524930264
16.880781412124634,3079,4.860821311529289,2.03451467725883
16.880781412124634,3080,4.861287231218099,2.0355115075503845
16.880781412124634,3081,4.861756768861817,2.036511015804927
16.880781412124634,3082,4.862229924460444,2.037513202022458
16.880781412124634,3083,4.86270669801398,2.038518066202977
16.880781412124634,3084,4.863187089522427,2.0395256083464846
16.880781412124634,3085,4.863671098985781,2.0405358284529798
16.880781412124634,3086,4.864158726404046,2.041548726522463
16.880781412124634,3087,4.86464997177722,2.0425643025549354
16.880781412124634,3088,4.865144835105302,2.043582556550396
16.880781412124634,3089,4.8656433163882955,2.044603488508844
16.880781412124634,3090,4.866145415626197,2.0456270984302805
16.880781412124634,3091,4.8666511328190065,2.046653386314705
16.880781412124634,3092,4.867160467966727,2.047682352162118
16.880781412124634,3093,4.867673421069355,2.0487139959725194
16.880781412124634,3094,4.868189992126895,2.0497483177459093
16.880781412124634,3095,4.868710181139342,2.0507853174822865
16.880781412124634,3096,4.8692339881067,2.0518249951816525
16.880781412124634,3097,4.869761413028964,2.0528673508440067
16.880781412124634,3098,4.8702924559061405,2.0539123844693488
16.880781412124634,3099,4.870827116738225,2.0549600960576795
16.880781412124634,3100,4.871365395525218,2.056010485608998
16.880781412124634,3101,4.871907292267122,2.057063553123305
16.880781412124634,3102,4.872452806963934,2.0581192986006003
16.880781412124634,3103,4.873001939615655,2.0591777220408836
16.880781412124634,3104,4.873554690222286,2.060238823444155
16.880781412124634,3105,4.874111058783825,2.061302602810415
16.880781412124634,3106,4.874671045300276,2.062369060139663
16.880781412124634,3107,4.875234649771632,2.0634381954318983
16.880781412124634,3108,4.875801872197901,2.0645100086871233
16.880781412124634,3109,4.8763727125790775,2.0655844999053357
16.880781412124634,3110,4.876947170915163,2.0666616690865363
16.880781412124634,3111,4.877525247206158,2.0677415162307256
16.880781412124634,3112,4.878106941452064,2.0688240413379027
16.880781412124634,3113,4.8786922536528765,2.069909244408068
16.880781412124634,3114,4.879281183808599,2.0709971254412216
16.880781412124634,3115,4.879873731919232,2.072087684437364
16.880781412124634,3116,4.880469897984773,2.0731809213964936
16.880781412124634,3117,4.881069682005224,2.074276836318612
16.880781412124634,3118,4.881673083980584,2.075375429203718
16.880781412124634,3119,4.882280103910853,2.076476700051813
16.880781412124634,3120,4.882890741796032,2.077580648862896
16.880781412124634,3121,4.883504997636119,2.078687275636967
16.880781412124634,3122,4.884122871431115,2.079796580374026
16.880781412124634,3123,4.884744363181023,2.080908563074074
16.880781412124634,3124,4.885369472885838,2.0820232237371092
16.880781412124634,3125,4.885998200545562,2.0831405623631336
16.880781412124634,3126,4.8866305461601955,2.0842605789521453
16.880781412124634,3127,4.887266509729739,2.0853832735041458
16.880781412124634,3128,4.887906091254191,2.0865086460191344
16.880781412124634,3129,4.888549290733553,2.0876366964971114
16.880781412124634,3130,4.889196108167823,2.088767424938076
16.880781412124634,3131,4.889846543557004,2.0899008313420295
16.880781412124634,3132,4.890500596901092,2.0910369157089708
16.880781412124634,3133,4.891158268200091,2.0921756780389003
16.880781412124634,3134,4.891819557453998,2.0933171183318184
16.880781412124634,3135,4.8924844646628145,2.0944612365877244
16.880781412124634,3136,4.893152989826541,2.0956080328066187
16.880781412124634,3137,4.893825132945177,2.096757506988501
16.880781412124634,3138,4.894500894018722,2.097909659133372
16.880781412124634,3139,4.895180273047176,2.099064489241231
16.880781412124634,3140,4.895863270030539,2.100221997312078
16.880781412124634,3141,4.896549884968811,2.101382183345913
16.880781412124634,3142,4.897240117861993,2.102545047342737
16.880781412124634,3143,4.897933968710084,2.1037105893025485
16.880781412124634,3144,4.898631437513084,2.1048788092253483
16.880781412124634,3145,4.899332524270993,2.106049707111137
16.880781412124634,3146,4.900037228983812,2.107223282959913
16.880781412124634,3147,4.900745551651539,2.1083995367716777
16.880781412124634,3148,4.901457492274177,2.1095784685464305
16.880781412124634,3149,4.902173050851722,2.1107600782841716
16.880781412124634,3150,4.902892227384178,2.111944365984901
16.880781412124634,3151,4.903615021871542,2.113131331648618
16.880781412124634,3152,4.9043414343138165,2.1143209752753234
16.880781412124634,3153,4.905071464710999,2.1155132968650174
16.880781412124634,3154,4.905805113063092,2.1167082964176998
16.880781412124634,3155,4.906542379370093,2.11790597393337
16.880781412124634,3156,4.907283263632005,2.1191063294120283
16.880781412124634,3157,4.908027765848824,2.120309362853675
16.880781412124634,3158,4.908775886020553,2.1215150742583098
16.880781412124634,3159,4.909527624147192,2.122723463625933
16.880781412124634,3160,4.91028298022874,2.1239345309565447
16.880781412124634,3161,4.911041954265196,2.125148276250144
16.880781412124634,3162,4.911804546256564,2.1263646995067313
16.880781412124634,3163,4.912570756202838,2.127583800726308
16.880781412124634,3164,4.913340584104024,2.128805579908872
16.880781412124634,3165,4.914114029960118,2.130030037054424
16.880781412124634,3166,4.9148910937711205,2.131257172162965
16.880781412124634,3167,4.915671775537033,2.1324869852344936
16.880781412124634,3168,4.916456075257855,2.133719476269011
16.880781412124634,3169,4.917243992933586,2.134954645266516
16.880781412124634,3170,4.918035528564227,2.1361924922270097
16.880781412124634,3171,4.918830682149775,2.1374330171504914
16.880781412124634,3172,4.919629453690234,2.1386762200369613
16.880781412124634,3173,4.920431843185602,2.139922100886419
16.880781412124634,3174,4.921237850635879,2.1411706596988656
16.880781412124634,3175,4.922047476041065,2.1424218964743
16.880781412124634,3176,4.922860719401161,2.1436758112127228
16.880781412124634,3177,4.9236775807161655,2.1449324039141335
16.880781412124634,3178,4.924498059986079,2.146191674578533
16.880781412124634,3179,4.9253221572109025,2.14745362320592
16.880781412124634,3180,4.926149872390635,2.1487182497962958
16.880781412124634,3181,4.926981205525276,2.1499855543496595
16.880781412124634,3182,4.927816156614829,2.1512555368660116
16.880781412124634,3183,4.928654725659289,2.152528197345352
16.880781412124634,3184,4.929496912658657,2.1538035357876804
16.880781412124634,3185,4.930342717612937,2.1550815521929967
16.880781412124634,3186,4.931192140522124,2.1563622465613017
16.880781412124634,3187,4.932045181386222,2.1576456188925945
16.880781412124634,3188,4.932901840205228,2.1589316691868756
16.880781412124634,3189,4.9337621169791435,2.1602203974441454
16.880781412124634,3190,4.9346260117079686,2.161511803664403
16.880781412124634,3191,4.935493524391703,2.1628058878476493
16.880781412124634,3192,4.936364655030346,2.164102649993883
16.880781412124634,3193,4.937239403623899,2.1654020901031052
16.880781412124634,3194,4.938117770172361,2.1667042081753163
16.880781412124634,3195,4.938999754675732,2.1680090042105147
16.880781412124634,3196,4.939885357134012,2.1693164782087013
16.880781412124634,3197,4.940774577547201,2.1706266301698767
16.880781412124634,3198,4.9416674159153,2.1719394600940403
16.880781412124634,3199,4.942563872238308,2.1732549679811917
16.880781412124634,3200,4.943463946516225,2.1745731538313313
16.880781412124634,3201,4.944367638749052,2.175894017644459
16.880781412124634,3202,4.945274948936788,2.177217559420576
16.880781412124634,3203,4.946185877079432,2.1785437791596802
16.880781412124634,3204,4.947100423176987,2.179872676861773
16.880781412124634,3205,4.948018587229449,2.1812042525268533
16.880781412124634,3206,4.948940369236823,2.1825385061549225
16.880781412124634,3207,4.949865769199104,2.18387543774598
16.880781412124634,3208,4.950794787116296,2.1852150473000256
16.880781412124634,3209,4.951727422988396,2.186557334817059
16.880781412124634,3210,4.952663676815405,2.1879023002970808
16.880781412124634,3211,4.953603548597324,2.189249943740091
16.880781412124634,3212,4.954547038334152,2.1906002651460894
16.880781412124634,3213,4.955494146025889,2.191953264515076
16.880781412124634,3214,4.956444871672536,2.193308941847051
16.880781412124634,3215,4.9573992152740916,2.194667297142014
16.880781412124634,3216,4.958357176830557,2.196028330399965
16.880781412124634,3217,4.959318756341931,2.1973920416209047
16.880781412124634,3218,4.960283953808214,2.198758430804832
16.880781412124634,3219,4.961252769229407,2.2001274979517476
16.880781412124634,3220,4.962225202605509,2.201499243061652
16.880781412124634,3221,4.9632012539365205,2.202873666134544
16.880781412124634,3222,4.9641809232224405,2.2042507671704246
16.880781412124634,3223,4.9651642104632705,2.205630546169293
16.880781412124634,3224,4.9661511156590095,2.20701300313115
16.880781412124634,3225,4.967141638809657,2.208398138055995
16.880781412124634,3226,4.968135779915214,2.2097859509438282
16.880781412124634,3227,4.969133538975681,2.21117644179465
16.880781412124634,3228,4.970134915991057,2.2125696106084596
16.880781412124634,3229,4.971139910961342,2.2139654573852576
16.880781412124634,3230,4.972148523886537,2.2153639821250435
16.880781412124634,3231,4.973160754766639,2.2167651848278176
16.880781412124634,3232,4.974176603601652,2.218169065493581
16.880781412124634,3233,4.975196070391575,2.219575624122331
16.880781412124634,3234,4.9762191551364054,2.2209848607140703
16.880781412124634,3235,4.977245857836146,2.222396775268797
16.880781412124634,3236,4.978276178490796,2.223811367786513
16.880781412124634,3237,4.979310117100354,2.2252286382672164
16.880781412124634,3238,4.980347673664823,2.2266485867109083
16.880781412124634,3239,4.9813888481842,2.2280712131175884
16.880781412124634,3240,4.982433640658487,2.2294965174872567
16.880781412124634,3241,4.983482051087682,2.230924499819913
16.880781412124634,3242,4.984534079471787,2.2323551601155573
16.880781412124634,3243,4.985589725810802,2.2337884983741905
16.880781412124634,3244,4.986648990104726,2.2352245145958114
16.880781412124634,3245,4.987711872353558,2.2366632087804206
16.880781412124634,3246,4.9887783725573,2.238104580928018
16.880781412124634,3247,4.989848490715952,2.2395486310386037
16.880781412124634,3248,4.990922226829511,2.2409953591121776
16.880781412124634,3249,4.991999580897981,2.2424447651487394
16.880781412124634,3250,4.99308055292136,2.24389684914829
16.880781412124634,3251,4.994165142899648,2.2453516111108285
16.880781412124634,3252,4.995253350832845,2.2468090510363554
16.880781412124634,3253,4.996345176720952,2.2482691689248706
16.880781412124634,3254,4.997440620563968,2.2497319647763736
16.880781412124634,3255,4.998539682361893,2.251197438590865
16.880781412124634,3256,4.999642362114727,2.252665590368345
16.880781412124634,3257,5.000748659822472,2.2541364201088125
16.880781412124634,3258,5.001858575485125,2.2556099278122685
16.880781412124634,3259,5.002972109102686,2.257086113478713
16.880781412124634,3260,5.004089260675158,2.2585649771081453
16.880781412124634,3261,5.005210030202538,2.2600465187005656
16.880781412124634,3262,5.006334417684828,2.2615307382559746
16.880781412124634,3263,5.007462423122027,2.263017635774372
16.880781412124634,3264,5.008594046514135,2.264507211255757
16.880781412124634,3265,5.009729287861153,2.2659994647001307
16.880781412124634,3266,5.010868147163079,2.2674943961074923
16.880781412124634,3267,5.012010624419915,2.268992005477842
16.880781412124634,3268,5.01315671963166,2.2704922928111806
16.880781412124634,3269,5.014306432798315,2.271995258107507
16.880781412124634,3270,5.015459763919878,2.2735009013668215
16.880781412124634,3271,5.016616712996351,2.2750092225891243
16.880781412124634,3272,5.017777280027734,2.2765202217744154
16.880781412124634,3273,5.0189414650140245,2.2780338989226943
16.880781412124634,3274,5.020109267955226,2.2795502540339614
16.880781412124634,3275,5.021280688851335,2.2810692871082177
16.880781412124634,3276,5.022455727702354,2.2825909981454613
16.880781412124634,3277,5.0236343845082825,2.284115387145693
16.880781412124634,3278,5.02481665926912,2.2856424541089133
16.880781412124634,3279,5.026002551984867,2.287172199035122
16.880781412124634,3280,5.027192062655523,2.288704621924319
16.880781412124634,3281,5.028385191281088,2.2902397227765037
16.880781412124634,3282,5.029581937861562,2.2917775015916764
16.880781412124634,3283,5.030782302396947,2.293317958369838
16.880781412124634,3284,5.03198628488724,2.294861093110988
16.880781412124634,3285,5.033193885332441,2.2964069058151253
16.880781412124634,3286,5.034405103732553,2.297955396482251
16.880781412124634,3287,5.0356199400875745,2.2995065651123654
16.880781412124634,3288,5.036838394397503,2.3010604117054676
16.880781412124634,3289,5.038060466662342,2.3026169362615585
16.880781412124634,3290,5.039286156882091,2.3041761387806368
16.880781412124634,3291,5.040515465056749,2.305738019262704
16.880781412124634,3292,5.0417483911863155,2.3073025777077594
16.880781412124634,3293,5.042984935270791,2.308869814115803
16.880781412124634,3294,5.044225097310177,2.310439728486834
16.880781412124634,3295,5.045468877304471,2.312012320820854
16.880781412124634,3296,5.046716275253675,2.3135875911178623
16.880781412124634,3297,5.0479672911577875,2.3151655393778587
16.880781412124634,3298,5.049221925016811,2.316746165600843
16.880781412124634,3299,5.0504801768307415,2.3183294697868155
16.880781412124634,3300,5.051742046599582,2.3199154519357763
16.880781412124634,3301,5.053007534323332,2.3215041120477258
16.880781412124634,3302,5.054276640001991,2.323095450122663
16.880781412124634,3303,5.05554936363556,2.3246894661605886
16.880781412124634,3304,5.056825705224037,2.3262861601615024
16.880781412124634,3305,5.0581056647674245,2.3278855321254044
16.880781412124634,3306,5.059389242265721,2.3294875820522947
16.880781412124634,3307,5.060676437718926,2.3310923099421728
16.880781412124634,3308,5.06196725112704,2.3326997157950395
16.880781412124634,3309,5.063261682490064,2.334309799610894
16.880781412124634,3310,5.064559731807997,2.335922561389737
16.880781412124634,3311,5.065861399080839,2.337538001131568
16.880781412124634,3312,5.0671666843085905,2.339156118836388
16.880781412124634,3313,5.0684755874912515,2.3407769145041954
16.880781412124634,3314,5.069788108628822,2.3424003881349913
16.880781412124634,3315,5.071104247721301,2.3440265397287754
16.880781412124634,3316,5.07242400476869,2.3456553692855477
16.880781412124634,3317,5.073747379770987,2.347286876805308
16.880781412124634,3318,5.075074372728194,2.348921062288057
16.880781412124634,3319,5.076404983640311,2.350557925733794
16.880781412124634,3320,5.0777392125073355,2.3521974671425188
16.880781412124634,3321,5.07907705932927,2.3538396865142324
16.880781412124634,3322,5.080418524106114,2.3554845838489338
16.880781412124634,3323,5.0817636068378675,2.357132159146624
16.880781412124634,3324,5.08311230752453,2.358782412407302
16.880781412124634,3325,5.084464626166101,2.3604353436309675
16.880781412124634,3326,5.085820562762581,2.3620909528176224
16.880781412124634,3327,5.087180117313972,2.363749239967265
16.880781412124634,3328,5.088543289820272,2.365410205079896
16.880781412124634,3329,5.089910080281481,2.3670738481555147
16.880781412124634,3330,5.091280488697597,2.3687401691941217
16.880781412124634,3331,5.092654515068625,2.3704091681957173
16.880781412124634,3332,5.094032159394561,2.3720808451603013
16.880781412124634,3333,5.095413421675406,2.3737552000878726
16.880781412124634,3334,5.096798301911162,2.375432232978433
16.880781412124634,3335,5.098186800101825,2.377111943831981
16.880781412124634,3336,5.099578916247398,2.3787943326485177
16.880781412124634,3337,5.10097465034788,2.3804793994280424
16.880781412124634,3338,5.102374002403272,2.3821671441705554
16.880781412124634,3339,5.1037769724135735,2.3838575668760567
16.880781412124634,3340,5.105183560378784,2.385550667544546
16.880781412124634,3341,5.106593766298902,2.3872464461760234
16.880781412124634,3342,5.108007590173932,2.388944902770489
16.880781412124634,3343,5.109425032003869,2.3906460373279432
16.880781412124634,3344,5.110846091788716,2.3923498498483853
16.880781412124634,3345,5.112270769528472,2.394056340331816
16.880781412124634,3346,5.113699065223138,2.3957655087782346
16.880781412124634,3347,5.115130978872712,2.3974773551876414
16.880781412124634,3348,5.116566510477196,2.3991918795600364
16.880781412124634,3349,5.118005660036589,2.4009090818954197
16.880781412124634,3350,5.119448427550893,2.4026289621937913
16.880781412124634,3351,5.1208948130201035,2.4043515204551507
16.880781412124634,3352,5.122344816444224,2.4060767566794983
16.880781412124634,3353,5.123798437823255,2.4078046708668346
16.880781412124634,3354,5.1252556771571935,2.409535263017159
16.880781412124634,3355,5.126716534446043,2.4112685331304715
16.880781412124634,3356,5.128181009689801,2.413004481206772
16.880781412124634,3357,5.129649102888468,2.4147431072460614
16.880781412124634,3358,5.131120814042044,2.416484411248338
16.880781412124634,3359,5.132596143150529,2.4182283932136035
16.880781412124634,3360,5.1340750902139245,2.419975053141857
16.880781412124634,3361,5.135557655232229,2.421724391033099
16.880781412124634,3362,5.137043838205442,2.423476406887329
16.880781412124634,3363,5.1385336391335645,2.425231100704547
16.880781412124634,3364,5.140027058016596,2.426988472484754
16.880781412124634,3365,5.141524094854537,2.428748522227948
16.880781412124634,3366,5.143024749647386,2.4305112499341313
16.880781412124634,3367,5.144529022395147,2.432276655603302
16.880781412124634,3368,5.146036913097815,2.4340447392354614
16.880781412124634,3369,5.147548421755394,2.435815500830609
16.880781412124634,3370,5.149063548367881,2.4375889403887445
16.880781412124634,3371,5.150582292935277,2.4393650579098685
16.880781412124634,3372,5.152104655457583,2.4411438533939807
16.880781412124634,3373,5.153630635934798,2.4429253268410807
16.880781412124634,3374,5.155160234366921,2.4447094782511694
16.880781412124634,3375,5.156693450753955,2.446496307624246
16.880781412124634,3376,5.158230285095898,2.448285814960311
16.880781412124634,3377,5.1597707373927495,2.4500780002593636
16.880781412124634,3378,5.16131480764451,2.4518728635214053
16.880781412124634,3379,5.162862495851181,2.4536704047464353
16.880781412124634,3380,5.16441380201276,2.455470623934453
16.880781412124634,3381,5.165968726129249,2.457273521085459
16.880781412124634,3382,5.167527268200647,2.459079096199453
16.880781412124634,3383,5.169089428226954,2.460887349276436
16.880781412124634,3384,5.1706552062081705,2.462698280316406
16.880781412124634,3385,5.172224602144295,2.4645118893193647
16.880781412124634,3386,5.173797616035331,2.4663281762853124
16.880781412124634,3387,5.175374247881276,2.4681471412142475
16.880781412124634,3388,5.176954497682129,2.469968784106171
16.880781412124634,3389,5.178538365437891,2.4717931049610824
16.880781412124634,3390,5.1801258511485635,2.4736201037789827
16.880781412124634,3391,5.181716954814144,2.4754497805598707
16.880781412124634,3392,5.183311676434634,2.477282135303747
16.880781412124634,3393,5.1849100160100345,2.4791171680106117
16.880781412124634,3394,5.186511973540343,2.480954878680464
16.880781412124634,3395,5.188117549025561,2.482795267313305
16.880781412124634,3396,5.189726742465687,2.4846383339091345
16.880781412124634,3397,5.1913395538607245,2.486484078467952
16.880781412124634,3398,5.192955983210671,2.4883325009897574
16.880781412124634,3399,5.194576030515526,2.490183601474551
16.880781412124634,3400,5.19619969577529,2.4920373799223334
16.880781412124634,3401,5.197826978989964,2.4938938363331036
16.880781412124634,3402,5.199457880159545,2.495752970706862
16.880781412124634,3403,5.201092399284038,2.4976147830436086
16.880781412124634,3404,5.202730536363439,2.4994792733433435
16.880781412124634,3405,5.204372291397749,2.5013464416060662
16.880781412124634,3406,5.20601766438697,2.503216287831778
16.880781412124634,3407,5.2076666553310975,2.5050888120204773
16.880781412124634,3408,5.209319264230135,2.506964014172165
16.880781412124634,3409,5.210975491084083,2.508841894286841
16.880781412124634,3410,5.21263533589294,2.5107224523645053
16.880781412124634,3411,5.2142987986567055,2.5126056884051575
16.880781412124634,3412,5.21596587937538,2.514491602408798
16.880781412124634,3413,5.217636578048964,2.5163801943754267
16.880781412124634,3414,5.2193108946774585,2.5182714643050437
16.880781412124634,3415,5.22098882926086,2.520165412197649
16.880781412124634,3416,5.222670381799173,2.5220620380532424
16.880781412124634,3417,5.224355552292393,2.523961341871824
16.880781412124634,3418,5.226044340740525,2.525863323653394
16.880781412124634,3419,5.227736747143564,2.527767983397952
16.880781412124634,3420,5.2294327715015125,2.529675321105498
16.880781412124634,3421,5.231132413814371,2.5315853367760326
16.880781412124634,3422,5.232835674082139,2.5334980304095556
16.880781412124634,3423,5.234542552304815,2.535413402006066
16.880781412124634,3424,5.236253048482401,2.5373314515655654
16.880781412124634,3425,5.237967162614896,2.5392521790880522
16.880781412124634,3426,5.2396848947023,2.5411755845735278
16.880781412124634,3427,5.2414062447446135,2.5431016680219916
16.880781412124634,3428,5.243131212741837,2.5450304294334436
16.880781412124634,3429,5.244859798693968,2.5469618688078834
16.880781412124634,3430,5.24659200260101,2.548895986145312
16.880781412124634,3431,5.24832782446296,2.5508327814457283
16.880781412124634,3432,5.250067264279821,2.5527722547091334
16.880781412124634,3433,5.251810322051589,2.5547144059355262
16.880781412124634,3434,5.253556997778267,2.556659235124908
16.880781412124634,3435,5.255307291459854,2.5586067422772767
16.880781412124634,3436,5.257061203096351,2.5605569273926343
16.880781412124634,3437,5.2588187326877565,2.56250979047098
16.880781412124634,3438,5.260579880234072,2.5644653315123143
16.880781412124634,3439,5.262344645735297,2.5664235505166366
16.880781412124634,3440,5.26411302919143,2.5683844474839472
16.880781412124634,3441,5.265885030602473,2.570348022414246
16.880781412124634,3442,5.267660649968425,2.5723142753075328
16.880781412124634,3443,5.269439887289287,2.5742832061638077
16.880781412124634,3444,5.271222742565056,2.576254814983071
16.880781412124634,3445,5.273009215795737,2.5782291017653227
16.880781412124634,3446,5.274799306981326,2.5802060665105624
16.880781412124634,3447,5.276593016121824,2.5821857092187903
16.880781412124634,3448,5.278390343217231,2.5841680298900065
16.880781412124634,3449,5.280191288267549,2.586153028524211
16.880781412124634,3450,5.281995851272774,2.5881407051214036
16.880781412124634,3451,5.28380403223291,2.590131059681584
16.880781412124634,3452,5.285615831147954,2.5921240922047533
16.880781412124634,3453,5.287431248017907,2.5941198026909102
16.880781412124634,3454,5.2892502828427705,2.596118191140056
16.880781412124634,3455,5.291072935622543,2.5981192575521894
16.880781412124634,3456,5.292899206357224,2.600123001927311
16.880781412124634,3457,5.294729095046814,2.602129424265421
16.880781412124634,3458,5.296562601691313,2.6041385245665194
16.880781412124634,3459,5.2983997262907225,2.6061503028306063
16.880781412124634,3460,5.300240468845042,2.6081647590576806
16.880781412124634,3461,5.302084829354269,2.6101818932477436
16.880781412124634,3462,5.303932807818406,2.6122017054007944
16.880781412124634,3463,5.3057844042374525,2.614224195516834
16.880781412124634,3464,5.3076396186114065,2.6162493635958617
16.880781412124634,3465,5.309498450940271,2.6182772096378772
16.880781412124634,3466,5.311360901224045,2.620307733642881
16.880781412124634,3467,5.313226969462729,2.6223409356108736
16.880781412124634,3468,5.315096655656321,2.6243768155418543
16.880781412124634,3469,5.316969959804822,2.626415373435823
16.880781412124634,3470,5.318846881908232,2.6284566092927797
16.880781412124634,3471,5.320727421966552,2.6305005231127248
16.880781412124634,3472,5.322611579979782,2.6325471148956576
16.880781412124634,3473,5.32449935594792,2.634596384641579
16.880781412124634,3474,5.326390749870968,2.6366483323504886
16.880781412124634,3475,5.3282857617489245,2.6387029580223866
16.880781412124634,3476,5.330184391581791,2.640760261657273
16.880781412124634,3477,5.332086639369566,2.6428202432551466
16.880781412124634,3478,5.333992505112251,2.6448829028160095
16.880781412124634,3479,5.3359019888098445,2.64694824033986
16.880781412124634,3480,5.337815090462347,2.649016255826699
16.880781412124634,3481,5.339731810069759,2.651086949276526
16.880781412124634,3482,5.341652147632081,2.6531603206893415
16.880781412124634,3483,5.343576103149312,2.6552363700651447
16.880781412124634,3484,5.345503676621451,2.657315097403937
16.880781412124634,3485,5.347434868048501,2.6593965027057167
16.880781412124634,3486,5.349369677430459,2.6614805859704846
16.880781412124634,3487,5.351308104767326,2.6635673471982413
16.880781412124634,3488,5.353250150059104,2.6656567863889857
16.880781412124634,3489,5.35519581330579,2.667748903542719
16.880781412124634,3490,5.357145094507385,2.66984369865944
16.880781412124634,3491,5.35909799366389,2.671941171739149
16.880781412124634,3492,5.361054510775303,2.674041322781846
16.880781412124634,3493,5.363014645841626,2.6761441517875317
16.880781412124634,3494,5.364978398862859,2.6782496587562057
16.880781412124634,3495,5.366945769839001,2.680357843687868
16.880781412124634,3496,5.368916758770051,2.682468706582518
16.880781412124634,3497,5.370891365656011,2.6845822474401566
16.880781412124634,3498,5.37286959049688,2.6866984662607836
16.880781412124634,3499,5.374851433292658,2.6888173630443983
16.880781412124634,3500,5.376836894043347,2.6909389377910014
16.880781412124634,3501,5.378825972748944,2.693063190500593
16.880781412124634,3502,5.380818669409449,2.695190121173172
16.880781412124634,3503,5.382814984024865,2.6973197298087404
16.880781412124634,3504,5.3848149165951895,2.699452016407296
16.880781412124634,3505,5.386818467120423,2.70158698096884
16.880781412124634,3506,5.388825635600567,2.7037246234933727
16.880781412124634,3507,5.388825635600567,2.7037246234933727
16.880781412124634,3508,5.389830124329365,2.7047941142463863
16.880781412124634,3509,5.390834613058165,2.7058636049993994
16.880781412124634,3510,5.391839101786963,2.7069330957524125
16.880781412124634,3511,5.392843590515762,2.7080025865054256
16.880781412124634,3512,5.393848079244561,2.709072077258439
16.880781412124634,3513,5.39485256797336,2.7101415680114522
16.880781412124634,3514,5.395857056702158,2.7112110587644658
16.880781412124634,3515,5.396861545430958,2.7122805495174784
16.880781412124634,3516,5.397866034159756,2.713350040270492
16.880781412124634,3517,5.398870522888555,2.714419531023505
16.880781412124634,3518,5.399875011617354,2.7154890217765186
16.880781412124634,3519,5.400879500346153,2.7165585125295317
16.880781412124634,3520,5.4018839890749515,2.717628003282545
16.880781412124634,3521,5.402888477803751,2.718697494035558
16.880781412124634,3522,5.403892966532549,2.7197669847885715
16.880781412124634,3523,5.404897455261349,2.720836475541585
16.880781412124634,3524,5.4059019439901475,2.721905966294598
16.880781412124634,3525,5.406906432718946,2.7229754570476112
16.880781412124634,3526,5.407910921447745,2.7240449478006243
16.880781412124634,3527,5.408915410176544,2.725114438553638
16.880781412124634,3528,5.4099198989053425,2.726183929306651
16.880781412124634,3529,5.410924387634142,2.7272534200596645
16.880781412124634,3530,5.41192887636294,2.728322910812677
16.880781412124634,3531,5.412933365091739,2.7293924015656907
16.880781412124634,3532,5.4139378538205385,2.730461892318704
16.880781412124634,3533,5.414942342549337,2.7315313830717174
16.880781412124634,3534,5.415946831278135,2.7326008738247305
16.880781412124634,3535,5.416951320006935,2.7336703645777436
16.880781412124634,3536,5.417955808735734,2.7347398553307567
16.880781412124634,3537,5.418960297464532,2.7358093460837702
16.880781412124634,3538,5.419964786193331,2.7368788368367833
16.880781412124634,3539,5.42096927492213,2.737948327589797
16.880781412124634,3540,5.421973763650929,2.73901781834281
16.880781412124634,3541,5.422978252379728,2.740087309095823
16.880781412124634,3542,5.423982741108526,2.7411567998488366
16.880781412124634,3543,5.424987229837325,2.7422262906018497
16.880781412124634,3544,5.425991718566125,2.7432957813548633
16.880781412124634,3545,5.426996207294924,2.7443652721078764
16.880781412124634,3546,5.428000696023722,2.74543476286089
16.880781412124634,3547,5.429005184752521,2.746504253613903
16.880781412124634,3548,5.430009673481321,2.7475737443669166
16.880781412124634,3549,5.431014162210119,2.7486432351199293
16.880781412124634,3550,5.432018650938918,2.749712725872943
16.880781412124634,3551,5.433023139667717,2.750782216625956
16.880781412124634,3552,5.434027628396516,2.7518517073789694
16.880781412124634,3553,5.435032117125315,2.7529211981319825
16.880781412124634,3554,5.436036605854113,2.7539906888849957
16.880781412124634,3555,5.437041094582912,2.7550601796380088
16.880781412124634,3556,5.438045583311712,2.7561296703910223
16.880781412124634,3557,5.43905007204051,2.757199161144036
16.880781412124634,3558,5.440054560769308,2.758268651897049
16.880781412124634,3559,5.441059049498108,2.759338142650062
16.880781412124634,3560,5.442063538226907,2.760407633403075
16.880781412124634,3561,5.4430680269557055,2.7614771241560887
16.880781412124634,3562,5.444072515684505,2.762546614909102
16.880781412124634,3563,5.445077004413303,2.7636161056621154
16.880781412124634,3564,5.446081493142102,2.764685596415128
16.880781412124634,3565,5.447085981870901,2.7657550871681416
16.880781412124634,3566,5.4480904705997,2.7668245779211547
16.880781412124634,3567,5.449094959328498,2.767894068674168
16.880781412124634,3568,5.450099448057298,2.7689635594271813
16.880781412124634,3569,5.4511039367860965,2.7700330501801944
16.880781412124634,3570,5.452108425514895,2.7711025409332075
16.880781412124634,3571,5.453112914243694,2.772172031686221
16.880781412124634,3572,5.454117402972493,2.7732415224392346
16.880781412124634,3573,5.455121891701292,2.7743110131922477
16.880781412124634,3574,5.456126380430091,2.775380503945261
16.880781412124634,3575,5.457130869158889,2.776449994698274
16.880781412124634,3576,5.458135357887688,2.7775194854512875
16.880781412124634,3577,5.4591398466164875,2.7785889762043006
16.880781412124634,3578,5.460144335345286,2.779658466957314
16.880781412124634,3579,5.461148824074085,2.7807279577103268
16.880781412124634,3580,5.462153312802884,2.7817974484633403
16.880781412124634,3581,5.463157801531683,2.7828669392163534
16.880781412124634,3582,5.464162290260482,2.783936429969367
16.880781412124634,3583,5.46516677898928,2.78500592072238
16.880781412124634,3584,5.466171267718079,2.786075411475393
16.880781412124634,3585,5.467175756446879,2.7871449022284063
16.880781412124634,3586,5.468180245175677,2.78821439298142
16.880781412124634,3587,5.469184733904475,2.7892838837344334
16.880781412124634,3588,5.470189222633275,2.7903533744874465
16.880781412124634,3589,5.471193711362074,2.7914228652404596
16.880781412124634,3590,5.472198200090872,2.7924923559934727
16.880781412124634,3591,5.473202688819671,2.7935618467464858
16.880781412124634,3592,5.47420717754847,2.7946313374994993
16.880781412124634,3593,5.475211666277269,2.795700828252513
16.880781412124634,3594,5.476216155006068,2.7967703190055255
16.880781412124634,3595,5.477220643734867,2.797839809758539
16.880781412124634,3596,5.478225132463666,2.7989093005115526
16.880781412124634,3597,5.479229621192465,2.7999787912645657
16.880781412124634,3598,5.480234109921264,2.801048282017579
16.880781412124634,3599,5.481238598650062,2.8021177727705924
16.880781412124634,3600,5.482243087378861,2.8031872635236055
16.880781412124634,3601,5.483247576107661,2.804256754276619
16.880781412124634,3602,5.484252064836459,2.8053262450296317
16.880781412124634,3603,5.485256553565257,2.8063957357826452
16.880781412124634,3604,5.486261042294057,2.8074652265356583
16.880781412124634,3605,5.487265531022856,2.808534717288672
16.880781412124634,3606,5.488270019751655,2.8096042080416854
16.880781412124634,3607,5.489274508480454,2.810673698794698
16.880781412124634,3608,5.490278997209252,2.8117431895477116
16.880781412124634,3609,5.491283485938052,2.8128126803007247
16.880781412124634,3610,5.4922879746668505,2.8138821710537383
16.880781412124634,3611,5.493292463395649,2.8149516618067514
16.880781412124634,3612,5.494296952124448,2.816021152559764
16.880781412124634,3613,5.495301440853247,2.8170906433127776
16.880781412124634,3614,5.496305929582046,2.818160134065791
16.880781412124634,3615,5.497310418310844,2.8192296248188042
16.880781412124634,3616,5.498314907039643,2.820299115571818
16.880781412124634,3617,5.499319395768442,2.8213686063248304
16.880781412124634,3618,5.5003238844972415,2.822438097077844
16.880781412124634,3619,5.501328373226039,2.823507587830857
16.880781412124634,3620,5.502332861954838,2.8245770785838706
16.880781412124634,3621,5.503337350683638,2.825646569336884
16.880781412124634,3622,5.504341839412437,2.826716060089897
16.880781412124634,3623,5.5053463281412345,2.8277855508429104
16.880781412124634,3624,5.506350816870034,2.8288550415959235
16.880781412124634,3625,5.507355305598833,2.829924532348937
16.880781412124634,3626,5.508359794327632,2.83099402310195
16.880781412124634,3627,5.509364283056431,2.832063513854963
16.880781412124634,3628,5.510368771785229,2.8331330046079763
16.880781412124634,3629,5.511373260514028,2.83420249536099
16.880781412124634,3630,5.512377749242828,2.835271986114003
16.880781412124634,3631,5.513382237971626,2.8363414768670165
16.880781412124634,3632,5.514386726700424,2.8374109676200296
16.880781412124634,3633,5.515391215429224,2.8384804583730427
16.880781412124634,3634,5.516395704158023,2.839549949126056
16.880781412124634,3635,5.5174001928868215,2.8406194398790694
16.880781412124634,3636,5.51840468161562,2.841688930632083
16.880781412124634,3637,5.519409170344419,2.842758421385096
16.880781412124634,3638,5.520413659073218,2.843827912138109
16.880781412124634,3639,5.521418147802017,2.8448974028911223
16.880781412124634,3640,5.522422636530816,2.8459668936441354
16.880781412124634,3641,5.523427125259615,2.847036384397149
16.880781412124634,3642,5.524431613988414,2.848105875150162
16.880781412124634,3643,5.5254361027172125,2.8491753659031755
16.880781412124634,3644,5.526440591446011,2.8502448566561887
16.880781412124634,3645,5.52744508017481,2.8513143474092018
16.880781412124634,3646,5.528449568903609,2.852383838162215
16.880781412124634,3647,5.529454057632408,2.8534533289152284
16.880781412124634,3648,5.530458546361206,2.854522819668242
16.880781412124634,3649,5.531463035090006,2.8555923104212546
16.880781412124634,3650,5.532467523818804,2.856661801174268
16.880781412124634,3651,5.533472012547604,2.8577312919272813
16.880781412124634,3652,5.534476501276402,2.8588007826802944
16.880781412124634,3653,5.535480990005201,2.859870273433308
16.880781412124634,3654,5.536485478734,2.860939764186321
16.880781412124634,3655,5.537489967462799,2.862009254939334
16.880781412124634,3656,5.538494456191597,2.8630787456923477
16.880781412124634,3657,5.539498944920396,2.8641482364453608
16.880781412124634,3658,5.540503433649195,2.865217727198374
16.880781412124634,3659,5.541507922377994,2.8662872179513874
16.880781412124634,3660,5.5425124111067925,2.8673567087044005
16.880781412124634,3661,5.543516899835591,2.8684261994574136
16.880781412124634,3662,5.544521388564391,2.869495690210427
16.880781412124634,3663,5.545525877293189,2.8705651809634403
16.880781412124634,3664,5.5465303660219885,2.8716346717164534
16.880781412124634,3665,5.547534854750787,2.872704162469467
16.880781412124634,3666,5.548539343479586,2.87377365322248
16.880781412124634,3667,5.549543832208385,2.874843143975493
16.880781412124634,3668,5.5505483209371835,2.8759126347285067
16.880781412124634,3669,5.551552809665983,2.8769821254815198
16.880781412124634,3670,5.552557298394781,2.878051616234533
16.880781412124634,3671,5.553561787123581,2.8791211069875464
16.880781412124634,3672,5.5545662758523795,2.8801905977405595
16.880781412124634,3673,5.555570764581178,2.8812600884935726
16.880781412124634,3674,5.556575253309977,2.882329579246586
16.880781412124634,3675,5.557579742038776,2.8833990699995993
16.880781412124634,3676,5.558584230767575,2.8844685607526124
16.880781412124634,3677,5.559588719496373,2.885538051505626
16.880781412124634,3678,5.560593208225173,2.8866075422586395
16.880781412124634,3679,5.561597696953971,2.887677033011652
16.880781412124634,3680,5.5626021856827705,2.8887465237646657
16.880781412124634,3681,5.563606674411569,2.889816014517679
16.880781412124634,3682,5.564611163140368,2.890885505270692
16.880781412124634,3683,5.565615651869168,2.8919549960237054
16.880781412124634,3684,5.566620140597966,2.893024486776719
16.880781412124634,3685,5.567624629326765,2.8940939775297316
16.880781412124634,3686,5.568629118055564,2.895163468282745
16.880781412124634,3687,5.569633606784363,2.8962329590357587
16.880781412124634,3688,5.570638095513162,2.897302449788772
16.880781412124634,3689,5.57164258424196,2.898371940541785
16.880781412124634,3690,5.572647072970759,2.8994414312947985
16.880781412124634,3691,5.573651561699558,2.9005109220478116
16.880781412124634,3692,5.5746560504283575,2.9015804128008247
16.880781412124634,3693,5.575660539157155,2.9026499035538382
16.880781412124634,3694,5.576665027885955,2.9037193943068513
16.880781412124634,3695,5.577669516614754,2.9047888850598644
16.880781412124634,3696,5.578674005343553,2.905858375812878
16.880781412124634,3697,5.579678494072351,2.906927866565891
16.880781412124634,3698,5.58068298280115,2.907997357318904
16.880781412124634,3699,5.58168747152995,2.9090668480719177
16.880781412124634,3700,5.582691960258748,2.910136338824931
16.880781412124634,3701,5.583696448987547,2.911205829577944
16.880781412124634,3702,5.584700937716345,2.9122753203309575
16.880781412124634,3703,5.585705426445145,2.9133448110839706
16.880781412124634,3704,5.586709915173943,2.9144143018369837
16.880781412124634,3705,5.587714403902742,2.9154837925899972
16.880781412124634,3706,5.58871889263154,2.9165532833430103
16.880781412124634,3707,5.58972338136034,2.9176227740960234
16.880781412124634,3708,5.590727870089139,2.918692264849037
16.880781412124634,3709,5.5917323588179375,2.91976175560205
16.880781412124634,3710,5.592736847546736,2.920831246355063
16.880781412124634,3711,5.593741336275535,2.9219007371080767
16.880781412124634,3712,5.594745825004335,2.9229702278610903
16.880781412124634,3713,5.595750313733133,2.924039718614103
16.880781412124634,3714,5.596754802461932,2.9251092093671165
16.880781412124634,3715,5.597759291190731,2.9261787001201296
16.880781412124634,3716,5.59876377991953,2.9272481908731427
16.880781412124634,3717,5.5997682686483286,2.9283176816261562
16.880781412124634,3718,5.600772757377127,2.92938717237917
16.880781412124634,3719,5.601777246105927,2.930456663132183
16.880781412124634,3720,5.602781734834725,2.931526153885196
16.880781412124634,3721,5.6037862235635245,2.9325956446382095
16.880781412124634,3722,5.604790712292323,2.9336651353912226
16.880781412124634,3723,5.605795201021122,2.9347346261442357
16.880781412124634,3724,5.606799689749921,2.9358041168972493
16.880781412124634,3725,5.60780417847872,2.9368736076502624
16.880781412124634,3726,5.608808667207519,2.9379430984032755
16.880781412124634,3727,5.609813155936317,2.939012589156289
16.880781412124634,3728,5.610817644665117,2.940082079909302
16.880781412124634,3729,5.611822133393916,2.9411515706623153
16.880781412124634,3730,5.612826622122714,2.942221061415329
16.880781412124634,3731,5.613831110851513,2.943290552168342
16.880781412124634,3732,5.614835599580312,2.944360042921355
16.880781412124634,3733,5.615840088309111,2.9454295336743685
16.880781412124634,3734,5.616844577037909,2.9464990244273817
16.880781412124634,3735,5.617849065766709,2.9475685151803948
16.880781412124634,3736,5.618853554495508,2.9486380059334083
16.880781412124634,3737,5.619858043224307,2.9497074966864214
16.880781412124634,3738,5.620862531953105,2.9507769874394345
16.880781412124634,3739,5.621867020681904,2.951846478192448
16.880781412124634,3740,5.622871509410703,2.952915968945461
16.880781412124634,3741,5.623875998139502,2.9539854596984743
16.880781412124634,3742,5.624880486868301,2.955054950451488
16.880781412124634,3743,5.625884975597099,2.9561244412045014
16.880781412124634,3744,5.626889464325899,2.957193931957514
16.880781412124634,3745,5.627893953054697,2.9582634227105276
16.880781412124634,3746,5.628898441783496,2.9593329134635407
16.880781412124634,3747,5.629902930512294,2.9604024042165538
16.880781412124634,3748,5.630907419241094,2.9614718949695673
16.880781412124634,3749,5.631911907969892,2.96254138572258
16.880781412124634,3750,5.6329163966986915,2.9636108764755935
16.880781412124634,3751,5.63392088542749,2.9646803672286066
16.880781412124634,3752,5.634925374156289,2.96574985798162
16.880781412124634,3753,5.635929862885088,2.9668193487346333
16.880781412124634,3754,5.636934351613887,2.967888839487647
16.880781412124634,3755,5.637938840342686,2.96895833024066
16.880781412124634,3756,5.638943329071484,2.970027820993673
16.880781412124634,3757,5.639947817800284,2.9710973117466866
16.880781412124634,3758,5.6409523065290825,2.9721668024996997
16.880781412124634,3759,5.641956795257881,2.9732362932527128
16.880781412124634,3760,5.64296128398668,2.9743057840057263
16.880781412124634,3761,5.643965772715479,2.975375274758739
16.880781412124634,3762,5.644970261444278,2.9764447655117525
16.880781412124634,3763,5.645974750173076,2.977514256264766
16.880781412124634,3764,5.646979238901876,2.978583747017779
16.880781412124634,3765,5.647983727630674,2.9796532377707923
16.880781412124634,3766,5.648988216359474,2.980722728523806
16.880781412124634,3767,5.6499927050882714,2.981792219276819
16.880781412124634,3768,5.650997193817071,2.982861710029832
16.880781412124634,3769,5.652001682545869,2.9839312007828456
16.880781412124634,3770,5.653006171274669,2.9850006915358587
16.880781412124634,3771,5.654010660003467,2.9860701822888718
16.880781412124634,3772,5.655015148732266,2.9871396730418853
16.880781412124634,3773,5.656019637461066,2.9882091637948984
16.880781412124634,3774,5.657024126189864,2.9892786545479115
16.880781412124634,3775,5.658028614918663,2.990348145300925
16.880781412124634,3776,5.659033103647461,2.991417636053938
16.880781412124634,3777,5.660037592376261,2.9924871268069513
16.880781412124634,3778,5.661042081105059,2.993556617559965
16.880781412124634,3779,5.6620465698338585,2.994626108312978
16.880781412124634,3780,5.663051058562657,2.995695599065991
16.880781412124634,3781,5.664055547291456,2.9967650898190046
16.880781412124634,3782,5.665060036020255,2.9978345805720177
16.880781412124634,3783,5.6660645247490535,2.998904071325031
16.880781412124634,3784,5.667069013477853,2.9999735620780443
16.880781412124634,3785,5.668073502206651,3.0010430528310574
16.880781412124634,3786,5.669077990935451,3.0021125435840705
16.880781412124634,3787,5.6700824796642495,3.003182034337084
16.880781412124634,3788,5.671086968393048,3.0042515250900976
16.880781412124634,3789,5.672091457121847,3.0053210158431103
16.880781412124634,3790,5.673095945850646,3.006390506596124
16.880781412124634,3791,5.674100434579445,3.007459997349137
16.880781412124634,3792,5.675104923308243,3.00852948810215
16.880781412124634,3793,5.676109412037043,3.0095989788551636
16.880781412124634,3794,5.677113900765842,3.0106684696081767
16.880781412124634,3795,5.6781183894946405,3.01173796036119
16.880781412124634,3796,5.679122878223438,3.0128074511142033
16.880781412124634,3797,5.680127366952238,3.0138769418672164
16.880781412124634,3798,5.681131855681037,3.0149464326202295
16.880781412124634,3799,5.682136344409836,3.016015923373243
16.880781412124634,3800,5.683140833138634,3.017085414126256
16.880781412124634,3801,5.684145321867433,3.0181549048792693
16.880781412124634,3802,5.685149810596232,3.019224395632283
16.880781412124634,3803,5.686154299325031,3.020293886385296
16.880781412124634,3804,5.68715878805383,3.021363377138309
16.880781412124634,3805,5.688163276782628,3.0224328678913226
16.880781412124634,3806,5.689167765511428,3.023502358644336
16.880781412124634,3807,5.690172254240227,3.024571849397349
16.880781412124634,3808,5.691176742969025,3.0256413401503623
16.880781412124634,3809,5.692181231697824,3.026710830903376
16.880781412124634,3810,5.693185720426623,3.0277803216563886
16.880781412124634,3811,5.694190209155423,3.028849812409402
16.880781412124634,3812,5.6951946978842205,3.029919303162415
16.880781412124634,3813,5.69619918661302,3.0309887939154283
16.880781412124634,3814,5.697203675341819,3.032058284668442
16.880781412124634,3815,5.698208164070618,3.033127775421455
16.880781412124634,3816,5.6992126527994165,3.0341972661744685
16.880781412124634,3817,5.700217141528215,3.0352667569274816
16.880781412124634,3818,5.701221630257014,3.036336247680495
16.880781412124634,3819,5.702226118985813,3.037405738433508
16.880781412124634,3820,5.703230607714612,3.0384752291865214
16.880781412124634,3821,5.704235096443411,3.0395447199395345
16.880781412124634,3822,5.70523958517221,3.040614210692548
16.880781412124634,3823,5.706244073901009,3.041683701445561
16.880781412124634,3824,5.7072485626298075,3.042753192198574
16.880781412124634,3825,5.708253051358606,3.0438226829515878
16.880781412124634,3826,5.709257540087405,3.044892173704601
16.880781412124634,3827,5.710262028816204,3.0459616644576144
16.880781412124634,3828,5.711266517545003,3.047031155210627
16.880781412124634,3829,5.712271006273802,3.0481006459636406
16.880781412124634,3830,5.7132754950026,3.0491701367166537
16.880781412124634,3831,5.7142799837314,3.0502396274696673
16.880781412124634,3832,5.715284472460198,3.0513091182226804
16.880781412124634,3833,5.716288961188997,3.052378608975694
16.880781412124634,3834,5.717293449917796,3.0534480997287066
16.880781412124634,3835,5.718297938646595,3.05451759048172
16.880781412124634,3836,5.7193024273753945,3.0555870812347337
16.880781412124634,3837,5.720306916104192,3.0566565719877468
16.880781412124634,3838,5.721311404832992,3.05772606274076
16.880781412124634,3839,5.72231589356179,3.058795553493773
16.880781412124634,3840,5.72332038229059,3.0598650442467865
16.880781412124634,3841,5.724324871019388,3.0609345349997996
16.880781412124634,3842,5.725329359748187,3.062004025752813
16.880781412124634,3843,5.726333848476986,3.063073516505826
16.880781412124634,3844,5.727338337205785,3.0641430072588394
16.880781412124634,3845,5.728342825934583,3.0652124980118525
16.880781412124634,3846,5.729347314663382,3.066281988764866
16.880781412124634,3847,5.730351803392182,3.0673514795178796
16.880781412124634,3848,5.73135629212098,3.0684209702708927
16.880781412124634,3849,5.732360780849779,3.069490461023906
16.880781412124634,3850,5.733365269578578,3.070559951776919
16.880781412124634,3851,5.734369758307377,3.0716294425299324
16.880781412124634,3852,5.735374247036177,3.0726989332829455
16.880781412124634,3853,5.7363787357649745,3.0737684240359586
16.880781412124634,3854,5.737383224493773,3.074837914788972
16.880781412124634,3855,5.738387713222572,3.0759074055419853
16.880781412124634,3856,5.739392201951372,3.0769768962949984
16.880781412124634,3857,5.7403966906801696,3.078046387048012
16.880781412124634,3858,5.741401179408969,3.0791158778010255
16.880781412124634,3859,5.742405668137767,3.080185368554038
16.880781412124634,3860,5.743410156866567,3.0812548593070517
16.880781412124634,3861,5.7444146455953655,3.0823243500600648
16.880781412124634,3862,5.745419134324164,3.083393840813078
16.880781412124634,3863,5.746423623052963,3.084463331566091
16.880781412124634,3864,5.747428111781762,3.0855328223191045
16.880781412124634,3865,5.7484326005105615,3.086602313072118
16.880781412124634,3866,5.749437089239359,3.087671803825131
16.880781412124634,3867,5.750441577968158,3.0887412945781447
16.880781412124634,3868,5.751446066696958,3.0898107853311574
16.880781412124634,3869,5.752450555425757,3.090880276084171
16.880781412124634,3870,5.753455044154555,3.091949766837184
16.880781412124634,3871,5.754459532883354,3.0930192575901976
16.880781412124634,3872,5.755464021612153,3.0940887483432107
16.880781412124634,3873,5.756468510340952,3.095158239096224
16.880781412124634,3874,5.757472999069751,3.096227729849237
16.880781412124634,3875,5.758477487798549,3.0972972206022504
16.880781412124634,3876,5.759481976527349,3.0983667113552635
16.880781412124634,3877,5.760486465256148,3.0994362021082766
16.880781412124634,3878,5.761490953984946,3.10050569286129
16.880781412124634,3879,5.762495442713744,3.1015751836143033
16.880781412124634,3880,5.763499931442544,3.102644674367317
16.880781412124634,3881,5.764504420171343,3.10371416512033
16.880781412124634,3882,5.7655089089001414,3.1047836558733435
16.880781412124634,3883,5.766513397628941,3.105853146626356
16.880781412124634,3884,5.767517886357739,3.1069226373793697
16.880781412124634,3885,5.768522375086539,3.107992128132383
16.880781412124634,3886,5.769526863815337,3.1090616188853963
16.880781412124634,3887,5.770531352544136,3.1101311096384094
16.880781412124634,3888,5.771535841272934,3.1112006003914225
16.880781412124634,3889,5.772540330001734,3.112270091144436
16.880781412124634,3890,5.7735448187305325,3.113339581897449
16.880781412124634,3891,5.774549307459331,3.1144090726504627
16.880781412124634,3892,5.77555379618813,3.1154785634034754
16.880781412124634,3893,5.776558284916929,3.116548054156489
16.880781412124634,3894,5.7775627736457285,3.117617544909502
16.880781412124634,3895,5.778567262374527,3.1186870356625156
16.880781412124634,3896,5.779571751103325,3.1197565264155287
16.880781412124634,3897,5.780576239832125,3.1208260171685422
16.880781412124634,3898,5.7815807285609235,3.121895507921555
16.880781412124634,3899,5.782585217289722,3.1229649986745684
16.880781412124634,3900,5.783589706018522,3.124034489427582
16.880781412124634,3901,5.78459419474732,3.125103980180595
16.880781412124634,3902,5.785598683476119,3.126173470933608
16.880781412124634,3903,5.786603172204918,3.1272429616866213
16.880781412124634,3904,5.787607660933717,3.128312452439635
16.880781412124634,3905,5.788612149662516,3.129381943192648
16.880781412124634,3906,5.789616638391315,3.1304514339456615
16.880781412124634,3907,5.790621127120113,3.131520924698674
16.880781412124634,3908,5.791625615848913,3.1325904154516877
16.880781412124634,3909,5.792630104577711,3.133659906204701
16.880781412124634,3910,5.79363459330651,3.1347293969577144
16.880781412124634,3911,5.794639082035308,3.1357988877107275
16.880781412124634,3912,5.795643570764108,3.136868378463741
16.880781412124634,3913,5.796648059492906,3.137937869216754
16.880781412124634,3914,5.797652548221706,3.139007359969767
16.880781412124634,3915,5.798657036950504,3.1400768507227808
16.880781412124634,3916,5.799661525679303,3.141146341475794
16.880781412124634,3917,5.800666014408103,3.142215832228807
16.880781412124634,3918,5.801670503136901,3.14328532298182
16.880781412124634,3919,5.8026749918656995,3.1443548137348336
16.880781412124634,3920,5.803679480594499,3.1454243044878467
16.880781412124634,3921,5.804683969323298,3.1464937952408603
16.880781412124634,3922,5.805688458052096,3.147563285993873
16.880781412124634,3923,5.806692946780895,3.1486327767468865
16.880781412124634,3924,5.807697435509694,3.1497022674999
16.880781412124634,3925,5.808701924238493,3.150771758252913
16.880781412124634,3926,5.809706412967292,3.151841249005926
16.880781412124634,3927,5.8107109016960905,3.1529107397589393
16.880781412124634,3928,5.811715390424889,3.153980230511953
16.880781412124634,3929,5.812719879153688,3.155049721264966
16.880781412124634,3930,5.813724367882488,3.1561192120179795
16.880781412124634,3931,5.8147288566112865,3.1571887027709926
16.880781412124634,3932,5.815733345340084,3.1582581935240057
16.880781412124634,3933,5.816737834068884,3.1593276842770193
16.880781412124634,3934,5.817742322797683,3.1603971750300324
16.880781412124634,3935,5.818746811526482,3.161466665783046
16.880781412124634,3936,5.81975130025528,3.162536156536059
16.880781412124634,3937,5.820755788984079,3.163605647289072
16.880781412124634,3938,5.821760277712878,3.1646751380420852
16.880781412124634,3939,5.8227647664416775,3.1657446287950988
16.880781412124634,3940,5.823769255170475,3.166814119548112
16.880781412124634,3941,5.824773743899275,3.167883610301125
16.880781412124634,3942,5.825778232628074,3.1689531010541385
16.880781412124634,3943,5.826782721356873,3.1700225918071516
16.880781412124634,3944,5.827787210085671,3.171092082560165
16.880781412124634,3945,5.82879169881447,3.1721615733131783
16.880781412124634,3946,5.829796187543269,3.173231064066192
16.880781412124634,3947,5.8308006762720686,3.1743005548192045
16.880781412124634,3948,5.831805165000867,3.175370045572218
16.880781412124634,3949,5.832809653729665,3.176439536325231
16.880781412124634,3950,5.833814142458465,3.1775090270782447
16.880781412124634,3951,5.834818631187264,3.1785785178312578
16.880781412124634,3952,5.835823119916062,3.179648008584271
16.880781412124634,3953,5.836827608644861,3.180717499337284
16.880781412124634,3954,5.83783209737366,3.1817869900902975
16.880781412124634,3955,5.838836586102459,3.182856480843311
16.880781412124634,3956,5.839841074831258,3.1839259715963237
16.880781412124634,3957,5.840845563560056,3.1849954623493373
16.880781412124634,3958,5.841850052288855,3.1860649531023504
16.880781412124634,3959,5.842854541017655,3.187134443855364
16.880781412124634,3960,5.843859029746453,3.188203934608377
16.880781412124634,3961,5.844863518475252,3.1892734253613906
16.880781412124634,3962,5.845868007204051,3.1903429161144032
16.880781412124634,3963,5.84687249593285,3.191412406867417
16.880781412124634,3964,5.847876984661649,3.19248189762043
16.880781412124634,3965,5.848881473390448,3.1935513883734434
16.880781412124634,3966,5.849885962119246,3.1946208791264565
16.880781412124634,3967,5.850890450848045,3.1956903698794696
16.880781412124634,3968,5.8518949395768445,3.196759860632483
16.880781412124634,3969,5.852899428305643,3.1978293513854963
16.880781412124634,3970,5.853903917034442,3.19889884213851
16.880781412124634,3971,5.854908405763241,3.1999683328915225
16.880781412124634,3972,5.8559128944920396,3.201037823644536
16.880781412124634,3973,5.856917383220839,3.202107314397549
16.880781412124634,3974,5.857921871949637,3.2031768051505627
16.880781412124634,3975,5.858926360678436,3.204246295903576
16.880781412124634,3976,5.8599308494072355,3.2053157866565893
16.880781412124634,3977,5.860935338136034,3.2063852774096024
16.880781412124634,3978,5.861939826864833,3.2074547681626155
16.880781412124634,3979,5.862944315593632,3.208524258915629
16.880781412124634,3980,5.863948804322431,3.209593749668642
16.880781412124634,3981,5.864953293051229,3.2106632404216553
16.880781412124634,3982,5.865957781780029,3.2117327311746684
16.880781412124634,3983,5.866962270508827,3.212802221927682
16.880781412124634,3984,5.867966759237626,3.213871712680695
16.880781412124634,3985,5.868971247966425,3.2149412034337086
16.880781412124634,3986,5.869975736695224,3.2160106941867213
16.880781412124634,3987,5.870980225424023,3.217080184939735
16.880781412124634,3988,5.871984714152821,3.2181496756927483
16.880781412124634,3989,5.87298920288162,3.2192191664457614
16.880781412124634,3990,5.873993691610419,3.2202886571987746
16.880781412124634,3991,5.874998180339218,3.2213581479517877
16.880781412124634,3992,5.876002669068018,3.222427638704801
16.880781412124634,3993,5.8770071577968155,3.2234971294578143
16.880781412124634,3994,5.878011646525614,3.224566620210828
16.880781412124634,3995,5.879016135254414,3.2256361109638405
16.880781412124634,3996,5.880020623983213,3.226705601716854
16.880781412124634,3997,5.8810251127120114,3.2277750924698676
16.880781412124634,3998,5.88202960144081,3.2288445832228807
16.880781412124634,3999,5.883034090169609,3.2299140739758943
16.880781412124634,4000,5.884038578898409,3.230983564728907
16.880781412124634,4001,5.8850430676272065,3.2320530554819205
16.880781412124634,4002,5.886047556356005,3.2331225462349336
16.880781412124634,4003,5.887052045084805,3.234192036987947
16.880781412124634,4004,5.888056533813604,3.23526152774096
16.880781412124634,4005,5.889061022542402,3.2363310184939733
16.880781412124634,4006,5.890065511271201,3.2374005092469864
16.880781412124634,4007,5.89107,3.23847
