Time_sec,Waypoint_Index,X,Y
5.274962902069092,0,1.6093308898190033,-1.3422664494319154
5.274962902069092,1,1.6100581401623875,-1.3413552037742398
5.274962902069092,2,1.6107853905057716,-1.3404439581165641
5.274962902069092,3,1.6115126408491558,-1.3395327124588885
5.274962902069092,4,1.61223989119254,-1.3386214668012129
5.274962902069092,5,1.6129671415359241,-1.3377102211435372
5.274962902069092,6,1.6136943918793083,-1.3367989754858616
5.274962902069092,7,1.6144216422226925,-1.335887729828186
5.274962902069092,8,1.6151488925660766,-1.3349764841705103
5.274962902069092,9,1.6158761429094608,-1.3340652385128347
5.274962902069092,10,1.616603393252845,-1.333153992855159
5.274962902069092,11,1.6173306435962291,-1.3322427471974834
5.274962902069092,12,1.6180578939396133,-1.3313315015398077
5.274962902069092,13,1.6187851442829975,-1.330420255882132
5.274962902069092,14,1.6195123946263816,-1.3295090102244564
5.274962902069092,15,1.6202396449697658,-1.3285977645667808
5.274962902069092,16,1.62096689531315,-1.3276865189091052
5.274962902069092,17,1.6216941456565341,-1.3267752732514295
5.274962902069092,18,1.6224213959999183,-1.3258640275937539
5.274962902069092,19,1.6231486463433025,-1.3249527819360782
5.274962902069092,20,1.6238758966866866,-1.3240415362784026
5.274962902069092,21,1.6246031470300708,-1.323130290620727
5.274962902069092,22,1.625330397373455,-1.3222190449630513
5.274962902069092,23,1.6260576477168391,-1.3213077993053757
5.274962902069092,24,1.6267848980602233,-1.3203965536477
5.274962902069092,25,1.6275121484036075,-1.3194853079900244
5.274962902069092,26,1.6282393987469916,-1.3185740623323488
5.274962902069092,27,1.6289666490903758,-1.317662816674673
5.274962902069092,28,1.62969389943376,-1.3167515710169972
5.274962902069092,29,1.6304211497771441,-1.3158403253593216
5.274962902069092,30,1.6311484001205283,-1.314929079701646
5.274962902069092,31,1.6318756504639125,-1.3140178340439703
5.274962902069092,32,1.6326029008072966,-1.3131065883862947
5.274962902069092,33,1.6333301511506808,-1.312195342728619
5.274962902069092,34,1.634057401494065,-1.3112840970709434
5.274962902069092,35,1.6347846518374491,-1.3103728514132678
5.274962902069092,36,1.6355119021808333,-1.3094616057555921
5.274962902069092,37,1.6362391525242177,-1.3085503600979167
5.274962902069092,38,1.6369664028676019,-1.307639114440241
5.274962902069092,39,1.6376936532109858,-1.3067278687825654
5.274962902069092,40,1.6384209035543702,-1.3058166231248898
5.274962902069092,41,1.6391481538977544,-1.3049053774672141
5.274962902069092,42,1.6398754042411385,-1.3039941318095385
5.274962902069092,43,1.6406026545845227,-1.3030828861518629
5.274962902069092,44,1.6413299049279066,-1.3021716404941872
5.274962902069092,45,1.642057155271291,-1.3012603948365116
5.274962902069092,46,1.6427844056146752,-1.300349149178836
5.274962902069092,47,1.6435116559580594,-1.2994379035211603
5.274962902069092,48,1.6442389063014435,-1.2985266578634846
5.274962902069092,49,1.6449661566448275,-1.297615412205809
5.274962902069092,50,1.6456934069882119,-1.2967041665481334
5.274962902069092,51,1.646420657331596,-1.2957929208904577
5.274962902069092,52,1.6471479076749802,-1.294881675232782
5.274962902069092,53,1.6478751580183644,-1.2939704295751064
5.274962902069092,54,1.6486024083617483,-1.2930591839174308
5.274962902069092,55,1.6493296587051327,-1.2921479382597552
5.274962902069092,56,1.6500569090485169,-1.2912366926020795
5.274962902069092,57,1.650784159391901,-1.2903254469444039
5.274962902069092,58,1.6515114097352852,-1.2894142012867282
5.274962902069092,59,1.6522386600786692,-1.2885029556290526
5.274962902069092,60,1.6529659104220535,-1.287591709971377
5.274962902069092,61,1.6536931607654377,-1.2866804643137013
5.274962902069092,62,1.6544204111088217,-1.2857692186560257
5.274962902069092,63,1.655147661452206,-1.28485797299835
5.274962902069092,64,1.65587491179559,-1.2839467273406744
5.274962902069092,65,1.6566021621389744,-1.2830354816829987
5.274962902069092,66,1.6573294124823585,-1.282124236025323
5.274962902069092,67,1.6580566628257425,-1.2812129903676475
5.274962902069092,68,1.6587839131691269,-1.2803017447099718
5.274962902069092,69,1.6595111635125108,-1.2793904990522962
5.274962902069092,70,1.6602384138558952,-1.2784792533946205
5.274962902069092,71,1.6609656641992794,-1.277568007736945
5.274962902069092,72,1.6616929145426635,-1.2766567620792693
5.274962902069092,73,1.6624201648860477,-1.2757455164215936
5.274962902069092,74,1.6631474152294317,-1.274834270763918
5.274962902069092,75,1.663874665572816,-1.2739230251062423
5.274962902069092,76,1.6646019159162002,-1.2730117794485665
5.274962902069092,77,1.6653291662595842,-1.272100533790891
5.274962902069092,78,1.6660564166029685,-1.2711892881332152
5.274962902069092,79,1.6667836669463525,-1.2702780424755398
5.274962902069092,80,1.6675109172897369,-1.269366796817864
5.274962902069092,81,1.668238167633121,-1.2684555511601885
5.274962902069092,82,1.668965417976505,-1.2675443055025126
5.274962902069092,83,1.6696926683198894,-1.2666330598448372
5.274962902069092,84,1.6704199186632733,-1.2657218141871613
5.274962902069092,85,1.6711471690066577,-1.2648105685294857
5.274962902069092,86,1.6718744193500419,-1.26389932287181
5.274962902069092,87,1.6726016696934258,-1.2629880772141344
5.274962902069092,88,1.6733289200368104,-1.262076831556459
5.274962902069092,89,1.6740561703801944,-1.2611655858987834
5.274962902069092,90,1.6747834207235788,-1.2602543402411077
5.274962902069092,91,1.6755106710669627,-1.259343094583432
5.274962902069092,92,1.676237921410347,-1.2584318489257564
5.274962902069092,93,1.6769651717537313,-1.2575206032680808
5.274962902069092,94,1.6776924220971152,-1.2566093576104052
5.274962902069092,95,1.6784196724404996,-1.2556981119527295
5.274962902069092,96,1.6791469227838838,-1.2547868662950539
5.274962902069092,97,1.679874173127268,-1.2538756206373782
5.274962902069092,98,1.6806014234706521,-1.2529643749797026
5.274962902069092,99,1.681328673814036,-1.252053129322027
5.274962902069092,100,1.6820559241574204,-1.2511418836643513
5.274962902069092,101,1.6827831745008046,-1.2502306380066757
5.274962902069092,102,1.6835104248441888,-1.249319392349
5.274962902069092,103,1.684237675187573,-1.2484081466913244
5.274962902069092,104,1.684964925530957,-1.2474969010336487
5.274962902069092,105,1.6856921758743413,-1.246585655375973
5.274962902069092,106,1.6864194262177254,-1.2456744097182975
5.274962902069092,107,1.6871466765611094,-1.2447631640606218
5.274962902069092,108,1.6878739269044938,-1.2438519184029462
5.274962902069092,109,1.6886011772478777,-1.2429406727452705
5.274962902069092,110,1.6893284275912621,-1.242029427087595
5.274962902069092,111,1.6900556779346463,-1.2411181814299193
5.274962902069092,112,1.6907829282780305,-1.2402069357722436
5.274962902069092,113,1.6915101786214146,-1.239295690114568
5.274962902069092,114,1.6922374289647986,-1.2383844444568923
5.274962902069092,115,1.692964679308183,-1.2374731987992167
5.274962902069092,116,1.6936919296515671,-1.236561953141541
5.274962902069092,117,1.6944191799949513,-1.2356507074838654
5.274962902069092,118,1.6951464303383355,-1.2347394618261898
5.274962902069092,119,1.6958736806817194,-1.2338282161685141
5.274962902069092,120,1.6966009310251038,-1.2329169705108385
5.274962902069092,121,1.697328181368488,-1.2320057248531628
5.274962902069092,122,1.698055431711872,-1.2310944791954872
5.274962902069092,123,1.6987826820552563,-1.2301832335378116
5.274962902069092,124,1.6995099323986402,-1.229271987880136
5.274962902069092,125,1.7002371827420246,-1.2283607422224603
5.274962902069092,126,1.7009644330854088,-1.2274494965647846
5.274962902069092,127,1.701691683428793,-1.226538250907109
5.274962902069092,128,1.7024189337721771,-1.2256270052494334
5.274962902069092,129,1.703146184115561,-1.2247157595917577
5.274962902069092,130,1.7038734344589455,-1.223804513934082
5.274962902069092,131,1.7046006848023296,-1.2228932682764064
5.274962902069092,132,1.7053279351457138,-1.2219820226187306
5.274962902069092,133,1.706055185489098,-1.2210707769610551
5.274962902069092,134,1.706782435832482,-1.2201595313033793
5.274962902069092,135,1.7075096861758663,-1.2192482856457039
5.274962902069092,136,1.7082369365192505,-1.218337039988028
5.274962902069092,137,1.7089641868626346,-1.2174257943303526
5.274962902069092,138,1.7096914372060188,-1.2165145486726767
5.274962902069092,139,1.710418687549403,-1.2156033030150013
5.274962902069092,140,1.7111459378927871,-1.2146920573573254
5.274962902069092,141,1.7118731882361713,-1.21378081169965
5.274962902069092,142,1.7126004385795555,-1.2128695660419742
5.274962902069092,143,1.7133276889229396,-1.2119583203842987
5.274962902069092,144,1.7140549392663238,-1.2110470747266229
5.274962902069092,145,1.7147821896097077,-1.2101358290689472
5.274962902069092,146,1.7155094399530921,-1.2092245834112716
5.274962902069092,147,1.716236690296476,-1.208313337753596
5.274962902069092,148,1.7169639406398605,-1.2074020920959203
5.274962902069092,149,1.7176911909832444,-1.2064908464382447
5.274962902069092,150,1.7184184413266288,-1.205579600780569
5.274962902069092,151,1.719145691670013,-1.2046683551228934
5.274962902069092,152,1.719872942013397,-1.2037571094652177
5.274962902069092,153,1.7206001923567813,-1.202845863807542
5.274962902069092,154,1.7213274427001652,-1.2019346181498665
5.274962902069092,155,1.7220546930435496,-1.2010233724921908
5.274962902069092,156,1.7227819433869338,-1.2001121268345152
5.274962902069092,157,1.7235091937303177,-1.1992008811768395
5.274962902069092,158,1.7242364440737021,-1.198289635519164
5.274962902069092,159,1.7249636944170863,-1.1973783898614883
5.274962902069092,160,1.7256909447604705,-1.1964671442038126
5.274962902069092,161,1.7264181951038546,-1.195555898546137
5.274962902069092,162,1.7271454454472386,-1.1946446528884613
5.274962902069092,163,1.727872695790623,-1.1937334072307857
5.274962902069092,164,1.7285999461340071,-1.19282216157311
5.274962902069092,165,1.7293271964773913,-1.1919109159154344
5.274962902069092,166,1.7300544468207755,-1.1909996702577588
5.274962902069092,167,1.7307816971641596,-1.1900884246000831
5.274962902069092,168,1.7315089475075438,-1.1891771789424075
5.274962902069092,169,1.732236197850928,-1.1882659332847318
5.274962902069092,170,1.7329634481943121,-1.1873546876270562
5.274962902069092,171,1.7336906985376963,-1.1864434419693806
5.274962902069092,172,1.7344179488810805,-1.185532196311705
5.274962902069092,173,1.7351451992244646,-1.1846209506540293
5.274962902069092,174,1.7358724495678488,-1.1837097049963536
5.274962902069092,175,1.736599699911233,-1.182798459338678
5.274962902069092,176,1.7373269502546171,-1.1818872136810024
5.274962902069092,177,1.7380542005980013,-1.1809759680233267
5.274962902069092,178,1.7387814509413855,-1.180064722365651
5.274962902069092,179,1.7395087012847696,-1.1791534767079754
5.274962902069092,180,1.7402359516281538,-1.1782422310502998
5.274962902069092,181,1.740963201971538,-1.1773309853926242
5.274962902069092,182,1.7416904523149221,-1.1764197397349485
5.274962902069092,183,1.7424177026583063,-1.1755084940772729
5.274962902069092,184,1.7431449530016905,-1.1745972484195972
5.274962902069092,185,1.7438722033450746,-1.1736860027619216
5.274962902069092,186,1.7445994536884588,-1.172774757104246
5.274962902069092,187,1.745326704031843,-1.1718635114465703
5.274962902069092,188,1.7460539543752271,-1.1709522657888947
5.274962902069092,189,1.7467812047186113,-1.170041020131219
5.274962902069092,190,1.7475084550619955,-1.1691297744735434
5.274962902069092,191,1.7482357054053796,-1.1682185288158677
5.274962902069092,192,1.7489629557487638,-1.167307283158192
5.274962902069092,193,1.749690206092148,-1.1663960375005165
5.274962902069092,194,1.7504174564355321,-1.1654847918428408
5.274962902069092,195,1.7511447067789163,-1.1645735461851652
5.274962902069092,196,1.7518719571223005,-1.1636623005274895
5.274962902069092,197,1.7525992074656846,-1.162751054869814
5.274962902069092,198,1.7533264578090688,-1.1618398092121383
5.274962902069092,199,1.754053708152453,-1.1609285635544626
5.274962902069092,200,1.7547809584958372,-1.160017317896787
5.274962902069092,201,1.7555082088392213,-1.1591060722391113
5.274962902069092,202,1.7562354591826055,-1.1581948265814357
5.274962902069092,203,1.7569627095259897,-1.15728358092376
5.274962902069092,204,1.7576899598693738,-1.1563723352660844
5.274962902069092,205,1.758417210212758,-1.1554610896084088
5.274962902069092,206,1.7591444605561422,-1.1545498439507331
5.274962902069092,207,1.7598717108995265,-1.1536385982930575
5.274962902069092,208,1.7605989612429105,-1.1527273526353818
5.274962902069092,209,1.7613262115862949,-1.1518161069777064
5.274962902069092,210,1.762053461929679,-1.1509048613200306
5.274962902069092,211,1.7627807122730632,-1.1499936156623551
5.274962902069092,212,1.7635079626164474,-1.1490823700046793
5.274962902069092,213,1.7642352129598315,-1.1481711243470039
5.274962902069092,214,1.7649624633032157,-1.147259878689328
5.274962902069092,215,1.7656897136465999,-1.1463486330316526
5.274962902069092,216,1.766416963989984,-1.1454373873739767
5.274962902069092,217,1.7671442143333682,-1.144526141716301
5.274962902069092,218,1.7678714646767524,-1.1436148960586254
5.274962902069092,219,1.7685987150201365,-1.1427036504009498
5.274962902069092,220,1.7693259653635207,-1.1417924047432741
5.274962902069092,221,1.7700532157069049,-1.1408811590855985
5.274962902069092,222,1.770780466050289,-1.1399699134279229
5.274962902069092,223,1.7715077163936732,-1.1390586677702472
5.274962902069092,224,1.7722349667370576,-1.1381474221125716
5.274962902069092,225,1.7729622170804415,-1.137236176454896
5.274962902069092,226,1.7736894674238257,-1.1363249307972203
5.274962902069092,227,1.7744167177672099,-1.1354136851395447
5.274962902069092,228,1.775143968110594,-1.134502439481869
5.274962902069092,229,1.7758712184539784,-1.1335911938241934
5.274962902069092,230,1.7765984687973626,-1.1326799481665177
5.274962902069092,231,1.7773257191407466,-1.131768702508842
5.274962902069092,232,1.7780529694841307,-1.1308574568511665
5.274962902069092,233,1.7787802198275149,-1.1299462111934908
5.274962902069092,234,1.7795074701708993,-1.1290349655358152
5.274962902069092,235,1.7802347205142834,-1.1281237198781395
5.274962902069092,236,1.7809619708576674,-1.127212474220464
5.274962902069092,237,1.7816892212010516,-1.1263012285627882
5.274962902069092,238,1.782416471544436,-1.1253899829051126
5.274962902069092,239,1.78314372188782,-1.124478737247437
5.274962902069092,240,1.783870972231204,-1.1235674915897613
5.274962902069092,241,1.7845982225745882,-1.1226562459320857
5.274962902069092,242,1.7853254729179722,-1.12174500027441
5.274962902069092,243,1.7860527232613566,-1.1208337546167344
5.274962902069092,244,1.7867799736047407,-1.1199225089590588
5.274962902069092,245,1.787507223948125,-1.1190112633013831
5.274962902069092,246,1.788234474291509,-1.1181000176437075
5.274962902069092,247,1.7889617246348932,-1.1171887719860318
5.274962902069092,248,1.7896889749782774,-1.1162775263283562
5.274962902069092,249,1.7904162253216616,-1.1153662806706806
5.274962902069092,250,1.7911434756650457,-1.114455035013005
5.274962902069092,251,1.79187072600843,-1.1135437893553293
5.274962902069092,252,1.792597976351814,-1.1126325436976536
5.274962902069092,253,1.7933252266951982,-1.111721298039978
5.274962902069092,254,1.7940524770385826,-1.1108100523823023
5.274962902069092,255,1.7947797273819666,-1.1098988067246267
5.274962902069092,256,1.7955069777253505,-1.108987561066951
5.274962902069092,257,1.796234228068735,-1.1080763154092754
5.274962902069092,258,1.796961478412119,-1.1071650697515998
5.274962902069092,259,1.7976887287555035,-1.1062538240939241
5.274962902069092,260,1.7984159790988874,-1.1053425784362485
5.274962902069092,261,1.7991432294422718,-1.1044313327785726
5.274962902069092,262,1.7998704797856557,-1.1035200871208972
5.274962902069092,263,1.80059773012904,-1.1026088414632214
5.274962902069092,264,1.8013249804724243,-1.101697595805546
5.274962902069092,265,1.8020522308158082,-1.10078635014787
5.274962902069092,266,1.8027794811591926,-1.0998751044901947
5.274962902069092,267,1.8035067315025768,-1.0989638588325188
5.274962902069092,268,1.8042339818459607,-1.0980526131748434
5.274962902069092,269,1.8049612321893451,-1.0971413675171675
5.274962902069092,270,1.805688482532729,-1.096230121859492
5.274962902069092,271,1.8064157328761135,-1.0953188762018162
5.274962902069092,272,1.8071429832194976,-1.0944076305441408
5.274962902069092,273,1.8078702335628816,-1.093496384886465
5.274962902069092,274,1.808597483906266,-1.0925851392287895
5.274962902069092,275,1.80932473424965,-1.0916738935711137
5.274962902069092,276,1.8100519845930343,-1.0907626479134382
5.274962902069092,277,1.8107792349364185,-1.0898514022557624
5.274962902069092,278,1.8115064852798026,-1.088940156598087
5.274962902069092,279,1.8122337356231868,-1.088028910940411
5.274962902069092,280,1.8129609859665707,-1.0871176652827357
5.274962902069092,281,1.8136882363099551,-1.0862064196250598
5.274962902069092,282,1.8144154866533393,-1.0852951739673844
5.274962902069092,283,1.8151427369967235,-1.0843839283097085
5.274962902069092,284,1.8158699873401076,-1.0834726826520331
5.274962902069092,285,1.8165972376834916,-1.0825614369943573
5.274962902069092,286,1.817324488026876,-1.0816501913366818
5.274962902069092,287,1.8180517383702601,-1.080738945679006
5.274962902069092,288,1.8187789887136443,-1.0798277000213305
5.274962902069092,289,1.8195062390570285,-1.078916454363655
5.274962902069092,290,1.8202334894004124,-1.0780052087059793
5.274962902069092,291,1.8209607397437968,-1.0770939630483036
5.274962902069092,292,1.8216879900871807,-1.076182717390628
5.274962902069092,293,1.8224152404305651,-1.0752714717329523
5.274962902069092,294,1.8231424907739493,-1.0743602260752767
5.274962902069092,295,1.8238697411173335,-1.073448980417601
5.274962902069092,296,1.8245969914607176,-1.0725377347599254
5.274962902069092,297,1.8253242418041016,-1.0716264891022496
5.274962902069092,298,1.826051492147486,-1.0707152434445741
5.274962902069092,299,1.8267787424908701,-1.0698039977868983
5.274962902069092,300,1.8275059928342543,-1.0688927521292229
5.274962902069092,301,1.8282332431776385,-1.067981506471547
5.274962902069092,302,1.8289604935210224,-1.0670702608138716
5.274962902069092,303,1.8296877438644068,-1.0661590151561957
5.274962902069092,304,1.830414994207791,-1.0652477694985203
5.274962902069092,305,1.8311422445511751,-1.0643365238408444
5.274962902069092,306,1.8318694948945593,-1.063425278183169
5.274962902069092,307,1.8325967452379432,-1.0625140325254931
5.274962902069092,308,1.8333239955813276,-1.0616027868678177
5.274962902069092,309,1.8340512459247118,-1.0606915412101419
5.274962902069092,310,1.834778496268096,-1.0597802955524664
5.274962902069092,311,1.8355057466114801,-1.0588690498947906
5.274962902069092,312,1.8362329969548643,-1.0579578042371152
5.274962902069092,313,1.8369602472982485,-1.0570465585794393
5.274962902069092,314,1.8376874976416326,-1.0561353129217639
5.274962902069092,315,1.8384147479850168,-1.055224067264088
5.274962902069092,316,1.839141998328401,-1.0543128216064126
5.274962902069092,317,1.8398692486717851,-1.0534015759487367
5.274962902069092,318,1.8405964990151693,-1.0524903302910613
5.274962902069092,319,1.8413237493585535,-1.0515790846333855
5.274962902069092,320,1.8420509997019376,-1.05066783897571
5.274962902069092,321,1.8427782500453218,-1.0497565933180342
5.274962902069092,322,1.843505500388706,-1.0488453476603588
5.274962902069092,323,1.8442327507320901,-1.0479341020026829
5.274962902069092,324,1.8449600010754743,-1.0470228563450075
5.274962902069092,325,1.8456872514188585,-1.0461116106873316
5.274962902069092,326,1.8464145017622426,-1.0452003650296562
5.274962902069092,327,1.8471417521056268,-1.0442891193719803
5.274962902069092,328,1.847869002449011,-1.043377873714305
5.274962902069092,329,1.8485962527923951,-1.042466628056629
5.274962902069092,330,1.8493235031357793,-1.0415553823989536
5.274962902069092,331,1.8500507534791635,-1.0406441367412778
5.274962902069092,332,1.8507780038225476,-1.0397328910836023
5.274962902069092,333,1.8515052541659318,-1.0388216454259265
5.274962902069092,334,1.852232504509316,-1.037910399768251
5.274962902069092,335,1.8529597548527001,-1.0369991541105752
5.274962902069092,336,1.8536870051960843,-1.0360879084528998
5.274962902069092,337,1.8544142555394685,-1.035176662795224
5.274962902069092,338,1.8551415058828526,-1.0342654171375485
5.274962902069092,339,1.8558687562262368,-1.0333541714798726
5.274962902069092,340,1.856596006569621,-1.032442925822197
5.274962902069092,341,1.8573232569130051,-1.0315316801645213
5.274962902069092,342,1.8580505072563893,-1.0306204345068457
5.274962902069092,343,1.8587777575997735,-1.02970918884917
5.274962902069092,344,1.8595050079431577,-1.0287979431914944
5.274962902069092,345,1.8602322582865418,-1.0278866975338188
5.274962902069092,346,1.8609595086299262,-1.0269754518761431
5.274962902069092,347,1.8616867589733102,-1.0260642062184675
5.274962902069092,348,1.8624140093166943,-1.0251529605607919
5.274962902069092,349,1.8631412596600785,-1.0242417149031162
5.274962902069092,350,1.8638685100034627,-1.0233304692454406
5.274962902069092,351,1.864595760346847,-1.022419223587765
5.274962902069092,352,1.865323010690231,-1.0215079779300893
5.274962902069092,353,1.8660502610336152,-1.0205967322724137
5.274962902069092,354,1.8667775113769993,-1.019685486614738
5.274962902069092,355,1.8675047617203835,-1.0187742409570624
5.274962902069092,356,1.8682320120637677,-1.0178629952993867
5.274962902069092,357,1.8689592624071518,-1.016951749641711
5.274962902069092,358,1.869686512750536,-1.0160405039840354
5.274962902069092,359,1.8704137630939202,-1.0151292583263598
5.274962902069092,360,1.8711410134373043,-1.0142180126686842
5.274962902069092,361,1.8718682637806885,-1.0133067670110085
5.274962902069092,362,1.8725955141240727,-1.0123955213533329
5.274962902069092,363,1.873322764467457,-1.0114842756956572
5.274962902069092,364,1.874050014810841,-1.0105730300379816
5.274962902069092,365,1.8747772651542252,-1.009661784380306
5.274962902069092,366,1.8755045154976093,-1.0087505387226303
5.274962902069092,367,1.8762317658409935,-1.0078392930649547
5.274962902069092,368,1.8769590161843779,-1.006928047407279
5.274962902069092,369,1.8776862665277618,-1.0060168017496034
5.274962902069092,370,1.878413516871146,-1.0051055560919278
5.274962902069092,371,1.8791407672145302,-1.0041943104342521
5.274962902069092,372,1.8798680175579143,-1.0032830647765765
5.274962902069092,373,1.8805952679012987,-1.0023718191189008
5.274962902069092,374,1.8813225182446827,-1.0014605734612252
5.274962902069092,375,1.882049768588067,-1.0005493278035495
5.274962902069092,376,1.882777018931451,-0.9996380821458739
5.274962902069092,377,1.8835042692748352,-0.9987268364881983
5.274962902069092,378,1.8842315196182196,-0.9978155908305226
5.274962902069092,379,1.8849587699616035,-0.996904345172847
5.274962902069092,380,1.8856860203049879,-0.9959930995151713
5.274962902069092,381,1.8864132706483718,-0.9950818538574957
5.274962902069092,382,1.887140520991756,-0.9941706081998201
5.274962902069092,383,1.8878677713351404,-0.9932593625421444
5.274962902069092,384,1.8885950216785243,-0.9923481168844688
5.274962902069092,385,1.8893222720219087,-0.9914368712267931
5.274962902069092,386,1.8900495223652929,-0.9905256255691175
5.274962902069092,387,1.8907767727086768,-0.9896143799114419
5.274962902069092,388,1.8915040230520612,-0.9887031342537662
5.274962902069092,389,1.8922312733954452,-0.9877918885960906
5.274962902069092,390,1.8929585237388296,-0.9868806429384149
5.274962902069092,391,1.8936857740822137,-0.9859693972807393
5.274962902069092,392,1.894413024425598,-0.9850581516230636
5.274962902069092,393,1.895140274768982,-0.984146905965388
5.274962902069092,394,1.895867525112366,-0.9832356603077124
5.274962902069092,395,1.8965947754557504,-0.9823244146500367
5.274962902069092,396,1.8973220257991346,-0.9814131689923611
5.274962902069092,397,1.8980492761425187,-0.9805019233346854
5.274962902069092,398,1.898776526485903,-0.9795906776770098
5.274962902069092,399,1.8995037768292868,-0.9786794320193342
5.274962902069092,400,1.9002310271726712,-0.9777681863616585
5.274962902069092,401,1.9009582775160554,-0.9768569407039829
5.274962902069092,402,1.9016855278594396,-0.9759456950463072
5.274962902069092,403,1.9024127782028237,-0.9750344493886316
5.274962902069092,404,1.9031400285462077,-0.974123203730956
5.274962902069092,405,1.903867278889592,-0.9732119580732803
5.274962902069092,406,1.9045945292329762,-0.9723007124156047
5.274962902069092,407,1.9053217795763604,-0.971389466757929
5.274962902069092,408,1.9060490299197446,-0.9704782211002534
5.274962902069092,409,1.906776280263129,-0.9695669754425777
5.274962902069092,410,1.907503530606513,-0.9686557297849021
5.274962902069092,411,1.908230780949897,-0.9677444841272265
5.274962902069092,412,1.9089580312932812,-0.9668332384695508
5.274962902069092,413,1.9096852816366654,-0.9659219928118752
5.274962902069092,414,1.9104125319800498,-0.9650107471541995
5.274962902069092,415,1.9111397823234337,-0.9640995014965239
5.274962902069092,416,1.911867032666818,-0.9631882558388483
5.274962902069092,417,1.912594283010202,-0.9622770101811726
5.274962902069092,418,1.9133215333535862,-0.961365764523497
5.274962902069092,419,1.9140487836969704,-0.9604545188658213
5.274962902069092,420,1.9147760340403546,-0.9595432732081457
5.274962902069092,421,1.9155032843837385,-0.9586320275504701
5.274962902069092,422,1.916230534727123,-0.9577207818927944
5.274962902069092,423,1.916957785070507,-0.9568095362351188
5.274962902069092,424,1.9176850354138912,-0.9558982905774431
5.274962902069092,425,1.9184122857572754,-0.9549870449197675
5.274962902069092,426,1.9191395361006598,-0.9540757992620919
5.274962902069092,427,1.9198667864440437,-0.9531645536044162
5.274962902069092,428,1.920594036787428,-0.9522533079467406
5.274962902069092,429,1.921321287130812,-0.9513420622890649
5.274962902069092,430,1.9220485374741962,-0.9504308166313893
5.274962902069092,431,1.9227757878175806,-0.9495195709737136
5.274962902069092,432,1.9235030381609646,-0.948608325316038
5.274962902069092,433,1.9242302885043487,-0.9476970796583623
5.274962902069092,434,1.924957538847733,-0.9467858340006866
5.274962902069092,435,1.925684789191117,-0.945874588343011
5.274962902069092,436,1.9264120395345015,-0.9449633426853353
5.274962902069092,437,1.9271392898778854,-0.9440520970276597
5.274962902069092,438,1.9278665402212696,-0.943140851369984
5.274962902069092,439,1.9285937905646537,-0.9422296057123084
5.274962902069092,440,1.929321040908038,-0.9413183600546328
5.274962902069092,441,1.9300482912514223,-0.9404071143969571
5.274962902069092,442,1.9307755415948062,-0.9394958687392815
5.274962902069092,443,1.9315027919381906,-0.9385846230816058
5.274962902069092,444,1.9322300422815746,-0.9376733774239302
5.274962902069092,445,1.9329572926249587,-0.9367621317662546
5.274962902069092,446,1.9336845429683431,-0.9358508861085789
5.274962902069092,447,1.934411793311727,-0.9349396404509033
5.274962902069092,448,1.9351390436551115,-0.9340283947932276
5.274962902069092,449,1.9358662939984954,-0.933117149135552
5.274962902069092,450,1.9365935443418796,-0.9322059034778764
5.274962902069092,451,1.937320794685264,-0.9312946578202007
5.274962902069092,452,1.938048045028648,-0.9303834121625251
5.274962902069092,453,1.9387752953720323,-0.9294721665048494
5.274962902069092,454,1.9395025457154165,-0.9285609208471738
5.274962902069092,455,1.9402297960588004,-0.9276496751894981
5.274962902069092,456,1.9409570464021848,-0.9267384295318225
5.274962902069092,457,1.9416842967455687,-0.9258271838741469
5.274962902069092,458,1.9424115470889531,-0.9249159382164712
5.274962902069092,459,1.9431387974323373,-0.9240046925587956
5.274962902069092,460,1.9438660477757215,-0.9230934469011199
5.274962902069092,461,1.9445932981191056,-0.9221822012434443
5.274962902069092,462,1.9453205484624896,-0.9212709555857687
5.274962902069092,463,1.946047798805874,-0.920359709928093
5.274962902069092,464,1.9467750491492581,-0.9194484642704174
5.274962902069092,465,1.9475022994926423,-0.9185372186127417
5.274962902069092,466,1.9482295498360265,-0.9176259729550661
5.274962902069092,467,1.9489568001794104,-0.9167147272973906
5.274962902069092,468,1.9496840505227948,-0.9158034816397149
5.274962902069092,469,1.950411300866179,-0.9148922359820393
5.274962902069092,470,1.9511385512095631,-0.9139809903243636
5.274962902069092,471,1.9518658015529473,-0.913069744666688
5.274962902069092,472,1.9525930518963313,-0.9121584990090124
5.274962902069092,473,1.9533203022397156,-0.9112472533513367
5.274962902069092,474,1.9540475525830998,-0.9103360076936611
5.274962902069092,475,1.954774802926484,-0.9094247620359852
5.274962902069092,476,1.9555020532698681,-0.9085135163783096
5.274962902069092,477,1.9562293036132523,-0.9076022707206339
5.274962902069092,478,1.9569565539566365,-0.9066910250629583
5.274962902069092,479,1.9576838043000206,-0.9057797794052826
5.274962902069092,480,1.9584110546434048,-0.9048685337476071
5.274962902069092,481,1.959138304986789,-0.9039572880899315
5.274962902069092,482,1.9598655553301731,-0.9030460424322558
5.274962902069092,483,1.9605928056735573,-0.9021347967745802
5.274962902069092,484,1.9613200560169413,-0.9012235511169046
5.274962902069092,485,1.9620473063603256,-0.9003123054592289
5.274962902069092,486,1.9627745567037098,-0.8994010598015533
5.274962902069092,487,1.963501807047094,-0.8984898141438776
5.274962902069092,488,1.9642290573904782,-0.897578568486202
5.274962902069092,489,1.964956307733862,-0.8966673228285263
5.274962902069092,490,1.9656835580772465,-0.8957560771708507
5.274962902069092,491,1.9664108084206307,-0.8948448315131751
5.274962902069092,492,1.9671380587640148,-0.8939335858554994
5.274962902069092,493,1.967865309107399,-0.8930223401978238
5.274962902069092,494,1.9685925594507832,-0.8921110945401481
5.274962902069092,495,1.9693198097941673,-0.8911998488824725
5.274962902069092,496,1.9700470601375515,-0.8902886032247969
5.274962902069092,497,1.9707743104809357,-0.8893773575671212
5.274962902069092,498,1.9715015608243198,-0.8884661119094456
5.274962902069092,499,1.972228811167704,-0.8875548662517699
5.274962902069092,500,1.9729560615110882,-0.8866436205940943
5.274962902069092,501,1.9729560615110882,-0.8866436205940943
5.274962902069092,502,1.9744105076971905,-0.8848220017700443
5.274962902069092,503,1.9758648448819613,-0.8830021279285966
5.274962902069092,504,1.9773190730654002,-0.8811839990697512
5.274962902069092,505,1.978773192247507,-0.8793676151935083
5.274962902069092,506,1.980227202428282,-0.8775529762998678
5.274962902069092,507,1.9816811036077258,-0.8757400823888296
5.274962902069092,508,1.983134895785837,-0.8739289334603939
5.274962902069092,509,1.9845885789626168,-0.8721195295145604
5.274962902069092,510,1.9860421531380648,-0.8703118705513294
5.274962902069092,511,1.9874956183121806,-0.868505956570701
5.274962902069092,512,1.988948974484965,-0.8667017875726748
5.274962902069092,513,1.990402221656418,-0.864899363557251
5.274962902069092,514,1.9918553598265383,-0.8630986845244296
5.274962902069092,515,1.993308388995327,-0.8612997504742105
5.274962902069092,516,1.994761309162784,-0.859502561406594
5.274962902069092,517,1.9962141203289092,-0.8577071173215797
5.274962902069092,518,1.9976668224937029,-0.8559134182191678
5.274962902069092,519,1.9991194156571643,-0.8541214640993584
5.274962902069092,520,2.000571899819294,-0.8523312549621512
5.274962902069092,521,2.002024274980092,-0.8505427908075467
5.274962902069092,522,2.003476541139558,-0.8487560716355443
5.274962902069092,523,2.004928698297693,-0.8469710974461444
5.274962902069092,524,2.0063807464544956,-0.845187868239347
5.274962902069092,525,2.0078326856099658,-0.8434063840151518
5.274962902069092,526,2.009284515764105,-0.8416266447735592
5.274962902069092,527,2.010736236916912,-0.8398486505145687
5.274962902069092,528,2.0121878490683875,-0.8380724012381808
5.274962902069092,529,2.0136393522185307,-0.8362978969443953
5.274962902069092,530,2.0150907463673424,-0.8345251376332121
5.274962902069092,531,2.016542031514822,-0.8327541233046313
5.274962902069092,532,2.01799320766097,-0.830984853958653
5.274962902069092,533,2.0194442748057866,-0.8292173295952768
5.274962902069092,534,2.0208952329492704,-0.8274515502145033
5.274962902069092,535,2.0223460820914236,-0.825687515816332
5.274962902069092,536,2.023796822232244,-0.8239252264007634
5.274962902069092,537,2.025247453371733,-0.8221646819677968
5.274962902069092,538,2.0266979755098906,-0.820405882517433
5.274962902069092,539,2.0281483886467155,-0.8186488280496713
5.274962902069092,540,2.02959869278221,-0.8168935185645122
5.274962902069092,541,2.0310488879163713,-0.8151399540619554
5.274962902069092,542,2.0324989740492008,-0.8133881345420009
5.274962902069092,543,2.0339489511806987,-0.8116380600046487
5.274962902069092,544,2.0353988193108656,-0.809889730449899
5.274962902069092,545,2.0368485784397,-0.8081431458777517
5.274962902069092,546,2.038298228567202,-0.8063983062882067
5.274962902069092,547,2.0397477696933732,-0.8046552116812643
5.274962902069092,548,2.041197201818212,-0.802913862056924
5.274962902069092,549,2.0426465249417194,-0.8011742574151863
5.274962902069092,550,2.0440957390638945,-0.799436397756051
5.274962902069092,551,2.0455448441847386,-0.7977002830795181
5.274962902069092,552,2.04699384030425,-0.7959659133855874
5.274962902069092,553,2.04844272742243,-0.7942332886742592
5.274962902069092,554,2.049891505539278,-0.7925024089455335
5.274962902069092,555,2.0513401746547943,-0.7907732741994101
5.274962902069092,556,2.052788734768979,-0.7890458844358891
5.274962902069092,557,2.054237185881832,-0.7873202396549704
5.274962902069092,558,2.0556855279933526,-0.7855963398566542
5.274962902069092,559,2.057133761103542,-0.7838741850409403
5.274962902069092,560,2.0585818852123987,-0.7821537752078289
5.274962902069092,561,2.0600299003199245,-0.7804351103573199
5.274962902069092,562,2.0614778064261183,-0.7787181904894133
5.274962902069092,563,2.0629256035309798,-0.7770030156041088
5.274962902069092,564,2.0643732916345097,-0.775289585701407
5.274962902069092,565,2.0658208707367076,-0.7735779007813075
5.274962902069092,566,2.0672683408375745,-0.7718679608438105
5.274962902069092,567,2.0687157019371085,-0.7701597658889157
5.274962902069092,568,2.0701629540353115,-0.7684533159166234
5.274962902069092,569,2.071610097132182,-0.7667486109269335
5.274962902069092,570,2.0730571312277215,-0.7650456509198458
5.274962902069092,571,2.0745040563219286,-0.7633444358953607
5.274962902069092,572,2.0759508724148046,-0.761644965853478
5.274962902069092,573,2.077397579506348,-0.7599472407941976
5.274962902069092,574,2.07884417759656,-0.7582512607175197
5.274962902069092,575,2.08029066668544,-0.7565570256234441
5.274962902069092,576,2.081737046772988,-0.7548645355119709
5.274962902069092,577,2.0831833178592043,-0.7531737903831
5.274962902069092,578,2.084629479944089,-0.7514847902368315
5.274962902069092,579,2.0860755330276417,-0.7497975350731656
5.274962902069092,580,2.087521477109863,-0.7481120248921018
5.274962902069092,581,2.088967312190752,-0.7464282596936405
5.274962902069092,582,2.0904130382703094,-0.7447462394777818
5.274962902069092,583,2.091858655348535,-0.7430659642445253
5.274962902069092,584,2.093304163425429,-0.7413874339938712
5.274962902069092,585,2.094749562500991,-0.7397106487258196
5.274962902069092,586,2.096194852575221,-0.7380356084403702
5.274962902069092,587,2.0976400336481196,-0.7363623131375233
5.274962902069092,588,2.0990851057196855,-0.7346907628172789
5.274962902069092,589,2.1005300687899213,-0.7330209574796369
5.274962902069092,590,2.101974922858823,-0.7313528971245971
5.274962902069092,591,2.103419667926395,-0.7296865817521597
5.274962902069092,592,2.104864303992634,-0.7280220113623248
5.274962902069092,593,2.1063088310575413,-0.7263591859550923
5.274962902069092,594,2.1077532491211164,-0.724698105530462
5.274962902069092,595,2.1091975581833604,-0.7230387700884343
5.274962902069092,596,2.1106417582442725,-0.7213811796290089
5.274962902069092,597,2.1120858493038526,-0.7197253341521859
5.274962902069092,598,2.113529831362101,-0.7180712336579652
5.274962902069092,599,2.1149737044190178,-0.716418878146347
5.274962902069092,600,2.116417468474602,-0.7147682676173311
5.274962902069092,601,2.1178611235288556,-0.7131194020709178
5.274962902069092,602,2.1193046695817763,-0.7114722815071067
5.274962902069092,603,2.120748106633366,-0.7098269059258979
5.274962902069092,604,2.122191434683623,-0.7081832753272918
5.274962902069092,605,2.1236346537325486,-0.7065413897112879
5.274962902069092,606,2.1250777637801423,-0.7049012490778864
5.274962902069092,607,2.1265207648264046,-0.7032628534270873
5.274962902069092,608,2.1279636568713345,-0.7016262027588905
5.274962902069092,609,2.1294064399149333,-0.6999912970732962
5.274962902069092,610,2.1308491139571997,-0.6983581363703043
5.274962902069092,611,2.1322916789981345,-0.6967267206499147
5.274962902069092,612,2.1337341350377375,-0.6950970499121275
5.274962902069092,613,2.1351764820760084,-0.6934691241569428
5.274962902069092,614,2.136618720112948,-0.6918429433843604
5.274962902069092,615,2.1380608491485558,-0.6902185075943805
5.274962902069092,616,2.1395028691828313,-0.6885958167870029
5.274962902069092,617,2.140944780215775,-0.6869748709622276
5.274962902069092,618,2.1423865822473873,-0.6853556701200548
5.274962902069092,619,2.1438282752776674,-0.6837382142604845
5.274962902069092,620,2.145269859306616,-0.6821225033835164
5.274962902069092,621,2.146711334334232,-0.6805085374891507
5.274962902069092,622,2.1481527003605168,-0.6788963165773874
5.274962902069092,623,2.1495939573854703,-0.6772858406482267
5.274962902069092,624,2.1510351054090915,-0.6756771097016683
5.274962902069092,625,2.1524761444313807,-0.6740701237377121
5.274962902069092,626,2.1539170744523384,-0.6724648827563585
5.274962902069092,627,2.155357895471964,-0.6708613867576072
5.274962902069092,628,2.156798607490258,-0.6692596357414582
5.274962902069092,629,2.15823921050722,-0.6676596297079118
5.274962902069092,630,2.15967970452285,-0.6660613686569675
5.274962902069092,631,2.1611200895371487,-0.6644648525886259
5.274962902069092,632,2.1625603655501155,-0.6628700815028865
5.274962902069092,633,2.1640005325617504,-0.6612770553997496
5.274962902069092,634,2.1654405905720537,-0.659685774279215
5.274962902069092,635,2.1668805395810247,-0.6580962381412827
5.274962902069092,636,2.1683203795886636,-0.656508446985953
5.274962902069092,637,2.169760110594972,-0.6549224008132257
5.274962902069092,638,2.1711997325999475,-0.6533380996231006
5.274962902069092,639,2.1726392456035915,-0.6517555434155781
5.274962902069092,640,2.174078649605904,-0.6501747321906578
5.274962902069092,641,2.175517944606884,-0.6485956659483401
5.274962902069092,642,2.176957130606533,-0.6470183446886246
5.274962902069092,643,2.1783962076048495,-0.6454427684115116
5.274962902069092,644,2.1798351756018346,-0.6438689371170009
5.274962902069092,645,2.1812740345974873,-0.6422968508050926
5.274962902069092,646,2.1827127845918084,-0.6407265094757867
5.274962902069092,647,2.1841514255847976,-0.6391579131290832
5.274962902069092,648,2.1855899575764552,-0.6375910617649821
5.274962902069092,649,2.1870283805667814,-0.6360259553834834
5.274962902069092,650,2.1884666945557756,-0.634462593984587
5.274962902069092,651,2.189904899543438,-0.6329009775682931
5.274962902069092,652,2.1913429955297685,-0.6313411061346017
5.274962902069092,653,2.192780982514767,-0.6297829796835125
5.274962902069092,654,2.1942188604984336,-0.6282265982150257
5.274962902069092,655,2.1956566294807685,-0.6266719617291413
5.274962902069092,656,2.1970942894617718,-0.6251190702258593
5.274962902069092,657,2.198531840441443,-0.6235679237051797
5.274962902069092,658,2.199969282419783,-0.6220185221671025
5.274962902069092,659,2.2014066153967904,-0.6204708656116277
5.274962902069092,660,2.2028438393724663,-0.6189249540387554
5.274962902069092,661,2.2042809543468103,-0.6173807874484852
5.274962902069092,662,2.2057179603198227,-0.6158383658408176
5.274962902069092,663,2.207154857291503,-0.6142976892157526
5.274962902069092,664,2.2085916452618517,-0.6127587575732896
5.274962902069092,665,2.2100283242308687,-0.6112215709134292
5.274962902069092,666,2.2114648941985537,-0.609686129236171
5.274962902069092,667,2.212901355164907,-0.6081524325415154
5.274962902069092,668,2.2143377071299284,-0.6066204808294622
5.274962902069092,669,2.215773950093618,-0.6050902741000111
5.274962902069092,670,2.2172100840559756,-0.6035618123531626
5.274962902069092,671,2.2186461090170013,-0.6020350955889167
5.274962902069092,672,2.220082024976696,-0.6005101238072729
5.274962902069092,673,2.221517831935058,-0.5989868970082315
5.274962902069092,674,2.222953529892089,-0.5974654151917925
5.274962902069092,675,2.224389118847787,-0.595945678357956
5.274962902069092,676,2.2258245988021543,-0.5944276865067218
5.274962902069092,677,2.227259969755189,-0.5929114396380902
5.274962902069092,678,2.228695231706893,-0.5913969377520608
5.274962902069092,679,2.230130384657264,-0.5898841808486338
5.274962902069092,680,2.231565428606304,-0.5883731689278092
5.274962902069092,681,2.233000363554012,-0.5868639019895869
5.274962902069092,682,2.2344351895003878,-0.5853563800339672
5.274962902069092,683,2.235869906445432,-0.5838506030609497
5.274962902069092,684,2.2373045143891446,-0.5823465710705347
5.274962902069092,685,2.238739013331525,-0.5808442840627219
5.274962902069092,686,2.240173403272574,-0.5793437420375118
5.274962902069092,687,2.2416076842122905,-0.5778449449949039
5.274962902069092,688,2.243041856150676,-0.5763478929348984
5.274962902069092,689,2.244475919087729,-0.5748525858574953
5.274962902069092,690,2.2459098730234506,-0.5733590237626947
5.274962902069092,691,2.2473437179578406,-0.5718672066504963
5.274962902069092,692,2.2487774538908982,-0.5703771345209003
5.274962902069092,693,2.2502110808226243,-0.5688888073739069
5.274962902069092,694,2.2516445987530185,-0.5674022252095157
5.274962902069092,695,2.253078007682081,-0.5659173880277271
5.274962902069092,696,2.2545113076098118,-0.5644342958285405
5.274962902069092,697,2.25594449853621,-0.5629529486119565
5.274962902069092,698,2.2573775804612772,-0.5614733463779751
5.274962902069092,699,2.258810553385013,-0.5599954891265959
5.274962902069092,700,2.260243417307416,-0.558519376857819
5.274962902069092,701,2.2616761722284875,-0.5570450095716447
5.274962902069092,702,2.2631088181482273,-0.5555723872680726
5.274962902069092,703,2.264541355066635,-0.554101509947103
5.274962902069092,704,2.2659737829837114,-0.5526323776087357
5.274962902069092,705,2.267406101899456,-0.5511649902529709
5.274962902069092,706,2.268838311813868,-0.5496993478798085
5.274962902069092,707,2.2702704127269486,-0.5482354504892483
5.274962902069092,708,2.2717024046386975,-0.5467732980812907
5.274962902069092,709,2.273134287549115,-0.5453128906559354
5.274962902069092,710,2.2745660614582004,-0.5438542282131826
5.274962902069092,711,2.2759977263659534,-0.5423973107530321
5.274962902069092,712,2.2774292822723754,-0.540942138275484
5.274962902069092,713,2.278860729177465,-0.5394887107805383
5.274962902069092,714,2.280292067081223,-0.538037028268195
5.274962902069092,715,2.281723295983649,-0.536587090738454
5.274962902069092,716,2.283154415884743,-0.5351388981913154
5.274962902069092,717,2.2845854267845063,-0.5336924506267793
5.274962902069092,718,2.286016328682937,-0.5322477480448455
5.274962902069092,719,2.2874471215800356,-0.5308047904455141
5.274962902069092,720,2.2888778054758028,-0.5293635778287852
5.274962902069092,721,2.290308380370238,-0.5279241101946586
5.274962902069092,722,2.2917388462633417,-0.5264863875431344
5.274962902069092,723,2.2931692031551134,-0.5250504098742126
5.274962902069092,724,2.294599451045553,-0.5236161771878931
5.274962902069092,725,2.296029589934661,-0.522183689484176
5.274962902069092,726,2.2974596198224373,-0.5207529467630614
5.274962902069092,727,2.298889540708882,-0.5193239490245491
5.274962902069092,728,2.3003193525939944,-0.5178966962686393
5.274962902069092,729,2.3017490554777753,-0.5164711884953318
5.274962902069092,730,2.303178649360224,-0.5150474257046267
5.274962902069092,731,2.3046081342413416,-0.513625407896524
5.274962902069092,732,2.3060375101211266,-0.5122051350710237
5.274962902069092,733,2.30746677699958,-0.5107866072281257
5.274962902069092,734,2.308895934876702,-0.5093698243678303
5.274962902069092,735,2.3103249837524915,-0.5079547864901371
5.274962902069092,736,2.31175392362695,-0.5065414935950464
5.274962902069092,737,2.313182754500076,-0.5051299456825581
5.274962902069092,738,2.3146114763718706,-0.5037201427526721
5.274962902069092,739,2.316040089242333,-0.5023120848053885
5.274962902069092,740,2.3174685931114642,-0.5009057718407073
5.274962902069092,741,2.318896987979263,-0.4995012038586285
5.274962902069092,742,2.32032527384573,-0.4980983808591521
5.274962902069092,743,2.3217534507108653,-0.4966973028422781
5.274962902069092,744,2.323181518574669,-0.49529796980800644
5.274962902069092,745,2.324609477437141,-0.4939003817563372
5.274962902069092,746,2.3260373272982804,-0.4925045386872704
5.274962902069092,747,2.327465068158089,-0.49111044060080594
5.274962902069092,748,2.3288927000165653,-0.48971808749694384
5.274962902069092,749,2.33032022287371,-0.4883274793756842
5.274962902069092,750,2.3317476367295225,-0.4869386162370269
5.274962902069092,751,2.3331749415840033,-0.485551498080972
5.274962902069092,752,2.3346021374371526,-0.4841661249075195
5.274962902069092,753,2.33602922428897,-0.4827824967166694
5.274962902069092,754,2.337456202139455,-0.4814006135084217
5.274962902069092,755,2.338883070988609,-0.48002047528277636
5.274962902069092,756,2.3403098308364303,-0.4786420820397334
5.274962902069092,757,2.3417364816829207,-0.47726543377929287
5.274962902069092,758,2.3431630235280787,-0.4758905305014547
5.274962902069092,759,2.344589456371905,-0.4745173722062189
5.274962902069092,760,2.3460157802143997,-0.47314595889358557
5.274962902069092,761,2.3474419950555623,-0.4717762905635546
5.274962902069092,762,2.3488681008953938,-0.470408367216126
5.274962902069092,763,2.350294097733893,-0.4690421888512998
5.274962902069092,764,2.3517199855710604,-0.4676777554690759
5.274962902069092,765,2.3531457644068956,-0.46631506706945447
5.274962902069092,766,2.3545714342413993,-0.4649541236524355
5.274962902069092,767,2.355996995074571,-0.4635949252180188
5.274962902069092,768,2.357422446906411,-0.4622374717662046
5.274962902069092,769,2.3588477897369193,-0.4608817632969927
5.274962902069092,770,2.360273023566096,-0.4595277998103833
5.274962902069092,771,2.3616981483939403,-0.4581755813063762
5.274962902069092,772,2.363123164220453,-0.45682510778497143
5.274962902069092,773,2.3645480710456344,-0.45547637924616924
5.274962902069092,774,2.3659728688694837,-0.45412939568996924
5.274962902069092,775,2.367397557692001,-0.45278415711637177
5.274962902069092,776,2.3688221375131864,-0.45144066352537665
5.274962902069092,777,2.37024660833304,-0.4500989149169839
5.274962902069092,778,2.371670970151562,-0.44875891129119355
5.274962902069092,779,2.373095222968752,-0.44742065264800557
5.274962902069092,780,2.3745193667846105,-0.44608413898742
5.274962902069092,781,2.375943401599137,-0.44474937030943684
5.274962902069092,782,2.3773673274123315,-0.44341634661405605
5.274962902069092,783,2.378791144224194,-0.44208506790127755
5.274962902069092,784,2.3802148520347255,-0.4407555341711016
5.274962902069092,785,2.3816384508439246,-0.439427745423528
5.274962902069092,786,2.383061940651792,-0.4381017016585568
5.274962902069092,787,2.3844853214583277,-0.43677740287618794
5.274962902069092,788,2.3859085932635313,-0.4354548490764215
5.274962902069092,789,2.3873317560674034,-0.43413404025925745
5.274962902069092,790,2.3887548098699436,-0.43281497642469585
5.274962902069092,791,2.390177754671152,-0.4314976575727366
5.274962902069092,792,2.3916005904710285,-0.4301820837033797
5.274962902069092,793,2.393023317269573,-0.42886825481662516
5.274962902069092,794,2.3944459350667864,-0.4275561709124731
5.274962902069092,795,2.395868443862667,-0.42624583199092336
5.274962902069092,796,2.397290843657217,-0.42493723805197603
5.274962902069092,797,2.3987131344504338,-0.4236303890956311
5.274962902069092,798,2.4001353162423196,-0.4223252851218886
5.274962902069092,799,2.4015573890328734,-0.42102192613074846
5.274962902069092,800,2.4029793528220953,-0.41972031212221067
5.274962902069092,801,2.4044012076099857,-0.41842044309627535
5.274962902069092,802,2.405822953396544,-0.4171223190529423
5.274962902069092,803,2.407244590181771,-0.41582593999221173
5.274962902069092,804,2.4086661179656654,-0.4145313059140835
5.274962902069092,805,2.4100875367482284,-0.41323841681855766
5.274962902069092,806,2.4115088465294594,-0.41194727270563425
5.274962902069092,807,2.412930047309359,-0.41065787357531325
5.274962902069092,808,2.4143511390879264,-0.4093702194275946
5.274962902069092,809,2.415772121865162,-0.4080843102624784
5.274962902069092,810,2.4171929956410665,-0.4068001460799645
5.274962902069092,811,2.4186137604156386,-0.40551772688005305
5.274962902069092,812,2.4200344161888783,-0.4042370526627439
5.274962902069092,813,2.421454962960787,-0.4029581234280373
5.274962902069092,814,2.4228754007313635,-0.40168093917593295
5.274962902069092,815,2.4242957295006082,-0.40040549990643104
5.274962902069092,816,2.425715949268522,-0.39913180561953154
5.274962902069092,817,2.4271360600351026,-0.3978598563152344
5.274962902069092,818,2.428556061800352,-0.3965896519935397
5.274962902069092,819,2.429975954564269,-0.3953211926544473
5.274962902069092,820,2.4313957383268554,-0.39405447829795737
5.274962902069092,821,2.4328154130881092,-0.39278950892406983
5.274962902069092,822,2.4342349788480315,-0.3915262845327846
5.274962902069092,823,2.435654435606622,-0.3902648051241019
5.274962902069092,824,2.4370737833638803,-0.3890050706980215
5.274962902069092,825,2.4384930221198067,-0.38774708125454344
5.274962902069092,826,2.4399121518744016,-0.38649083679366786
5.274962902069092,827,2.441331172627665,-0.38523633731539464
5.274962902069092,828,2.442750084379596,-0.3839835828197238
5.274962902069092,829,2.444168887130196,-0.3827325733066554
5.274962902069092,830,2.4455875808794634,-0.38148330877618924
5.274962902069092,831,2.447006165627399,-0.3802357892283257
5.274962902069092,832,2.448424641374003,-0.37899001466306437
5.274962902069092,833,2.4498430081192755,-0.37774598508040547
5.274962902069092,834,2.4512612658632156,-0.376503700480349
5.274962902069092,835,2.452679414605824,-0.3752631608628949
5.274962902069092,836,2.4540974543471012,-0.3740243662280432
5.274962902069092,837,2.455515385087046,-0.3727873165757939
5.274962902069092,838,2.456933206825659,-0.3715520119061469
5.274962902069092,839,2.4583509195629403,-0.3703184522191024
5.274962902069092,840,2.45976852329889,-0.36908663751466025
5.274962902069092,841,2.4611860180335077,-0.3678565677928205
5.274962902069092,842,2.4626034037667934,-0.36662824305358316
5.274962902069092,843,2.4640206804987472,-0.3654016632969482
5.274962902069092,844,2.46543784822937,-0.36417682852291555
5.274962902069092,845,2.4668549069586603,-0.3629537387314854
5.274962902069092,846,2.468271856686619,-0.36173239392265755
5.274962902069092,847,2.4696886974132455,-0.36051279409643217
5.274962902069092,848,2.4711054291385404,-0.35929493925280914
5.274962902069092,849,2.4725220518625033,-0.3580788293917885
5.274962902069092,850,2.4739385655851347,-0.3568644645133702
5.274962902069092,851,2.4753549703064346,-0.3556518446175544
5.274962902069092,852,2.476771266026402,-0.35444096970434097
5.274962902069092,853,2.478187452745038,-0.35323183977372996
5.274962902069092,854,2.4796035304623425,-0.35202445482572126
5.274962902069092,855,2.4810194991783145,-0.3508188148603149
5.274962902069092,856,2.482435358892955,-0.3496149198775111
5.274962902069092,857,2.4838511096062637,-0.3484127698773095
5.274962902069092,858,2.4852667513182407,-0.3472123648597104
5.274962902069092,859,2.486682284028886,-0.3460137048247137
5.274962902069092,860,2.488097707738199,-0.34481678977231933
5.274962902069092,861,2.48951302244618,-0.34362161970252736
5.274962902069092,862,2.49092822815283,-0.3424281946153378
5.274962902069092,863,2.4923433248581475,-0.34123651451075065
5.274962902069092,864,2.4937583125621336,-0.3400465793887659
5.274962902069092,865,2.495173191264788,-0.3388583892493835
5.274962902069092,866,2.49658796096611,-0.3376719440926035
5.274962902069092,867,2.4980026216661004,-0.3364872439184259
5.274962902069092,868,2.499417173364759,-0.3353042887268507
5.274962902069092,869,2.5008316160620865,-0.33412307851787787
5.274962902069092,870,2.5022459497580813,-0.3329436132915074
5.274962902069092,871,2.5036601744527447,-0.3317658930477394
5.274962902069092,872,2.5050742901460756,-0.3305899177865737
5.274962902069092,873,2.506488296838076,-0.3294156875080104
5.274962902069092,874,2.507902194528744,-0.3282432022120496
5.274962902069092,875,2.50931598321808,-0.3270724618986911
5.274962902069092,876,2.510729662906084,-0.325903466567935
5.274962902069092,877,2.512143233592756,-0.32473621621978127
5.274962902069092,878,2.5135566952780968,-0.32357071085422995
5.274962902069092,879,2.5149700479621058,-0.32240695047128104
5.274962902069092,880,2.5163832916447824,-0.3212449350709345
5.274962902069092,881,2.5177964263261274,-0.32008466465319035
5.274962902069092,882,2.519209452006141,-0.31892613921804863
5.274962902069092,883,2.5206223686848226,-0.31776935876550927
5.274962902069092,884,2.5220351763621722,-0.31661432329557226
5.274962902069092,885,2.5234478750381903,-0.3154610328082377
5.274962902069092,886,2.524860464712876,-0.3143094873035055
5.274962902069092,887,2.5262729453862303,-0.31315968678137573
5.274962902069092,888,2.5276853170582534,-0.3120116312418483
5.274962902069092,889,2.5290975797289432,-0.3108653206849233
5.274962902069092,890,2.5305097333983024,-0.30972075511060065
5.274962902069092,891,2.5319217780663292,-0.3085779345188804
5.274962902069092,892,2.5333337137330245,-0.3074368589097626
5.274962902069092,893,2.5347455403983883,-0.30629752828324713
5.274962902069092,894,2.5361572580624197,-0.30515994263933405
5.274962902069092,895,2.5375688667251195,-0.3040241019780233
5.274962902069092,896,2.5389803663864874,-0.30289000629931506
5.274962902069092,897,2.5403917570465233,-0.30175765560320916
5.274962902069092,898,2.5418030387052277,-0.3006270498897057
5.274962902069092,899,2.5432142113626,-0.29949818915880455
5.274962902069092,900,2.5446252750186407,-0.29837107341050584
5.274962902069092,901,2.54603622967335,-0.2972457026448095
5.274962902069092,902,2.547447075326727,-0.29612207686171554
5.274962902069092,903,2.548857811978772,-0.29500019606122396
5.274962902069092,904,2.5502684396294857,-0.29388006024333485
5.274962902069092,905,2.5516789582788673,-0.29276166940804804
5.274962902069092,906,2.5530893679269173,-0.2916450235553637
5.274962902069092,907,2.5544996685736345,-0.29053012268528167
5.274962902069092,908,2.555909860219021,-0.28941696679780204
5.274962902069092,909,2.5573199428630753,-0.28830555589292484
5.274962902069092,910,2.558729916505798,-0.28719588997065004
5.274962902069092,911,2.5601397811471887,-0.28608796903097755
5.274962902069092,912,2.561549536787248,-0.2849817930739076
5.274962902069092,913,2.562959183425975,-0.2838773620994399
5.274962902069092,914,2.5643687210633703,-0.2827746761075747
5.274962902069092,915,2.5657781496994336,-0.2816737350983118
5.274962902069092,916,2.567187469334165,-0.2805745390716513
5.274962902069092,917,2.5685966799675652,-0.2794770880275932
5.274962902069092,918,2.570005781599633,-0.2783813819661376
5.274962902069092,919,2.5714147742303695,-0.2772874208872843
5.274962902069092,920,2.572823657859774,-0.2761952047910333
5.274962902069092,921,2.5742324324878463,-0.2751047336773848
5.274962902069092,922,2.575641098114587,-0.2740160075463387
5.274962902069092,923,2.577049654739996,-0.27292902639789496
5.274962902069092,924,2.578458102364073,-0.2718437902320536
5.274962902069092,925,2.5798664409868186,-0.2707602990488146
5.274962902069092,926,2.581274670608232,-0.269678552848178
5.274962902069092,927,2.582682791228314,-0.26859855163014384
5.274962902069092,928,2.5840908028470637,-0.267520295394712
5.274962902069092,929,2.585498705464482,-0.26644378414188263
5.274962902069092,930,2.586906499080568,-0.2653690178716556
5.274962902069092,931,2.5883141836953225,-0.264295996584031
5.274962902069092,932,2.589721759308745,-0.26322472027900873
5.274962902069092,933,2.5911292259208363,-0.2621551889565889
5.274962902069092,934,2.592536583531595,-0.26108740261677144
5.274962902069092,935,2.5939438321410226,-0.26002136125955644
5.274962902069092,936,2.5953509717491183,-0.25895706488494374
5.274962902069092,937,2.5967580023558816,-0.25789451349293346
5.274962902069092,938,2.598164923961313,-0.2568337070835256
5.274962902069092,939,2.599571736565413,-0.25577464565672003
5.274962902069092,940,2.6009784401681815,-0.254717329212517
5.274962902069092,941,2.6023850347696174,-0.2536617577509162
5.274962902069092,942,2.6037915203697226,-0.25260793127191794
5.274962902069092,943,2.605197896968495,-0.251555849775522
5.274962902069092,944,2.606604164565936,-0.25050551326172843
5.274962902069092,945,2.608010323162045,-0.24945692173053724
5.274962902069092,946,2.6094163727568223,-0.24841007518194846
5.274962902069092,947,2.610822313350268,-0.2473649736159621
5.274962902069092,948,2.6122281449423816,-0.24632161703257813
5.274962902069092,949,2.613633867533163,-0.2452800054317965
5.274962902069092,950,2.6150394811226128,-0.2442401388136173
5.274962902069092,951,2.6164449857107317,-0.2432020171780405
5.274962902069092,952,2.6178503812975173,-0.24216564052506606
5.274962902069092,953,2.6192556678829724,-0.24113100885469402
5.274962902069092,954,2.620660845467095,-0.24009812216692436
5.274962902069092,955,2.6220659140498865,-0.23906698046175712
5.274962902069092,956,2.6234708736313452,-0.23803758373919226
5.274962902069092,957,2.6248757242114724,-0.23700993199922976
5.274962902069092,958,2.626280465790268,-0.23598402524186968
5.274962902069092,959,2.6276850983677313,-0.23495986346711198
5.274962902069092,960,2.6290896219438635,-0.2339374466749567
5.274962902069092,961,2.6304940365186638,-0.23291677486540377
5.274962902069092,962,2.631898342092132,-0.23189784803845326
5.274962902069092,963,2.6333025386642683,-0.23088066619410513
5.274962902069092,964,2.634706626235073,-0.22986522933235937
5.274962902069092,965,2.6361106048045455,-0.22885153745321604
5.274962902069092,966,2.637514474372687,-0.22783959055667508
5.274962902069092,967,2.6389182349394957,-0.2268293886427365
5.274962902069092,968,2.6403218865049736,-0.22582093171140033
5.274962902069092,969,2.641725429069119,-0.22481421976266652
5.274962902069092,970,2.643128862631933,-0.22380925279653513
5.274962902069092,971,2.644532187193415,-0.22280603081300615
5.274962902069092,972,2.645935402753565,-0.22180455381207953
5.274962902069092,973,2.647338509312383,-0.22080482179375527
5.274962902069092,974,2.64874150686987,-0.21980683475803345
5.274962902069092,975,2.6501443954260244,-0.218810592704914
5.274962902069092,976,2.651547174980847,-0.2178160956343969
5.274962902069092,977,2.652949845534338,-0.21682334354648225
5.274962902069092,978,2.6543524070864972,-0.21583233644116998
5.274962902069092,979,2.6557548596373253,-0.21484307431846011
5.274962902069092,980,2.657157203186821,-0.21385555717835258
5.274962902069092,981,2.6585594377349846,-0.21286978502084755
5.274962902069092,982,2.659961563281816,-0.21188575784594482
5.274962902069092,983,2.661363579827316,-0.21090347565364448
5.274962902069092,984,2.6627654873714848,-0.20992293844394658
5.274962902069092,985,2.6641672859143215,-0.208944146216851
5.274962902069092,986,2.665568975455826,-0.20796709897235788
5.274962902069092,987,2.6669705559959986,-0.20699179671046708
5.274962902069092,988,2.66837202753484,-0.20601823943117872
5.274962902069092,989,2.6697733900723493,-0.20504642713449273
5.274962902069092,990,2.671174643608527,-0.20407635982040914
5.274962902069092,991,2.672575788143372,-0.20310803748892792
5.274962902069092,992,2.673976823676886,-0.20214146014004913
5.274962902069092,993,2.6753777502090683,-0.2011766277737727
5.274962902069092,994,2.6767785677399187,-0.2002135403900987
5.274962902069092,995,2.678179276269437,-0.19925219798902705
5.274962902069092,996,2.6795798757976237,-0.19829260057055778
5.274962902069092,997,2.6809803663244787,-0.19733474813469093
5.274962902069092,998,2.6823807478500017,-0.19637864068142646
5.274962902069092,999,2.6837810203741927,-0.19542427821076438
5.274962902069092,1000,2.6851811838970523,-0.1944716607227047
5.274962902069092,1001,2.6865812384185794,-0.19352078821724739
5.274962902069092,1002,2.6865812384185794,-0.19352078821724739
5.274962902069092,1003,2.6879812384394413,-0.19257043820308606
5.274962902069092,1004,2.6893812384603026,-0.19161938818891433
5.274962902069092,1005,2.6907812384811645,-0.19066763817473215
5.274962902069092,1006,2.692181238502026,-0.1897151881605395
5.274962902069092,1007,2.6935812385228877,-0.18876203814633646
5.274962902069092,1008,2.694981238543749,-0.18780818813212302
5.274962902069092,1009,2.696381238564611,-0.18685363811789912
5.274962902069092,1010,2.6977812385854723,-0.18589838810366477
5.274962902069092,1011,2.6991812386063336,-0.18494243808941999
5.274962902069092,1012,2.7005812386271955,-0.1839857880751648
5.274962902069092,1013,2.701981238648057,-0.18302843806089916
5.274962902069092,1014,2.7033812386689187,-0.18207038804662312
5.274962902069092,1015,2.7047812386897805,-0.18111163803233662
5.274962902069092,1016,2.706181238710642,-0.1801521880180397
5.274962902069092,1017,2.7075812387315032,-0.17919203800373237
5.274962902069092,1018,2.708981238752366,-0.17823118798941456
5.274962902069092,1019,2.7103812387732273,-0.17726963797508638
5.274962902069092,1020,2.7117812387940883,-0.1763073879607477
5.274962902069092,1021,2.71318123881495,-0.17534443794639867
5.274962902069092,1022,2.714581238835812,-0.17438078793203915
5.274962902069092,1023,2.715981238856673,-0.17341643791766922
5.274962902069092,1024,2.717381238877535,-0.17245138790328884
5.274962902069092,1025,2.7187812388983965,-0.17148563788889806
5.274962902069092,1026,2.7201812389192583,-0.1705191878744968
5.274962902069092,1027,2.72158123894012,-0.1695520378600852
5.274962902069092,1028,2.7229812389609815,-0.16858418784566306
5.274962902069092,1029,2.724381238981843,-0.16761563783123054
5.274962902069092,1030,2.7257812390027047,-0.1666463878167876
5.274962902069092,1031,2.7271812390235666,-0.16567643780233424
5.274962902069092,1032,2.7285812390444275,-0.1647057877878704
5.274962902069092,1033,2.7299812390652893,-0.16373443777339614
5.274962902069092,1034,2.7313812390861507,-0.1627623877589115
5.274962902069092,1035,2.7327812391070125,-0.16178963774441638
5.274962902069092,1036,2.7341812391278744,-0.16081618772991085
5.274962902069092,1037,2.735581239148736,-0.15984203771539487
5.274962902069092,1038,2.7369812391695976,-0.15886718770086847
5.274962902069092,1039,2.73838123919046,-0.15789163768633172
5.274962902069092,1040,2.739781239211321,-0.15691538767178442
5.274962902069092,1041,2.7411812392321835,-0.15593843765722673
5.274962902069092,1042,2.742581239253045,-0.1549607876426586
5.274962902069092,1043,2.7439812392739062,-0.1539824376280801
5.274962902069092,1044,2.745381239294768,-0.15300338761349105
5.274962902069092,1045,2.74678123931563,-0.15202363759889168
5.274962902069092,1046,2.7481812393364913,-0.1510431875842818
5.274962902069092,1047,2.7495812393573527,-0.15006203756966155
5.274962902069092,1048,2.7509812393782145,-0.14908018755503086
5.274962902069092,1049,2.752381239399076,-0.1480976375403897
5.274962902069092,1050,2.7537812394199377,-0.14711438752573813
5.274962902069092,1051,2.7551812394407986,-0.14613043751107616
5.274962902069092,1052,2.756581239461661,-0.14514578749640372
5.274962902069092,1053,2.7579812394825223,-0.14416043748172086
5.274962902069092,1054,2.759381239503384,-0.14317438746702757
5.274962902069092,1055,2.760781239524246,-0.14218763745232385
5.274962902069092,1056,2.7621812395451077,-0.14120018743760968
5.274962902069092,1057,2.7635812395659687,-0.1402120374228851
5.274962902069092,1058,2.7649812395868305,-0.1392231874081501
5.274962902069092,1059,2.766381239607692,-0.13823363739340466
5.274962902069092,1060,2.7677812396285537,-0.13724338737864877
5.274962902069092,1061,2.7691812396494155,-0.13625243736388248
5.274962902069092,1062,2.770581239670277,-0.13526078734910574
5.274962902069092,1063,2.7719812396911387,-0.13426843733431856
5.274962902069092,1064,2.7733812397119997,-0.13327538731952093
5.274962902069092,1065,2.774781239732862,-0.13228163730471293
5.274962902069092,1066,2.7761812397537238,-0.13128718728989444
5.274962902069092,1067,2.777581239774585,-0.1302920372750656
5.274962902069092,1068,2.7789812397954465,-0.12929618726022626
5.274962902069092,1069,2.7803812398163084,-0.1282996372453765
5.274962902069092,1070,2.78178123983717,-0.12730238723051632
5.274962902069092,1071,2.7831812398580316,-0.12630443721564572
5.274962902069092,1072,2.7845812398788934,-0.12530578720076466
5.274962902069092,1073,2.7859812398997543,-0.12430643718587318
5.274962902069092,1074,2.787381239920616,-0.12330638717097127
5.274962902069092,1075,2.788781239941478,-0.12230563715605894
5.274962902069092,1076,2.7901812399623394,-0.1213041871411362
5.274962902069092,1077,2.791581239983201,-0.12030203712620299
5.274962902069092,1078,2.7929812400040626,-0.11929918711125934
5.274962902069092,1079,2.7943812400249244,-0.1182956370963053
5.274962902069092,1080,2.795781240045786,-0.1172913870813408
5.274962902069092,1081,2.797181240066648,-0.11628643706636588
5.274962902069092,1082,2.7985812400875094,-0.1152807870513805
5.274962902069092,1083,2.7999812401083712,-0.11427443703638475
5.274962902069092,1084,2.801381240129233,-0.11326738702137852
5.274962902069092,1085,2.8027812401500944,-0.11225963700636189
5.274962902069092,1086,2.8041812401709563,-0.11125118699133481
5.274962902069092,1087,2.8055812401918176,-0.11024203697629728
5.274962902069092,1088,2.8069812402126795,-0.10923218696124935
5.274962902069092,1089,2.808381240233541,-0.10822163694619098
5.274962902069092,1090,2.809781240254403,-0.10721038693112221
5.274962902069092,1091,2.8111812402752645,-0.106198436916043
5.274962902069092,1092,2.812581240296126,-0.10518578690095334
5.274962902069092,1093,2.8139812403169877,-0.10417243688585325
5.274962902069092,1094,2.815381240337849,-0.10315838687074272
5.274962902069092,1095,2.816781240358711,-0.10214363685562176
5.274962902069092,1096,2.8181812403795727,-0.10112818684049038
5.274962902069092,1097,2.819581240400434,-0.10011203682534858
5.274962902069092,1098,2.820981240421296,-0.09909518681019633
5.274962902069092,1099,2.8223812404421578,-0.09807763679503365
5.274962902069092,1100,2.823781240463019,-0.09705938677986053
5.274962902069092,1101,2.8251812404838805,-0.096040436764677
5.274962902069092,1102,2.826581240504743,-0.09502078674948303
5.274962902069092,1103,2.8279812405256037,-0.09400043673427862
5.274962902069092,1104,2.8293812405464656,-0.09297938671906378
5.274962902069092,1105,2.8307812405673274,-0.09195763670383852
5.274962902069092,1106,2.8321812405881888,-0.09093518668860283
5.274962902069092,1107,2.8335812406090506,-0.08991203667335673
5.274962902069092,1108,2.834981240629912,-0.08888818665810015
5.274962902069092,1109,2.8363812406507733,-0.08786363664283317
5.274962902069092,1110,2.8377812406716356,-0.08683838662755576
5.274962902069092,1111,2.839181240692497,-0.08581243661226792
5.274962902069092,1112,2.840581240713358,-0.08478578659696964
5.274962902069092,1113,2.8419812407342206,-0.08375843658166092
5.274962902069092,1114,2.8433812407550816,-0.0827303865663418
5.274962902069092,1115,2.8447812407759434,-0.08170163655101222
5.274962902069092,1116,2.8461812407968052,-0.08067218653567222
5.274962902069092,1117,2.8475812408176666,-0.07964203652032176
5.274962902069092,1118,2.848981240838528,-0.0786111865049609
5.274962902069092,1119,2.85038124085939,-0.07757963648958963
5.274962902069092,1120,2.8517812408802516,-0.0765473864742079
5.274962902069092,1121,2.853181240901113,-0.07551443645881575
5.274962902069092,1122,2.8545812409219744,-0.07448078644341316
5.274962902069092,1123,2.8559812409428362,-0.07344643642800014
5.274962902069092,1124,2.8573812409636976,-0.0724113864125767
5.274962902069092,1125,2.858781240984559,-0.07137563639714282
5.274962902069092,1126,2.860181241005421,-0.07033918638169852
5.274962902069092,1127,2.8615812410262826,-0.06930203636624377
5.274962902069092,1128,2.862981241047144,-0.0682641863507786
5.274962902069092,1129,2.864381241068006,-0.067225636335303
5.274962902069092,1130,2.8657812410888677,-0.06618638631981698
5.274962902069092,1131,2.867181241109729,-0.06514643630432049
5.274962902069092,1132,2.868581241130591,-0.0641057862888136
5.274962902069092,1133,2.8699812411514523,-0.06306443627329629
5.274962902069092,1134,2.871381241172314,-0.06202238625776853
5.274962902069092,1135,2.8727812411931755,-0.06097963624223034
5.274962902069092,1136,2.8741812412140373,-0.059936186226681724
5.274962902069092,1137,2.8755812412348987,-0.05889203621112266
5.274962902069092,1138,2.8769812412557605,-0.05784718619555321
5.274962902069092,1139,2.8783812412766223,-0.056801636179973275
5.274962902069092,1140,2.8797812412974837,-0.05575538616438294
5.274962902069092,1141,2.8811812413183455,-0.05470843614878217
5.274962902069092,1142,2.882581241339207,-0.05366078613317096
5.274962902069092,1143,2.8839812413600687,-0.052612436117549344
5.274962902069092,1144,2.8853812413809306,-0.05156338610191728
5.274962902069092,1145,2.886781241401792,-0.05051363608627478
5.274962902069092,1146,2.8881812414226538,-0.04946318607062186
5.274962902069092,1147,2.8895812414435147,-0.04841203605495852
5.274962902069092,1148,2.8909812414643765,-0.047360186039284706
5.274962902069092,1149,2.8923812414852383,-0.046307636023600496
5.274962902069092,1150,2.8937812415060997,-0.04525438600790585
5.274962902069092,1151,2.8951812415269615,-0.044200435992200776
5.274962902069092,1152,2.8965812415478225,-0.04314578597648526
5.274962902069092,1153,2.8979812415686843,-0.042090435960759315
5.274962902069092,1154,2.899381241589546,-0.041034385945022955
5.274962902069092,1155,2.900781241610408,-0.03997763592927615
5.274962902069092,1156,2.90218124163127,-0.038920185913518916
5.274962902069092,1157,2.903581241652131,-0.03786203589775126
5.274962902069092,1158,2.904981241672993,-0.03680318588197314
5.274962902069092,1159,2.906381241693854,-0.03574363586618461
5.274962902069092,1160,2.9077812417147157,-0.03468338585038566
5.274962902069092,1161,2.9091812417355776,-0.03362243583457629
5.274962902069092,1162,2.910581241756439,-0.03256078581875647
5.274962902069092,1163,2.9119812417773008,-0.031498435802926224
5.274962902069092,1164,2.9133812417981626,-0.030435385787085552
5.274962902069092,1165,2.914781241819024,-0.029371635771234424
5.274962902069092,1166,2.9161812418398854,-0.028307185755372888
5.274962902069092,1167,2.9175812418607476,-0.027242035739500924
5.274962902069092,1168,2.918981241881609,-0.02617618572361849
5.274962902069092,1169,2.9203812419024704,-0.025109635707725668
5.274962902069092,1170,2.921781241923332,-0.02404238569182241
5.274962902069092,1171,2.923181241944194,-0.02297443567590872
5.274962902069092,1172,2.9245812419650554,-0.021905785659984578
5.274962902069092,1173,2.925981241985917,-0.020836435644050015
5.274962902069092,1174,2.9273812420067786,-0.01976638562810503
5.274962902069092,1175,2.9287812420276405,-0.018695635612149618
5.274962902069092,1176,2.930181242048502,-0.017624185596183763
5.274962902069092,1177,2.9315812420693637,-0.016552035580207493
5.274962902069092,1178,2.9329812420902255,-0.015479185564220808
5.274962902069092,1179,2.9343812421110873,-0.014405635548223675
5.274962902069092,1180,2.935781242131949,-0.013331385532216106
5.274962902069092,1181,2.9371812421528105,-0.012256435516198101
5.274962902069092,1182,2.938581242173672,-0.011180785500169654
5.274962902069092,1183,2.9399812421945337,-0.010104435484130793
5.274962902069092,1184,2.941381242215395,-0.009027385468081489
5.274962902069092,1185,2.942781242236257,-0.007949635452021785
5.274962902069092,1186,2.9441812422571183,-0.00687118543595161
5.274962902069092,1187,2.94558124227798,-0.005792035419871035
5.274962902069092,1188,2.946981242298842,-0.00471218540378001
5.274962902069092,1189,2.9483812423197038,-0.00363163538767855
5.274962902069092,1190,2.949781242340565,-0.0025503853715666686
5.274962902069092,1191,2.951181242361427,-0.0014684353554443585
5.274962902069092,1192,2.952581242382289,-0.000385785339311627
5.274962902069092,1193,2.9539812424031497,0.0006975646768315538
5.274962902069092,1194,2.955381242424012,0.0017816146929851492
5.274962902069092,1195,2.9567812424448734,0.002866364709149201
5.274962902069092,1196,2.9581812424657348,0.003951814725323674
5.274962902069092,1197,2.959581242486596,0.005037964741508562
5.274962902069092,1198,2.960981242507458,0.006124814757703892
5.274962902069092,1199,2.96238124252832,0.007212364773909644
5.274962902069092,1200,2.9637812425491816,0.008300614790125838
5.274962902069092,1201,2.965181242570043,0.009389564806352474
5.274962902069092,1202,2.966581242590905,0.010479214822589518
5.274962902069092,1203,2.967981242611766,0.011569564838836997
5.274962902069092,1204,2.969381242632628,0.012660614855094898
5.274962902069092,1205,2.97078124265349,0.013752364871363242
5.274962902069092,1206,2.972181242674351,0.014844814887642027
5.274962902069092,1207,2.9735812426952126,0.015937964903931227
5.274962902069092,1208,2.9749812427160744,0.017031814920230877
5.274962902069092,1209,2.9763812427369363,0.018126364936540934
5.274962902069092,1210,2.9777812427577977,0.019221614952861427
5.274962902069092,1211,2.97918124277866,0.02031756496919232
5.274962902069092,1212,2.980581242799521,0.021414214985533676
5.274962902069092,1213,2.981981242820383,0.02251156500188546
5.274962902069092,1214,2.9833812428412445,0.02360961501824768
5.274962902069092,1215,2.9847812428621063,0.024708365034620344
5.274962902069092,1216,2.9861812428829673,0.02580781505100342
5.274962902069092,1217,2.987581242903829,0.026907965067396934
5.274962902069092,1218,2.988981242924691,0.028008815083800875
5.274962902069092,1219,2.9903812429455527,0.029110365100215252
5.274962902069092,1220,2.991781242966414,0.030212615116640064
5.274962902069092,1221,2.9931812429872755,0.03131556513307529
5.274962902069092,1222,2.9945812430081373,0.032419215149520966
5.274962902069092,1223,2.995981243028999,0.033523565165977064
5.274962902069092,1224,2.997381243049861,0.03462861518244359
5.274962902069092,1225,2.998781243070722,0.03573436519892056
5.274962902069092,1226,3.0001812430915837,0.036840815215407954
5.274962902069092,1227,3.0015812431124456,0.03794796523190576
5.274962902069092,1228,3.0029812431333074,0.039055815248414005
5.274962902069092,1229,3.004381243154169,0.04016436526493271
5.274962902069092,1230,3.0057812431750306,0.04127361528146182
5.274962902069092,1231,3.0071812431958924,0.04238356529800136
5.274962902069092,1232,3.008581243216754,0.04349421531455134
5.274962902069092,1233,3.0099812432376156,0.044605565331111735
5.274962902069092,1234,3.0113812432584766,0.04571761534768258
5.274962902069092,1235,3.0127812432793384,0.04683036536426385
5.274962902069092,1236,3.0141812433002,0.04794381538085554
5.274962902069092,1237,3.015581243321062,0.04905796539745767
5.274962902069092,1238,3.0169812433419234,0.050172815414070246
5.274962902069092,1239,3.0183812433627852,0.05128836543069323
5.274962902069092,1240,3.019781243383647,0.05240461544732665
5.274962902069092,1241,3.0211812434045084,0.05352156546397051
5.274962902069092,1242,3.0225812434253694,0.05463921548062477
5.274962902069092,1243,3.023981243446231,0.055757565497289475
5.274962902069092,1244,3.0253812434670926,0.056876615513964626
5.274962902069092,1245,3.0267812434879544,0.05799636553065021
5.274962902069092,1246,3.0281812435088162,0.05911681554734621
5.274962902069092,1247,3.0295812435296776,0.06023796556405265
5.274962902069092,1248,3.0309812435505394,0.06135981558076953
5.274962902069092,1249,3.032381243571401,0.06248236559749682
5.274962902069092,1250,3.0337812435922626,0.06360561561423453
5.274962902069092,1251,3.0351812436131245,0.0647295656309827
5.274962902069092,1252,3.036581243633986,0.0658542156477413
5.274962902069092,1253,3.0379812436548472,0.06697956566451031
5.274962902069092,1254,3.039381243675709,0.06810561568128978
5.274962902069092,1255,3.040781243696571,0.06923236569807965
5.274962902069092,1256,3.0421812437174323,0.07035981571487998
5.274962902069092,1257,3.0435812437382936,0.07148796573169072
5.274962902069092,1258,3.0449812437591555,0.07261681574851189
5.274962902069092,1259,3.046381243780017,0.0737463657653435
5.274962902069092,1260,3.0477812438008787,0.07487661578218553
5.274962902069092,1261,3.0491812438217405,0.076007565799038
5.274962902069092,1262,3.050581243842602,0.07713921581590091
5.274962902069092,1263,3.0519812438634637,0.07827156583277423
5.274962902069092,1264,3.053381243884326,0.07940461584965801
5.274962902069092,1265,3.054781243905187,0.0805383658665522
5.274962902069092,1266,3.0561812439260487,0.08167281588345682
5.274962902069092,1267,3.05758124394691,0.08280796590037187
5.274962902069092,1268,3.0589812439677724,0.08394381591729737
5.274962902069092,1269,3.0603812439886333,0.08508036593423327
5.274962902069092,1270,3.061781244009495,0.08621761595117963
5.274962902069092,1271,3.063181244030357,0.0873555659681364
5.274962902069092,1272,3.0645812440512183,0.0884942159851036
5.274962902069092,1273,3.0659812440720797,0.08963356600208124
5.274962902069092,1274,3.067381244092942,0.0907736160190693
5.274962902069092,1275,3.0687812441138034,0.09191436603606781
5.274962902069092,1276,3.0701812441346648,0.09305581605307675
5.274962902069092,1277,3.071581244155526,0.0941979660700961
5.274962902069092,1278,3.072981244176388,0.09534081608712588
5.274962902069092,1279,3.07438124419725,0.09648436610416614
5.274962902069092,1280,3.0757812442181116,0.0976286161212168
5.274962902069092,1281,3.0771812442389734,0.09877356613827788
5.274962902069092,1282,3.078581244259835,0.09991921615534938
5.274962902069092,1283,3.079981244280696,0.10106556617243134
5.274962902069092,1284,3.081381244301558,0.10221261618952371
5.274962902069092,1285,3.08278124432242,0.10336036620662653
5.274962902069092,1286,3.084181244343281,0.10450881622373977
5.274962902069092,1287,3.0855812443641426,0.10565796624086342
5.274962902069092,1288,3.0869812443850044,0.10680781625799754
5.274962902069092,1289,3.0883812444058663,0.10795836627514208
5.274962902069092,1290,3.0897812444267276,0.10910961629229701
5.274962902069092,1291,3.091181244447589,0.11026156630946235
5.274962902069092,1292,3.092581244468451,0.1114142163266382
5.274962902069092,1293,3.0939812444893127,0.11256756634382445
5.274962902069092,1294,3.095381244510174,0.11372161636102111
5.274962902069092,1295,3.0967812445310354,0.11487636637822826
5.274962902069092,1296,3.0981812445518973,0.11603181639544577
5.274962902069092,1297,3.099581244572759,0.11718796641267376
5.274962902069092,1298,3.1009812445936205,0.11834481642991215
5.274962902069092,1299,3.1023812446144827,0.11950236644716102
5.274962902069092,1300,3.1037812446353437,0.12066061646442029
5.274962902069092,1301,3.1051812446562055,0.12181956648169
5.274962902069092,1302,3.1065812446770673,0.12297921649897013
5.274962902069092,1303,3.1079812446979287,0.12413956651626068
5.274962902069092,1304,3.1093812447187905,0.12530061653356167
5.274962902069092,1305,3.110781244739652,0.12646236655087312
5.274962902069092,1306,3.1121812447605137,0.12762481656819494
5.274962902069092,1307,3.113581244781375,0.12878796658552727
5.274962902069092,1308,3.1149812448022365,0.12995181660286997
5.274962902069092,1309,3.1163812448230988,0.1311163666202231
5.274962902069092,1310,3.11778124484396,0.1322816166375867
5.274962902069092,1311,3.119181244864822,0.13344756665496071
5.274962902069092,1312,3.120581244885684,0.13461421667234513
5.274962902069092,1313,3.121981244906545,0.13578156668974
5.274962902069092,1314,3.1233812449274065,0.13694961670714534
5.274962902069092,1315,3.1247812449482684,0.13811836672456107
5.274962902069092,1316,3.1261812449691297,0.1392878167419872
5.274962902069092,1317,3.127581244989991,0.14045796675942382
5.274962902069092,1318,3.128981245010853,0.14162881677687084
5.274962902069092,1319,3.1303812450317148,0.14280036679432828
5.274962902069092,1320,3.1317812450525766,0.14397261681179618
5.274962902069092,1321,3.133181245073438,0.14514556682927449
5.274962902069092,1322,3.1345812450942994,0.14631921684676324
5.274962902069092,1323,3.135981245115161,0.14749356686426243
5.274962902069092,1324,3.137381245136023,0.14866861688177202
5.274962902069092,1325,3.138781245156885,0.14984436689929206
5.274962902069092,1326,3.1401812451777458,0.15102081691682254
5.274962902069092,1327,3.1415812451986076,0.15219796693436347
5.274962902069092,1328,3.1429812452194694,0.15337581695191477
5.274962902069092,1329,3.1443812452403312,0.15455436696947655
5.274962902069092,1330,3.145781245261193,0.15573361698704874
5.274962902069092,1331,3.147181245282054,0.15691356700463135
5.274962902069092,1332,3.148581245302916,0.15809421702222443
5.274962902069092,1333,3.1499812453237777,0.1592755670398279
5.274962902069092,1334,3.1513812453446395,0.16045761705744183
5.274962902069092,1335,3.1527812453655004,0.16164036707506618
5.274962902069092,1336,3.1541812453863627,0.16282381709270097
5.274962902069092,1337,3.155581245407224,0.16400796711034618
5.274962902069092,1338,3.1569812454280854,0.16519281712800182
5.274962902069092,1339,3.1583812454489473,0.1663783671456679
5.274962902069092,1340,3.1597812454698087,0.1675646171633444
5.274962902069092,1341,3.1611812454906705,0.16875156718103132
5.274962902069092,1342,3.1625812455115323,0.16993921719872868
5.274962902069092,1343,3.163981245532394,0.17112756721643652
5.274962902069092,1344,3.165381245553255,0.1723166172341547
5.274962902069092,1345,3.166781245574117,0.17350636725188337
5.274962902069092,1346,3.1681812455949787,0.17469681726962247
5.274962902069092,1347,3.1695812456158405,0.175887967287372
5.274962902069092,1348,3.1709812456367015,0.17707981730513192
5.274962902069092,1349,3.1723812456575633,0.1782723673229023
5.274962902069092,1350,3.173781245678425,0.17946561734068311
5.274962902069092,1351,3.175181245699287,0.18065956735847435
5.274962902069092,1352,3.1765812457201488,0.18185421737627602
5.274962902069092,1353,3.17798124574101,0.18304956739408815
5.274962902069092,1354,3.1793812457618715,0.18424561741191062
5.274962902069092,1355,3.1807812457827334,0.18544236742974357
5.274962902069092,1356,3.1821812458035947,0.18663981744758695
5.274962902069092,1357,3.183581245824457,0.18783796746544082
5.274962902069092,1358,3.184981245845318,0.18903681748330506
5.274962902069092,1359,3.1863812458661798,0.19023636750117973
5.274962902069092,1360,3.1877812458870416,0.19143661751906488
5.274962902069092,1361,3.189181245907903,0.1926375675369604
5.274962902069092,1362,3.1905812459287644,0.1938392175548664
5.274962902069092,1363,3.191981245949626,0.19504156757278282
5.274962902069092,1364,3.193381245970488,0.19624461759070966
5.274962902069092,1365,3.19478124599135,0.19744836760864692
5.274962902069092,1366,3.196181246012211,0.19865281762659465
5.274962902069092,1367,3.1975812460330726,0.19985796764455274
5.274962902069092,1368,3.1989812460539344,0.20106381766252135
5.274962902069092,1369,3.2003812460747962,0.20227036768050033
5.274962902069092,1370,3.2017812460956576,0.20347761769848977
5.274962902069092,1371,3.2031812461165194,0.20468556771648963
5.274962902069092,1372,3.204581246137381,0.2058942177344999
5.274962902069092,1373,3.205981246158242,0.20710356775252062
5.274962902069092,1374,3.2073812461791045,0.2083136177705518
5.274962902069092,1375,3.208781246199966,0.20952436778859337
5.274962902069092,1376,3.2101812462208272,0.21073581780664538
5.274962902069092,1377,3.211581246241689,0.21194796782470782
5.274962902069092,1378,3.212981246262551,0.21316081784278068
5.274962902069092,1379,3.2143812462834127,0.214374367860864
5.274962902069092,1380,3.215781246304274,0.21558861787895775
5.274962902069092,1381,3.2171812463251355,0.21680356789706187
5.274962902069092,1382,3.2185812463459973,0.2180192179151765
5.274962902069092,1383,3.219981246366859,0.21923556793330154
5.274962902069092,1384,3.2213812463877205,0.22045261795143697
5.274962902069092,1385,3.222781246408582,0.2216703679695829
5.274962902069092,1386,3.2241812464294437,0.22288881798773919
5.274962902069092,1387,3.2255812464503046,0.22410796800590593
5.274962902069092,1388,3.226981246471167,0.22532781802408314
5.274962902069092,1389,3.2283812464920283,0.22654836804227074
5.274962902069092,1390,3.22978124651289,0.2277696180604688
5.274962902069092,1391,3.231181246533752,0.22899156807867727
5.274962902069092,1392,3.2325812465546138,0.23021421809689618
5.274962902069092,1393,3.233981246575475,0.23143756811512553
5.274962902069092,1394,3.2353812465963374,0.2326616181333653
5.274962902069092,1395,3.236781246617198,0.23388636815161545
5.274962902069092,1396,3.23818124663806,0.23511181816987609
5.274962902069092,1397,3.239581246658922,0.23633796818814717
5.274962902069092,1398,3.240981246679783,0.23756481820642864
5.274962902069092,1399,3.2423812467006448,0.2387923682247206
5.274962902069092,1400,3.2437812467215066,0.24002061824302293
5.274962902069092,1401,3.245181246742368,0.2412495682613357
5.274962902069092,1402,3.24658124676323,0.24247921827965896
5.274962902069092,1403,3.2479812467840916,0.24370956829799256
5.274962902069092,1404,3.249381246804953,0.24494061831633665
5.274962902069092,1405,3.250781246825815,0.24617236833469114
5.274962902069092,1406,3.2521812468466766,0.2474048183530561
5.274962902069092,1407,3.2535812468675376,0.24863796837143146
5.274962902069092,1408,3.2549812468883994,0.24987181838981723
5.274962902069092,1409,3.2563812469092612,0.2511063684082135
5.274962902069092,1410,3.257781246930123,0.2523416184266201
5.274962902069092,1411,3.2591812469509844,0.2535775684450372
5.274962902069092,1412,3.260581246971846,0.25481421846346475
5.274962902069092,1413,3.2619812469927076,0.2560515684819027
5.274962902069092,1414,3.2633812470135695,0.25728961850035115
5.274962902069092,1415,3.264781247034431,0.25852836851880995
5.274962902069092,1416,3.2661812470552922,0.25976781853727915
5.274962902069092,1417,3.267581247076154,0.2610079685557588
5.274962902069092,1418,3.268981247097016,0.2622488185742489
5.274962902069092,1419,3.2703812471178773,0.2634903685927494
5.274962902069092,1420,3.271781247138739,0.26473261861126035
5.274962902069092,1421,3.2731812471596005,0.2659755686297818
5.274962902069092,1422,3.2745812471804623,0.2672192186483136
5.274962902069092,1423,3.2759812472013237,0.26846356866685583
5.274962902069092,1424,3.277381247222186,0.2697086186854085
5.274962902069092,1425,3.278781247243047,0.27095436870397166
5.274962902069092,1426,3.2801812472639087,0.2722008187225452
5.274962902069092,1427,3.28158124728477,0.2734479687411292
5.274962902069092,1428,3.282981247305632,0.27469581875972365
5.274962902069092,1429,3.2843812473264933,0.27594436877832845
5.274962902069092,1430,3.285781247347355,0.27719361879694376
5.274962902069092,1431,3.2871812473682165,0.2784435688155695
5.274962902069092,1432,3.2885812473890783,0.2796942188342056
5.274962902069092,1433,3.28998124740994,0.28094556885285216
5.274962902069092,1434,3.2913812474308015,0.2821976188715092
5.274962902069092,1435,3.2927812474516633,0.2834503688901766
5.274962902069092,1436,3.294181247472525,0.2847038189088545
5.274962902069092,1437,3.2955812474933865,0.28595796892754277
5.274962902069092,1438,3.296981247514248,0.28721281894624145
5.274962902069092,1439,3.2983812475351098,0.2884683689649506
5.274962902069092,1440,3.2997812475559716,0.2897246189836702
5.274962902069092,1441,3.3011812475768334,0.2909815690024002
5.274962902069092,1442,3.302581247597695,0.29223921902114064
5.274962902069092,1443,3.303981247618557,0.29349756903989155
5.274962902069092,1444,3.305381247639418,0.2947566190586529
5.274962902069092,1445,3.30678124766028,0.2960163690774246
5.274962902069092,1446,3.3081812476811416,0.2972768190962068
5.274962902069092,1447,3.309581247702003,0.2985379691149994
5.274962902069092,1448,3.310981247722865,0.29979981913380244
5.274962902069092,1449,3.312381247743726,0.3010623691526159
5.274962902069092,1450,3.313781247764588,0.3023256191714398
5.274962902069092,1451,3.315181247785449,0.3035895691902741
5.274962902069092,1452,3.316581247806311,0.3048542192091188
5.274962902069092,1453,3.317981247827172,0.306119569227974
5.274962902069092,1454,3.319381247848034,0.3073856192468396
5.274962902069092,1455,3.3207812478688954,0.3086523692657157
5.274962902069092,1456,3.322181247889758,0.30991981928460216
5.274962902069092,1457,3.3235812479106195,0.31118796930349907
5.274962902069092,1458,3.3249812479314804,0.31245681932240643
5.274962902069092,1459,3.326381247952342,0.3137263693413242
5.274962902069092,1460,3.3277812479732036,0.31499661936025236
5.274962902069092,1461,3.3291812479940655,0.316267569379191
5.274962902069092,1462,3.330581248014927,0.31753921939814006
5.274962902069092,1463,3.331981248035789,0.3188115694170996
5.274962902069092,1464,3.3333812480566505,0.3200846194360695
5.274962902069092,1465,3.3347812480775123,0.3213583694550499
5.274962902069092,1466,3.3361812480983737,0.32263281947404066
5.274962902069092,1467,3.3375812481192355,0.32390796949304185
5.274962902069092,1468,3.338981248140097,0.3251838195120535
5.274962902069092,1469,3.3403812481609587,0.3264603695310756
5.274962902069092,1470,3.34178124818182,0.3277376195501081
5.274962902069092,1471,3.343181248202682,0.329015569569151
5.274962902069092,1472,3.3445812482235437,0.3302942195882044
5.274962902069092,1473,3.345981248244405,0.3315735696072682
5.274962902069092,1474,3.347381248265267,0.33285361962634247
5.274962902069092,1475,3.3487812482861288,0.33413436964542714
5.274962902069092,1476,3.35018124830699,0.3354158196645222
5.274962902069092,1477,3.3515812483278515,0.33669796968362775
5.274962902069092,1478,3.3529812483487134,0.3379808197027437
5.274962902069092,1479,3.354381248369575,0.3392643697218701
5.274962902069092,1480,3.3557812483904366,0.34054861974100686
5.274962902069092,1481,3.357181248411298,0.34183356976015417
5.274962902069092,1482,3.3585812484321598,0.34311921977931176
5.274962902069092,1483,3.359981248453021,0.34440556979847986
5.274962902069092,1484,3.361381248473883,0.34569261981765836
5.274962902069092,1485,3.362781248494745,0.3469803698368474
5.274962902069092,1486,3.364181248515606,0.34826881985604674
5.274962902069092,1487,3.365581248536468,0.34955796987525656
5.274962902069092,1488,3.3669812485573294,0.3508478198944769
5.274962902069092,1489,3.368381248578191,0.35213836991370756
5.274962902069092,1490,3.369781248599053,0.3534296199329487
5.274962902069092,1491,3.3711812486199144,0.3547215699522003
5.274962902069092,1492,3.372581248640776,0.3560142199714622
5.274962902069092,1493,3.3739812486616376,0.3573075699907346
5.274962902069092,1494,3.3753812486824994,0.3586016200100175
5.274962902069092,1495,3.376781248703361,0.35989637002931074
5.274962902069092,1496,3.3781812487242227,0.3611918200486145
5.274962902069092,1497,3.379581248745084,0.3624879700679286
5.274962902069092,1498,3.3809812487659454,0.36378482008725316
5.274962902069092,1499,3.3823812487868077,0.3650823701065882
5.274962902069092,1500,3.383781248807669,0.36638062012593364
5.274962902069092,1501,3.385181248828531,0.3676795701452895
5.274962902069092,1502,3.3865812488493923,0.3689792201646558
5.274962902069092,1503,3.3865812488493923,0.3689792201646558
5.274962902069092,1504,3.3879811488702525,0.37027972018403477
5.274962902069092,1505,3.3893808488911095,0.3715812202034286
5.274962902069092,1506,3.390780348911964,0.3728837202228374
5.274962902069092,1507,3.3921796489328147,0.37418722024226103
5.274962902069092,1508,3.3935787489536633,0.3754917202616996
5.274962902069092,1509,3.3949776489745083,0.3767972202811531
5.274962902069092,1510,3.3963763489953505,0.3781037203006214
5.274962902069092,1511,3.39777484901619,0.3794112203201047
5.274962902069092,1512,3.399173149037026,0.3807197203396029
5.274962902069092,1513,3.400571249057859,0.3820292203591159
5.274962902069092,1514,3.40196914907869,0.38333972037864394
5.274962902069092,1515,3.4033668490995175,0.3846512203981868
5.274962902069092,1516,3.4047643491203416,0.3859637204177445
5.274962902069092,1517,3.4061616491411626,0.38727722043731727
5.274962902069092,1518,3.407558749161981,0.38859172045690477
5.274962902069092,1519,3.4089556491827966,0.3899072204765073
5.274962902069092,1520,3.410352349203609,0.39122372049612464
5.274962902069092,1521,3.411748849224418,0.39254122051575685
5.274962902069092,1522,3.4131451492452247,0.39385972053540413
5.274962902069092,1523,3.4145412492660285,0.39517922055506616
5.274962902069092,1524,3.4159371492868287,0.3964997205747432
5.274962902069092,1525,3.4173328493076265,0.39782122059443503
5.274962902069092,1526,3.418728349328421,0.3991437206141418
5.274962902069092,1527,3.420123649349213,0.40046722063386353
5.274962902069092,1528,3.421518749370002,0.40179172065360014
5.274962902069092,1529,3.4229136493907872,0.40311722067335165
5.274962902069092,1530,3.42430834941157,0.40444372069311796
5.274962902069092,1531,3.425702849432349,0.4057712207128992
5.274962902069092,1532,3.4270971494531257,0.4070997207326955
5.274962902069092,1533,3.4284912494738995,0.40842922075250654
5.274962902069092,1534,3.4298851494946696,0.4097597207723326
5.274962902069092,1535,3.431278849515438,0.4110912207921734
5.274962902069092,1536,3.432672349536203,0.4124237208120292
5.274962902069092,1537,3.434065649556964,0.4137572208319
5.274962902069092,1538,3.435458749577723,0.41509172085178553
5.274962902069092,1539,3.436851649598479,0.41642722087168604
5.274962902069092,1540,3.4382443496192328,0.4177637208916015
5.274962902069092,1541,3.4396368496399825,0.4191012209115318
5.274962902069092,1542,3.4410291496607295,0.4204397209314771
5.274962902069092,1543,3.442421249681473,0.4217792209514371
5.274962902069092,1544,3.4438131497022146,0.4231197209714121
5.274962902069092,1545,3.4452048497229524,0.4244612209914021
5.274962902069092,1546,3.4465963497436873,0.4258037210114069
5.274962902069092,1547,3.447987649764419,0.42714722103142655
5.274962902069092,1548,3.4493787497851485,0.42849172105146116
5.274962902069092,1549,3.4507696498058746,0.4298372210715107
5.274962902069092,1550,3.452160349826597,0.4311837210915751
5.274962902069092,1551,3.4535508498473173,0.4325312211116544
5.274962902069092,1552,3.4549411498680342,0.4338797211317486
5.274962902069092,1553,3.4563312498887484,0.4352292211518577
5.274962902069092,1554,3.45772114990946,0.4365797211719818
5.274962902069092,1555,3.459110849930168,0.43793122119212075
5.274962902069092,1556,3.4605003499508733,0.43928372121227455
5.274962902069092,1557,3.4618896499715754,0.44063722123244325
5.274962902069092,1558,3.463278749992274,0.4419917212526268
5.274962902069092,1559,3.4646676500129705,0.4433472212728254
5.274962902069092,1560,3.466056350033664,0.4447037212930388
5.274962902069092,1561,3.467444850054354,0.44606122131326714
5.274962902069092,1562,3.4688331500750413,0.4474197213335103
5.274962902069092,1563,3.4702212500957255,0.4487792213537684
5.274962902069092,1564,3.471609150116407,0.45013972137404146
5.274962902069092,1565,3.472996850137085,0.4515012213943294
5.274962902069092,1566,3.4743843501577603,0.45286372141463227
5.274962902069092,1567,3.475771650178433,0.45422722143495
5.274962902069092,1568,3.477158750199102,0.45559172145528265
5.274962902069092,1569,3.4785456502197687,0.45695722147563017
5.274962902069092,1570,3.4799323502404316,0.4583237214959926
5.274962902069092,1571,3.4813188502610926,0.45969122151636993
5.274962902069092,1572,3.4827051502817503,0.46105972153676217
5.274962902069092,1573,3.484091250302405,0.46242922155716926
5.274962902069092,1574,3.4854771503230557,0.46379972157759136
5.274962902069092,1575,3.4868628503437042,0.4651712215980283
5.274962902069092,1576,3.48824835036435,0.4665437216184801
5.274962902069092,1577,3.489633650384992,0.4679172216389469
5.274962902069092,1578,3.4910187504056323,0.46929172165942845
5.274962902069092,1579,3.4924036504262683,0.47066722167992503
5.274962902069092,1580,3.493788350446902,0.47204372170043646
5.274962902069092,1581,3.4951728504675335,0.47342122172096285
5.274962902069092,1582,3.4965571504881603,0.47479972174150403
5.274962902069092,1583,3.4979412505087852,0.4761792217620602
5.274962902069092,1584,3.499325150529407,0.4775597217826313
5.274962902069092,1585,3.500708850550026,0.47894122180321724
5.274962902069092,1586,3.5020923505706416,0.4803237218238181
5.274962902069092,1587,3.503475650591254,0.48170722184443393
5.274962902069092,1588,3.5048587506118642,0.48309172186506455
5.274962902069092,1589,3.506241650632471,0.4844772218857101
5.274962902069092,1590,3.507624350653075,0.4858637219063705
5.274962902069092,1591,3.5090068506736762,0.487251221927046
5.274962902069092,1592,3.5103891506942744,0.4886397219477362
5.274962902069092,1593,3.511771250714869,0.49002922196844134
5.274962902069092,1594,3.513153150735461,0.49141972198916145
5.274962902069092,1595,3.51453485075605,0.4928112220098964
5.274962902069092,1596,3.515916350776636,0.49420372203064633
5.274962902069092,1597,3.5172976507972185,0.49559722205141105
5.274962902069092,1598,3.5186787508177986,0.4969917220721908
5.274962902069092,1599,3.520059650838376,0.49838722209298536
5.274962902069092,1600,3.5214403508589496,0.49978372211379474
5.274962902069092,1601,3.522820850879521,0.5011812221346191
5.274962902069092,1602,3.5242011509000895,0.5025797221554584
5.274962902069092,1603,3.5255812509206543,0.5039792221763126
5.274962902069092,1604,3.5269611509412155,0.5053797221971816
5.274962902069092,1605,3.5283408509617753,0.5067812222180657
5.274962902069092,1606,3.529720350982332,0.5081837222389646
5.274962902069092,1607,3.5310996510028847,0.5095872222598783
5.274962902069092,1608,3.5324787510234352,0.5109917222808069
5.274962902069092,1609,3.533857651043982,0.5123972223017506
5.274962902069092,1610,3.5352363510645257,0.513803722322709
5.274962902069092,1611,3.5366148510850675,0.5152112223436824
5.274962902069092,1612,3.5379931511056055,0.5166197223646708
5.274962902069092,1613,3.539371251126141,0.5180292223856738
5.274962902069092,1614,3.5407491511466738,0.519439722406692
5.274962902069092,1615,3.542126851167202,0.520851222427725
5.274962902069092,1616,3.543504351187729,0.5222637224487728
5.274962902069092,1617,3.544881651208252,0.5236772224698356
5.274962902069092,1618,3.5462587512287724,0.5250917224909133
5.274962902069092,1619,3.54763565124929,0.5265072225120059
5.274962902069092,1620,3.5490123512698046,0.5279237225331135
5.274962902069092,1621,3.5503888512903163,0.5293412225542359
5.274962902069092,1622,3.551765151310825,0.5307597225753732
5.274962902069092,1623,3.5531412513313296,0.5321792225965254
5.274962902069092,1624,3.5545171513518317,0.5335997226176924
5.274962902069092,1625,3.5558928513723322,0.5350212226388744
5.274962902069092,1626,3.5572683513928287,0.5364437226600713
5.274962902069092,1627,3.558643651413322,0.5378672226812831
5.274962902069092,1628,3.5600187514338124,0.5392917227025098
5.274962902069092,1629,3.5613936514543,0.5407172227237514
5.274962902069092,1630,3.5627683514747845,0.5421437227450079
5.274962902069092,1631,3.5641428514952667,0.5435712227662793
5.274962902069092,1632,3.5655171515157447,0.5449997227875656
5.274962902069092,1633,3.5668912515362203,0.5464292228088669
5.274962902069092,1634,3.568265151556693,0.5478597228301829
5.274962902069092,1635,3.5696388515771633,0.549291222851514
5.274962902069092,1636,3.5710123515976298,0.5507237228728599
5.274962902069092,1637,3.5723856516180934,0.5521572228942206
5.274962902069092,1638,3.573758751638554,0.5535917229155964
5.274962902069092,1639,3.575131651659012,0.555027222936987
5.274962902069092,1640,3.5765043516794672,0.5564637229583926
5.274962902069092,1641,3.5778768516999184,0.557901222979813
5.274962902069092,1642,3.5792491517203677,0.5593397230012483
5.274962902069092,1643,3.5806212517408134,0.5607792230226986
5.274962902069092,1644,3.5819931517612567,0.5622197230441637
5.274962902069092,1645,3.5833648517816967,0.5636612230656437
5.274962902069092,1646,3.584736351802133,0.5651037230871386
5.274962902069092,1647,3.586107651822567,0.5665472231086485
5.274962902069092,1648,3.587478751842998,0.5679917231301731
5.274962902069092,1649,3.5888496518634256,0.5694372231517126
5.274962902069092,1650,3.590220351883851,0.5708837231732672
5.274962902069092,1651,3.591590851904273,0.5723312231948366
5.274962902069092,1652,3.592961151924692,0.573779723216421
5.274962902069092,1653,3.5943312519451083,0.5752292232380203
5.274962902069092,1654,3.595701151965521,0.5766797232596343
5.274962902069092,1655,3.5970708519859316,0.5781312232812634
5.274962902069092,1656,3.598440352006339,0.5795837233029073
5.274962902069092,1657,3.599809652026743,0.5810372233245662
5.274962902069092,1658,3.6011787520471437,0.5824917233462399
5.274962902069092,1659,3.602547652067542,0.5839472233679286
5.274962902069092,1660,3.6039163520879374,0.5854037233896321
5.274962902069092,1661,3.6052848521083294,0.5868612234113505
5.274962902069092,1662,3.6066531521287186,0.5883197234330839
5.274962902069092,1663,3.608021252149105,0.5897792234548321
5.274962902069092,1664,3.6093891521694883,0.5912397234765953
5.274962902069092,1665,3.6107568521898687,0.5927012234983734
5.274962902069092,1666,3.612124352210246,0.5941637235201662
5.274962902069092,1667,3.6134916522306204,0.5956272235419742
5.274962902069092,1668,3.6148587522509916,0.5970917235637969
5.274962902069092,1669,3.61622565227136,0.5985572235856346
5.274962902069092,1670,3.6175923522917257,0.600023723607487
5.274962902069092,1671,3.618958852312088,0.6014912236293546
5.274962902069092,1672,3.6203251523324473,0.6029597236512368
5.274962902069092,1673,3.621691252352804,0.6044292236731341
5.274962902069092,1674,3.6230571523731574,0.6058997236950463
5.274962902069092,1675,3.624422852393508,0.6073712237169734
5.274962902069092,1676,3.6257883524138554,0.6088437237389153
5.274962902069092,1677,3.6271536524342,0.6103172237608722
5.274962902069092,1678,3.628518752454542,0.611791723782844
5.274962902069092,1679,3.6298836524748808,0.6132672238048307
5.274962902069092,1680,3.631248352495216,0.6147437238268323
5.274962902069092,1681,3.6326128525155488,0.6162212238488487
5.274962902069092,1682,3.6339771525358784,0.61769972387088
5.274962902069092,1683,3.6353412525562048,0.6191792238929263
5.274962902069092,1684,3.636705152576529,0.6206597239149875
5.274962902069092,1685,3.638068852596849,0.6221412239370635
5.274962902069092,1686,3.6394323526171677,0.6236237239591546
5.274962902069092,1687,3.640795652637482,0.6251072239812604
5.274962902069092,1688,3.6421587526577937,0.6265917240033811
5.274962902069092,1689,3.6435216526781025,0.6280772240255168
5.274962902069092,1690,3.6448843526984085,0.6295637240476675
5.274962902069092,1691,3.6462468527187113,0.6310512240698328
5.274962902069092,1692,3.6476091527390113,0.6325397240920132
5.274962902069092,1693,3.648971252759308,0.6340292241142086
5.274962902069092,1694,3.6503331527796017,0.6355197241364188
5.274962902069092,1695,3.651694852799893,0.6370112241586439
5.274962902069092,1696,3.6530563528201805,0.6385037241808837
5.274962902069092,1697,3.6544176528404653,0.6399972242031386
5.274962902069092,1698,3.6557787528607473,0.6414917242254086
5.274962902069092,1699,3.6571396528810265,0.6429872242476932
5.274962902069092,1700,3.6585003529013025,0.6444837242699928
5.274962902069092,1701,3.6598608529215757,0.6459812242923073
5.274962902069092,1702,3.6612211529418457,0.6474797243146366
5.274962902069092,1703,3.662581252962113,0.648979224336981
5.274962902069092,1704,3.663941152982377,0.6504797243593402
5.274962902069092,1705,3.665300853002638,0.6519812243817142
5.274962902069092,1706,3.666660353022896,0.6534837244041032
5.274962902069092,1707,3.6680196530431513,0.6549872244265071
5.274962902069092,1708,3.669378753063403,0.6564917244489259
5.274962902069092,1709,3.6707376530836524,0.6579972244713597
5.274962902069092,1710,3.672096353103899,0.6595037244938082
5.274962902069092,1711,3.6734548531241424,0.6610112245162717
5.274962902069092,1712,3.674813153144383,0.6625197245387502
5.274962902069092,1713,3.6761712531646196,0.6640292245612435
5.274962902069092,1714,3.6775291531848544,0.6655397245837517
5.274962902069092,1715,3.6788868532050856,0.6670512246062748
5.274962902069092,1716,3.680244353225314,0.6685637246288127
5.274962902069092,1717,3.681601653245539,0.6700772246513657
5.274962902069092,1718,3.6829587532657615,0.6715917246739335
5.274962902069092,1719,3.6843156532859807,0.6731072246965162
5.274962902069092,1720,3.6856723533061975,0.6746237247191138
5.274962902069092,1721,3.6870288533264106,0.6761412247417262
5.274962902069092,1722,3.688385153346621,0.6776597247643537
5.274962902069092,1723,3.689741253366829,0.6791792247869961
5.274962902069092,1724,3.6910971533870334,0.6806997248096534
5.274962902069092,1725,3.6924528534072345,0.6822212248323254
5.274962902069092,1726,3.6938083534274333,0.6837437248550124
5.274962902069092,1727,3.6951636534476284,0.6852672248777143
5.274962902069092,1728,3.6965187534678217,0.6867917249004312
5.274962902069092,1729,3.697873653488011,0.6883172249231628
5.274962902069092,1730,3.6992283535081976,0.6898437249459095
5.274962902069092,1731,3.700582853528381,0.691371224968671
5.274962902069092,1732,3.701937153548562,0.6928997249914475
5.274962902069092,1733,3.7032912535687394,0.6944292250142388
5.274962902069092,1734,3.7046451535889138,0.695959725037045
5.274962902069092,1735,3.7059988536090858,0.6974912250598662
5.274962902069092,1736,3.707352353629255,0.699023725082702
5.274962902069092,1737,3.70870565364942,0.7005572251055532
5.274962902069092,1738,3.710058753669583,0.7020917251284189
5.274962902069092,1739,3.711411653689743,0.7036272251512996
5.274962902069092,1740,3.7127643537099,0.7051637251741953
5.274962902069092,1741,3.714116853730054,0.7067012251971059
5.274962902069092,1742,3.7154691537502043,0.7082397252200312
5.274962902069092,1743,3.7168212537703518,0.7097792252429715
5.274962902069092,1744,3.7181731537904965,0.7113197252659268
5.274962902069092,1745,3.719524853810638,0.7128612252888968
5.274962902069092,1746,3.7208763538307776,0.714403725311882
5.274962902069092,1747,3.722227653850913,0.7159472253348819
5.274962902069092,1748,3.7235787538710463,0.7174917253578967
5.274962902069092,1749,3.7249296538911763,0.7190372253809265
5.274962902069092,1750,3.7262803539113034,0.7205837254039711
5.274962902069092,1751,3.7276308539314273,0.7221312254270307
5.274962902069092,1752,3.7289811539515485,0.7236797254501051
5.274962902069092,1753,3.7303312539716664,0.7252292254731945
5.274962902069092,1754,3.7316811539917816,0.7267797254962987
5.274962902069092,1755,3.7330308540118935,0.7283312255194179
5.274962902069092,1756,3.7343803540320026,0.7298837255425519
5.274962902069092,1757,3.7357296540521094,0.7314372255657009
5.274962902069092,1758,3.737078754072212,0.7329917255888647
5.274962902069092,1759,3.7384276540923116,0.7345472256120436
5.274962902069092,1760,3.739776354112409,0.7361037256352372
5.274962902069092,1761,3.7411248541325035,0.7376612256584456
5.274962902069092,1762,3.7424731541525946,0.7392197256816692
5.274962902069092,1763,3.7438212541726834,0.7407792257049075
5.274962902069092,1764,3.7451691541927685,0.7423397257281608
5.274962902069092,1765,3.746516854212851,0.743901225751429
5.274962902069092,1766,3.74786435423293,0.7454637257747121
5.274962902069092,1767,3.7492116542530063,0.74702722579801
5.274962902069092,1768,3.7505587542730794,0.7485917258213228
5.274962902069092,1769,3.75190565429315,0.7501572258446507
5.274962902069092,1770,3.7532523543132177,0.7517237258679933
5.274962902069092,1771,3.754598854333282,0.7532912258913509
5.274962902069092,1772,3.755945154353343,0.7548597259147234
5.274962902069092,1773,3.757291254373402,0.7564292259381107
5.274962902069092,1774,3.7586371543934574,0.757999725961513
5.274962902069092,1775,3.7599828544135097,0.7595712259849302
5.274962902069092,1776,3.7613283544335596,0.7611437260083622
5.274962902069092,1777,3.7626736544536064,0.7627172260318092
5.274962902069092,1778,3.7640187544736494,0.7642917260552711
5.274962902069092,1779,3.7653636544936897,0.7658672260787478
5.274962902069092,1780,3.7667083545137277,0.7674437261022397
5.274962902069092,1781,3.7680528545337624,0.7690212261257461
5.274962902069092,1782,3.7693971545537934,0.7705997261492676
5.274962902069092,1783,3.7707412545738226,0.772179226172804
5.274962902069092,1784,3.7720851545938476,0.7737597261963554
5.274962902069092,1785,3.7734288546138703,0.7753412262199215
5.274962902069092,1786,3.7747723546338907,0.7769237262435026
5.274962902069092,1787,3.776115654653907,0.7785072262670986
5.274962902069092,1788,3.777458754673921,0.7800917262907094
5.274962902069092,1789,3.7788016546939316,0.7816772263143352
5.274962902069092,1790,3.7801443547139395,0.783263726337976
5.274962902069092,1791,3.781486854733944,0.7848512263616316
5.274962902069092,1792,3.7828291547539457,0.786439726385302
5.274962902069092,1793,3.7841712547739452,0.7880292264089874
5.274962902069092,1794,3.7855131547939407,0.7896197264326876
5.274962902069092,1795,3.786854854813934,0.7912112264564028
5.274962902069092,1796,3.7881963548339237,0.792803726480133
5.274962902069092,1797,3.7895376548539104,0.7943972265038779
5.274962902069092,1798,3.7908787548738943,0.7959917265276379
5.274962902069092,1799,3.7922196548938754,0.7975872265514126
5.274962902069092,1800,3.7935603549138537,0.7991837265752024
5.274962902069092,1801,3.7949008549338283,0.800781226599007
5.274962902069092,1802,3.7962411549538,0.8023797266228265
5.274962902069092,1803,3.7975812549737697,0.8039792266466608
5.274962902069092,1804,3.7989211549937356,0.8055797266705101
5.274962902069092,1805,3.8002608550136987,0.8071812266943744
5.274962902069092,1806,3.801600355033659,0.8087837267182535
5.274962902069092,1807,3.802939655053616,0.8103872267421475
5.274962902069092,1808,3.80427875507357,0.8119917267660566
5.274962902069092,1809,3.8056176550935215,0.8135972267899803
5.274962902069092,1810,3.8069563551134697,0.815203726813919
5.274962902069092,1811,3.808294855133415,0.8168112268378727
5.274962902069092,1812,3.8096331551533567,0.8184197268618412
5.274962902069092,1813,3.810971255173296,0.8200292268858247
5.274962902069092,1814,3.8123091551932324,0.8216397269098228
5.274962902069092,1815,3.8136468552131655,0.8232512269338361
5.274962902069092,1816,3.8149843552330958,0.8248637269578643
5.274962902069092,1817,3.816321655253023,0.8264772269819072
5.274962902069092,1818,3.817658755272948,0.8280917270059652
5.274962902069092,1819,3.818995655292869,0.829707227030038
5.274962902069092,1820,3.8203323553127877,0.8313237270541258
5.274962902069092,1821,3.8216688553327027,0.8329412270782284
5.274962902069092,1822,3.823005155352615,0.8345597271023459
5.274962902069092,1823,3.8243412553725245,0.8361792271264783
5.274962902069092,1824,3.825677155392431,0.8377997271506257
5.274962902069092,1825,3.8270128554123346,0.8394212271747878
5.274962902069092,1826,3.828348355432235,0.841043727198965
5.274962902069092,1827,3.8296836554521327,0.842667227223157
5.274962902069092,1828,3.831018755472027,0.844291727247364
5.274962902069092,1829,3.8323536554919184,0.8459172272715858
5.274962902069092,1830,3.833688355511807,0.8475437272958226
5.274962902069092,1831,3.835022855531693,0.8491712273200742
5.274962902069092,1832,3.836357155551575,0.8507997273443407
5.274962902069092,1833,3.837691255571455,0.8524292273686223
5.274962902069092,1834,3.8390251555913317,0.8540597273929185
5.274962902069092,1835,3.840358855611205,0.8556912274172297
5.274962902069092,1836,3.8416923556310762,0.8573237274415559
5.274962902069092,1837,3.843025655650944,0.858957227465897
5.274962902069092,1838,3.844358755670809,0.8605917274902529
5.274962902069092,1839,3.84569165569067,0.8622272275146238
5.274962902069092,1840,3.847024355710529,0.8638637275390095
5.274962902069092,1841,3.848356855730385,0.8655012275634102
5.274962902069092,1842,3.8496891557502373,0.8671397275878256
5.274962902069092,1843,3.8510212557700876,0.8687792276122562
5.274962902069092,1844,3.8523531557899346,0.8704197276367016
5.274962902069092,1845,3.853684855809778,0.8720612276611617
5.274962902069092,1846,3.855016355829619,0.873703727685637
5.274962902069092,1847,3.856347655849457,0.8753472277101271
5.274962902069092,1848,3.857678755869292,0.876991727734632
5.274962902069092,1849,3.859009655889124,0.8786372277591518
5.274962902069092,1850,3.860340355908953,0.8802837277836866
5.274962902069092,1851,3.8616708559287787,0.8819312278082363
5.274962902069092,1852,3.863001155948602,0.8835797278328008
5.274962902069092,1853,3.864331255968422,0.8852292278573803
5.274962902069092,1854,3.8656611559882386,0.8868797278819747
5.274962902069092,1855,3.8669908560080533,0.8885312279065839
5.274962902069092,1856,3.8683203560278643,0.890183727931208
5.274962902069092,1857,3.869649656047672,0.8918372279558471
5.274962902069092,1858,3.870978756067478,0.893491727980501
5.274962902069092,1859,3.87230765608728,0.8951472280051699
5.274962902069092,1860,3.873636356107079,0.8968037280298538
5.274962902069092,1861,3.8749648561268755,0.8984612280545524
5.274962902069092,1862,3.8762931561466685,0.9001197280792659
5.274962902069092,1863,3.8776212561664583,0.9017792281039945
5.274962902069092,1864,3.8789491561862457,0.9034397281287379
5.274962902069092,1865,3.88027685620603,0.9051012281534961
5.274962902069092,1866,3.8816043562258113,0.9067637281782693
5.274962902069092,1867,3.8829316562455896,0.9084272282030574
5.274962902069092,1868,3.8842587562653645,0.9100917282278603
5.274962902069092,1869,3.885585656285137,0.9117572282526782
5.274962902069092,1870,3.886912356304907,0.9134237282775111
5.274962902069092,1871,3.888238856324673,0.9150912283023587
5.274962902069092,1872,3.8895651563444362,0.9167597283272213
5.274962902069092,1873,3.890891256364197,0.9184292283520987
5.274962902069092,1874,3.892217156383954,0.9200997283769912
5.274962902069092,1875,3.893542856403709,0.9217712284018985
5.274962902069092,1876,3.8948683564234603,0.9234437284268207
5.274962902069092,1877,3.8961936564432085,0.9251172284517577
5.274962902069092,1878,3.8975187564629543,0.9267917284767098
5.274962902069092,1879,3.898843656482697,0.9284672285016766
5.274962902069092,1880,3.9001683565024368,0.9301437285266585
5.274962902069092,1881,3.9014928565221734,0.9318212285516552
5.274962902069092,1882,3.9028171565419063,0.9334997285766667
5.274962902069092,1883,3.9041412565616374,0.9351792286016933
5.274962902069092,1884,3.905465156581365,0.9368597286267346
5.274962902069092,1885,3.9067888566010893,0.9385412286517909
5.274962902069092,1886,3.908112356620811,0.9402237286768622
5.274962902069092,1887,3.90943565664053,0.9419072287019483
5.274962902069092,1888,3.910758756660246,0.9435917287270492
5.274962902069092,1889,3.9120816566799586,0.9452772287521651
5.274962902069092,1890,3.913404356699668,0.9469637287772961
5.274962902069092,1891,3.914726856719375,0.9486512288024416
5.274962902069092,1892,3.9160491567390787,0.9503397288276023
5.274962902069092,1893,3.9173712567587797,0.9520292288527779
5.274962902069092,1894,3.9186931567784775,0.9537197288779683
5.274962902069092,1895,3.920014856798173,0.9554112289031736
5.274962902069092,1896,3.9213363568178643,0.9571037289283938
5.274962902069092,1897,3.9226576568375533,0.9587972289536288
5.274962902069092,1898,3.9239787568572395,0.960491728978879
5.274962902069092,1899,3.9252996568769216,0.9621872290041438
5.274962902069092,1900,3.9266203568966023,0.9638837290294238
5.274962902069092,1901,3.927940856916279,0.9655812290547183
5.274962902069092,1902,3.9292611569359526,0.967279729080028
5.274962902069092,1903,3.930581256955624,0.9689792291053525
5.274962902069092,1904,3.931901156975292,0.9706797291306921
5.274962902069092,1905,3.933220856994957,0.9723812291560463
5.274962902069092,1906,3.934540357014619,0.9740837291814156
5.274962902069092,1907,3.9358596570342783,0.9757872292067997
5.274962902069092,1908,3.9371787570539345,0.9774917292321987
5.274962902069092,1909,3.9384976570735875,0.9791972292576125
5.274962902069092,1910,3.939816357093237,0.9809037292830414
5.274962902069092,1911,3.941134857112885,0.9826112293084852
5.274962902069092,1912,3.9424531571325288,0.9843197293339437
5.274962902069092,1913,3.9437712571521706,0.9860292293594173
5.274962902069092,1914,3.9450891571718083,0.9877397293849057
5.274962902069092,1915,3.946406857191444,0.9894512294104092
5.274962902069092,1916,3.947724357211076,0.9911637294359273
5.274962902069092,1917,3.949041657230705,0.9928772294614605
5.274962902069092,1918,3.9503587572503314,0.9945917294870086
5.274962902069092,1919,3.951675657269955,0.9963072295125716
5.274962902069092,1920,3.9529923572895753,0.9980237295381493
5.274962902069092,1921,3.9543088573091927,0.999741229563742
5.274962902069092,1922,3.9556251573288073,1.0014597295893497
5.274962902069092,1923,3.9569412573484186,1.0031792296149722
5.274962902069092,1924,3.9582571573680267,1.0048997296406097
5.274962902069092,1925,3.9595728573876325,1.006621229666262
5.274962902069092,1926,3.960888357407234,1.008343729691929
5.274962902069092,1927,3.9622036574268344,1.0100672297176114
5.274962902069092,1928,3.9635187574464306,1.0117917297433083
5.274962902069092,1929,3.9648336574660243,1.0135172297690205
5.274962902069092,1930,3.966148357485615,1.0152437297947472
5.274962902069092,1931,3.9674628575052027,1.016971229820489
5.274962902069092,1932,3.968777157524787,1.0186997298462455
5.274962902069092,1933,3.9700912575443685,1.0204292298720172
5.274962902069092,1934,3.9714051575639475,1.0221597298978036
5.274962902069092,1935,3.972718857583523,1.0238912299236052
5.274962902069092,1936,3.974032357603096,1.0256237299494213
5.274962902069092,1937,3.9753456576226656,1.0273572299752525
5.274962902069092,1938,3.976658757642232,1.0290917300010987
5.274962902069092,1939,3.977971657661796,1.0308272300269594
5.274962902069092,1940,3.979284357681357,1.0325637300528354
5.274962902069092,1941,3.9805968577009145,1.034301230078726
5.274962902069092,1942,3.9819091577204695,1.0360397301046318
5.274962902069092,1943,3.983221257740021,1.0377792301305524
5.274962902069092,1944,3.98453315775957,1.039519730156488
5.274962902069092,1945,3.985844857779116,1.0412612301824382
5.274962902069092,1946,3.987156357798659,1.0430037302084034
5.274962902069092,1947,3.9884676578181986,1.0447472302343837
5.274962902069092,1948,3.989778757837735,1.0464917302603787
5.274962902069092,1949,3.9910896578572697,1.048237230286389
5.274962902069092,1950,3.9924003578768006,1.0499837303124138
5.274962902069092,1951,3.9937108578963283,1.0517312303384534
5.274962902069092,1952,3.995021157915853,1.053479730364508
5.274962902069092,1953,3.996331257935375,1.0552292303905777
5.274962902069092,1954,3.9976411579548943,1.0569797304166622
5.274962902069092,1955,3.9989508579744104,1.0587312304427616
5.274962902069092,1956,4.000260357993923,1.0604837304688757
5.274962902069092,1957,4.001569658013434,1.062237230495005
5.274962902069092,1958,4.002878758032941,1.063991730521149
5.274962902069092,1959,4.0041876580524445,1.0657472305473081
5.274962902069092,1960,4.005496358071945,1.067503730573482
5.274962902069092,1961,4.006804858091444,1.0692612305996707
5.274962902069092,1962,4.008113158110939,1.0710197306258744
5.274962902069092,1963,4.009421258130431,1.0727792306520931
5.274962902069092,1964,4.010729158149921,1.0745397306783266
5.274962902069092,1965,4.012036858169407,1.076301230704575
5.274962902069092,1966,4.01334435818889,1.0780637307308383
5.274962902069092,1967,4.01465165820837,1.0798272307571164
5.274962902069092,1968,4.015958758227848,1.0815917307834095
5.274962902069092,1969,4.017265658247322,1.0833572308097175
5.274962902069092,1970,4.018572358266794,1.0851237308360404
5.274962902069092,1971,4.019878858286262,1.0868912308623784
5.274962902069092,1972,4.021185158305728,1.0886597308887311
5.274962902069092,1973,4.02249125832519,1.0904292309150985
5.274962902069092,1974,4.0237971583446495,1.092199730941481
5.274962902069092,1975,4.0251028583641055,1.0939712309678786
5.274962902069092,1976,4.026408358383559,1.0957437309942908
5.274962902069092,1977,4.02771365840301,1.0975172310207182
5.274962902069092,1978,4.029018758422457,1.09929173104716
5.274962902069092,1979,4.030323658441902,1.1010672310736171
5.274962902069092,1980,4.031628358461343,1.102843731100089
5.274962902069092,1981,4.032932858480782,1.104621231126576
5.274962902069092,1982,4.0342371585002175,1.1063997311530775
5.274962902069092,1983,4.03554125851965,1.1081792311795942
5.274962902069092,1984,4.036845158539079,1.1099597312061256
5.274962902069092,1985,4.038148858558506,1.111741231232672
5.274962902069092,1986,4.03945235857793,1.1135237312592334
5.274962902069092,1987,4.040755658597351,1.1153072312858097
5.274962902069092,1988,4.042058758616768,1.1170917313124007
5.274962902069092,1989,4.043361658636183,1.1188772313390067
5.274962902069092,1990,4.044664358655594,1.1206637313656276
5.274962902069092,1991,4.045966858675003,1.1224512313922634
5.274962902069092,1992,4.047269158694409,1.124239731418914
5.274962902069092,1993,4.048571258713812,1.1260292314455798
5.274962902069092,1994,4.049873158733211,1.1278197314722602
5.274962902069092,1995,4.051174858752609,1.129611231498956
5.274962902069092,1996,4.052476358772003,1.131403731525666
5.274962902069092,1997,4.053777658791393,1.1331972315523913
5.274962902069092,1998,4.055078758810781,1.1349917315791316
5.274962902069092,1999,4.056379658830166,1.1367872316058865
5.274962902069092,2000,4.057680358849549,1.1385837316326566
5.274962902069092,2001,4.058980858868927,1.1403812316594415
5.274962902069092,2002,4.060281158888303,1.1421797316862412
5.274962902069092,2003,4.061581258907676,1.1439792317130557
5.274962902069092,2004,4.061581258907676,1.1439792317130557
5.274962902069092,2005,4.062880758927041,1.1457777817398562
5.274962902069092,2006,4.064179258946389,1.1475734317666135
5.274962902069092,2007,4.065476758965724,1.1493661817933276
5.274962902069092,2008,4.066773258985043,1.1511560318199983
5.274962902069092,2009,4.068068759004348,1.1529429818466261
5.274962902069092,2010,4.069363259023637,1.1547270318732104
5.274962902069092,2011,4.070656759042912,1.1565081818997514
5.274962902069092,2012,4.071949259062171,1.1582864319262498
5.274962902069092,2013,4.073240759081416,1.1600617819527042
5.274962902069092,2014,4.074531259100645,1.1618342319791157
5.274962902069092,2015,4.0758207591198605,1.163603782005484
5.274962902069092,2016,4.0771092591390605,1.1653704320318092
5.274962902069092,2017,4.078396759158246,1.1671341820580912
5.274962902069092,2018,4.079683259177417,1.16889503208433
5.274962902069092,2019,4.080968759196572,1.1706529821105256
5.274962902069092,2020,4.082253259215713,1.1724080321366779
5.274962902069092,2021,4.083536759234839,1.1741601821627872
5.274962902069092,2022,4.084819259253949,1.1759094321888528
5.274962902069092,2023,4.0861007592730445,1.1776557822148754
5.274962902069092,2024,4.087381259292125,1.1793992322408549
5.274962902069092,2025,4.088660759311192,1.1811397822667908
5.274962902069092,2026,4.089939259330244,1.182877432292684
5.274962902069092,2027,4.091216759349279,1.1846121823185338
5.274962902069092,2028,4.0924932593683,1.1863440323443402
5.274962902069092,2029,4.0937687593873076,1.1880729823701037
5.274962902069092,2030,4.095043259406299,1.189799032395824
5.274962902069092,2031,4.0963167594252745,1.1915221824215008
5.274962902069092,2032,4.097589259444237,1.1932424324471347
5.274962902069092,2033,4.098860759463183,1.1949597824727252
5.274962902069092,2034,4.100131259482115,1.1966742324982724
5.274962902069092,2035,4.101400759501033,1.1983857825237763
5.274962902069092,2036,4.102669259519934,1.200094432549237
5.274962902069092,2037,4.103936759538821,1.201800182574655
5.274962902069092,2038,4.105203259557694,1.203503032600029
5.274962902069092,2039,4.106468759576551,1.2052029826253605
5.274962902069092,2040,4.107733259595394,1.2069000326506485
5.274962902069092,2041,4.1089967596142225,1.2085941826758937
5.274962902069092,2042,4.110259259633035,1.210285432701095
5.274962902069092,2043,4.1115207596518335,1.2119737827262536
5.274962902069092,2044,4.112781259670615,1.2136592327513687
5.274962902069092,2045,4.1140407596893835,1.2153417827764406
5.274962902069092,2046,4.115299259708137,1.2170214328014695
5.274962902069092,2047,4.116556759726875,1.2186981828264547
5.274962902069092,2048,4.117813259745598,1.2203720328513972
5.274962902069092,2049,4.119068759764307,1.2220429828762964
5.274962902069092,2050,4.120323259783,1.2237110329011522
5.274962902069092,2051,4.121576759801679,1.2253761829259646
5.274962902069092,2052,4.122829259820342,1.2270384329507344
5.274962902069092,2053,4.124080759838991,1.2286977829754604
5.274962902069092,2054,4.125331259857625,1.2303542330001438
5.274962902069092,2055,4.126580759876244,1.2320077830247833
5.274962902069092,2056,4.127829259894849,1.23365843304938
5.274962902069092,2057,4.1290767599134375,1.2353061830739334
5.274962902069092,2058,4.1303232599320125,1.2369510330984435
5.274962902069092,2059,4.1315687599505715,1.2385929831229103
5.274962902069092,2060,4.132813259969115,1.2402320331473342
5.274962902069092,2061,4.134056759987645,1.2418681831717147
5.274962902069092,2062,4.13529926000616,1.243501433196052
5.274962902069092,2063,4.136540760024659,1.2451317832203461
5.274962902069092,2064,4.137781260043145,1.246759233244597
5.274962902069092,2065,4.139020760061615,1.248383783268805
5.274962902069092,2066,4.14025926008007,1.250005433292969
5.274962902069092,2067,4.14149676009851,1.2516241833170905
5.274962902069092,2068,4.142733260116935,1.2532400333411684
5.274962902069092,2069,4.143968760135346,1.2548529833652033
5.274962902069092,2070,4.145203260153741,1.2564630333891948
5.274962902069092,2071,4.146436760172121,1.2580701834131431
5.274962902069092,2072,4.147669260190487,1.2596744334370487
5.274962902069092,2073,4.1489007602088375,1.2612757834609105
5.274962902069092,2074,4.150131260227174,1.2628742334847292
5.274962902069092,2075,4.1513607602454945,1.2644697835085048
5.274962902069092,2076,4.1525892602638015,1.2660624335322372
5.274962902069092,2077,4.1538167602820915,1.2676521835559262
5.274962902069092,2078,4.155043260300368,1.2692390335795722
5.274962902069092,2079,4.156268760318629,1.2708229836031748
5.274962902069092,2080,4.157493260336876,1.2724040336267344
5.274962902069092,2081,4.158716760355107,1.2739821836502503
5.274962902069092,2082,4.159939260373324,1.2755574336737237
5.274962902069092,2083,4.161160760391526,1.2771297836971534
5.274962902069092,2084,4.162381260409713,1.27869923372054
5.274962902069092,2085,4.163600760427885,1.2802657837438836
5.274962902069092,2086,4.164819260446042,1.2818294337671836
5.274962902069092,2087,4.166036760464184,1.2833901837904407
5.274962902069092,2088,4.167253260482311,1.2849480338136545
5.274962902069092,2089,4.168468760500423,1.2865029838368252
5.274962902069092,2090,4.1696832605185215,1.2880550338599526
5.274962902069092,2091,4.170896760536603,1.2896041838830365
5.274962902069092,2092,4.172109260554672,1.2911504339060775
5.274962902069092,2093,4.173320760572725,1.292693783929075
5.274962902069092,2094,4.174531260590762,1.2942342339520299
5.274962902069092,2095,4.175740760608786,1.2957717839749412
5.274962902069092,2096,4.176949260626794,1.297306433997809
5.274962902069092,2097,4.178156760644787,1.298838184020634
5.274962902069092,2098,4.1793632606627655,1.3003670340434157
5.274962902069092,2099,4.180568760680729,1.301892984066154
5.274962902069092,2100,4.181773260698677,1.3034160340888492
5.274962902069092,2101,4.18297676071661,1.3049361841115013
5.274962902069092,2102,4.1841792607345285,1.30645343413411
5.274962902069092,2103,4.185380760752434,1.3079677841566757
5.274962902069092,2104,4.186581260770322,1.3094792341791979
5.274962902069092,2105,4.187780760788195,1.310987784201677
5.274962902069092,2106,4.188979260806055,1.3124934342241132
5.274962902069092,2107,4.190176760823899,1.3139961842465058
5.274962902069092,2108,4.191373260841727,1.3154960342688553
5.274962902069092,2109,4.192568760859542,1.3169929842911619
5.274962902069092,2110,4.193763260877342,1.3184870343134245
5.274962902069092,2111,4.194956760895126,1.3199781843356444
5.274962902069092,2112,4.196149260912896,1.321466434357821
5.274962902069092,2113,4.197340760930651,1.3229517843799548
5.274962902069092,2114,4.198531260948391,1.324434234402045
5.274962902069092,2115,4.199720760966115,1.3259137844240918
5.274962902069092,2116,4.200909260983825,1.3273904344460954
5.274962902069092,2117,4.20209676100152,1.3288641844680562
5.274962902069092,2118,4.203283261019201,1.3303350344899736
5.274962902069092,2119,4.204468761036866,1.3318029845118475
5.274962902069092,2120,4.2056532610545165,1.3332680345336785
5.274962902069092,2121,4.206836761072152,1.3347301845554664
5.274962902069092,2122,4.208019261089772,1.3361894345772112
5.274962902069092,2123,4.209200761107378,1.3376457845989123
5.274962902069092,2124,4.210381261124969,1.3390992346205703
5.274962902069092,2125,4.211560761142545,1.3405497846421852
5.274962902069092,2126,4.212739261160106,1.3419974346637569
5.274962902069092,2127,4.213916761177652,1.343442184685285
5.274962902069092,2128,4.215093261195183,1.3448840347067705
5.274962902069092,2129,4.2162687612126994,1.3463229847282125
5.274962902069092,2130,4.2174432612302,1.3477590347496116
5.274962902069092,2131,4.218616761247687,1.349192184770967
5.274962902069092,2132,4.219789261265158,1.3506224347922795
5.274962902069092,2133,4.220960761282615,1.3520497848135484
5.274962902069092,2134,4.222131261300057,1.3534742348347744
5.274962902069092,2135,4.223300761317485,1.3548957848559575
5.274962902069092,2136,4.224469261334896,1.3563144348770968
5.274962902069092,2137,4.225636761352294,1.357730184898193
5.274962902069092,2138,4.2268032613696755,1.3591430349192462
5.274962902069092,2139,4.227968761387043,1.3605529849402558
5.274962902069092,2140,4.229133261404395,1.3619600349612229
5.274962902069092,2141,4.230296761421733,1.3633641849821463
5.274962902069092,2142,4.231459261439055,1.3647654350030265
5.274962902069092,2143,4.232620761456364,1.3661637850238635
5.274962902069092,2144,4.233781261473656,1.3675592350446573
5.274962902069092,2145,4.234940761490934,1.368951785065408
5.274962902069092,2146,4.236099261508197,1.3703414350861154
5.274962902069092,2147,4.237256761525446,1.3717281851067793
5.274962902069092,2148,4.238413261542679,1.3731120351274004
5.274962902069092,2149,4.239568761559896,1.3744929851479781
5.274962902069092,2150,4.2407232615771,1.3758710351685126
5.274962902069092,2151,4.241876761594288,1.377246185189004
5.274962902069092,2152,4.243029261611461,1.3786184352094522
5.274962902069092,2153,4.24418076162862,1.379987785229857
5.274962902069092,2154,4.245331261645764,1.3813542352502186
5.274962902069092,2155,4.246480761662893,1.382717785270537
5.274962902069092,2156,4.247629261680006,1.3840784352908124
5.274962902069092,2157,4.248776761697106,1.3854361853110444
5.274962902069092,2158,4.24992326171419,1.3867910353312336
5.274962902069092,2159,4.2510687617312595,1.388142985351379
5.274962902069092,2160,4.252213261748314,1.3894920353714815
5.274962902069092,2161,4.253356761765353,1.3908381853915406
5.274962902069092,2162,4.254499261782378,1.3921814354115565
5.274962902069092,2163,4.255640761799388,1.3935217854315294
5.274962902069092,2164,4.256781261816383,1.3948592354514588
5.274962902069092,2165,4.257920761833362,1.396193785471345
5.274962902069092,2166,4.259059261850328,1.3975254354911884
5.274962902069092,2167,4.260196761867277,1.3988541855109884
5.274962902069092,2168,4.261333261884213,1.400180035530745
5.274962902069092,2169,4.2624687619011326,1.4015029855504584
5.274962902069092,2170,4.263603261918038,1.4028230355701288
5.274962902069092,2171,4.264736761934929,1.4041401855897557
5.274962902069092,2172,4.265869261951804,1.4054544356093397
5.274962902069092,2173,4.2670007619686645,1.4067657856288804
5.274962902069092,2174,4.268131261985511,1.4080742356483777
5.274962902069092,2175,4.269260762002341,1.409379785667832
5.274962902069092,2176,4.270389262019157,1.4106824356872432
5.274962902069092,2177,4.271516762035958,1.4119821857066108
5.274962902069092,2178,4.272643262052744,1.4132790357259355
5.274962902069092,2179,4.2737687620695155,1.4145729857452165
5.274962902069092,2180,4.274893262086272,1.4158640357644547
5.274962902069092,2181,4.276016762103014,1.41715218578365
5.274962902069092,2182,4.27713926211974,1.4184374358028018
5.274962902069092,2183,4.278260762136452,1.41971978582191
5.274962902069092,2184,4.279381262153149,1.4209992358409755
5.274962902069092,2185,4.280500762169831,1.4222757858599975
5.274962902069092,2186,4.2816192621864975,1.4235494358789764
5.274962902069092,2187,4.28273676220315,1.4248201858979122
5.274962902069092,2188,4.283853262219788,1.4260880359168044
5.274962902069092,2189,4.284968762236409,1.4273529859356535
5.274962902069092,2190,4.286083262253016,1.4286150359544596
5.274962902069092,2191,4.287196762269609,1.4298741859732225
5.274962902069092,2192,4.2883092622861865,1.4311304359919421
5.274962902069092,2193,4.289420762302749,1.4323837860106183
5.274962902069092,2194,4.2905312623192975,1.4336342360292516
5.274962902069092,2195,4.29164076233583,1.4348817860478413
5.274962902069092,2196,4.2927492623523476,1.4361264360663881
5.274962902069092,2197,4.293856762368851,1.4373681860848917
5.274962902069092,2198,4.294963262385339,1.438607036103352
5.274962902069092,2199,4.296068762401812,1.4398429861217692
5.274962902069092,2200,4.297173262418271,1.441076036140143
5.274962902069092,2201,4.298276762434714,1.4423061861584736
5.274962902069092,2202,4.299379262451143,1.443533436176761
5.274962902069092,2203,4.300480762467556,1.4447577861950052
5.274962902069092,2204,4.301581262483955,1.4459792362132065
5.274962902069092,2205,4.302680762500339,1.4471977862313643
5.274962902069092,2206,4.3037792625167075,1.4484134362494787
5.274962902069092,2207,4.304876762533062,1.4496261862675501
5.274962902069092,2208,4.305973262549401,1.4508360362855781
5.274962902069092,2209,4.3070687625657245,1.4520429863035633
5.274962902069092,2210,4.308163262582034,1.453247036321505
5.274962902069092,2211,4.309256762598329,1.4544481863394036
5.274962902069092,2212,4.310349262614608,1.455646436357259
5.274962902069092,2213,4.311440762630873,1.4568417863750711
5.274962902069092,2214,4.312531262647123,1.45803423639284
5.274962902069092,2215,4.313620762663358,1.4592237864105657
5.274962902069092,2216,4.314709262679578,1.4604104364282482
5.274962902069092,2217,4.315796762695783,1.4615941864458875
5.274962902069092,2218,4.316883262711973,1.4627750364634835
5.274962902069092,2219,4.317968762728148,1.4639529864810363
5.274962902069092,2220,4.319053262744308,1.465128036498546
5.274962902069092,2221,4.320136762760454,1.4663001865160123
5.274962902069092,2222,4.321219262776584,1.4674694365334353
5.274962902069092,2223,4.3223007627926995,1.4686357865508153
5.274962902069092,2224,4.323381262808801,1.4697992365681523
5.274962902069092,2225,4.324460762824886,1.4709597865854458
5.274962902069092,2226,4.325539262840957,1.4721174366026961
5.274962902069092,2227,4.326616762857014,1.4732721866199032
5.274962902069092,2228,4.327693262873054,1.4744240366370671
5.274962902069092,2229,4.32876876288908,1.4755729866541878
5.274962902069092,2230,4.329843262905092,1.4767190366712653
5.274962902069092,2231,4.330916762921088,1.4778621866882995
5.274962902069092,2232,4.3319892629370695,1.4790024367052907
5.274962902069092,2233,4.333060762953036,1.4801397867222383
5.274962902069092,2234,4.334131262968988,1.481274236739143
5.274962902069092,2235,4.3352007629849245,1.4824057867560045
5.274962902069092,2236,4.3362692630008475,1.4835344367728227
5.274962902069092,2237,4.337336763016754,1.4846601867895977
5.274962902069092,2238,4.338403263032646,1.4857830368063294
5.274962902069092,2239,4.339468763048523,1.486902986823018
5.274962902069092,2240,4.340533263064385,1.4880200368396634
5.274962902069092,2241,4.341596763080233,1.4891341868562655
5.274962902069092,2242,4.342659263096065,1.4902454368728244
5.274962902069092,2243,4.343720763111882,1.4913537868893398
5.274962902069092,2244,4.344781263127685,1.4924592369058125
5.274962902069092,2245,4.345840763143473,1.4935617869222415
5.274962902069092,2246,4.346899263159245,1.4946614369386275
5.274962902069092,2247,4.347956763175004,1.4957581869549705
5.274962902069092,2248,4.349013263190746,1.4968520369712701
5.274962902069092,2249,4.350068763206474,1.4979429869875267
5.274962902069092,2250,4.351123263222188,1.4990310370037399
5.274962902069092,2251,4.352176763237886,1.5001161870199098
5.274962902069092,2252,4.353229263253571,1.5011984370360365
5.274962902069092,2253,4.354280763269238,1.5022777870521202
5.274962902069092,2254,4.355331263284892,1.5033542370681605
5.274962902069092,2255,4.35638076330053,1.5044277870841576
5.274962902069092,2256,4.357429263316155,1.5054984371001117
5.274962902069092,2257,4.358476763331764,1.5065661871160223
5.274962902069092,2258,4.359523263347358,1.50763103713189
5.274962902069092,2259,4.360568763362937,1.5086929871477142
5.274962902069092,2260,4.3616132633785005,1.5097520371634952
5.274962902069092,2261,4.3626567633940505,1.510808187179233
5.274962902069092,2262,4.363699263409584,1.5118614371949275
5.274962902069092,2263,4.364740763425105,1.512911787210579
5.274962902069092,2264,4.365781263440609,1.5139592372261874
5.274962902069092,2265,4.366820763456099,1.5150037872417523
5.274962902069092,2266,4.367859263471574,1.516045437257274
5.274962902069092,2267,4.368896763487034,1.5170841872727527
5.274962902069092,2268,4.369933263502479,1.5181200372881882
5.274962902069092,2269,4.370968763517909,1.5191529873035803
5.274962902069092,2270,4.372003263533324,1.5201830373189291
5.274962902069092,2271,4.373036763548725,1.5212101873342347
5.274962902069092,2272,4.3740692635641105,1.5222344373494974
5.274962902069092,2273,4.37510076357948,1.5232557873647168
5.274962902069092,2274,4.376131263594836,1.524274237379893
5.274962902069092,2275,4.377160763610177,1.5252897873950255
5.274962902069092,2276,4.378189263625503,1.5263024374101153
5.274962902069092,2277,4.379216763640814,1.5273121874251618
5.274962902069092,2278,4.38024326365611,1.5283190374401652
5.274962902069092,2279,4.3812687636713905,1.5293229874551253
5.274962902069092,2280,4.382293263686657,1.530324037470042
5.274962902069092,2281,4.3833167637019095,1.5313221874849154
5.274962902069092,2282,4.384339263717146,1.5323174374997457
5.274962902069092,2283,4.385360763732367,1.5333097875145332
5.274962902069092,2284,4.386381263747573,1.534299237529277
5.274962902069092,2285,4.387400763762765,1.5352857875439776
5.274962902069092,2286,4.388419263777942,1.5362694375586352
5.274962902069092,2287,4.389436763793103,1.5372501875732496
5.274962902069092,2288,4.390453263808251,1.5382280375878206
5.274962902069092,2289,4.391468763823383,1.5392029876023485
5.274962902069092,2290,4.3924832638385,1.5401750376168333
5.274962902069092,2291,4.393496763853602,1.5411441876312746
5.274962902069092,2292,4.39450926386869,1.542110437645673
5.274962902069092,2293,4.395520763883763,1.543073787660028
5.274962902069092,2294,4.3965312638988205,1.5440342376743397
5.274962902069092,2295,4.397540763913863,1.5449917876886083
5.274962902069092,2296,4.39854926392889,1.5459464377028338
5.274962902069092,2297,4.399556763943903,1.5468981877170158
5.274962902069092,2298,4.400563263958901,1.5478470377311548
5.274962902069092,2299,4.401568763973884,1.5487929877452506
5.274962902069092,2300,4.402573263988852,1.549736037759303
5.274962902069092,2301,4.403576764003806,1.5506761877733126
5.274962902069092,2302,4.404579264018745,1.5516134377872786
5.274962902069092,2303,4.405580764033669,1.5525477878012017
5.274962902069092,2304,4.406581264048577,1.5534792378150812
5.274962902069092,2305,4.4075807640634705,1.5544077878289175
5.274962902069092,2306,4.40857926407835,1.555333437842711
5.274962902069092,2307,4.409576764093213,1.556256187856461
5.274962902069092,2308,4.410573264108062,1.5571760378701678
5.274962902069092,2309,4.4115687641228964,1.5580929878838314
5.274962902069092,2310,4.412563264137715,1.5590070378974519
5.274962902069092,2311,4.41355676415252,1.559918187911029
5.274962902069092,2312,4.414549264167309,1.560826437924563
5.274962902069092,2313,4.415540764182084,1.5617317879380537
5.274962902069092,2314,4.416531264196844,1.5626342379515012
5.274962902069092,2315,4.417520764211588,1.5635337879649058
5.274962902069092,2316,4.4185092642263175,1.5644304379782668
5.274962902069092,2317,4.419496764241032,1.565324187991585
5.274962902069092,2318,4.420483264255733,1.5662150380048594
5.274962902069092,2319,4.421468764270418,1.567102988018091
5.274962902069092,2320,4.422453264285088,1.5679880380312792
5.274962902069092,2321,4.423436764299744,1.5688701880444245
5.274962902069092,2322,4.424419264314383,1.569749438057526
5.274962902069092,2323,4.425400764329009,1.5706257880705847
5.274962902069092,2324,4.426381264343619,1.5714992380836001
5.274962902069092,2325,4.427360764358215,1.5723697880965721
5.274962902069092,2326,4.428339264372797,1.5732374381095013
5.274962902069092,2327,4.429316764387362,1.5741021881223873
5.274962902069092,2328,4.4302932644019135,1.5749640381352297
5.274962902069092,2329,4.4312687644164495,1.575822988148029
5.274962902069092,2330,4.43224326443097,1.5766790381607851
5.274962902069092,2331,4.4332167644454765,1.5775321881734983
5.274962902069092,2332,4.4341892644599685,1.578382438186168
5.274962902069092,2333,4.435160764474444,1.5792297881987944
5.274962902069092,2334,4.436131264488906,1.5800742382113775
5.274962902069092,2335,4.437100764503352,1.5809157882239178
5.274962902069092,2336,4.438069264517784,1.5817544382364148
5.274962902069092,2337,4.439036764532201,1.5825901882488682
5.274962902069092,2338,4.440003264546604,1.5834230382612788
5.274962902069092,2339,4.44096876456099,1.5842529882736458
5.274962902069092,2340,4.441933264575362,1.5850800382859698
5.274962902069092,2341,4.44289676458972,1.5859041882982505
5.274962902069092,2342,4.443859264604062,1.5867254383104883
5.274962902069092,2343,4.44482076461839,1.5875437883226824
5.274962902069092,2344,4.445781264632703,1.5883592383348337
5.274962902069092,2345,4.446740764647,1.5891717883469418
5.274962902069092,2346,4.447699264661282,1.5899814383590063
5.274962902069092,2347,4.448656764675551,1.590788188371028
5.274962902069092,2348,4.449613264689804,1.5915920383830062
5.274962902069092,2349,4.450568764704041,1.5923929883949413
5.274962902069092,2350,4.451523264718265,1.593191038406833
5.274962902069092,2351,4.452476764732473,1.5939861884186817
5.274962902069092,2352,4.453429264746666,1.5947784384304873
5.274962902069092,2353,4.454380764760845,1.5955677884422497
5.274962902069092,2354,4.455331264775008,1.5963542384539684
5.274962902069092,2355,4.456280764789157,1.5971377884656441
5.274962902069092,2356,4.45722926480329,1.5979184384772769
5.274962902069092,2357,4.458176764817409,1.5986961884888664
5.274962902069092,2358,4.459123264831513,1.5994710385004125
5.274962902069092,2359,4.4600687648456026,1.6002429885119154
5.274962902069092,2360,4.461013264859677,1.6010120385233753
5.274962902069092,2361,4.461956764873737,1.6017781885347917
5.274962902069092,2362,4.462899264887781,1.6025414385461652
5.274962902069092,2363,4.463840764901811,1.603301788557495
5.274962902069092,2364,4.464781264915825,1.604059238568782
5.274962902069092,2365,4.465720764929824,1.6048137885800255
5.274962902069092,2366,4.466659264943809,1.605565438591226
5.274962902069092,2367,4.467596764957779,1.6063141886023833
5.274962902069092,2368,4.468533264971734,1.6070600386134974
5.274962902069092,2369,4.469468764985673,1.607802988624568
5.274962902069092,2370,4.470403264999598,1.6085430386355957
5.274962902069092,2371,4.471336765013509,1.6092801886465802
5.274962902069092,2372,4.472269265027404,1.6100144386575213
5.274962902069092,2373,4.473200765041285,1.6107457886684196
5.274962902069092,2374,4.47413126505515,1.611474238679274
5.274962902069092,2375,4.475060765069,1.6121997886900856
5.274962902069092,2376,4.475989265082837,1.612922438700854
5.274962902069092,2377,4.476916765096657,1.613642188711579
5.274962902069092,2378,4.477843265110463,1.6143590387222608
5.274962902069092,2379,4.478768765124254,1.6150729887328996
5.274962902069092,2380,4.47969326513803,1.6157840387434952
5.274962902069092,2381,4.480616765151792,1.6164921887540473
5.274962902069092,2382,4.481539265165538,1.6171974387645565
5.274962902069092,2383,4.482460765179269,1.6178997887750222
5.274962902069092,2384,4.483381265192986,1.6185992387854449
5.274962902069092,2385,4.4843007652066875,1.6192957887958244
5.274962902069092,2386,4.485219265220374,1.6199894388061604
5.274962902069092,2387,4.486136765234046,1.6206801888164533
5.274962902069092,2388,4.487053265247702,1.621368038826703
5.274962902069092,2389,4.4879687652613445,1.6220529888369097
5.274962902069092,2390,4.488883265274972,1.6227350388470732
5.274962902069092,2391,4.489796765288585,1.6234141888571934
5.274962902069092,2392,4.490709265302181,1.6240904388672701
5.274962902069092,2393,4.491620765315764,1.6247637888773039
5.274962902069092,2394,4.4925312653293314,1.6254342388872942
5.274962902069092,2395,4.493440765342884,1.6261017888972418
5.274962902069092,2396,4.494349265356422,1.6267664389071457
5.274962902069092,2397,4.495256765369945,1.6274281889170064
5.274962902069092,2398,4.496163265383452,1.6280870389268243
5.274962902069092,2399,4.4970687653969454,1.6287429889365987
5.274962902069092,2400,4.497973265410423,1.6293960389463296
5.274962902069092,2401,4.498876765423887,1.630046188956018
5.274962902069092,2402,4.499779265437335,1.6306934389656624
5.274962902069092,2403,4.500680765450769,1.631337788975264
5.274962902069092,2404,4.501581265464187,1.6319792389848224
5.274962902069092,2405,4.502480765477591,1.6326177889943376
5.274962902069092,2406,4.503379265490979,1.6332534390038094
5.274962902069092,2407,4.504276765504353,1.6338861890132383
5.274962902069092,2408,4.505173265517712,1.6345160390226239
5.274962902069092,2409,4.506068765531056,1.6351429890319658
5.274962902069092,2410,4.5069632655443845,1.6357670390412649
5.274962902069092,2411,4.507856765557699,1.6363881890505207
5.274962902069092,2412,4.508749265570999,1.6370064390597334
5.274962902069092,2413,4.509640765584282,1.6376217890689029
5.274962902069092,2414,4.510531265597552,1.6382342390780291
5.274962902069092,2415,4.511420765610807,1.6388437890871121
5.274962902069092,2416,4.512309265624046,1.639450439096152
5.274962902069092,2417,4.513196765637272,1.6400541891051486
5.274962902069092,2418,4.5140832656504815,1.640655039114102
5.274962902069092,2419,4.514968765663676,1.6412529891230119
5.274962902069092,2420,4.515853265676856,1.641848039131879
5.274962902069092,2421,4.5167367656900215,1.6424401891407026
5.274962902069092,2422,4.517619265703172,1.6430294391494833
5.274962902069092,2423,4.518500765716308,1.6436157891582206
5.274962902069092,2424,4.519381265729427,1.6441992391669145
5.274962902069092,2425,4.520260765742533,1.6447797891755653
5.274962902069092,2426,4.5211392657556235,1.6453574391841732
5.274962902069092,2427,4.522016765768699,1.6459321891927372
5.274962902069092,2428,4.522893265781761,1.6465040392012587
5.274962902069092,2429,4.523768765794806,1.6470729892097364
5.274962902069092,2430,4.524643265807838,1.6476390392181715
5.274962902069092,2431,4.5255167658208535,1.6482021892265633
5.274962902069092,2432,4.5263892658338545,1.6487624392349114
5.274962902069092,2433,4.527260765846841,1.6493197892432165
5.274962902069092,2434,4.5281312658598125,1.6498742392514787
5.274962902069092,2435,4.529000765872769,1.6504257892596974
5.274962902069092,2436,4.529869265885711,1.650974439267873
5.274962902069092,2437,4.530736765898638,1.6515201892760052
5.274962902069092,2438,4.531603265911549,1.6520630392840943
5.274962902069092,2439,4.532468765924447,1.6526029892921403
5.274962902069092,2440,4.533333265937328,1.6531400393001427
5.274962902069092,2441,4.534196765950195,1.6536741893081024
5.274962902069092,2442,4.5350592659630475,1.6542054393160186
5.274962902069092,2443,4.535920765975885,1.6547337893238916
5.274962902069092,2444,4.536781265988708,1.6552592393317214
5.274962902069092,2445,4.537640766001516,1.6557817893395081
5.274962902069092,2446,4.538499266014308,1.6563014393472515
5.274962902069092,2447,4.539356766027086,1.6568181893549516
5.274962902069092,2448,4.540213266039848,1.6573320393626085
5.274962902069092,2449,4.541068766052597,1.6578429893702222
5.274962902069092,2450,4.5419232660653295,1.6583510393777927
5.274962902069092,2451,4.542776766078048,1.65885618938532
5.274962902069092,2452,4.543629266090751,1.6593584393928043
5.274962902069092,2453,4.544480766103439,1.659857789400245
5.274962902069092,2454,4.545331266116113,1.660354239407643
5.274962902069092,2455,4.546180766128771,1.6608477894149973
5.274962902069092,2456,4.547029266141415,1.6613384394223085
5.274962902069092,2457,4.547876766154044,1.6618261894295765
5.274962902069092,2458,4.5487232661666575,1.6623110394368015
5.274962902069092,2459,4.549568766179257,1.662792989443983
5.274962902069092,2460,4.550413266191841,1.6632720394511213
5.274962902069092,2461,4.55125676620441,1.6637481894582165
5.274962902069092,2462,4.552099266216964,1.6642214394652686
5.274962902069092,2463,4.5529407662295025,1.6646917894722773
5.274962902069092,2464,4.553781266242027,1.665159239479243
5.274962902069092,2465,4.554620766254537,1.6656237894861652
5.274962902069092,2466,4.5554592662670315,1.6660854394930444
5.274962902069092,2467,4.5562967662795115,1.6665441894998803
5.274962902069092,2468,4.557133266291976,1.6670000395066729
5.274962902069092,2469,4.557968766304426,1.6674529895134227
5.274962902069092,2470,4.558803266316861,1.6679030395201286
5.274962902069092,2471,4.559636766329281,1.6683501895267918
5.274962902069092,2472,4.560469266341686,1.6687944395334118
5.274962902069092,2473,4.561300766354076,1.6692357895399883
5.274962902069092,2474,4.562131266366452,1.6696742395465218
5.274962902069092,2475,4.562960766378813,1.670109789553012
5.274962902069092,2476,4.563789266391159,1.6705424395594588
5.274962902069092,2477,4.564616766403489,1.6709721895658627
5.274962902069092,2478,4.565443266415805,1.6713990395722231
5.274962902069092,2479,4.566268766428106,1.6718229895785406
5.274962902069092,2480,4.567093266440391,1.6722440395848146
5.274962902069092,2481,4.5679167664526625,1.6726621895910456
5.274962902069092,2482,4.568739266464919,1.6730774395972334
5.274962902069092,2483,4.56956076647716,1.6734897896033778
5.274962902069092,2484,4.570381266489387,1.673899239609479
5.274962902069092,2485,4.571200766501599,1.674305789615537
5.274962902069092,2486,4.572019266513795,1.674709439621552
5.274962902069092,2487,4.572836766525977,1.6751101896275238
5.274962902069092,2488,4.573653266538143,1.675508039633452
5.274962902069092,2489,4.574468766550295,1.6759029896393374
5.274962902069092,2490,4.575283266562432,1.6762950396451792
5.274962902069092,2491,4.576096766574555,1.6766841896509779
5.274962902069092,2492,4.576909266586662,1.6770704396567337
5.274962902069092,2493,4.577720766598754,1.677453789662446
5.274962902069092,2494,4.578531266610831,1.677834239668115
5.274962902069092,2495,4.579340766622893,1.678211789673741
5.274962902069092,2496,4.580149266634941,1.6785864396793237
5.274962902069092,2497,4.580956766646974,1.678958189684863
5.274962902069092,2498,4.581763266658992,1.6793270396903595
5.274962902069092,2499,4.582568766670994,1.6796929896958126
5.274962902069092,2500,4.583373266682983,1.6800560397012223
5.274962902069092,2501,4.584176766694956,1.6804161897065892
5.274962902069092,2502,4.584979266706915,1.6807734397119127
5.274962902069092,2503,4.585780766718857,1.6811277897171928
5.274962902069092,2504,4.586581266730786,1.6814792397224299
5.274962902069092,2505,4.586581266730786,1.6814792397224299
5.274962902069092,2506,4.587380666742697,1.681829689727652
5.274962902069092,2507,4.588178866754592,1.6821810397328876
5.274962902069092,2508,4.588975866766468,1.6825332897381364
5.274962902069092,2509,4.589771666778327,1.6828864397433987
5.274962902069092,2510,4.590566266790166,1.6832404897486746
5.274962902069092,2511,4.591359666801989,1.6835954397539636
5.274962902069092,2512,4.5921518668137935,1.6839512897592661
5.274962902069092,2513,4.592942866825581,1.6843080397645824
5.274962902069092,2514,4.593732666837349,1.6846656897699115
5.274962902069092,2515,4.5945212668491004,1.6850242397752542
5.274962902069092,2516,4.595308666860833,1.6853836897806105
5.274962902069092,2517,4.59609486687255,1.6857440397859804
5.274962902069092,2518,4.5968798668842465,1.6861052897913633
5.274962902069092,2519,4.597663666895926,1.6864674397967598
5.274962902069092,2520,4.598446266907588,1.6868304898021695
5.274962902069092,2521,4.599227666919232,1.6871944398075929
5.274962902069092,2522,4.6000078669308575,1.6875592898130298
5.274962902069092,2523,4.600786866942466,1.6879250398184797
5.274962902069092,2524,4.601564666954056,1.688291689823943
5.274962902069092,2525,4.602341266965627,1.68865923982942
5.274962902069092,2526,4.603116666977182,1.6890276898349104
5.274962902069092,2527,4.60389086698872,1.6893970398404143
5.274962902069092,2528,4.604663867000236,1.6897672898459313
5.274962902069092,2529,4.605435667011737,1.6901384398514618
5.274962902069092,2530,4.606206267023221,1.690510489857006
5.274962902069092,2531,4.6069756670346855,1.6908834398625634
5.274962902069092,2532,4.607743867046133,1.691257289868134
5.274962902069092,2533,4.6085108670575625,1.6916320398737184
5.274962902069092,2534,4.609276667068973,1.6920076898793157
5.274962902069092,2535,4.610041267080367,1.692384239884927
5.274962902069092,2536,4.610804667091743,1.692761689890551
5.274962902069092,2537,4.611566867103099,1.693140039896189
5.274962902069092,2538,4.612327867114439,1.6935192899018403
5.274962902069092,2539,4.613087667125761,1.693899439907505
5.274962902069092,2540,4.613846267137065,1.6942804899131831
5.274962902069092,2541,4.6146036671483515,1.6946624399188746
5.274962902069092,2542,4.615359867159621,1.69504528992458
5.274962902069092,2543,4.616114867170871,1.6954290399302985
5.274962902069092,2544,4.616868667182103,1.69581368993603
5.274962902069092,2545,4.617621267193318,1.6961992399417751
5.274962902069092,2546,4.618372667204515,1.6965856899475336
5.274962902069092,2547,4.619122867215694,1.6969730399533054
5.274962902069092,2548,4.619871867226855,1.697361289959091
5.274962902069092,2549,4.620619667237998,1.6977504399648895
5.274962902069092,2550,4.621366267249123,1.698140489970702
5.274962902069092,2551,4.62211166726023,1.6985314399765277
5.274962902069092,2552,4.622855867271319,1.6989232899823663
5.274962902069092,2553,4.623598867282391,1.6993160399882188
5.274962902069092,2554,4.624340667293445,1.6997096899940847
5.274962902069092,2555,4.6250812673044805,1.7001042399999642
5.274962902069092,2556,4.625820667315498,1.7004996900058567
5.274962902069092,2557,4.626558867326499,1.700896040011763
5.274962902069092,2558,4.62729586733748,1.7012932900176823
5.274962902069092,2559,4.628031667348445,1.701691440023615
5.274962902069092,2560,4.628766267359391,1.7020904900295615
5.274962902069092,2561,4.62949966737032,1.702490440035521
5.274962902069092,2562,4.63023186738123,1.7028912900414943
5.274962902069092,2563,4.630962867392124,1.7032930400474808
5.274962902069092,2564,4.631692667402999,1.7036956900534808
5.274962902069092,2565,4.6324212674138545,1.704099240059494
5.274962902069092,2566,4.6331486674246944,1.7045036900655208
5.274962902069092,2567,4.633874867435515,1.704909040071561
5.274962902069092,2568,4.634599867446319,1.7053152900776145
5.274962902069092,2569,4.6353236674571034,1.7057224400836815
5.274962902069092,2570,4.636046267467871,1.7061304900897623
5.274962902069092,2571,4.636767667478621,1.7065394400958558
5.274962902069092,2572,4.637487867489353,1.7069492901019632
5.274962902069092,2573,4.638206867500067,1.7073600401080837
5.274962902069092,2574,4.6389246675107625,1.7077716901142177
5.274962902069092,2575,4.639641267521441,1.7081842401203653
5.274962902069092,2576,4.640356667532101,1.708597690126526
5.274962902069092,2577,4.6410708675427434,1.7090120401327005
5.274962902069092,2578,4.641783867553368,1.7094272901388883
5.274962902069092,2579,4.642495667563975,1.7098434401450893
5.274962902069092,2580,4.6432062675745644,1.7102604901513037
5.274962902069092,2581,4.6439156675851345,1.7106784401575317
5.274962902069092,2582,4.644623867595687,1.7110972901637729
5.274962902069092,2583,4.645330867606223,1.711517040170028
5.274962902069092,2584,4.64603666761674,1.711937690176296
5.274962902069092,2585,4.646741267627239,1.7123592401825776
5.274962902069092,2586,4.64744466763772,1.7127816901888728
5.274962902069092,2587,4.648146867648184,1.713205040195181
5.274962902069092,2588,4.64884786765863,1.7136292902015027
5.274962902069092,2589,4.649547667669059,1.7140544402078381
5.274962902069092,2590,4.650246267679468,1.7144804902141868
5.274962902069092,2591,4.650943667689861,1.7149074402205486
5.274962902069092,2592,4.651639867700234,1.715335290226924
5.274962902069092,2593,4.652334867710591,1.7157640402333134
5.274962902069092,2594,4.653028667720929,1.7161936902397155
5.274962902069092,2595,4.65372126773125,1.7166242402461311
5.274962902069092,2596,4.6544126677415525,1.7170556902525604
5.274962902069092,2597,4.655102867751838,1.7174880402590031
5.274962902069092,2598,4.655791867762105,1.717921290265459
5.274962902069092,2599,4.656479667772353,1.718355440271928
5.274962902069092,2600,4.657166267782585,1.718790490278411
5.274962902069092,2601,4.657851667792799,1.7192264402849071
5.274962902069092,2602,4.658535867802994,1.7196632902914168
5.274962902069092,2603,4.659218867813171,1.7201010402979398
5.274962902069092,2604,4.65990066782333,1.7205396903044763
5.274962902069092,2605,4.660581267833472,1.720979240311026
5.274962902069092,2606,4.661260667843596,1.721419690317589
5.274962902069092,2607,4.661938867853703,1.7218610403241659
5.274962902069092,2608,4.6626158678637895,1.722303290330756
5.274962902069092,2609,4.66329166787386,1.7227464403373594
5.274962902069092,2610,4.663966267883912,1.723190490343976
5.274962902069092,2611,4.664639667893947,1.7236354403506062
5.274962902069092,2612,4.665311867903964,1.72408129035725
5.274962902069092,2613,4.6659828679139626,1.7245280403639072
5.274962902069092,2614,4.666652667923943,1.7249756903705775
5.274962902069092,2615,4.6673212679339064,1.7254242403772615
5.274962902069092,2616,4.667988667943851,1.7258736903839589
5.274962902069092,2617,4.668654867953777,1.7263240403906694
5.274962902069092,2618,4.669319867963687,1.7267752903973936
5.274962902069092,2619,4.669983667973579,1.7272274404041312
5.274962902069092,2620,4.670646267983451,1.727680490410882
5.274962902069092,2621,4.671307667993307,1.7281344404176466
5.274962902069092,2622,4.671967868003145,1.7285892904244244
5.274962902069092,2623,4.672626868012965,1.7290450404312154
5.274962902069092,2624,4.6732846680227675,1.7295016904380203
5.274962902069092,2625,4.673941268032552,1.729959240444838
5.274962902069092,2626,4.674596668042318,1.7304176904516697
5.274962902069092,2627,4.675250868052065,1.7308770404585143
5.274962902069092,2628,4.675903868061797,1.7313372904653725
5.274962902069092,2629,4.676555668071509,1.7317984404722444
5.274962902069092,2630,4.677206268081204,1.7322604904791294
5.274962902069092,2631,4.67785566809088,1.7327234404860279
5.274962902069092,2632,4.678503868100539,1.73318729049294
5.274962902069092,2633,4.67915086811018,1.7336520404998652
5.274962902069092,2634,4.679796668119803,1.7341176905068036
5.274962902069092,2635,4.6804412681294085,1.7345842405137561
5.274962902069092,2636,4.681084668138997,1.7350516905207216
5.274962902069092,2637,4.681726868148566,1.7355200405277005
5.274962902069092,2638,4.682367868158118,1.7359892905346928
5.274962902069092,2639,4.683007668167651,1.7364594405416984
5.274962902069092,2640,4.683646268177166,1.7369304905487177
5.274962902069092,2641,4.684283668186665,1.7374024405557507
5.274962902069092,2642,4.684919868196145,1.7378752905627965
5.274962902069092,2643,4.685554868205607,1.7383490405698558
5.274962902069092,2644,4.686188668215052,1.7388236905769288
5.274962902069092,2645,4.686821268224478,1.7392992405840149
5.274962902069092,2646,4.687452668233887,1.7397756905911146
5.274962902069092,2647,4.688082868243278,1.7402530405982277
5.274962902069092,2648,4.688711868252651,1.7407312906053543
5.274962902069092,2649,4.689339668262005,1.7412104406124942
5.274962902069092,2650,4.689966268271341,1.7416904906196473
5.274962902069092,2651,4.6905916682806605,1.7421714406268136
5.274962902069092,2652,4.691215868289961,1.7426532906339942
5.274962902069092,2653,4.691838868299246,1.7431360406411875
5.274962902069092,2654,4.692460668308511,1.7436196906483945
5.274962902069092,2655,4.693081268317759,1.744104240655615
5.274962902069092,2656,4.693700668326988,1.7445896906628486
5.274962902069092,2657,4.6943188683362,1.745076040670096
5.274962902069092,2658,4.694935868345394,1.7455632906773562
5.274962902069092,2659,4.695551668354571,1.7460514406846306
5.274962902069092,2660,4.696166268363729,1.7465404906919177
5.274962902069092,2661,4.696779668372869,1.7470304406992188
5.274962902069092,2662,4.697391868381992,1.747521290706533
5.274962902069092,2663,4.698002868391097,1.7480130407138605
5.274962902069092,2664,4.698612668400184,1.7485056907212015
5.274962902069092,2665,4.699221268409252,1.7489992407285562
5.274962902069092,2666,4.699828668418302,1.7494936907359242
5.274962902069092,2667,4.700434868427337,1.7499890407433052
5.274962902069092,2668,4.701039868436351,1.7504852907507
5.274962902069092,2669,4.701643668445349,1.750982440758108
5.274962902069092,2670,4.702246268454329,1.7514804907655297
5.274962902069092,2671,4.702847668463289,1.7519794407729647
5.274962902069092,2672,4.703447868472233,1.7524792907804128
5.274962902069092,2673,4.704046868481159,1.7529800407878746
5.274962902069092,2674,4.704644668490067,1.7534816907953499
5.274962902069092,2675,4.705241268498957,1.7539842408028383
5.274962902069092,2676,4.705836668507829,1.7544876908103404
5.274962902069092,2677,4.706430868516684,1.7549920408178559
5.274962902069092,2678,4.7070238685255195,1.7554972908253845
5.274962902069092,2679,4.707615668534338,1.7560034408329268
5.274962902069092,2680,4.7082062685431385,1.7565104908404823
5.274962902069092,2681,4.708795668551922,1.7570184408480514
5.274962902069092,2682,4.709383868560687,1.757527290855634
5.274962902069092,2683,4.7099708685694335,1.75803704086323
5.274962902069092,2684,4.710556668578163,1.7585476908708393
5.274962902069092,2685,4.711141268586875,1.759059240878462
5.274962902069092,2686,4.711724668595568,1.7595716908860983
5.274962902069092,2687,4.7123068686042435,1.7600850408937476
5.274962902069092,2688,4.712887868612901,1.7605992909014105
5.274962902069092,2689,4.713467668621541,1.7611144409090866
5.274962902069092,2690,4.714046268630163,1.7616304909167766
5.274962902069092,2691,4.714623668638766,1.7621474409244797
5.274962902069092,2692,4.7151998686473515,1.7626652909321963
5.274962902069092,2693,4.71577486865592,1.7631840409399262
5.274962902069092,2694,4.7163486686644704,1.7637036909476698
5.274962902069092,2695,4.716921268673003,1.7642242409554265
5.274962902069092,2696,4.717492668681517,1.7647456909631964
5.274962902069092,2697,4.718062868690014,1.7652680409709804
5.274962902069092,2698,4.718631868698493,1.7657912909787772
5.274962902069092,2699,4.7191996687069535,1.7663154409865875
5.274962902069092,2700,4.7197662687153965,1.7668404909944115
5.274962902069092,2701,4.720331668723822,1.767366441002249
5.274962902069092,2702,4.720895868732229,1.7678932910100995
5.274962902069092,2703,4.721458868740618,1.7684210410179637
5.274962902069092,2704,4.722020668748989,1.768949691025841
5.274962902069092,2705,4.722581268757343,1.769479241033732
5.274962902069092,2706,4.723140668765679,1.7700096910416363
5.274962902069092,2707,4.723698868773997,1.7705410410495541
5.274962902069092,2708,4.724255868782297,1.7710732910574851
5.274962902069092,2709,4.724811668790579,1.7716064410654297
5.274962902069092,2710,4.725366268798843,1.7721404910733878
5.274962902069092,2711,4.725919668807089,1.772675441081359
5.274962902069092,2712,4.726471868815318,1.773211291089344
5.274962902069092,2713,4.7270228688235285,1.773748041097342
5.274962902069092,2714,4.727572668831722,1.774285691105354
5.274962902069092,2715,4.728121268839897,1.774824241113379
5.274962902069092,2716,4.728668668848053,1.7753636911214175
5.274962902069092,2717,4.729214868856192,1.7759040411294693
5.274962902069092,2718,4.729759868864313,1.7764452911375346
5.274962902069092,2719,4.730303668872417,1.7769874411456132
5.274962902069092,2720,4.730846268880502,1.7775304911537049
5.274962902069092,2721,4.731387668888569,1.7780744411618106
5.274962902069092,2722,4.731927868896619,1.7786192911699297
5.274962902069092,2723,4.73246686890465,1.7791650411780617
5.274962902069092,2724,4.733004668912664,1.7797116911862076
5.274962902069092,2725,4.733541268920661,1.7802592411943667
5.274962902069092,2726,4.7340766689286395,1.7808076912025395
5.274962902069092,2727,4.734610868936599,1.7813570412107254
5.274962902069092,2728,4.735143868944542,1.7819072912189247
5.274962902069092,2729,4.7356756689524655,1.7824584412271376
5.274962902069092,2730,4.736206268960373,1.7830104912353637
5.274962902069092,2731,4.736735668968262,1.7835634412436032
5.274962902069092,2732,4.737263868976132,1.7841172912518561
5.274962902069092,2733,4.737790868983986,1.7846720412601225
5.274962902069092,2734,4.7383166689918195,1.7852276912684024
5.274962902069092,2735,4.738841268999637,1.7857842412766958
5.274962902069092,2736,4.739364669007436,1.7863416912850023
5.274962902069092,2737,4.739886869015217,1.7869000412933225
5.274962902069092,2738,4.740407869022981,1.7874592913016558
5.274962902069092,2739,4.740927669030727,1.7880194413100026
5.274962902069092,2740,4.7414462690384545,1.788580491318363
5.274962902069092,2741,4.741963669046164,1.789142441326737
5.274962902069092,2742,4.742479869053857,1.789705291335124
5.274962902069092,2743,4.742994869061531,1.7902690413435243
5.274962902069092,2744,4.743508669069186,1.7908336913519383
5.274962902069092,2745,4.744021269076825,1.7913992413603657
5.274962902069092,2746,4.744532669084445,1.7919656913688062
5.274962902069092,2747,4.745042869092048,1.7925330413772604
5.274962902069092,2748,4.745551869099632,1.793101291385728
5.274962902069092,2749,4.746059669107199,1.793670441394209
5.274962902069092,2750,4.746566269114748,1.7942404914027035
5.274962902069092,2751,4.747071669122279,1.794811441411211
5.274962902069092,2752,4.747575869129792,1.7953832914197325
5.274962902069092,2753,4.748078869137288,1.7959560414282674
5.274962902069092,2754,4.748580669144765,1.796529691436815
5.274962902069092,2755,4.749081269152224,1.7971042414453766
5.274962902069092,2756,4.749580669159666,1.7976796914539515
5.274962902069092,2757,4.7500788691670905,1.79825604146254
5.274962902069092,2758,4.7505758691744955,1.7988332914711416
5.274962902069092,2759,4.751071669181884,1.7994114414797566
5.274962902069092,2760,4.7515662691892535,1.7999904914883853
5.274962902069092,2761,4.752059669196606,1.800570441497027
5.274962902069092,2762,4.75255186920394,1.8011512915056822
5.274962902069092,2763,4.7530428692112565,1.801733041514351
5.274962902069092,2764,4.753532669218555,1.8023156915230332
5.274962902069092,2765,4.754021269225836,1.8028992415317289
5.274962902069092,2766,4.754508669233099,1.8034836915404377
5.274962902069092,2767,4.754994869240344,1.8040690415491603
5.274962902069092,2768,4.755479869247571,1.804655291557896
5.274962902069092,2769,4.75596366925478,1.8052424415666453
5.274962902069092,2770,4.756446269261971,1.805830491575408
5.274962902069092,2771,4.756927669269145,1.8064194415841839
5.274962902069092,2772,4.7574078692763,1.8070092915929734
5.274962902069092,2773,4.757886869283438,1.8076000416017761
5.274962902069092,2774,4.7583646692905575,1.8081916916105927
5.274962902069092,2775,4.75884126929766,1.8087842416194222
5.274962902069092,2776,4.759316669304743,1.8093776916282653
5.274962902069092,2777,4.75979086931181,1.8099720416371219
5.274962902069092,2778,4.760263869318858,1.8105672916459918
5.274962902069092,2779,4.760735669325888,1.811163441654875
5.274962902069092,2780,4.7612062693329005,1.8117604916637717
5.274962902069092,2781,4.761675669339895,1.812358441672682
5.274962902069092,2782,4.762143869346873,1.8129572916816055
5.274962902069092,2783,4.762610869353831,1.8135570416905424
5.274962902069092,2784,4.763076669360772,1.814157691699493
5.274962902069092,2785,4.763541269367694,1.8147592417084564
5.274962902069092,2786,4.7640046693746,1.8153616917174338
5.274962902069092,2787,4.764466869381488,1.8159650417264244
5.274962902069092,2788,4.764927869388357,1.8165692917354286
5.274962902069092,2789,4.765387669395208,1.817174441744446
5.274962902069092,2790,4.765846269402043,1.8177804917534768
5.274962902069092,2791,4.766303669408858,1.818387441762521
5.274962902069092,2792,4.766759869415656,1.8189952917715786
5.274962902069092,2793,4.767214869422436,1.8196040417806496
5.274962902069092,2794,4.767668669429199,1.8202136917897342
5.274962902069092,2795,4.768121269435943,1.8208242417988323
5.274962902069092,2796,4.768572669442669,1.8214356918079435
5.274962902069092,2797,4.769022869449378,1.8220480418170681
5.274962902069092,2798,4.769471869456067,1.8226612918262064
5.274962902069092,2799,4.76991966946274,1.8232754418353578
5.274962902069092,2800,4.770366269469395,1.823890491844523
5.274962902069092,2801,4.770811669476032,1.8245064418537011
5.274962902069092,2802,4.771255869482652,1.825123291862893
5.274962902069092,2803,4.771698869489253,1.825741041872098
5.274962902069092,2804,4.772140669495837,1.8263596918813167
5.274962902069092,2805,4.7725812695024015,1.8269792418905488
5.274962902069092,2806,4.7730206695089485,1.827599691899794
5.274962902069092,2807,4.773458869515479,1.828221041909053
5.274962902069092,2808,4.773895869521991,1.828843291918325
5.274962902069092,2809,4.774331669528484,1.829466441927611
5.274962902069092,2810,4.774766269534961,1.83009049193691
5.274962902069092,2811,4.7751996695414185,1.8307154419462224
5.274962902069092,2812,4.775631869547859,1.8313412919555483
5.274962902069092,2813,4.7760628695542815,1.8319680419648878
5.274962902069092,2814,4.776492669560686,1.8325956919742405
5.274962902069092,2815,4.776921269567073,1.8332242419836067
5.274962902069092,2816,4.777348669573442,1.833853691992986
5.274962902069092,2817,4.777774869579792,1.8344840420023791
5.274962902069092,2818,4.778199869586126,1.8351152920117855
5.274962902069092,2819,4.778623669592441,1.8357474420212052
5.274962902069092,2820,4.779046269598738,1.8363804920306384
5.274962902069092,2821,4.779467669605017,1.837014442040085
5.274962902069092,2822,4.7798878696112785,1.837649292049545
5.274962902069092,2823,4.780306869617522,1.8382850420590184
5.274962902069092,2824,4.780724669623748,1.8389216920685052
5.274962902069092,2825,4.781141269629956,1.8395592420780054
5.274962902069092,2826,4.781556669636146,1.8401976920875192
5.274962902069092,2827,4.7819708696423175,1.8408370420970461
5.274962902069092,2828,4.782383869648472,1.8414772921065867
5.274962902069092,2829,4.7827956696546075,1.8421184421161403
5.274962902069092,2830,4.7832062696607265,1.8427604921257077
5.274962902069092,2831,4.783615669666827,1.8434034421352887
5.274962902069092,2832,4.78402386967291,1.8440472921448827
5.274962902069092,2833,4.784430869678975,1.8446920421544903
5.274962902069092,2834,4.784836669685021,1.8453376921641111
5.274962902069092,2835,4.785241269691051,1.8459842421737453
5.274962902069092,2836,4.785644669697062,1.8466316921833932
5.274962902069092,2837,4.786046869703055,1.8472800421930544
5.274962902069092,2838,4.78644786970903,1.8479292922027288
5.274962902069092,2839,4.786847669714988,1.8485794422124169
5.274962902069092,2840,4.787246269720928,1.8492304922221183
5.274962902069092,2841,4.787643669726848,1.849882442231833
5.274962902069092,2842,4.788039869732753,1.8505352922415614
5.274962902069092,2843,4.788434869738639,1.851189042251303
5.274962902069092,2844,4.788828669744506,1.851843692261058
5.274962902069092,2845,4.789221269750358,1.8524992422708264
5.274962902069092,2846,4.78961266975619,1.8531556922806085
5.274962902069092,2847,4.790002869762004,1.8538130422904033
5.274962902069092,2848,4.7903918697678005,1.8544712923002122
5.274962902069092,2849,4.790779669773579,1.8551304423100343
5.274962902069092,2850,4.79116626977934,1.85579049231987
5.274962902069092,2851,4.791551669785083,1.856451442329719
5.274962902069092,2852,4.791935869790807,1.857113292339581
5.274962902069092,2853,4.792318869796515,1.8577760423494567
5.274962902069092,2854,4.792700669802205,1.858439692359346
5.274962902069092,2855,4.7930812698078755,1.8591042423692485
5.274962902069092,2856,4.793460669813529,1.8597696923791645
5.274962902069092,2857,4.793838869819165,1.860436042389094
5.274962902069092,2858,4.794215869824782,1.8611032923990367
5.274962902069092,2859,4.794591669830382,1.8617714424089928
5.274962902069092,2860,4.794966269835964,1.8624404924189628
5.274962902069092,2861,4.795339669841528,1.8631104424289457
5.274962902069092,2862,4.795711869847075,1.863781292438942
5.274962902069092,2863,4.796082869852603,1.864453042448952
5.274962902069092,2864,4.796452669858113,1.8651256924589752
5.274962902069092,2865,4.796821269863606,1.865799242469012
5.274962902069092,2866,4.79718866986908,1.8664736924790621
5.274962902069092,2867,4.797554869874537,1.8671490424891255
5.274962902069092,2868,4.797919869879976,1.8678252924992025
5.274962902069092,2869,4.7982836698853975,1.8685024425092929
5.274962902069092,2870,4.7986462698908,1.8691804925193964
5.274962902069092,2871,4.799007669896186,1.8698594425295136
5.274962902069092,2872,4.799367869901554,1.8705392925396442
5.274962902069092,2873,4.799726869906903,1.8712200425497882
5.274962902069092,2874,4.800084669912234,1.8719016925599457
5.274962902069092,2875,4.800441269917548,1.8725842425701162
5.274962902069092,2876,4.8007966699228435,1.8732676925803002
5.274962902069092,2877,4.801150869928122,1.8739520425904983
5.274962902069092,2878,4.8015038699333825,1.874637292600709
5.274962902069092,2879,4.801855669938624,1.8753234426109335
5.274962902069092,2880,4.802206269943849,1.8760104926211714
5.274962902069092,2881,4.802555669949054,1.8766984426314226
5.274962902069092,2882,4.802903869954244,1.8773872926416875
5.274962902069092,2883,4.803250869959415,1.8780770426519655
5.274962902069092,2884,4.803596669964567,1.8787676926622567
5.274962902069092,2885,4.803941269969702,1.8794592426725618
5.274962902069092,2886,4.80428466997482,1.88015169268288
5.274962902069092,2887,4.804626869979918,1.8808450426932117
5.274962902069092,2888,4.804967869984999,1.881539292703557
5.274962902069092,2889,4.8053076699900625,1.8822344427139153
5.274962902069092,2890,4.805646269995108,1.8829304927242874
5.274962902069092,2891,4.805983670000137,1.8836274427346729
5.274962902069092,2892,4.8063198700051455,1.8843252927450715
5.274962902069092,2893,4.806654870010139,1.8850240427554836
5.274962902069092,2894,4.806988670015112,1.8857236927659093
5.274962902069092,2895,4.8073212700200685,1.8864242427763482
5.274962902069092,2896,4.807652670025007,1.887125692786801
5.274962902069092,2897,4.807982870029926,1.887828042797267
5.274962902069092,2898,4.808311870034829,1.8885312928077458
5.274962902069092,2899,4.808639670039714,1.8892354428182385
5.274962902069092,2900,4.80896627004458,1.8899404928287447
5.274962902069092,2901,4.809291670049429,1.890646442839264
5.274962902069092,2902,4.809615870054261,1.891353292849797
5.274962902069092,2903,4.809938870059073,1.8920610428603433
5.274962902069092,2904,4.810260670063868,1.8927696928709028
5.274962902069092,2905,4.810581270068646,1.8934792428814762
5.274962902069092,2906,4.810900670073405,1.8941896928920627
5.274962902069092,2907,4.811218870078147,1.8949010429026625
5.274962902069092,2908,4.811535870082871,1.8956132929132758
5.274962902069092,2909,4.811851670087576,1.8963264429239026
5.274962902069092,2910,4.8121662700922645,1.8970404929345428
5.274962902069092,2911,4.812479670096934,1.8977554429451962
5.274962902069092,2912,4.812791870101586,1.8984712929558634
5.274962902069092,2913,4.813102870106221,1.8991880429665438
5.274962902069092,2914,4.813412670110837,1.8999056929772375
5.274962902069092,2915,4.813721270115435,1.900624242987945
5.274962902069092,2916,4.814028670120016,1.9013436929986653
5.274962902069092,2917,4.814334870124579,1.9020640430093994
5.274962902069092,2918,4.814639870129124,1.902785293020147
5.274962902069092,2919,4.81494367013365,1.9035074430309078
5.274962902069092,2920,4.815246270138159,1.904230493041682
5.274962902069092,2921,4.815547670142651,1.9049544430524699
5.274962902069092,2922,4.815847870147124,1.9056792930632709
5.274962902069092,2923,4.81614687015158,1.9064050430740855
5.274962902069092,2924,4.8164446701560175,1.9071316930849134
5.274962902069092,2925,4.816741270160437,1.9078592430957546
5.274962902069092,2926,4.817036670164839,1.9085876931066093
5.274962902069092,2927,4.817330870169223,1.9093170431174777
5.274962902069092,2928,4.8176238701735885,1.910047293128359
5.274962902069092,2929,4.817915670177937,1.9107784431392543
5.274962902069092,2930,4.818206270182267,1.9115104931501625
5.274962902069092,2931,4.8184956701865795,1.9122434431610844
5.274962902069092,2932,4.818783870190874,1.9129772931720195
5.274962902069092,2933,4.819070870195151,1.9137120431829682
5.274962902069092,2934,4.81935667019941,1.91444769319393
5.274962902069092,2935,4.81964127020365,1.9151842432049055
5.274962902069092,2936,4.8199246702078735,1.9159216932158945
5.274962902069092,2937,4.820206870212078,1.9166600432268968
5.274962902069092,2938,4.820487870216265,1.9173992932379125
5.274962902069092,2939,4.820767670220436,1.9181394432489418
5.274962902069092,2940,4.821046270224587,1.918880493259984
5.274962902069092,2941,4.82132367022872,1.91962244327104
5.274962902069092,2942,4.821599870232836,1.9203652932821094
5.274962902069092,2943,4.821874870236933,1.921109043293192
5.274962902069092,2944,4.822148670241013,1.9218536933042882
5.274962902069092,2945,4.8224212702450755,1.9225992433153976
5.274962902069092,2946,4.82269267024912,1.923345693326521
5.274962902069092,2947,4.822962870253146,1.9240930433376573
5.274962902069092,2948,4.823231870257155,1.924841293348807
5.274962902069092,2949,4.823499670261145,1.9255904433599702
5.274962902069092,2950,4.823766270265118,1.9263404933711468
5.274962902069092,2951,4.824031670269072,1.927091443382337
5.274962902069092,2952,4.824295870273009,1.9278432933935403
5.274962902069092,2953,4.824558870276928,1.9285960434047573
5.274962902069092,2954,4.824820670280829,1.9293496934159873
5.274962902069092,2955,4.825081270284713,1.930104243427231
5.274962902069092,2956,4.825340670288577,1.930859693438488
5.274962902069092,2957,4.825598870292426,1.9316160434497585
5.274962902069092,2958,4.825855870296255,1.9323732934610425
5.274962902069092,2959,4.826111670300067,1.93313144347234
5.274962902069092,2960,4.82636627030386,1.9338904934836505
5.274962902069092,2961,4.826619670307636,1.9346504434949747
5.274962902069092,2962,4.826871870311395,1.9354112935063121
5.274962902069092,2963,4.827122870315135,1.9361730435176632
5.274962902069092,2964,4.827372670318857,1.9369356935290276
5.274962902069092,2965,4.827621270322561,1.9376992435404052
5.274962902069092,2966,4.827868670326248,1.9384636935517965
5.274962902069092,2967,4.828114870329917,1.9392290435632011
5.274962902069092,2968,4.828359870333568,1.9399952935746194
5.274962902069092,2969,4.8286036703372,1.9407624435860507
5.274962902069092,2970,4.828846270340816,1.9415304935974955
5.274962902069092,2971,4.829087670344412,1.9422994436089536
5.274962902069092,2972,4.829327870347992,1.9430692936204255
5.274962902069092,2973,4.829566870351553,1.9438400436319103
5.274962902069092,2974,4.829804670355097,1.944611693643409
5.274962902069092,2975,4.830041270358623,1.945384243654921
5.274962902069092,2976,4.830276670362131,1.9461576936664462
5.274962902069092,2977,4.83051087036562,1.9469320436779851
5.274962902069092,2978,4.830743870369092,1.947707293689537
5.274962902069092,2979,4.8309756703725455,1.9484834437011025
5.274962902069092,2980,4.831206270375982,1.9492604937126814
5.274962902069092,2981,4.831435670379401,1.9500384437242737
5.274962902069092,2982,4.831663870382801,1.9508172937358796
5.274962902069092,2983,4.831890870386184,1.951597043747499
5.274962902069092,2984,4.832116670389548,1.9523776937591315
5.274962902069092,2985,4.832341270392895,1.9531592437707772
5.274962902069092,2986,4.8325646703962235,1.9539416937824368
5.274962902069092,2987,4.832786870399534,1.9547250437941095
5.274962902069092,2988,4.833007870402828,1.9555092938057959
5.274962902069092,2989,4.833227670406104,1.9562944438174956
5.274962902069092,2990,4.833446270409361,1.9570804938292086
5.274962902069092,2991,4.8336636704126,1.9578674438409351
5.274962902069092,2992,4.833879870415823,1.958655293852675
5.274962902069092,2993,4.834094870419025,1.959444043864428
5.274962902069092,2994,4.834308670422212,1.9602336938761948
5.274962902069092,2995,4.8345212704253795,1.9610242438879748
5.274962902069092,2996,4.834732670428529,1.9618156938997684
5.274962902069092,2997,4.834942870431662,1.9626080439115754
5.274962902069092,2998,4.835151870434776,1.9634012939233956
5.274962902069092,2999,4.835359670437873,1.9641954439352296
5.274962902069092,3000,4.835566270440951,1.9649904939470766
5.274962902069092,3001,4.835771670444012,1.9657864439589372
5.274962902069092,3002,4.835975870447055,1.9665832939708112
5.274962902069092,3003,4.836178870450079,1.9673810439826986
5.274962902069092,3004,4.836380670453087,1.9681796939945997
5.274962902069092,3005,4.836581270456076,1.9689792440065137
5.274962902069092,3006,4.836581270456076,1.9689792440065137
5.274962902069092,3007,4.83678307943651,1.9697805829999289
5.274962902069092,3008,4.8369885063718545,1.970584599956332
5.274962902069092,3009,4.837197551262108,1.9713912948757235
5.274962902069092,3010,4.83741021410727,1.972200667758103
5.274962902069092,3011,4.837626494907343,1.973012718603471
5.274962902069092,3012,4.837846393662323,1.973827447411827
5.274962902069092,3013,4.838069910372213,1.9746448541831711
5.274962902069092,3014,4.838297045037013,1.9754649389175039
5.274962902069092,3015,4.838527797656722,1.9762877016148244
5.274962902069092,3016,4.83876216823134,1.9771131422751334
5.274962902069092,3017,4.839000156760867,1.9779412608984306
5.274962902069092,3018,4.839241763245304,1.9787720574847159
5.274962902069092,3019,4.83948698768465,1.9796055320339896
5.274962902069092,3020,4.8397358300789035,1.9804416845462514
5.274962902069092,3021,4.839988290428067,1.9812805150215012
5.274962902069092,3022,4.840244368732142,1.9821220234597394
5.274962902069092,3023,4.840504064991125,1.982966209860966
5.274962902069092,3024,4.840767379205015,1.9838130742251805
5.274962902069092,3025,4.841034311373816,1.9846626165523833
5.274962902069092,3026,4.841304861497528,1.9855148368425746
5.274962902069092,3027,4.841579029576147,1.9863697350957537
5.274962902069092,3028,4.841856815609676,1.9872273113119212
5.274962902069092,3029,4.842138219598114,1.9880875654910768
5.274962902069092,3030,4.842423241541461,1.9889504976332206
5.274962902069092,3031,4.842711881439717,1.989816107738353
5.274962902069092,3032,4.8430041392928835,1.990684395806473
5.274962902069092,3033,4.843300015100958,1.9915553618375816
5.274962902069092,3034,4.843599508863942,1.9924290058316785
5.274962902069092,3035,4.843902620581836,1.9933053277887631
5.274962902069092,3036,4.844209350254638,1.9941843277088365
5.274962902069092,3037,4.844519697882351,1.9950660055918976
5.274962902069092,3038,4.844833663464971,1.9959503614379472
5.274962902069092,3039,4.8451512470025015,1.9968373952469851
5.274962902069092,3040,4.845472448494941,1.997727107019011
5.274962902069092,3041,4.845797267942291,1.9986194967540252
5.274962902069092,3042,4.846125705344548,1.9995145644520276
5.274962902069092,3043,4.846457760701717,2.000412310113019
5.274962902069092,3044,4.846793434013792,2.0013127337369974
5.274962902069092,3045,4.847132725280779,2.0022158353239643
5.274962902069092,3046,4.847475634502673,2.00312161487392
5.274962902069092,3047,4.847822161679478,2.0040300723868634
5.274962902069092,3048,4.8481723068111915,2.004941207862795
5.274962902069092,3049,4.848526069897814,2.005855021301715
5.274962902069092,3050,4.848883450939345,2.0067715127036228
5.274962902069092,3051,4.849244449935787,2.007690682068519
5.274962902069092,3052,4.849609066887138,2.008612529396404
5.274962902069092,3053,4.849977301793397,2.0095370546872764
5.274962902069092,3054,4.850349154654566,2.0104642579411376
5.274962902069092,3055,4.850724625470644,2.0113941391579866
5.274962902069092,3056,4.851103714241631,2.0123266983378243
5.274962902069092,3057,4.851486420967528,2.01326193548065
5.274962902069092,3058,4.851872745648334,2.014199850586464
5.274962902069092,3059,4.852262688284049,2.0151404436552656
5.274962902069092,3060,4.852656248874673,2.016083714687056
5.274962902069092,3061,4.853053427420207,2.0170296636818343
5.274962902069092,3062,4.85345422392065,2.017978290639601
5.274962902069092,3063,4.853858638376002,2.0189295955603557
5.274962902069092,3064,4.854266670786264,2.019883578444099
5.274962902069092,3065,4.854678321151433,2.0208402392908305
5.274962902069092,3066,4.855093589471513,2.0217995781005493
5.274962902069092,3067,4.855512475746502,2.0227615948732574
5.274962902069092,3068,4.8559349799764,2.023726289608953
5.274962902069092,3069,4.856361102161208,2.0246936623076373
5.274962902069092,3070,4.856790842300924,2.0256637129693096
5.274962902069092,3071,4.85722420039555,2.02663644159397
5.274962902069092,3072,4.857661176445085,2.027611848181619
5.274962902069092,3073,4.8581017704495295,2.0285899327322556
5.274962902069092,3074,4.858545982408883,2.029570695245881
5.274962902069092,3075,4.858993812323146,2.0305541357224945
5.274962902069092,3076,4.8594452601923175,2.0315402541620955
5.274962902069092,3077,4.859900326016398,2.0325290505646856
5.274962902069092,3078,4.86035900979539,2.033520524930264
5.274962902069092,3079,4.860821311529289,2.03451467725883
5.274962902069092,3080,4.861287231218099,2.0355115075503845
5.274962902069092,3081,4.861756768861817,2.036511015804927
5.274962902069092,3082,4.862229924460444,2.037513202022458
5.274962902069092,3083,4.86270669801398,2.038518066202977
5.274962902069092,3084,4.863187089522427,2.0395256083464846
5.274962902069092,3085,4.863671098985781,2.0405358284529798
5.274962902069092,3086,4.864158726404046,2.041548726522463
5.274962902069092,3087,4.86464997177722,2.0425643025549354
5.274962902069092,3088,4.865144835105302,2.043582556550396
5.274962902069092,3089,4.8656433163882955,2.044603488508844
5.274962902069092,3090,4.866145415626197,2.0456270984302805
5.274962902069092,3091,4.8666511328190065,2.046653386314705
5.274962902069092,3092,4.867160467966727,2.047682352162118
5.274962902069092,3093,4.867673421069355,2.0487139959725194
5.274962902069092,3094,4.868189992126895,2.0497483177459093
5.274962902069092,3095,4.868710181139342,2.0507853174822865
5.274962902069092,3096,4.8692339881067,2.0518249951816525
5.274962902069092,3097,4.869761413028964,2.0528673508440067
5.274962902069092,3098,4.8702924559061405,2.0539123844693488
5.274962902069092,3099,4.870827116738225,2.0549600960576795
5.274962902069092,3100,4.871365395525218,2.056010485608998
5.274962902069092,3101,4.871907292267122,2.057063553123305
5.274962902069092,3102,4.872452806963934,2.0581192986006003
5.274962902069092,3103,4.873001939615655,2.0591777220408836
5.274962902069092,3104,4.873554690222286,2.060238823444155
5.274962902069092,3105,4.874111058783825,2.061302602810415
5.274962902069092,3106,4.874671045300276,2.062369060139663
5.274962902069092,3107,4.875234649771632,2.0634381954318983
5.274962902069092,3108,4.875801872197901,2.0645100086871233
5.274962902069092,3109,4.8763727125790775,2.0655844999053357
5.274962902069092,3110,4.876947170915163,2.0666616690865363
5.274962902069092,3111,4.877525247206158,2.0677415162307256
5.274962902069092,3112,4.878106941452064,2.0688240413379027
5.274962902069092,3113,4.8786922536528765,2.069909244408068
5.274962902069092,3114,4.879281183808599,2.0709971254412216
5.274962902069092,3115,4.879873731919232,2.072087684437364
5.274962902069092,3116,4.880469897984773,2.0731809213964936
5.274962902069092,3117,4.881069682005224,2.074276836318612
5.274962902069092,3118,4.881673083980584,2.075375429203718
5.274962902069092,3119,4.882280103910853,2.076476700051813
5.274962902069092,3120,4.882890741796032,2.077580648862896
5.274962902069092,3121,4.883504997636119,2.078687275636967
5.274962902069092,3122,4.884122871431115,2.079796580374026
5.274962902069092,3123,4.884744363181023,2.080908563074074
5.274962902069092,3124,4.885369472885838,2.0820232237371092
5.274962902069092,3125,4.885998200545562,2.0831405623631336
5.274962902069092,3126,4.8866305461601955,2.0842605789521453
5.274962902069092,3127,4.887266509729739,2.0853832735041458
5.274962902069092,3128,4.887906091254191,2.0865086460191344
5.274962902069092,3129,4.888549290733553,2.0876366964971114
5.274962902069092,3130,4.889196108167823,2.088767424938076
5.274962902069092,3131,4.889846543557004,2.0899008313420295
5.274962902069092,3132,4.890500596901092,2.0910369157089708
5.274962902069092,3133,4.891158268200091,2.0921756780389003
5.274962902069092,3134,4.891819557453998,2.0933171183318184
5.274962902069092,3135,4.8924844646628145,2.0944612365877244
5.274962902069092,3136,4.893152989826541,2.0956080328066187
5.274962902069092,3137,4.893825132945177,2.096757506988501
5.274962902069092,3138,4.894500894018722,2.097909659133372
5.274962902069092,3139,4.895180273047176,2.099064489241231
5.274962902069092,3140,4.895863270030539,2.100221997312078
5.274962902069092,3141,4.896549884968811,2.101382183345913
5.274962902069092,3142,4.897240117861993,2.102545047342737
5.274962902069092,3143,4.897933968710084,2.1037105893025485
5.274962902069092,3144,4.898631437513084,2.1048788092253483
5.274962902069092,3145,4.899332524270993,2.106049707111137
5.274962902069092,3146,4.900037228983812,2.107223282959913
5.274962902069092,3147,4.900745551651539,2.1083995367716777
5.274962902069092,3148,4.901457492274177,2.1095784685464305
5.274962902069092,3149,4.902173050851722,2.1107600782841716
5.274962902069092,3150,4.902892227384178,2.111944365984901
5.274962902069092,3151,4.903615021871542,2.113131331648618
5.274962902069092,3152,4.9043414343138165,2.1143209752753234
5.274962902069092,3153,4.905071464710999,2.1155132968650174
5.274962902069092,3154,4.905805113063092,2.1167082964176998
5.274962902069092,3155,4.906542379370093,2.11790597393337
5.274962902069092,3156,4.907283263632005,2.1191063294120283
5.274962902069092,3157,4.908027765848824,2.120309362853675
5.274962902069092,3158,4.908775886020553,2.1215150742583098
5.274962902069092,3159,4.909527624147192,2.122723463625933
5.274962902069092,3160,4.91028298022874,2.1239345309565447
5.274962902069092,3161,4.911041954265196,2.125148276250144
5.274962902069092,3162,4.911804546256564,2.1263646995067313
5.274962902069092,3163,4.912570756202838,2.127583800726308
5.274962902069092,3164,4.913340584104024,2.128805579908872
5.274962902069092,3165,4.914114029960118,2.130030037054424
5.274962902069092,3166,4.9148910937711205,2.131257172162965
5.274962902069092,3167,4.915671775537033,2.1324869852344936
5.274962902069092,3168,4.916456075257855,2.133719476269011
5.274962902069092,3169,4.917243992933586,2.134954645266516
5.274962902069092,3170,4.918035528564227,2.1361924922270097
5.274962902069092,3171,4.918830682149775,2.1374330171504914
5.274962902069092,3172,4.919629453690234,2.1386762200369613
5.274962902069092,3173,4.920431843185602,2.139922100886419
5.274962902069092,3174,4.921237850635879,2.1411706596988656
5.274962902069092,3175,4.922047476041065,2.1424218964743
5.274962902069092,3176,4.922860719401161,2.1436758112127228
5.274962902069092,3177,4.9236775807161655,2.1449324039141335
5.274962902069092,3178,4.924498059986079,2.146191674578533
5.274962902069092,3179,4.9253221572109025,2.14745362320592
5.274962902069092,3180,4.926149872390635,2.1487182497962958
5.274962902069092,3181,4.926981205525276,2.1499855543496595
5.274962902069092,3182,4.927816156614829,2.1512555368660116
5.274962902069092,3183,4.928654725659289,2.152528197345352
5.274962902069092,3184,4.929496912658657,2.1538035357876804
5.274962902069092,3185,4.930342717612937,2.1550815521929967
5.274962902069092,3186,4.931192140522124,2.1563622465613017
5.274962902069092,3187,4.932045181386222,2.1576456188925945
5.274962902069092,3188,4.932901840205228,2.1589316691868756
5.274962902069092,3189,4.9337621169791435,2.1602203974441454
5.274962902069092,3190,4.9346260117079686,2.161511803664403
5.274962902069092,3191,4.935493524391703,2.1628058878476493
5.274962902069092,3192,4.936364655030346,2.164102649993883
5.274962902069092,3193,4.937239403623899,2.1654020901031052
5.274962902069092,3194,4.938117770172361,2.1667042081753163
5.274962902069092,3195,4.938999754675732,2.1680090042105147
5.274962902069092,3196,4.939885357134012,2.1693164782087013
5.274962902069092,3197,4.940774577547201,2.1706266301698767
5.274962902069092,3198,4.9416674159153,2.1719394600940403
5.274962902069092,3199,4.942563872238308,2.1732549679811917
5.274962902069092,3200,4.943463946516225,2.1745731538313313
5.274962902069092,3201,4.944367638749052,2.175894017644459
5.274962902069092,3202,4.945274948936788,2.177217559420576
5.274962902069092,3203,4.946185877079432,2.1785437791596802
5.274962902069092,3204,4.947100423176987,2.179872676861773
5.274962902069092,3205,4.948018587229449,2.1812042525268533
5.274962902069092,3206,4.948940369236823,2.1825385061549225
5.274962902069092,3207,4.949865769199104,2.18387543774598
5.274962902069092,3208,4.950794787116296,2.1852150473000256
5.274962902069092,3209,4.951727422988396,2.186557334817059
5.274962902069092,3210,4.952663676815405,2.1879023002970808
5.274962902069092,3211,4.953603548597324,2.189249943740091
5.274962902069092,3212,4.954547038334152,2.1906002651460894
5.274962902069092,3213,4.955494146025889,2.191953264515076
5.274962902069092,3214,4.956444871672536,2.193308941847051
5.274962902069092,3215,4.9573992152740916,2.194667297142014
5.274962902069092,3216,4.958357176830557,2.196028330399965
5.274962902069092,3217,4.959318756341931,2.1973920416209047
5.274962902069092,3218,4.960283953808214,2.198758430804832
5.274962902069092,3219,4.961252769229407,2.2001274979517476
5.274962902069092,3220,4.962225202605509,2.201499243061652
5.274962902069092,3221,4.9632012539365205,2.202873666134544
5.274962902069092,3222,4.9641809232224405,2.2042507671704246
5.274962902069092,3223,4.9651642104632705,2.205630546169293
5.274962902069092,3224,4.9661511156590095,2.20701300313115
5.274962902069092,3225,4.967141638809657,2.208398138055995
5.274962902069092,3226,4.968135779915214,2.2097859509438282
5.274962902069092,3227,4.969133538975681,2.21117644179465
5.274962902069092,3228,4.970134915991057,2.2125696106084596
5.274962902069092,3229,4.971139910961342,2.2139654573852576
5.274962902069092,3230,4.972148523886537,2.2153639821250435
5.274962902069092,3231,4.973160754766639,2.2167651848278176
5.274962902069092,3232,4.974176603601652,2.218169065493581
5.274962902069092,3233,4.975196070391575,2.219575624122331
5.274962902069092,3234,4.9762191551364054,2.2209848607140703
5.274962902069092,3235,4.977245857836146,2.222396775268797
5.274962902069092,3236,4.978276178490796,2.223811367786513
5.274962902069092,3237,4.979310117100354,2.2252286382672164
5.274962902069092,3238,4.980347673664823,2.2266485867109083
5.274962902069092,3239,4.9813888481842,2.2280712131175884
5.274962902069092,3240,4.982433640658487,2.2294965174872567
5.274962902069092,3241,4.983482051087682,2.230924499819913
5.274962902069092,3242,4.984534079471787,2.2323551601155573
5.274962902069092,3243,4.985589725810802,2.2337884983741905
5.274962902069092,3244,4.986648990104726,2.2352245145958114
5.274962902069092,3245,4.987711872353558,2.2366632087804206
5.274962902069092,3246,4.9887783725573,2.238104580928018
5.274962902069092,3247,4.989848490715952,2.2395486310386037
5.274962902069092,3248,4.990922226829511,2.2409953591121776
5.274962902069092,3249,4.991999580897981,2.2424447651487394
5.274962902069092,3250,4.99308055292136,2.24389684914829
5.274962902069092,3251,4.994165142899648,2.2453516111108285
5.274962902069092,3252,4.995253350832845,2.2468090510363554
5.274962902069092,3253,4.996345176720952,2.2482691689248706
5.274962902069092,3254,4.997440620563968,2.2497319647763736
5.274962902069092,3255,4.998539682361893,2.251197438590865
5.274962902069092,3256,4.999642362114727,2.252665590368345
5.274962902069092,3257,5.000748659822472,2.2541364201088125
5.274962902069092,3258,5.001858575485125,2.2556099278122685
5.274962902069092,3259,5.002972109102686,2.257086113478713
5.274962902069092,3260,5.004089260675158,2.2585649771081453
5.274962902069092,3261,5.005210030202538,2.2600465187005656
5.274962902069092,3262,5.006334417684828,2.2615307382559746
5.274962902069092,3263,5.007462423122027,2.263017635774372
5.274962902069092,3264,5.008594046514135,2.264507211255757
5.274962902069092,3265,5.009729287861153,2.2659994647001307
5.274962902069092,3266,5.010868147163079,2.2674943961074923
5.274962902069092,3267,5.012010624419915,2.268992005477842
5.274962902069092,3268,5.01315671963166,2.2704922928111806
5.274962902069092,3269,5.014306432798315,2.271995258107507
5.274962902069092,3270,5.015459763919878,2.2735009013668215
5.274962902069092,3271,5.016616712996351,2.2750092225891243
5.274962902069092,3272,5.017777280027734,2.2765202217744154
5.274962902069092,3273,5.0189414650140245,2.2780338989226943
5.274962902069092,3274,5.020109267955226,2.2795502540339614
5.274962902069092,3275,5.021280688851335,2.2810692871082177
5.274962902069092,3276,5.022455727702354,2.2825909981454613
5.274962902069092,3277,5.0236343845082825,2.284115387145693
5.274962902069092,3278,5.02481665926912,2.2856424541089133
5.274962902069092,3279,5.026002551984867,2.287172199035122
5.274962902069092,3280,5.027192062655523,2.288704621924319
5.274962902069092,3281,5.028385191281088,2.2902397227765037
5.274962902069092,3282,5.029581937861562,2.2917775015916764
5.274962902069092,3283,5.030782302396947,2.293317958369838
5.274962902069092,3284,5.03198628488724,2.294861093110988
5.274962902069092,3285,5.033193885332441,2.2964069058151253
5.274962902069092,3286,5.034405103732553,2.297955396482251
5.274962902069092,3287,5.0356199400875745,2.2995065651123654
5.274962902069092,3288,5.036838394397503,2.3010604117054676
5.274962902069092,3289,5.038060466662342,2.3026169362615585
5.274962902069092,3290,5.039286156882091,2.3041761387806368
5.274962902069092,3291,5.040515465056749,2.305738019262704
5.274962902069092,3292,5.0417483911863155,2.3073025777077594
5.274962902069092,3293,5.042984935270791,2.308869814115803
5.274962902069092,3294,5.044225097310177,2.310439728486834
5.274962902069092,3295,5.045468877304471,2.312012320820854
5.274962902069092,3296,5.046716275253675,2.3135875911178623
5.274962902069092,3297,5.0479672911577875,2.3151655393778587
5.274962902069092,3298,5.049221925016811,2.316746165600843
5.274962902069092,3299,5.0504801768307415,2.3183294697868155
5.274962902069092,3300,5.051742046599582,2.3199154519357763
5.274962902069092,3301,5.053007534323332,2.3215041120477258
5.274962902069092,3302,5.054276640001991,2.323095450122663
5.274962902069092,3303,5.05554936363556,2.3246894661605886
5.274962902069092,3304,5.056825705224037,2.3262861601615024
5.274962902069092,3305,5.0581056647674245,2.3278855321254044
5.274962902069092,3306,5.059389242265721,2.3294875820522947
5.274962902069092,3307,5.060676437718926,2.3310923099421728
5.274962902069092,3308,5.06196725112704,2.3326997157950395
5.274962902069092,3309,5.063261682490064,2.334309799610894
5.274962902069092,3310,5.064559731807997,2.335922561389737
5.274962902069092,3311,5.065861399080839,2.337538001131568
5.274962902069092,3312,5.0671666843085905,2.339156118836388
5.274962902069092,3313,5.0684755874912515,2.3407769145041954
5.274962902069092,3314,5.069788108628822,2.3424003881349913
5.274962902069092,3315,5.071104247721301,2.3440265397287754
5.274962902069092,3316,5.07242400476869,2.3456553692855477
5.274962902069092,3317,5.073747379770987,2.347286876805308
5.274962902069092,3318,5.075074372728194,2.348921062288057
5.274962902069092,3319,5.076404983640311,2.350557925733794
5.274962902069092,3320,5.0777392125073355,2.3521974671425188
5.274962902069092,3321,5.07907705932927,2.3538396865142324
5.274962902069092,3322,5.080418524106114,2.3554845838489338
5.274962902069092,3323,5.0817636068378675,2.357132159146624
5.274962902069092,3324,5.08311230752453,2.358782412407302
5.274962902069092,3325,5.084464626166101,2.3604353436309675
5.274962902069092,3326,5.085820562762581,2.3620909528176224
5.274962902069092,3327,5.087180117313972,2.363749239967265
5.274962902069092,3328,5.088543289820272,2.365410205079896
5.274962902069092,3329,5.089910080281481,2.3670738481555147
5.274962902069092,3330,5.091280488697597,2.3687401691941217
5.274962902069092,3331,5.092654515068625,2.3704091681957173
5.274962902069092,3332,5.094032159394561,2.3720808451603013
5.274962902069092,3333,5.095413421675406,2.3737552000878726
5.274962902069092,3334,5.096798301911162,2.375432232978433
5.274962902069092,3335,5.098186800101825,2.377111943831981
5.274962902069092,3336,5.099578916247398,2.3787943326485177
5.274962902069092,3337,5.10097465034788,2.3804793994280424
5.274962902069092,3338,5.102374002403272,2.3821671441705554
5.274962902069092,3339,5.1037769724135735,2.3838575668760567
5.274962902069092,3340,5.105183560378784,2.385550667544546
5.274962902069092,3341,5.106593766298902,2.3872464461760234
5.274962902069092,3342,5.108007590173932,2.388944902770489
5.274962902069092,3343,5.109425032003869,2.3906460373279432
5.274962902069092,3344,5.110846091788716,2.3923498498483853
5.274962902069092,3345,5.112270769528472,2.394056340331816
5.274962902069092,3346,5.113699065223138,2.3957655087782346
5.274962902069092,3347,5.115130978872712,2.3974773551876414
5.274962902069092,3348,5.116566510477196,2.3991918795600364
5.274962902069092,3349,5.118005660036589,2.4009090818954197
5.274962902069092,3350,5.119448427550893,2.4026289621937913
5.274962902069092,3351,5.1208948130201035,2.4043515204551507
5.274962902069092,3352,5.122344816444224,2.4060767566794983
5.274962902069092,3353,5.123798437823255,2.4078046708668346
5.274962902069092,3354,5.1252556771571935,2.409535263017159
5.274962902069092,3355,5.126716534446043,2.4112685331304715
5.274962902069092,3356,5.128181009689801,2.413004481206772
5.274962902069092,3357,5.129649102888468,2.4147431072460614
5.274962902069092,3358,5.131120814042044,2.416484411248338
5.274962902069092,3359,5.132596143150529,2.4182283932136035
5.274962902069092,3360,5.1340750902139245,2.419975053141857
5.274962902069092,3361,5.135557655232229,2.421724391033099
5.274962902069092,3362,5.137043838205442,2.423476406887329
5.274962902069092,3363,5.1385336391335645,2.425231100704547
5.274962902069092,3364,5.140027058016596,2.426988472484754
5.274962902069092,3365,5.141524094854537,2.428748522227948
5.274962902069092,3366,5.143024749647386,2.4305112499341313
5.274962902069092,3367,5.144529022395147,2.432276655603302
5.274962902069092,3368,5.146036913097815,2.4340447392354614
5.274962902069092,3369,5.147548421755394,2.435815500830609
5.274962902069092,3370,5.149063548367881,2.4375889403887445
5.274962902069092,3371,5.150582292935277,2.4393650579098685
5.274962902069092,3372,5.152104655457583,2.4411438533939807
5.274962902069092,3373,5.153630635934798,2.4429253268410807
5.274962902069092,3374,5.155160234366921,2.4447094782511694
5.274962902069092,3375,5.156693450753955,2.446496307624246
5.274962902069092,3376,5.158230285095898,2.448285814960311
5.274962902069092,3377,5.1597707373927495,2.4500780002593636
5.274962902069092,3378,5.16131480764451,2.4518728635214053
5.274962902069092,3379,5.162862495851181,2.4536704047464353
5.274962902069092,3380,5.16441380201276,2.455470623934453
5.274962902069092,3381,5.165968726129249,2.457273521085459
5.274962902069092,3382,5.167527268200647,2.459079096199453
5.274962902069092,3383,5.169089428226954,2.460887349276436
5.274962902069092,3384,5.1706552062081705,2.462698280316406
5.274962902069092,3385,5.172224602144295,2.4645118893193647
5.274962902069092,3386,5.173797616035331,2.4663281762853124
5.274962902069092,3387,5.175374247881276,2.4681471412142475
5.274962902069092,3388,5.176954497682129,2.469968784106171
5.274962902069092,3389,5.178538365437891,2.4717931049610824
5.274962902069092,3390,5.1801258511485635,2.4736201037789827
5.274962902069092,3391,5.181716954814144,2.4754497805598707
5.274962902069092,3392,5.183311676434634,2.477282135303747
5.274962902069092,3393,5.1849100160100345,2.4791171680106117
5.274962902069092,3394,5.186511973540343,2.480954878680464
5.274962902069092,3395,5.188117549025561,2.482795267313305
5.274962902069092,3396,5.189726742465687,2.4846383339091345
5.274962902069092,3397,5.1913395538607245,2.486484078467952
5.274962902069092,3398,5.192955983210671,2.4883325009897574
5.274962902069092,3399,5.194576030515526,2.490183601474551
5.274962902069092,3400,5.19619969577529,2.4920373799223334
5.274962902069092,3401,5.197826978989964,2.4938938363331036
5.274962902069092,3402,5.199457880159545,2.495752970706862
5.274962902069092,3403,5.201092399284038,2.4976147830436086
5.274962902069092,3404,5.202730536363439,2.4994792733433435
5.274962902069092,3405,5.204372291397749,2.5013464416060662
5.274962902069092,3406,5.20601766438697,2.503216287831778
5.274962902069092,3407,5.2076666553310975,2.5050888120204773
5.274962902069092,3408,5.209319264230135,2.506964014172165
5.274962902069092,3409,5.210975491084083,2.508841894286841
5.274962902069092,3410,5.21263533589294,2.5107224523645053
5.274962902069092,3411,5.2142987986567055,2.5126056884051575
5.274962902069092,3412,5.21596587937538,2.514491602408798
5.274962902069092,3413,5.217636578048964,2.5163801943754267
5.274962902069092,3414,5.2193108946774585,2.5182714643050437
5.274962902069092,3415,5.22098882926086,2.520165412197649
5.274962902069092,3416,5.222670381799173,2.5220620380532424
5.274962902069092,3417,5.224355552292393,2.523961341871824
5.274962902069092,3418,5.226044340740525,2.525863323653394
5.274962902069092,3419,5.227736747143564,2.527767983397952
5.274962902069092,3420,5.2294327715015125,2.529675321105498
5.274962902069092,3421,5.231132413814371,2.5315853367760326
5.274962902069092,3422,5.232835674082139,2.5334980304095556
5.274962902069092,3423,5.234542552304815,2.535413402006066
5.274962902069092,3424,5.236253048482401,2.5373314515655654
5.274962902069092,3425,5.237967162614896,2.5392521790880522
5.274962902069092,3426,5.2396848947023,2.5411755845735278
5.274962902069092,3427,5.2414062447446135,2.5431016680219916
5.274962902069092,3428,5.243131212741837,2.5450304294334436
5.274962902069092,3429,5.244859798693968,2.5469618688078834
5.274962902069092,3430,5.24659200260101,2.548895986145312
5.274962902069092,3431,5.24832782446296,2.5508327814457283
5.274962902069092,3432,5.250067264279821,2.5527722547091334
5.274962902069092,3433,5.251810322051589,2.5547144059355262
5.274962902069092,3434,5.253556997778267,2.556659235124908
5.274962902069092,3435,5.255307291459854,2.5586067422772767
5.274962902069092,3436,5.257061203096351,2.5605569273926343
5.274962902069092,3437,5.2588187326877565,2.56250979047098
5.274962902069092,3438,5.260579880234072,2.5644653315123143
5.274962902069092,3439,5.262344645735297,2.5664235505166366
5.274962902069092,3440,5.26411302919143,2.5683844474839472
5.274962902069092,3441,5.265885030602473,2.570348022414246
5.274962902069092,3442,5.267660649968425,2.5723142753075328
5.274962902069092,3443,5.269439887289287,2.5742832061638077
5.274962902069092,3444,5.271222742565056,2.576254814983071
5.274962902069092,3445,5.273009215795737,2.5782291017653227
5.274962902069092,3446,5.274799306981326,2.5802060665105624
5.274962902069092,3447,5.276593016121824,2.5821857092187903
5.274962902069092,3448,5.278390343217231,2.5841680298900065
5.274962902069092,3449,5.280191288267549,2.586153028524211
5.274962902069092,3450,5.281995851272774,2.5881407051214036
5.274962902069092,3451,5.28380403223291,2.590131059681584
5.274962902069092,3452,5.285615831147954,2.5921240922047533
5.274962902069092,3453,5.287431248017907,2.5941198026909102
5.274962902069092,3454,5.2892502828427705,2.596118191140056
5.274962902069092,3455,5.291072935622543,2.5981192575521894
5.274962902069092,3456,5.292899206357224,2.600123001927311
5.274962902069092,3457,5.294729095046814,2.602129424265421
5.274962902069092,3458,5.296562601691313,2.6041385245665194
5.274962902069092,3459,5.2983997262907225,2.6061503028306063
5.274962902069092,3460,5.300240468845042,2.6081647590576806
5.274962902069092,3461,5.302084829354269,2.6101818932477436
5.274962902069092,3462,5.303932807818406,2.6122017054007944
5.274962902069092,3463,5.3057844042374525,2.614224195516834
5.274962902069092,3464,5.3076396186114065,2.6162493635958617
5.274962902069092,3465,5.309498450940271,2.6182772096378772
5.274962902069092,3466,5.311360901224045,2.620307733642881
5.274962902069092,3467,5.313226969462729,2.6223409356108736
5.274962902069092,3468,5.315096655656321,2.6243768155418543
5.274962902069092,3469,5.316969959804822,2.626415373435823
5.274962902069092,3470,5.318846881908232,2.6284566092927797
5.274962902069092,3471,5.320727421966552,2.6305005231127248
5.274962902069092,3472,5.322611579979782,2.6325471148956576
5.274962902069092,3473,5.32449935594792,2.634596384641579
5.274962902069092,3474,5.326390749870968,2.6366483323504886
5.274962902069092,3475,5.3282857617489245,2.6387029580223866
5.274962902069092,3476,5.330184391581791,2.640760261657273
5.274962902069092,3477,5.332086639369566,2.6428202432551466
5.274962902069092,3478,5.333992505112251,2.6448829028160095
5.274962902069092,3479,5.3359019888098445,2.64694824033986
5.274962902069092,3480,5.337815090462347,2.649016255826699
5.274962902069092,3481,5.339731810069759,2.651086949276526
5.274962902069092,3482,5.341652147632081,2.6531603206893415
5.274962902069092,3483,5.343576103149312,2.6552363700651447
5.274962902069092,3484,5.345503676621451,2.657315097403937
5.274962902069092,3485,5.347434868048501,2.6593965027057167
5.274962902069092,3486,5.349369677430459,2.6614805859704846
5.274962902069092,3487,5.351308104767326,2.6635673471982413
5.274962902069092,3488,5.353250150059104,2.6656567863889857
5.274962902069092,3489,5.35519581330579,2.667748903542719
5.274962902069092,3490,5.357145094507385,2.66984369865944
5.274962902069092,3491,5.35909799366389,2.671941171739149
5.274962902069092,3492,5.361054510775303,2.674041322781846
5.274962902069092,3493,5.363014645841626,2.6761441517875317
5.274962902069092,3494,5.364978398862859,2.6782496587562057
5.274962902069092,3495,5.366945769839001,2.680357843687868
5.274962902069092,3496,5.368916758770051,2.682468706582518
5.274962902069092,3497,5.370891365656011,2.6845822474401566
5.274962902069092,3498,5.37286959049688,2.6866984662607836
5.274962902069092,3499,5.374851433292658,2.6888173630443983
5.274962902069092,3500,5.376836894043347,2.6909389377910014
5.274962902069092,3501,5.378825972748944,2.693063190500593
5.274962902069092,3502,5.380818669409449,2.695190121173172
5.274962902069092,3503,5.382814984024865,2.6973197298087404
5.274962902069092,3504,5.3848149165951895,2.699452016407296
5.274962902069092,3505,5.386818467120423,2.70158698096884
5.274962902069092,3506,5.388825635600567,2.7037246234933727
5.274962902069092,3507,5.388825635600567,2.7037246234933727
5.274962902069092,3508,5.389830124329365,2.7047941142463863
5.274962902069092,3509,5.390834613058165,2.7058636049993994
5.274962902069092,3510,5.391839101786963,2.7069330957524125
5.274962902069092,3511,5.392843590515762,2.7080025865054256
5.274962902069092,3512,5.393848079244561,2.709072077258439
5.274962902069092,3513,5.39485256797336,2.7101415680114522
5.274962902069092,3514,5.395857056702158,2.7112110587644658
5.274962902069092,3515,5.396861545430958,2.7122805495174784
5.274962902069092,3516,5.397866034159756,2.713350040270492
5.274962902069092,3517,5.398870522888555,2.714419531023505
5.274962902069092,3518,5.399875011617354,2.7154890217765186
5.274962902069092,3519,5.400879500346153,2.7165585125295317
5.274962902069092,3520,5.4018839890749515,2.717628003282545
5.274962902069092,3521,5.402888477803751,2.718697494035558
5.274962902069092,3522,5.403892966532549,2.7197669847885715
5.274962902069092,3523,5.404897455261349,2.720836475541585
5.274962902069092,3524,5.4059019439901475,2.721905966294598
5.274962902069092,3525,5.406906432718946,2.7229754570476112
5.274962902069092,3526,5.407910921447745,2.7240449478006243
5.274962902069092,3527,5.408915410176544,2.725114438553638
5.274962902069092,3528,5.4099198989053425,2.726183929306651
5.274962902069092,3529,5.410924387634142,2.7272534200596645
5.274962902069092,3530,5.41192887636294,2.728322910812677
5.274962902069092,3531,5.412933365091739,2.7293924015656907
5.274962902069092,3532,5.4139378538205385,2.730461892318704
5.274962902069092,3533,5.414942342549337,2.7315313830717174
5.274962902069092,3534,5.415946831278135,2.7326008738247305
5.274962902069092,3535,5.416951320006935,2.7336703645777436
5.274962902069092,3536,5.417955808735734,2.7347398553307567
5.274962902069092,3537,5.418960297464532,2.7358093460837702
5.274962902069092,3538,5.419964786193331,2.7368788368367833
5.274962902069092,3539,5.42096927492213,2.737948327589797
5.274962902069092,3540,5.421973763650929,2.73901781834281
5.274962902069092,3541,5.422978252379728,2.740087309095823
5.274962902069092,3542,5.423982741108526,2.7411567998488366
5.274962902069092,3543,5.424987229837325,2.7422262906018497
5.274962902069092,3544,5.425991718566125,2.7432957813548633
5.274962902069092,3545,5.426996207294924,2.7443652721078764
5.274962902069092,3546,5.428000696023722,2.74543476286089
5.274962902069092,3547,5.429005184752521,2.746504253613903
5.274962902069092,3548,5.430009673481321,2.7475737443669166
5.274962902069092,3549,5.431014162210119,2.7486432351199293
5.274962902069092,3550,5.432018650938918,2.749712725872943
5.274962902069092,3551,5.433023139667717,2.750782216625956
5.274962902069092,3552,5.434027628396516,2.7518517073789694
5.274962902069092,3553,5.435032117125315,2.7529211981319825
5.274962902069092,3554,5.436036605854113,2.7539906888849957
5.274962902069092,3555,5.437041094582912,2.7550601796380088
5.274962902069092,3556,5.438045583311712,2.7561296703910223
5.274962902069092,3557,5.43905007204051,2.757199161144036
5.274962902069092,3558,5.440054560769308,2.758268651897049
5.274962902069092,3559,5.441059049498108,2.759338142650062
5.274962902069092,3560,5.442063538226907,2.760407633403075
5.274962902069092,3561,5.4430680269557055,2.7614771241560887
5.274962902069092,3562,5.444072515684505,2.762546614909102
5.274962902069092,3563,5.445077004413303,2.7636161056621154
5.274962902069092,3564,5.446081493142102,2.764685596415128
5.274962902069092,3565,5.447085981870901,2.7657550871681416
5.274962902069092,3566,5.4480904705997,2.7668245779211547
5.274962902069092,3567,5.449094959328498,2.767894068674168
5.274962902069092,3568,5.450099448057298,2.7689635594271813
5.274962902069092,3569,5.4511039367860965,2.7700330501801944
5.274962902069092,3570,5.452108425514895,2.7711025409332075
5.274962902069092,3571,5.453112914243694,2.772172031686221
5.274962902069092,3572,5.454117402972493,2.7732415224392346
5.274962902069092,3573,5.455121891701292,2.7743110131922477
5.274962902069092,3574,5.456126380430091,2.775380503945261
5.274962902069092,3575,5.457130869158889,2.776449994698274
5.274962902069092,3576,5.458135357887688,2.7775194854512875
5.274962902069092,3577,5.4591398466164875,2.7785889762043006
5.274962902069092,3578,5.460144335345286,2.779658466957314
5.274962902069092,3579,5.461148824074085,2.7807279577103268
5.274962902069092,3580,5.462153312802884,2.7817974484633403
5.274962902069092,3581,5.463157801531683,2.7828669392163534
5.274962902069092,3582,5.464162290260482,2.783936429969367
5.274962902069092,3583,5.46516677898928,2.78500592072238
5.274962902069092,3584,5.466171267718079,2.786075411475393
5.274962902069092,3585,5.467175756446879,2.7871449022284063
5.274962902069092,3586,5.468180245175677,2.78821439298142
5.274962902069092,3587,5.469184733904475,2.7892838837344334
5.274962902069092,3588,5.470189222633275,2.7903533744874465
5.274962902069092,3589,5.471193711362074,2.7914228652404596
5.274962902069092,3590,5.472198200090872,2.7924923559934727
5.274962902069092,3591,5.473202688819671,2.7935618467464858
5.274962902069092,3592,5.47420717754847,2.7946313374994993
5.274962902069092,3593,5.475211666277269,2.795700828252513
5.274962902069092,3594,5.476216155006068,2.7967703190055255
5.274962902069092,3595,5.477220643734867,2.797839809758539
5.274962902069092,3596,5.478225132463666,2.7989093005115526
5.274962902069092,3597,5.479229621192465,2.7999787912645657
5.274962902069092,3598,5.480234109921264,2.801048282017579
5.274962902069092,3599,5.481238598650062,2.8021177727705924
5.274962902069092,3600,5.482243087378861,2.8031872635236055
5.274962902069092,3601,5.483247576107661,2.804256754276619
5.274962902069092,3602,5.484252064836459,2.8053262450296317
5.274962902069092,3603,5.485256553565257,2.8063957357826452
5.274962902069092,3604,5.486261042294057,2.8074652265356583
5.274962902069092,3605,5.487265531022856,2.808534717288672
5.274962902069092,3606,5.488270019751655,2.8096042080416854
5.274962902069092,3607,5.489274508480454,2.810673698794698
5.274962902069092,3608,5.490278997209252,2.8117431895477116
5.274962902069092,3609,5.491283485938052,2.8128126803007247
5.274962902069092,3610,5.4922879746668505,2.8138821710537383
5.274962902069092,3611,5.493292463395649,2.8149516618067514
5.274962902069092,3612,5.494296952124448,2.816021152559764
5.274962902069092,3613,5.495301440853247,2.8170906433127776
5.274962902069092,3614,5.496305929582046,2.818160134065791
5.274962902069092,3615,5.497310418310844,2.8192296248188042
5.274962902069092,3616,5.498314907039643,2.820299115571818
5.274962902069092,3617,5.499319395768442,2.8213686063248304
5.274962902069092,3618,5.5003238844972415,2.822438097077844
5.274962902069092,3619,5.501328373226039,2.823507587830857
5.274962902069092,3620,5.502332861954838,2.8245770785838706
5.274962902069092,3621,5.503337350683638,2.825646569336884
5.274962902069092,3622,5.504341839412437,2.826716060089897
5.274962902069092,3623,5.5053463281412345,2.8277855508429104
5.274962902069092,3624,5.506350816870034,2.8288550415959235
5.274962902069092,3625,5.507355305598833,2.829924532348937
5.274962902069092,3626,5.508359794327632,2.83099402310195
5.274962902069092,3627,5.509364283056431,2.832063513854963
5.274962902069092,3628,5.510368771785229,2.8331330046079763
5.274962902069092,3629,5.511373260514028,2.83420249536099
5.274962902069092,3630,5.512377749242828,2.835271986114003
5.274962902069092,3631,5.513382237971626,2.8363414768670165
5.274962902069092,3632,5.514386726700424,2.8374109676200296
5.274962902069092,3633,5.515391215429224,2.8384804583730427
5.274962902069092,3634,5.516395704158023,2.839549949126056
5.274962902069092,3635,5.5174001928868215,2.8406194398790694
5.274962902069092,3636,5.51840468161562,2.841688930632083
5.274962902069092,3637,5.519409170344419,2.842758421385096
5.274962902069092,3638,5.520413659073218,2.843827912138109
5.274962902069092,3639,5.521418147802017,2.8448974028911223
5.274962902069092,3640,5.522422636530816,2.8459668936441354
5.274962902069092,3641,5.523427125259615,2.847036384397149
5.274962902069092,3642,5.524431613988414,2.848105875150162
5.274962902069092,3643,5.5254361027172125,2.8491753659031755
5.274962902069092,3644,5.526440591446011,2.8502448566561887
5.274962902069092,3645,5.52744508017481,2.8513143474092018
5.274962902069092,3646,5.528449568903609,2.852383838162215
5.274962902069092,3647,5.529454057632408,2.8534533289152284
5.274962902069092,3648,5.530458546361206,2.854522819668242
5.274962902069092,3649,5.531463035090006,2.8555923104212546
5.274962902069092,3650,5.532467523818804,2.856661801174268
5.274962902069092,3651,5.533472012547604,2.8577312919272813
5.274962902069092,3652,5.534476501276402,2.8588007826802944
5.274962902069092,3653,5.535480990005201,2.859870273433308
5.274962902069092,3654,5.536485478734,2.860939764186321
5.274962902069092,3655,5.537489967462799,2.862009254939334
5.274962902069092,3656,5.538494456191597,2.8630787456923477
5.274962902069092,3657,5.539498944920396,2.8641482364453608
5.274962902069092,3658,5.540503433649195,2.865217727198374
5.274962902069092,3659,5.541507922377994,2.8662872179513874
5.274962902069092,3660,5.5425124111067925,2.8673567087044005
5.274962902069092,3661,5.543516899835591,2.8684261994574136
5.274962902069092,3662,5.544521388564391,2.869495690210427
5.274962902069092,3663,5.545525877293189,2.8705651809634403
5.274962902069092,3664,5.5465303660219885,2.8716346717164534
5.274962902069092,3665,5.547534854750787,2.872704162469467
5.274962902069092,3666,5.548539343479586,2.87377365322248
5.274962902069092,3667,5.549543832208385,2.874843143975493
5.274962902069092,3668,5.5505483209371835,2.8759126347285067
5.274962902069092,3669,5.551552809665983,2.8769821254815198
5.274962902069092,3670,5.552557298394781,2.878051616234533
5.274962902069092,3671,5.553561787123581,2.8791211069875464
5.274962902069092,3672,5.5545662758523795,2.8801905977405595
5.274962902069092,3673,5.555570764581178,2.8812600884935726
5.274962902069092,3674,5.556575253309977,2.882329579246586
5.274962902069092,3675,5.557579742038776,2.8833990699995993
5.274962902069092,3676,5.558584230767575,2.8844685607526124
5.274962902069092,3677,5.559588719496373,2.885538051505626
5.274962902069092,3678,5.560593208225173,2.8866075422586395
5.274962902069092,3679,5.561597696953971,2.887677033011652
5.274962902069092,3680,5.5626021856827705,2.8887465237646657
5.274962902069092,3681,5.563606674411569,2.889816014517679
5.274962902069092,3682,5.564611163140368,2.890885505270692
5.274962902069092,3683,5.565615651869168,2.8919549960237054
5.274962902069092,3684,5.566620140597966,2.893024486776719
5.274962902069092,3685,5.567624629326765,2.8940939775297316
5.274962902069092,3686,5.568629118055564,2.895163468282745
5.274962902069092,3687,5.569633606784363,2.8962329590357587
5.274962902069092,3688,5.570638095513162,2.897302449788772
5.274962902069092,3689,5.57164258424196,2.898371940541785
5.274962902069092,3690,5.572647072970759,2.8994414312947985
5.274962902069092,3691,5.573651561699558,2.9005109220478116
5.274962902069092,3692,5.5746560504283575,2.9015804128008247
5.274962902069092,3693,5.575660539157155,2.9026499035538382
5.274962902069092,3694,5.576665027885955,2.9037193943068513
5.274962902069092,3695,5.577669516614754,2.9047888850598644
5.274962902069092,3696,5.578674005343553,2.905858375812878
5.274962902069092,3697,5.579678494072351,2.906927866565891
5.274962902069092,3698,5.58068298280115,2.907997357318904
5.274962902069092,3699,5.58168747152995,2.9090668480719177
5.274962902069092,3700,5.582691960258748,2.910136338824931
5.274962902069092,3701,5.583696448987547,2.911205829577944
5.274962902069092,3702,5.584700937716345,2.9122753203309575
5.274962902069092,3703,5.585705426445145,2.9133448110839706
5.274962902069092,3704,5.586709915173943,2.9144143018369837
5.274962902069092,3705,5.587714403902742,2.9154837925899972
5.274962902069092,3706,5.58871889263154,2.9165532833430103
5.274962902069092,3707,5.58972338136034,2.9176227740960234
5.274962902069092,3708,5.590727870089139,2.918692264849037
5.274962902069092,3709,5.5917323588179375,2.91976175560205
5.274962902069092,3710,5.592736847546736,2.920831246355063
5.274962902069092,3711,5.593741336275535,2.9219007371080767
5.274962902069092,3712,5.594745825004335,2.9229702278610903
5.274962902069092,3713,5.595750313733133,2.924039718614103
5.274962902069092,3714,5.596754802461932,2.9251092093671165
5.274962902069092,3715,5.597759291190731,2.9261787001201296
5.274962902069092,3716,5.59876377991953,2.9272481908731427
5.274962902069092,3717,5.5997682686483286,2.9283176816261562
5.274962902069092,3718,5.600772757377127,2.92938717237917
5.274962902069092,3719,5.601777246105927,2.930456663132183
5.274962902069092,3720,5.602781734834725,2.931526153885196
5.274962902069092,3721,5.6037862235635245,2.9325956446382095
5.274962902069092,3722,5.604790712292323,2.9336651353912226
5.274962902069092,3723,5.605795201021122,2.9347346261442357
5.274962902069092,3724,5.606799689749921,2.9358041168972493
5.274962902069092,3725,5.60780417847872,2.9368736076502624
5.274962902069092,3726,5.608808667207519,2.9379430984032755
5.274962902069092,3727,5.609813155936317,2.939012589156289
5.274962902069092,3728,5.610817644665117,2.940082079909302
5.274962902069092,3729,5.611822133393916,2.9411515706623153
5.274962902069092,3730,5.612826622122714,2.942221061415329
5.274962902069092,3731,5.613831110851513,2.943290552168342
5.274962902069092,3732,5.614835599580312,2.944360042921355
5.274962902069092,3733,5.615840088309111,2.9454295336743685
5.274962902069092,3734,5.616844577037909,2.9464990244273817
5.274962902069092,3735,5.617849065766709,2.9475685151803948
5.274962902069092,3736,5.618853554495508,2.9486380059334083
5.274962902069092,3737,5.619858043224307,2.9497074966864214
5.274962902069092,3738,5.620862531953105,2.9507769874394345
5.274962902069092,3739,5.621867020681904,2.951846478192448
5.274962902069092,3740,5.622871509410703,2.952915968945461
5.274962902069092,3741,5.623875998139502,2.9539854596984743
5.274962902069092,3742,5.624880486868301,2.955054950451488
5.274962902069092,3743,5.625884975597099,2.9561244412045014
5.274962902069092,3744,5.626889464325899,2.957193931957514
5.274962902069092,3745,5.627893953054697,2.9582634227105276
5.274962902069092,3746,5.628898441783496,2.9593329134635407
5.274962902069092,3747,5.629902930512294,2.9604024042165538
5.274962902069092,3748,5.630907419241094,2.9614718949695673
5.274962902069092,3749,5.631911907969892,2.96254138572258
5.274962902069092,3750,5.6329163966986915,2.9636108764755935
5.274962902069092,3751,5.63392088542749,2.9646803672286066
5.274962902069092,3752,5.634925374156289,2.96574985798162
5.274962902069092,3753,5.635929862885088,2.9668193487346333
5.274962902069092,3754,5.636934351613887,2.967888839487647
5.274962902069092,3755,5.637938840342686,2.96895833024066
5.274962902069092,3756,5.638943329071484,2.970027820993673
5.274962902069092,3757,5.639947817800284,2.9710973117466866
5.274962902069092,3758,5.6409523065290825,2.9721668024996997
5.274962902069092,3759,5.641956795257881,2.9732362932527128
5.274962902069092,3760,5.64296128398668,2.9743057840057263
5.274962902069092,3761,5.643965772715479,2.975375274758739
5.274962902069092,3762,5.644970261444278,2.9764447655117525
5.274962902069092,3763,5.645974750173076,2.977514256264766
5.274962902069092,3764,5.646979238901876,2.978583747017779
5.274962902069092,3765,5.647983727630674,2.9796532377707923
5.274962902069092,3766,5.648988216359474,2.980722728523806
5.274962902069092,3767,5.6499927050882714,2.981792219276819
5.274962902069092,3768,5.650997193817071,2.982861710029832
5.274962902069092,3769,5.652001682545869,2.9839312007828456
5.274962902069092,3770,5.653006171274669,2.9850006915358587
5.274962902069092,3771,5.654010660003467,2.9860701822888718
5.274962902069092,3772,5.655015148732266,2.9871396730418853
5.274962902069092,3773,5.656019637461066,2.9882091637948984
5.274962902069092,3774,5.657024126189864,2.9892786545479115
5.274962902069092,3775,5.658028614918663,2.990348145300925
5.274962902069092,3776,5.659033103647461,2.991417636053938
5.274962902069092,3777,5.660037592376261,2.9924871268069513
5.274962902069092,3778,5.661042081105059,2.993556617559965
5.274962902069092,3779,5.6620465698338585,2.994626108312978
5.274962902069092,3780,5.663051058562657,2.995695599065991
5.274962902069092,3781,5.664055547291456,2.9967650898190046
5.274962902069092,3782,5.665060036020255,2.9978345805720177
5.274962902069092,3783,5.6660645247490535,2.998904071325031
5.274962902069092,3784,5.667069013477853,2.9999735620780443
5.274962902069092,3785,5.668073502206651,3.0010430528310574
5.274962902069092,3786,5.669077990935451,3.0021125435840705
5.274962902069092,3787,5.6700824796642495,3.003182034337084
5.274962902069092,3788,5.671086968393048,3.0042515250900976
5.274962902069092,3789,5.672091457121847,3.0053210158431103
5.274962902069092,3790,5.673095945850646,3.006390506596124
5.274962902069092,3791,5.674100434579445,3.007459997349137
5.274962902069092,3792,5.675104923308243,3.00852948810215
5.274962902069092,3793,5.676109412037043,3.0095989788551636
5.274962902069092,3794,5.677113900765842,3.0106684696081767
5.274962902069092,3795,5.6781183894946405,3.01173796036119
5.274962902069092,3796,5.679122878223438,3.0128074511142033
5.274962902069092,3797,5.680127366952238,3.0138769418672164
5.274962902069092,3798,5.681131855681037,3.0149464326202295
5.274962902069092,3799,5.682136344409836,3.016015923373243
5.274962902069092,3800,5.683140833138634,3.017085414126256
5.274962902069092,3801,5.684145321867433,3.0181549048792693
5.274962902069092,3802,5.685149810596232,3.019224395632283
5.274962902069092,3803,5.686154299325031,3.020293886385296
5.274962902069092,3804,5.68715878805383,3.021363377138309
5.274962902069092,3805,5.688163276782628,3.0224328678913226
5.274962902069092,3806,5.689167765511428,3.023502358644336
5.274962902069092,3807,5.690172254240227,3.024571849397349
5.274962902069092,3808,5.691176742969025,3.0256413401503623
5.274962902069092,3809,5.692181231697824,3.026710830903376
5.274962902069092,3810,5.693185720426623,3.0277803216563886
5.274962902069092,3811,5.694190209155423,3.028849812409402
5.274962902069092,3812,5.6951946978842205,3.029919303162415
5.274962902069092,3813,5.69619918661302,3.0309887939154283
5.274962902069092,3814,5.697203675341819,3.032058284668442
5.274962902069092,3815,5.698208164070618,3.033127775421455
5.274962902069092,3816,5.6992126527994165,3.0341972661744685
5.274962902069092,3817,5.700217141528215,3.0352667569274816
5.274962902069092,3818,5.701221630257014,3.036336247680495
5.274962902069092,3819,5.702226118985813,3.037405738433508
5.274962902069092,3820,5.703230607714612,3.0384752291865214
5.274962902069092,3821,5.704235096443411,3.0395447199395345
5.274962902069092,3822,5.70523958517221,3.040614210692548
5.274962902069092,3823,5.706244073901009,3.041683701445561
5.274962902069092,3824,5.7072485626298075,3.042753192198574
5.274962902069092,3825,5.708253051358606,3.0438226829515878
5.274962902069092,3826,5.709257540087405,3.044892173704601
5.274962902069092,3827,5.710262028816204,3.0459616644576144
5.274962902069092,3828,5.711266517545003,3.047031155210627
5.274962902069092,3829,5.712271006273802,3.0481006459636406
5.274962902069092,3830,5.7132754950026,3.0491701367166537
5.274962902069092,3831,5.7142799837314,3.0502396274696673
5.274962902069092,3832,5.715284472460198,3.0513091182226804
5.274962902069092,3833,5.716288961188997,3.052378608975694
5.274962902069092,3834,5.717293449917796,3.0534480997287066
5.274962902069092,3835,5.718297938646595,3.05451759048172
5.274962902069092,3836,5.7193024273753945,3.0555870812347337
5.274962902069092,3837,5.720306916104192,3.0566565719877468
5.274962902069092,3838,5.721311404832992,3.05772606274076
5.274962902069092,3839,5.72231589356179,3.058795553493773
5.274962902069092,3840,5.72332038229059,3.0598650442467865
5.274962902069092,3841,5.724324871019388,3.0609345349997996
5.274962902069092,3842,5.725329359748187,3.062004025752813
5.274962902069092,3843,5.726333848476986,3.063073516505826
5.274962902069092,3844,5.727338337205785,3.0641430072588394
5.274962902069092,3845,5.728342825934583,3.0652124980118525
5.274962902069092,3846,5.729347314663382,3.066281988764866
5.274962902069092,3847,5.730351803392182,3.0673514795178796
5.274962902069092,3848,5.73135629212098,3.0684209702708927
5.274962902069092,3849,5.732360780849779,3.069490461023906
5.274962902069092,3850,5.733365269578578,3.070559951776919
5.274962902069092,3851,5.734369758307377,3.0716294425299324
5.274962902069092,3852,5.735374247036177,3.0726989332829455
5.274962902069092,3853,5.7363787357649745,3.0737684240359586
5.274962902069092,3854,5.737383224493773,3.074837914788972
5.274962902069092,3855,5.738387713222572,3.0759074055419853
5.274962902069092,3856,5.739392201951372,3.0769768962949984
5.274962902069092,3857,5.7403966906801696,3.078046387048012
5.274962902069092,3858,5.741401179408969,3.0791158778010255
5.274962902069092,3859,5.742405668137767,3.080185368554038
5.274962902069092,3860,5.743410156866567,3.0812548593070517
5.274962902069092,3861,5.7444146455953655,3.0823243500600648
5.274962902069092,3862,5.745419134324164,3.083393840813078
5.274962902069092,3863,5.746423623052963,3.084463331566091
5.274962902069092,3864,5.747428111781762,3.0855328223191045
5.274962902069092,3865,5.7484326005105615,3.086602313072118
5.274962902069092,3866,5.749437089239359,3.087671803825131
5.274962902069092,3867,5.750441577968158,3.0887412945781447
5.274962902069092,3868,5.751446066696958,3.0898107853311574
5.274962902069092,3869,5.752450555425757,3.090880276084171
5.274962902069092,3870,5.753455044154555,3.091949766837184
5.274962902069092,3871,5.754459532883354,3.0930192575901976
5.274962902069092,3872,5.755464021612153,3.0940887483432107
5.274962902069092,3873,5.756468510340952,3.095158239096224
5.274962902069092,3874,5.757472999069751,3.096227729849237
5.274962902069092,3875,5.758477487798549,3.0972972206022504
5.274962902069092,3876,5.759481976527349,3.0983667113552635
5.274962902069092,3877,5.760486465256148,3.0994362021082766
5.274962902069092,3878,5.761490953984946,3.10050569286129
5.274962902069092,3879,5.762495442713744,3.1015751836143033
5.274962902069092,3880,5.763499931442544,3.102644674367317
5.274962902069092,3881,5.764504420171343,3.10371416512033
5.274962902069092,3882,5.7655089089001414,3.1047836558733435
5.274962902069092,3883,5.766513397628941,3.105853146626356
5.274962902069092,3884,5.767517886357739,3.1069226373793697
5.274962902069092,3885,5.768522375086539,3.107992128132383
5.274962902069092,3886,5.769526863815337,3.1090616188853963
5.274962902069092,3887,5.770531352544136,3.1101311096384094
5.274962902069092,3888,5.771535841272934,3.1112006003914225
5.274962902069092,3889,5.772540330001734,3.112270091144436
5.274962902069092,3890,5.7735448187305325,3.113339581897449
5.274962902069092,3891,5.774549307459331,3.1144090726504627
5.274962902069092,3892,5.77555379618813,3.1154785634034754
5.274962902069092,3893,5.776558284916929,3.116548054156489
5.274962902069092,3894,5.7775627736457285,3.117617544909502
5.274962902069092,3895,5.778567262374527,3.1186870356625156
5.274962902069092,3896,5.779571751103325,3.1197565264155287
5.274962902069092,3897,5.780576239832125,3.1208260171685422
5.274962902069092,3898,5.7815807285609235,3.121895507921555
5.274962902069092,3899,5.782585217289722,3.1229649986745684
5.274962902069092,3900,5.783589706018522,3.124034489427582
5.274962902069092,3901,5.78459419474732,3.125103980180595
5.274962902069092,3902,5.785598683476119,3.126173470933608
5.274962902069092,3903,5.786603172204918,3.1272429616866213
5.274962902069092,3904,5.787607660933717,3.128312452439635
5.274962902069092,3905,5.788612149662516,3.129381943192648
5.274962902069092,3906,5.789616638391315,3.1304514339456615
5.274962902069092,3907,5.790621127120113,3.131520924698674
5.274962902069092,3908,5.791625615848913,3.1325904154516877
5.274962902069092,3909,5.792630104577711,3.133659906204701
5.274962902069092,3910,5.79363459330651,3.1347293969577144
5.274962902069092,3911,5.794639082035308,3.1357988877107275
5.274962902069092,3912,5.795643570764108,3.136868378463741
5.274962902069092,3913,5.796648059492906,3.137937869216754
5.274962902069092,3914,5.797652548221706,3.139007359969767
5.274962902069092,3915,5.798657036950504,3.1400768507227808
5.274962902069092,3916,5.799661525679303,3.141146341475794
5.274962902069092,3917,5.800666014408103,3.142215832228807
5.274962902069092,3918,5.801670503136901,3.14328532298182
5.274962902069092,3919,5.8026749918656995,3.1443548137348336
5.274962902069092,3920,5.803679480594499,3.1454243044878467
5.274962902069092,3921,5.804683969323298,3.1464937952408603
5.274962902069092,3922,5.805688458052096,3.147563285993873
5.274962902069092,3923,5.806692946780895,3.1486327767468865
5.274962902069092,3924,5.807697435509694,3.1497022674999
5.274962902069092,3925,5.808701924238493,3.150771758252913
5.274962902069092,3926,5.809706412967292,3.151841249005926
5.274962902069092,3927,5.8107109016960905,3.1529107397589393
5.274962902069092,3928,5.811715390424889,3.153980230511953
5.274962902069092,3929,5.812719879153688,3.155049721264966
5.274962902069092,3930,5.813724367882488,3.1561192120179795
5.274962902069092,3931,5.8147288566112865,3.1571887027709926
5.274962902069092,3932,5.815733345340084,3.1582581935240057
5.274962902069092,3933,5.816737834068884,3.1593276842770193
5.274962902069092,3934,5.817742322797683,3.1603971750300324
5.274962902069092,3935,5.818746811526482,3.161466665783046
5.274962902069092,3936,5.81975130025528,3.162536156536059
5.274962902069092,3937,5.820755788984079,3.163605647289072
5.274962902069092,3938,5.821760277712878,3.1646751380420852
5.274962902069092,3939,5.8227647664416775,3.1657446287950988
5.274962902069092,3940,5.823769255170475,3.166814119548112
5.274962902069092,3941,5.824773743899275,3.167883610301125
5.274962902069092,3942,5.825778232628074,3.1689531010541385
5.274962902069092,3943,5.826782721356873,3.1700225918071516
5.274962902069092,3944,5.827787210085671,3.171092082560165
5.274962902069092,3945,5.82879169881447,3.1721615733131783
5.274962902069092,3946,5.829796187543269,3.173231064066192
5.274962902069092,3947,5.8308006762720686,3.1743005548192045
5.274962902069092,3948,5.831805165000867,3.175370045572218
5.274962902069092,3949,5.832809653729665,3.176439536325231
5.274962902069092,3950,5.833814142458465,3.1775090270782447
5.274962902069092,3951,5.834818631187264,3.1785785178312578
5.274962902069092,3952,5.835823119916062,3.179648008584271
5.274962902069092,3953,5.836827608644861,3.180717499337284
5.274962902069092,3954,5.83783209737366,3.1817869900902975
5.274962902069092,3955,5.838836586102459,3.182856480843311
5.274962902069092,3956,5.839841074831258,3.1839259715963237
5.274962902069092,3957,5.840845563560056,3.1849954623493373
5.274962902069092,3958,5.841850052288855,3.1860649531023504
5.274962902069092,3959,5.842854541017655,3.187134443855364
5.274962902069092,3960,5.843859029746453,3.188203934608377
5.274962902069092,3961,5.844863518475252,3.1892734253613906
5.274962902069092,3962,5.845868007204051,3.1903429161144032
5.274962902069092,3963,5.84687249593285,3.191412406867417
5.274962902069092,3964,5.847876984661649,3.19248189762043
5.274962902069092,3965,5.848881473390448,3.1935513883734434
5.274962902069092,3966,5.849885962119246,3.1946208791264565
5.274962902069092,3967,5.850890450848045,3.1956903698794696
5.274962902069092,3968,5.8518949395768445,3.196759860632483
5.274962902069092,3969,5.852899428305643,3.1978293513854963
5.274962902069092,3970,5.853903917034442,3.19889884213851
5.274962902069092,3971,5.854908405763241,3.1999683328915225
5.274962902069092,3972,5.8559128944920396,3.201037823644536
5.274962902069092,3973,5.856917383220839,3.202107314397549
5.274962902069092,3974,5.857921871949637,3.2031768051505627
5.274962902069092,3975,5.858926360678436,3.204246295903576
5.274962902069092,3976,5.8599308494072355,3.2053157866565893
5.274962902069092,3977,5.860935338136034,3.2063852774096024
5.274962902069092,3978,5.861939826864833,3.2074547681626155
5.274962902069092,3979,5.862944315593632,3.208524258915629
5.274962902069092,3980,5.863948804322431,3.209593749668642
5.274962902069092,3981,5.864953293051229,3.2106632404216553
5.274962902069092,3982,5.865957781780029,3.2117327311746684
5.274962902069092,3983,5.866962270508827,3.212802221927682
5.274962902069092,3984,5.867966759237626,3.213871712680695
5.274962902069092,3985,5.868971247966425,3.2149412034337086
5.274962902069092,3986,5.869975736695224,3.2160106941867213
5.274962902069092,3987,5.870980225424023,3.217080184939735
5.274962902069092,3988,5.871984714152821,3.2181496756927483
5.274962902069092,3989,5.87298920288162,3.2192191664457614
5.274962902069092,3990,5.873993691610419,3.2202886571987746
5.274962902069092,3991,5.874998180339218,3.2213581479517877
5.274962902069092,3992,5.876002669068018,3.222427638704801
5.274962902069092,3993,5.8770071577968155,3.2234971294578143
5.274962902069092,3994,5.878011646525614,3.224566620210828
5.274962902069092,3995,5.879016135254414,3.2256361109638405
5.274962902069092,3996,5.880020623983213,3.226705601716854
5.274962902069092,3997,5.8810251127120114,3.2277750924698676
5.274962902069092,3998,5.88202960144081,3.2288445832228807
5.274962902069092,3999,5.883034090169609,3.2299140739758943
5.274962902069092,4000,5.884038578898409,3.230983564728907
5.274962902069092,4001,5.8850430676272065,3.2320530554819205
5.274962902069092,4002,5.886047556356005,3.2331225462349336
5.274962902069092,4003,5.887052045084805,3.234192036987947
5.274962902069092,4004,5.888056533813604,3.23526152774096
5.274962902069092,4005,5.889061022542402,3.2363310184939733
5.274962902069092,4006,5.890065511271201,3.2374005092469864
5.274962902069092,4007,5.89107,3.23847
